:2025-08-12 11:13:37.974  INFO main c.p.p.m.PigMonitorApplication: Starting PigMonitorApplication using Java 21.0.6 with PID 22876 (D:\Loans\lending-framework\pig-visual\pig-monitor\target\classes started by Administrator in D:\Loans\lending-framework)
:2025-08-12 11:13:37.974  INFO main c.p.p.m.PigMonitorApplication: No active profile set, falling back to 1 default profile: "default"
:2025-08-12 11:13:37.999  INFO main c.a.c.n.c.NacosConfigDataLoader: [Nacos Config] Load config[dataId=pig-monitor-dev.yml, group=DEFAULT_GROUP] success
:2025-08-12 11:13:37.999  INFO main c.a.c.n.c.NacosConfigDataLoader: [Nacos Config] Load config[dataId=application-dev.yml, group=DEFAULT_GROUP] success
:2025-08-12 11:13:38.680  INFO main o.s.c.c.s.GenericScope: BeanFactory id=209ce63e-af07-3f35-bb6d-31f7aa3be98c
:2025-08-12 11:13:38.703  INFO main c.u.j.c.EnableEncryptablePropertiesBeanFactoryPostProcessor: Post-processing PropertySource instances
:2025-08-12 11:13:38.703  INFO main c.u.j.EncryptablePropertySourceConverter: Skipping PropertySource configurationProperties [class org.springframework.boot.context.properties.source.ConfigurationPropertySourcesPropertySource
:2025-08-12 11:13:38.703  INFO main c.u.j.EncryptablePropertySourceConverter: Skipping PropertySource servletConfigInitParams [class org.springframework.core.env.PropertySource$StubPropertySource
:2025-08-12 11:13:38.703  INFO main c.u.j.EncryptablePropertySourceConverter: Skipping PropertySource servletContextInitParams [class org.springframework.core.env.PropertySource$StubPropertySource
:2025-08-12 11:13:38.704  INFO main c.u.j.EncryptablePropertySourceConverter: Converting PropertySource systemProperties [org.springframework.core.env.PropertiesPropertySource] to EncryptableMapPropertySourceWrapper
:2025-08-12 11:13:38.704  INFO main c.u.j.EncryptablePropertySourceConverter: Converting PropertySource systemEnvironment [org.springframework.boot.env.SystemEnvironmentPropertySourceEnvironmentPostProcessor$OriginAwareSystemEnvironmentPropertySource] to EncryptableSystemEnvironmentPropertySourceWrapper
:2025-08-12 11:13:38.704  INFO main c.u.j.EncryptablePropertySourceConverter: Converting PropertySource random [org.springframework.boot.env.RandomValuePropertySource] to EncryptablePropertySourceWrapper
:2025-08-12 11:13:38.704  INFO main c.u.j.EncryptablePropertySourceConverter: Converting PropertySource cachedrandom [org.springframework.cloud.util.random.CachedRandomPropertySource] to EncryptablePropertySourceWrapper
:2025-08-12 11:13:38.704  INFO main c.u.j.EncryptablePropertySourceConverter: Converting PropertySource DEFAULT_GROUP@pig-monitor-dev.yml [org.springframework.boot.env.OriginTrackedMapPropertySource] to EncryptableMapPropertySourceWrapper
:2025-08-12 11:13:38.704  INFO main c.u.j.EncryptablePropertySourceConverter: Converting PropertySource DEFAULT_GROUP@application-dev.yml [org.springframework.boot.env.OriginTrackedMapPropertySource] to EncryptableMapPropertySourceWrapper
:2025-08-12 11:13:38.704  INFO main c.u.j.EncryptablePropertySourceConverter: Converting PropertySource Config resource 'class path resource [application.yml]' via location 'optional:classpath:/' [org.springframework.boot.env.OriginTrackedMapPropertySource] to EncryptableMapPropertySourceWrapper
:2025-08-12 11:13:38.704  INFO main c.u.j.EncryptablePropertySourceConverter: Converting PropertySource springCloudClientHostInfo [org.springframework.core.env.MapPropertySource] to EncryptableMapPropertySourceWrapper
:2025-08-12 11:13:38.704  INFO main c.u.j.EncryptablePropertySourceConverter: Converting PropertySource applicationInfo [org.springframework.boot.ApplicationInfoPropertySource] to EncryptableMapPropertySourceWrapper
:2025-08-12 11:13:38.717  WARN main o.s.c.s.PostProcessorRegistrationDelegate$BeanPostProcessorChecker: Bean 'com.alibaba.cloud.nacos.NacosConfigAutoConfiguration' of type [com.alibaba.cloud.nacos.NacosConfigAutoConfiguration] is not eligible for getting processed by all BeanPostProcessors (for example: not eligible for auto-proxying). The currently created BeanPostProcessor [nacosAnnotationProcessor] is declared through a non-static factory method on that class; consider declaring it as static instead.
:2025-08-12 11:13:38.840  WARN main i.u.w.jsr: UT026010: Buffer pool was not set on WebSocketDeploymentInfo, the default pool will be used
:2025-08-12 11:13:38.851  INFO main i.u.servlet: Initializing Spring embedded WebApplicationContext
:2025-08-12 11:13:38.851  INFO main o.s.b.w.s.c.ServletWebServerApplicationContext: Root WebApplicationContext: initialization completed in 851 ms
:2025-08-12 11:13:38.892  INFO main c.u.j.f.DefaultLazyPropertyFilter: Property Filter custom Bean not found with name 'encryptablePropertyFilter'. Initializing Default Property Filter
:2025-08-12 11:13:38.897  INFO main c.u.j.r.DefaultLazyPropertyResolver: Property Resolver custom Bean not found with name 'encryptablePropertyResolver'. Initializing Default Property Resolver
:2025-08-12 11:13:38.898  INFO main c.u.j.d.DefaultLazyPropertyDetector: Property Detector custom Bean not found with name 'encryptablePropertyDetector'. Initializing Default Property Detector
:2025-08-12 11:13:38.901  INFO main c.u.j.e.DefaultLazyEncryptor: String Encryptor custom Bean not found with name 'jasyptStringEncryptor'. Initializing Default String Encryptor
:2025-08-12 11:13:38.907  INFO main c.u.j.c.StringEncryptorBuilder: Encryptor config not found for property jasypt.encryptor.key-obtention-iterations, using default value: 1000
:2025-08-12 11:13:38.907  INFO main c.u.j.c.StringEncryptorBuilder: Encryptor config not found for property jasypt.encryptor.pool-size, using default value: 1
:2025-08-12 11:13:38.907  INFO main c.u.j.c.StringEncryptorBuilder: Encryptor config not found for property jasypt.encryptor.provider-name, using default value: null
:2025-08-12 11:13:38.907  INFO main c.u.j.c.StringEncryptorBuilder: Encryptor config not found for property jasypt.encryptor.provider-class-name, using default value: null
:2025-08-12 11:13:38.907  INFO main c.u.j.c.StringEncryptorBuilder: Encryptor config not found for property jasypt.encryptor.salt-generator-classname, using default value: org.jasypt.salt.RandomSaltGenerator
:2025-08-12 11:13:38.908  INFO main c.u.j.c.StringEncryptorBuilder: Encryptor config not found for property jasypt.encryptor.string-output-type, using default value: base64
:2025-08-12 11:13:39.098  INFO main o.s.s.c.a.a.c.InitializeUserDetailsBeanManagerConfigurer$InitializeUserDetailsManagerConfigurer: Global AuthenticationManager configured with UserDetailsService bean with name userDetailsService
:2025-08-12 11:13:39.337  WARN main o.s.b.a.t.ThymeleafAutoConfiguration$DefaultTemplateResolverConfiguration: Cannot find template location: classpath:/templates/ (please add some templates, check your Thymeleaf configuration, or set spring.thymeleaf.check-template-location=false)
:2025-08-12 11:13:39.710  INFO main o.s.b.a.e.w.EndpointLinksResolver: Exposing 19 endpoints beneath base path '/actuator'
:2025-08-12 11:13:39.870  INFO main i.undertow: starting server: Undertow - 2.3.18.Final
:2025-08-12 11:13:39.874  INFO main o.xnio: XNIO version 3.8.16.Final
:2025-08-12 11:13:39.879  INFO main o.x.nio: XNIO NIO Implementation Version 3.8.16.Final
:2025-08-12 11:13:39.895  INFO main o.j.threads: JBoss Threads version 3.5.0.Final
:2025-08-12 11:13:39.946  INFO main o.s.b.w.e.u.UndertowWebServer: Undertow started on port 5001 (http) with context path '/'
:2025-08-12 11:13:39.948  INFO main c.u.j.c.RefreshScopeRefreshedEventListener: Refreshing cached encryptable property sources on ServletWebServerInitializedEvent
:2025-08-12 11:13:39.948  INFO main c.u.j.c.CachingDelegateEncryptablePropertySource: Property Source systemProperties refreshed
:2025-08-12 11:13:39.948  INFO main c.u.j.c.CachingDelegateEncryptablePropertySource: Property Source systemEnvironment refreshed
:2025-08-12 11:13:39.948  INFO main c.u.j.c.CachingDelegateEncryptablePropertySource: Property Source random refreshed
:2025-08-12 11:13:39.948  INFO main c.u.j.c.CachingDelegateEncryptablePropertySource: Property Source cachedrandom refreshed
:2025-08-12 11:13:39.949  INFO main c.u.j.c.CachingDelegateEncryptablePropertySource: Property Source DEFAULT_GROUP@pig-monitor-dev.yml refreshed
:2025-08-12 11:13:39.949  INFO main c.u.j.c.CachingDelegateEncryptablePropertySource: Property Source DEFAULT_GROUP@application-dev.yml refreshed
:2025-08-12 11:13:39.949  INFO main c.u.j.c.CachingDelegateEncryptablePropertySource: Property Source Config resource 'class path resource [application.yml]' via location 'optional:classpath:/' refreshed
:2025-08-12 11:13:39.949  INFO main c.u.j.c.CachingDelegateEncryptablePropertySource: Property Source springCloudClientHostInfo refreshed
:2025-08-12 11:13:39.949  INFO main c.u.j.c.CachingDelegateEncryptablePropertySource: Property Source applicationInfo refreshed
:2025-08-12 11:13:39.949  INFO main c.u.j.EncryptablePropertySourceConverter: Skipping PropertySource configurationProperties [class org.springframework.boot.context.properties.source.ConfigurationPropertySourcesPropertySource
:2025-08-12 11:13:39.949  INFO main c.u.j.EncryptablePropertySourceConverter: Skipping PropertySource servletConfigInitParams [class org.springframework.core.env.PropertySource$StubPropertySource
:2025-08-12 11:13:39.949  INFO main c.u.j.EncryptablePropertySourceConverter: Converting PropertySource servletContextInitParams [org.springframework.web.context.support.ServletContextPropertySource] to EncryptableEnumerablePropertySourceWrapper
:2025-08-12 11:13:39.949  INFO main c.u.j.EncryptablePropertySourceConverter: Converting PropertySource Management Server [org.springframework.boot.actuate.autoconfigure.web.server.ManagementContextAutoConfiguration$SameManagementContextConfiguration$1] to EncryptablePropertySourceWrapper
:2025-08-12 11:13:40.154  INFO main c.a.c.n.r.NacosServiceRegistry: nacos registry, DEFAULT_GROUP pig-monitor 192.168.0.135:5001 register finished
:2025-08-12 11:13:40.290  INFO main c.a.c.n.d.NacosDiscoveryHeartBeatPublisher: Start nacos heartBeat task scheduler.
:2025-08-12 11:13:40.303  INFO main c.p.p.m.PigMonitorApplication: Started PigMonitorApplication in 3.579 seconds (process running for 4.174)
:2025-08-12 11:13:40.312  INFO main c.a.c.n.r.NacosContextRefresher: [Nacos Config] Listening config: dataId=pig-monitor-dev.yml, group=DEFAULT_GROUP
:2025-08-12 11:13:40.313  INFO main c.a.c.n.r.NacosContextRefresher: [Nacos Config] Listening config: dataId=application-dev.yml, group=DEFAULT_GROUP
:2025-08-12 11:13:40.343  INFO XNIO-1 task-2 i.u.servlet: Initializing Spring DispatcherServlet 'dispatcherServlet'
:2025-08-12 11:13:40.344  INFO XNIO-1 task-2 o.s.w.s.DispatcherServlet: Initializing Servlet 'dispatcherServlet'
:2025-08-12 11:13:40.345  INFO XNIO-1 task-2 o.s.w.s.DispatcherServlet: Completed initialization in 1 ms
:2025-08-12 11:21:40.535  INFO HeartBeat-Task-Scheduler-1 d.c.b.a.s.c.d.InstanceDiscoveryListener: Instance '6c5174ebe48d' missing in DiscoveryClient services and will be removed.
:2025-08-12 11:21:41.550  INFO reactor-http-nio-7 d.c.b.a.s.s.StatusUpdater: Couldn't retrieve status for Instance(id=6c5174ebe48d, version=2, registration=Registration(name=pig-upms-biz, managementUrl=http://192.168.0.135:4000/actuator, healthUrl=http://192.168.0.135:4000/actuator/health, serviceUrl=http://192.168.0.135:4000, source=discovery), registered=true, statusInfo=StatusInfo(status=DOWN, details={nacosConfig={status=UP}, diskSpace={status=UP, details={total=285023932416, free=225701498880, threshold=10485760, path=D:\Loans\lending-framework\., exists=true}}, ping={status=UP}, discoveryComposite={status=UP, components={discoveryClient={status=UP, details={services=[pig-gateway, pig-monitor, pig-upms-biz, pig-auth]}}}}, refreshScope={status=UP}, nacosDiscovery={status=UP}, ssl={status=UP, details={validChains=[], invalidChains=[]}}, db={status=DOWN, details={error=org.springframework.jdbc.CannotGetJdbcConnectionException: Failed to obtain JDBC Connection}}, redis={status=UP, details={version=7.2.4}}}), statusTimestamp=2025-08-12T02:13:41.470809800Z, info=Info(values={}), endpoints=Endpoints(endpoints={sentinel=Endpoint(id=sentinel, url=http://192.168.0.135:4000/actuator/sentinel), caches=Endpoint(id=caches, url=http://192.168.0.135:4000/actuator/caches), loggers=Endpoint(id=loggers, url=http://192.168.0.135:4000/actuator/loggers), logfile=Endpoint(id=logfile, url=http://192.168.0.135:4000/actuator/logfile), nacosconfig=Endpoint(id=nacosconfig, url=http://192.168.0.135:4000/actuator/nacosconfig), health=Endpoint(id=health, url=http://192.168.0.135:4000/actuator/health), refresh=Endpoint(id=refresh, url=http://192.168.0.135:4000/actuator/refresh), env=Endpoint(id=env, url=http://192.168.0.135:4000/actuator/env), nacosdiscovery=Endpoint(id=nacosdiscovery, url=http://192.168.0.135:4000/actuator/nacosdiscovery), serviceregistry=Endpoint(id=serviceregistry, url=http://192.168.0.135:4000/actuator/serviceregistry), heapdump=Endpoint(id=heapdump, url=http://192.168.0.135:4000/actuator/heapdump), features=Endpoint(id=features, url=http://192.168.0.135:4000/actuator/features), scheduledtasks=Endpoint(id=scheduledtasks, url=http://192.168.0.135:4000/actuator/scheduledtasks), mappings=Endpoint(id=mappings, url=http://192.168.0.135:4000/actuator/mappings), beans=Endpoint(id=beans, url=http://192.168.0.135:4000/actuator/beans), configprops=Endpoint(id=configprops, url=http://192.168.0.135:4000/actuator/configprops), threaddump=Endpoint(id=threaddump, url=http://192.168.0.135:4000/actuator/threaddump), sbom=Endpoint(id=sbom, url=http://192.168.0.135:4000/actuator/sbom), metrics=Endpoint(id=metrics, url=http://192.168.0.135:4000/actuator/metrics), conditions=Endpoint(id=conditions, url=http://192.168.0.135:4000/actuator/conditions), info=Endpoint(id=info, url=http://192.168.0.135:4000/actuator/info)}), buildVersion=null, tags=Tags(values={}))
org.springframework.web.reactive.function.client.WebClientRequestException: Connection refused: getsockopt: /192.168.0.135:4000
	at org.springframework.web.reactive.function.client.ExchangeFunctions$DefaultExchangeFunction.lambda$wrapException$9(ExchangeFunctions.java:137)
	Suppressed: reactor.core.publisher.FluxOnAssembly$OnAssemblyException: 
Assembly trace from producer [reactor.core.publisher.MonoErrorSupplied] :
	reactor.core.publisher.Mono.error(Mono.java:315)
	org.springframework.web.reactive.function.client.ExchangeFunctions$DefaultExchangeFunction.wrapException(ExchangeFunctions.java:137)
Error has been observed at the following site(s):
	*____________Mono.error ⇢ at org.springframework.web.reactive.function.client.ExchangeFunctions$DefaultExchangeFunction.wrapException(ExchangeFunctions.java:137)
	*____Mono.onErrorResume ⇢ at org.springframework.web.reactive.function.client.ExchangeFunctions$DefaultExchangeFunction.exchange(ExchangeFunctions.java:106)
	|_             Mono.map ⇢ at org.springframework.web.reactive.function.client.ExchangeFunctions$DefaultExchangeFunction.exchange(ExchangeFunctions.java:107)
	|_        Mono.doOnNext ⇢ at org.springframework.web.reactive.function.client.DefaultWebClient$ObservationFilterFunction.filter(DefaultWebClient.java:745)
	|_         Mono.timeout ⇢ at de.codecentric.boot.admin.server.web.client.InstanceExchangeFilterFunctions.lambda$timeout$14(InstanceExchangeFilterFunctions.java:201)
	|_           Mono.retry ⇢ at de.codecentric.boot.admin.server.web.client.InstanceExchangeFilterFunctions.lambda$retry$13(InstanceExchangeFilterFunctions.java:191)
	|_             Mono.map ⇢ at de.codecentric.boot.admin.server.web.client.InstanceExchangeFilterFunctions.lambda$handleCookies$18(InstanceExchangeFilterFunctions.java:230)
	|_             Mono.map ⇢ at de.codecentric.boot.admin.server.web.client.InstanceExchangeFilterFunctions.lambda$convertLegacyEndpoints$8(InstanceExchangeFilterFunctions.java:143)
	*__________Mono.flatMap ⇢ at de.codecentric.boot.admin.server.web.client.InstanceWebClient.lambda$setInstance$3(InstanceWebClient.java:61)
	*____________Mono.defer ⇢ at org.springframework.web.reactive.function.client.DefaultWebClient$DefaultRequestBodyUriSpec.lambda$exchange$12(DefaultWebClient.java:467)
	|_           checkpoint ⇢ Request to GET health [DefaultWebClient]
	|_   Mono.switchIfEmpty ⇢ at org.springframework.web.reactive.function.client.DefaultWebClient$DefaultRequestBodyUriSpec.lambda$exchange$12(DefaultWebClient.java:472)
	|_        Mono.doOnNext ⇢ at org.springframework.web.reactive.function.client.DefaultWebClient$DefaultRequestBodyUriSpec.lambda$exchange$12(DefaultWebClient.java:478)
	|_       Mono.doOnError ⇢ at org.springframework.web.reactive.function.client.DefaultWebClient$DefaultRequestBodyUriSpec.lambda$exchange$12(DefaultWebClient.java:479)
	|_       Mono.doFinally ⇢ at org.springframework.web.reactive.function.client.DefaultWebClient$DefaultRequestBodyUriSpec.lambda$exchange$12(DefaultWebClient.java:480)
	|_    Mono.contextWrite ⇢ at org.springframework.web.reactive.function.client.DefaultWebClient$DefaultRequestBodyUriSpec.lambda$exchange$12(DefaultWebClient.java:486)
	*__Mono.deferContextual ⇢ at org.springframework.web.reactive.function.client.DefaultWebClient$DefaultRequestBodyUriSpec.exchange(DefaultWebClient.java:453)
	|_         Mono.flatMap ⇢ at org.springframework.web.reactive.function.client.DefaultWebClient$DefaultRequestBodyUriSpec.exchangeToMono(DefaultWebClient.java:421)
	|_             Mono.log ⇢ at de.codecentric.boot.admin.server.services.StatusUpdater.doUpdateStatus(StatusUpdater.java:84)
	|_         Mono.timeout ⇢ at de.codecentric.boot.admin.server.services.StatusUpdater.doUpdateStatus(StatusUpdater.java:85)
Original Stack Trace:
		at org.springframework.web.reactive.function.client.ExchangeFunctions$DefaultExchangeFunction.lambda$wrapException$9(ExchangeFunctions.java:137)
		at reactor.core.publisher.MonoErrorSupplied.subscribe(MonoErrorSupplied.java:55)
		at reactor.core.publisher.Mono.subscribe(Mono.java:4576)
		at reactor.core.publisher.FluxOnErrorResume$ResumeSubscriber.onError(FluxOnErrorResume.java:103)
		at reactor.core.publisher.FluxPeekFuseable$PeekFuseableSubscriber.onError(FluxPeekFuseable.java:234)
		at reactor.core.publisher.FluxPeekFuseable$PeekFuseableSubscriber.onError(FluxPeekFuseable.java:234)
		at reactor.core.publisher.FluxPeekFuseable$PeekFuseableSubscriber.onError(FluxPeekFuseable.java:234)
		at reactor.core.publisher.MonoNext$NextSubscriber.onError(MonoNext.java:93)
		at reactor.core.publisher.MonoFlatMapMany$FlatMapManyMain.onError(MonoFlatMapMany.java:205)
		at reactor.core.publisher.SerializedSubscriber.onError(SerializedSubscriber.java:124)
		at reactor.core.publisher.FluxRetryWhen$RetryWhenMainSubscriber.whenError(FluxRetryWhen.java:229)
		at reactor.core.publisher.FluxRetryWhen$RetryWhenOtherSubscriber.onError(FluxRetryWhen.java:279)
		at reactor.core.publisher.FluxContextWrite$ContextWriteSubscriber.onError(FluxContextWrite.java:121)
		at reactor.core.publisher.FluxConcatMapNoPrefetch$FluxConcatMapNoPrefetchSubscriber.maybeOnError(FluxConcatMapNoPrefetch.java:327)
		at reactor.core.publisher.FluxConcatMapNoPrefetch$FluxConcatMapNoPrefetchSubscriber.onNext(FluxConcatMapNoPrefetch.java:212)
		at reactor.core.publisher.FluxContextWrite$ContextWriteSubscriber.onNext(FluxContextWrite.java:107)
		at reactor.core.publisher.SinkManyEmitterProcessor.drain(SinkManyEmitterProcessor.java:476)
		at reactor.core.publisher.SinkManyEmitterProcessor$EmitterInner.drainParent(SinkManyEmitterProcessor.java:620)
		at reactor.core.publisher.FluxPublish$PubSubInner.request(FluxPublish.java:874)
		at reactor.core.publisher.FluxContextWrite$ContextWriteSubscriber.request(FluxContextWrite.java:136)
		at reactor.core.publisher.FluxConcatMapNoPrefetch$FluxConcatMapNoPrefetchSubscriber.request(FluxConcatMapNoPrefetch.java:337)
		at reactor.core.publisher.FluxContextWrite$ContextWriteSubscriber.request(FluxContextWrite.java:136)
		at reactor.core.publisher.Operators$DeferredSubscription.request(Operators.java:1743)
		at reactor.core.publisher.FluxRetryWhen$RetryWhenMainSubscriber.onError(FluxRetryWhen.java:196)
		at reactor.core.publisher.MonoCreate$DefaultMonoSink.error(MonoCreate.java:205)
		at reactor.netty.http.client.HttpClientConnect$MonoHttpConnect$ClientTransportSubscriber.onError(HttpClientConnect.java:323)
		at reactor.core.publisher.MonoCreate$DefaultMonoSink.error(MonoCreate.java:205)
		at reactor.netty.resources.DefaultPooledConnectionProvider$DisposableAcquire.onError(DefaultPooledConnectionProvider.java:174)
		at reactor.netty.internal.shaded.reactor.pool.AbstractPool$Borrower.fail(AbstractPool.java:479)
		at reactor.netty.internal.shaded.reactor.pool.SimpleDequePool.lambda$drainLoop$9(SimpleDequePool.java:443)
		at reactor.core.publisher.FluxDoOnEach$DoOnEachSubscriber.onError(FluxDoOnEach.java:186)
		at reactor.core.publisher.MonoCreate$DefaultMonoSink.error(MonoCreate.java:205)
		at reactor.netty.resources.DefaultPooledConnectionProvider$PooledConnectionAllocator$PooledConnectionInitializer.onError(DefaultPooledConnectionProvider.java:593)
		at reactor.core.publisher.MonoFlatMap$FlatMapMain.secondError(MonoFlatMap.java:241)
		at reactor.core.publisher.MonoFlatMap$FlatMapInner.onError(MonoFlatMap.java:315)
		at reactor.core.publisher.FluxOnErrorResume$ResumeSubscriber.onError(FluxOnErrorResume.java:106)
		at reactor.core.publisher.Operators.error(Operators.java:198)
		at reactor.core.publisher.MonoError.subscribe(MonoError.java:53)
		at reactor.core.publisher.Mono.subscribe(Mono.java:4576)
		at reactor.core.publisher.FluxOnErrorResume$ResumeSubscriber.onError(FluxOnErrorResume.java:103)
		at reactor.netty.transport.TransportConnector$MonoChannelPromise.tryFailure(TransportConnector.java:576)
		at reactor.netty.transport.TransportConnector$MonoChannelPromise.setFailure(TransportConnector.java:522)
		at reactor.netty.transport.TransportConnector.lambda$doConnect$7(TransportConnector.java:261)
		at io.netty.util.concurrent.DefaultPromise.notifyListener0(DefaultPromise.java:590)
		at io.netty.util.concurrent.DefaultPromise.notifyListeners0(DefaultPromise.java:583)
		at io.netty.util.concurrent.DefaultPromise.notifyListenersNow(DefaultPromise.java:559)
		at io.netty.util.concurrent.DefaultPromise.notifyListeners(DefaultPromise.java:492)
		at io.netty.util.concurrent.DefaultPromise.setValue0(DefaultPromise.java:636)
		at io.netty.util.concurrent.DefaultPromise.setFailure0(DefaultPromise.java:629)
		at io.netty.util.concurrent.DefaultPromise.tryFailure(DefaultPromise.java:118)
		at io.netty.channel.nio.AbstractNioChannel$AbstractNioUnsafe.fulfillConnectPromise(AbstractNioChannel.java:326)
		at io.netty.channel.nio.AbstractNioChannel$AbstractNioUnsafe.finishConnect(AbstractNioChannel.java:342)
		at io.netty.channel.nio.NioEventLoop.processSelectedKey(NioEventLoop.java:784)
		at io.netty.channel.nio.NioEventLoop.processSelectedKeysOptimized(NioEventLoop.java:732)
		at io.netty.channel.nio.NioEventLoop.processSelectedKeys(NioEventLoop.java:658)
		at io.netty.channel.nio.NioEventLoop.run(NioEventLoop.java:562)
		at io.netty.util.concurrent.SingleThreadEventExecutor$4.run(SingleThreadEventExecutor.java:998)
		at io.netty.util.internal.ThreadExecutorMap$2.run(ThreadExecutorMap.java:74)
		at io.netty.util.concurrent.FastThreadLocalRunnable.run(FastThreadLocalRunnable.java:30)
		at java.base/java.lang.Thread.run(Thread.java:1583)
Caused by: io.netty.channel.AbstractChannel$AnnotatedConnectException: Connection refused: getsockopt: /192.168.0.135:4000
	Suppressed: reactor.core.publisher.FluxOnAssembly$OnAssemblyException: 
Assembly trace from producer [reactor.core.publisher.MonoError] :
	reactor.core.publisher.FluxOnErrorResume$ResumeSubscriber.onError(FluxOnErrorResume.java:94)
	reactor.netty.transport.TransportConnector$MonoChannelPromise.tryFailure(TransportConnector.java:576)
Error has been observed at the following site(s):
	*__FluxOnErrorResume$ResumeSubscriber.onError ⇢ at reactor.netty.transport.TransportConnector$MonoChannelPromise.tryFailure(TransportConnector.java:576)
	*__________________________Mono.onErrorResume ⇢ at reactor.netty.transport.TransportConnector.lambda$connect$6(TransportConnector.java:166)
	*________________________________Mono.flatMap ⇢ at reactor.netty.transport.TransportConnector.connect(TransportConnector.java:165)
	*_________________________________Mono.create ⇢ at reactor.netty.resources.DefaultPooledConnectionProvider$PooledConnectionAllocator.connectChannel(DefaultPooledConnectionProvider.java:537)
	*_________________________________Mono.create ⇢ at reactor.netty.resources.PooledConnectionProvider.acquire(PooledConnectionProvider.java:130)
	*_________________________________Mono.create ⇢ at reactor.netty.http.client.HttpClientConnect$MonoHttpConnect.subscribe(HttpClientConnect.java:213)
	|_                             Mono.retryWhen ⇢ at reactor.netty.http.client.HttpClientConnect$MonoHttpConnect.subscribe(HttpClientConnect.java:287)
	*______________________________Flux.concatMap ⇢ at reactor.util.retry.RetrySpec.lambda$generateCompanion$6(RetrySpec.java:360)
	|_                           Flux.onErrorStop ⇢ at reactor.util.retry.RetrySpec.lambda$generateCompanion$6(RetrySpec.java:379)
	*________________________Flux.deferContextual ⇢ at reactor.util.retry.RetrySpec.generateCompanion(RetrySpec.java:357)
	*____________________________Mono.flatMapMany ⇢ at reactor.netty.http.client.HttpClientFinalizer.responseConnection(HttpClientFinalizer.java:102)
	|_                                  Flux.next ⇢ at org.springframework.http.client.reactive.ReactorClientHttpConnector.connect(ReactorClientHttpConnector.java:174)
	|_                            Mono.doOnCancel ⇢ at org.springframework.http.client.reactive.ReactorClientHttpConnector.connect(ReactorClientHttpConnector.java:175)
	|_                           Mono.doOnRequest ⇢ at org.springframework.web.reactive.function.client.ExchangeFunctions$DefaultExchangeFunction.exchange(ExchangeFunctions.java:104)
	|_                            Mono.doOnCancel ⇢ at org.springframework.web.reactive.function.client.ExchangeFunctions$DefaultExchangeFunction.exchange(ExchangeFunctions.java:105)
Original Stack Trace:
Caused by: java.net.ConnectException: Connection refused: getsockopt
	at java.base/sun.nio.ch.Net.pollConnect(Native Method)
	at java.base/sun.nio.ch.Net.pollConnectNow(Net.java:682)
	at java.base/sun.nio.ch.SocketChannelImpl.finishConnect(SocketChannelImpl.java:973)
	at io.netty.channel.socket.nio.NioSocketChannel.doFinishConnect(NioSocketChannel.java:336)
	at io.netty.channel.nio.AbstractNioChannel$AbstractNioUnsafe.finishConnect(AbstractNioChannel.java:339)
	at io.netty.channel.nio.NioEventLoop.processSelectedKey(NioEventLoop.java:784)
	at io.netty.channel.nio.NioEventLoop.processSelectedKeysOptimized(NioEventLoop.java:732)
	at io.netty.channel.nio.NioEventLoop.processSelectedKeys(NioEventLoop.java:658)
	at io.netty.channel.nio.NioEventLoop.run(NioEventLoop.java:562)
	at io.netty.util.concurrent.SingleThreadEventExecutor$4.run(SingleThreadEventExecutor.java:998)
	at io.netty.util.internal.ThreadExecutorMap$2.run(ThreadExecutorMap.java:74)
	at io.netty.util.concurrent.FastThreadLocalRunnable.run(FastThreadLocalRunnable.java:30)
	at java.base/java.lang.Thread.run(Thread.java:1583)
:2025-08-12 11:21:41.550  WARN reactor-http-nio-8 d.c.b.a.s.s.InfoUpdater: Couldn't retrieve info for Instance(id=6c5174ebe48d, version=2, registration=Registration(name=pig-upms-biz, managementUrl=http://192.168.0.135:4000/actuator, healthUrl=http://192.168.0.135:4000/actuator/health, serviceUrl=http://192.168.0.135:4000, source=discovery), registered=true, statusInfo=StatusInfo(status=DOWN, details={nacosConfig={status=UP}, diskSpace={status=UP, details={total=285023932416, free=225701498880, threshold=10485760, path=D:\Loans\lending-framework\., exists=true}}, ping={status=UP}, discoveryComposite={status=UP, components={discoveryClient={status=UP, details={services=[pig-gateway, pig-monitor, pig-upms-biz, pig-auth]}}}}, refreshScope={status=UP}, nacosDiscovery={status=UP}, ssl={status=UP, details={validChains=[], invalidChains=[]}}, db={status=DOWN, details={error=org.springframework.jdbc.CannotGetJdbcConnectionException: Failed to obtain JDBC Connection}}, redis={status=UP, details={version=7.2.4}}}), statusTimestamp=2025-08-12T02:13:41.470809800Z, info=Info(values={}), endpoints=Endpoints(endpoints={sentinel=Endpoint(id=sentinel, url=http://192.168.0.135:4000/actuator/sentinel), caches=Endpoint(id=caches, url=http://192.168.0.135:4000/actuator/caches), loggers=Endpoint(id=loggers, url=http://192.168.0.135:4000/actuator/loggers), logfile=Endpoint(id=logfile, url=http://192.168.0.135:4000/actuator/logfile), nacosconfig=Endpoint(id=nacosconfig, url=http://192.168.0.135:4000/actuator/nacosconfig), health=Endpoint(id=health, url=http://192.168.0.135:4000/actuator/health), refresh=Endpoint(id=refresh, url=http://192.168.0.135:4000/actuator/refresh), env=Endpoint(id=env, url=http://192.168.0.135:4000/actuator/env), nacosdiscovery=Endpoint(id=nacosdiscovery, url=http://192.168.0.135:4000/actuator/nacosdiscovery), serviceregistry=Endpoint(id=serviceregistry, url=http://192.168.0.135:4000/actuator/serviceregistry), heapdump=Endpoint(id=heapdump, url=http://192.168.0.135:4000/actuator/heapdump), features=Endpoint(id=features, url=http://192.168.0.135:4000/actuator/features), scheduledtasks=Endpoint(id=scheduledtasks, url=http://192.168.0.135:4000/actuator/scheduledtasks), mappings=Endpoint(id=mappings, url=http://192.168.0.135:4000/actuator/mappings), beans=Endpoint(id=beans, url=http://192.168.0.135:4000/actuator/beans), configprops=Endpoint(id=configprops, url=http://192.168.0.135:4000/actuator/configprops), threaddump=Endpoint(id=threaddump, url=http://192.168.0.135:4000/actuator/threaddump), sbom=Endpoint(id=sbom, url=http://192.168.0.135:4000/actuator/sbom), metrics=Endpoint(id=metrics, url=http://192.168.0.135:4000/actuator/metrics), conditions=Endpoint(id=conditions, url=http://192.168.0.135:4000/actuator/conditions), info=Endpoint(id=info, url=http://192.168.0.135:4000/actuator/info)}), buildVersion=null, tags=Tags(values={}))
org.springframework.web.reactive.function.client.WebClientRequestException: Connection refused: getsockopt: /192.168.0.135:4000
	at org.springframework.web.reactive.function.client.ExchangeFunctions$DefaultExchangeFunction.lambda$wrapException$9(ExchangeFunctions.java:137)
	Suppressed: reactor.core.publisher.FluxOnAssembly$OnAssemblyException: 
Assembly trace from producer [reactor.core.publisher.MonoErrorSupplied] :
	reactor.core.publisher.Mono.error(Mono.java:315)
	org.springframework.web.reactive.function.client.ExchangeFunctions$DefaultExchangeFunction.wrapException(ExchangeFunctions.java:137)
Error has been observed at the following site(s):
	*____________Mono.error ⇢ at org.springframework.web.reactive.function.client.ExchangeFunctions$DefaultExchangeFunction.wrapException(ExchangeFunctions.java:137)
	*____Mono.onErrorResume ⇢ at org.springframework.web.reactive.function.client.ExchangeFunctions$DefaultExchangeFunction.exchange(ExchangeFunctions.java:106)
	|_             Mono.map ⇢ at org.springframework.web.reactive.function.client.ExchangeFunctions$DefaultExchangeFunction.exchange(ExchangeFunctions.java:107)
	|_        Mono.doOnNext ⇢ at org.springframework.web.reactive.function.client.DefaultWebClient$ObservationFilterFunction.filter(DefaultWebClient.java:745)
	|_         Mono.timeout ⇢ at de.codecentric.boot.admin.server.web.client.InstanceExchangeFilterFunctions.lambda$timeout$14(InstanceExchangeFilterFunctions.java:201)
	|_           Mono.retry ⇢ at de.codecentric.boot.admin.server.web.client.InstanceExchangeFilterFunctions.lambda$retry$13(InstanceExchangeFilterFunctions.java:191)
	|_             Mono.map ⇢ at de.codecentric.boot.admin.server.web.client.InstanceExchangeFilterFunctions.lambda$handleCookies$18(InstanceExchangeFilterFunctions.java:230)
	|_             Mono.map ⇢ at de.codecentric.boot.admin.server.web.client.InstanceExchangeFilterFunctions.lambda$convertLegacyEndpoints$8(InstanceExchangeFilterFunctions.java:143)
	*__________Mono.flatMap ⇢ at de.codecentric.boot.admin.server.web.client.InstanceWebClient.lambda$setInstance$3(InstanceWebClient.java:61)
	*____________Mono.defer ⇢ at org.springframework.web.reactive.function.client.DefaultWebClient$DefaultRequestBodyUriSpec.lambda$exchange$12(DefaultWebClient.java:467)
	|_           checkpoint ⇢ Request to GET info [DefaultWebClient]
	|_   Mono.switchIfEmpty ⇢ at org.springframework.web.reactive.function.client.DefaultWebClient$DefaultRequestBodyUriSpec.lambda$exchange$12(DefaultWebClient.java:472)
	|_        Mono.doOnNext ⇢ at org.springframework.web.reactive.function.client.DefaultWebClient$DefaultRequestBodyUriSpec.lambda$exchange$12(DefaultWebClient.java:478)
	|_       Mono.doOnError ⇢ at org.springframework.web.reactive.function.client.DefaultWebClient$DefaultRequestBodyUriSpec.lambda$exchange$12(DefaultWebClient.java:479)
	|_       Mono.doFinally ⇢ at org.springframework.web.reactive.function.client.DefaultWebClient$DefaultRequestBodyUriSpec.lambda$exchange$12(DefaultWebClient.java:480)
	|_    Mono.contextWrite ⇢ at org.springframework.web.reactive.function.client.DefaultWebClient$DefaultRequestBodyUriSpec.lambda$exchange$12(DefaultWebClient.java:486)
	*__Mono.deferContextual ⇢ at org.springframework.web.reactive.function.client.DefaultWebClient$DefaultRequestBodyUriSpec.exchange(DefaultWebClient.java:453)
	|_         Mono.flatMap ⇢ at org.springframework.web.reactive.function.client.DefaultWebClient$DefaultRequestBodyUriSpec.exchangeToMono(DefaultWebClient.java:421)
	|_             Mono.log ⇢ at de.codecentric.boot.admin.server.services.InfoUpdater.doUpdateInfo(InfoUpdater.java:79)
Original Stack Trace:
		at org.springframework.web.reactive.function.client.ExchangeFunctions$DefaultExchangeFunction.lambda$wrapException$9(ExchangeFunctions.java:137)
		at reactor.core.publisher.MonoErrorSupplied.subscribe(MonoErrorSupplied.java:55)
		at reactor.core.publisher.Mono.subscribe(Mono.java:4576)
		at reactor.core.publisher.FluxOnErrorResume$ResumeSubscriber.onError(FluxOnErrorResume.java:103)
		at reactor.core.publisher.FluxPeekFuseable$PeekFuseableSubscriber.onError(FluxPeekFuseable.java:234)
		at reactor.core.publisher.FluxPeekFuseable$PeekFuseableSubscriber.onError(FluxPeekFuseable.java:234)
		at reactor.core.publisher.FluxPeekFuseable$PeekFuseableSubscriber.onError(FluxPeekFuseable.java:234)
		at reactor.core.publisher.MonoNext$NextSubscriber.onError(MonoNext.java:93)
		at reactor.core.publisher.MonoFlatMapMany$FlatMapManyMain.onError(MonoFlatMapMany.java:205)
		at reactor.core.publisher.SerializedSubscriber.onError(SerializedSubscriber.java:124)
		at reactor.core.publisher.FluxRetryWhen$RetryWhenMainSubscriber.whenError(FluxRetryWhen.java:229)
		at reactor.core.publisher.FluxRetryWhen$RetryWhenOtherSubscriber.onError(FluxRetryWhen.java:279)
		at reactor.core.publisher.FluxContextWrite$ContextWriteSubscriber.onError(FluxContextWrite.java:121)
		at reactor.core.publisher.FluxConcatMapNoPrefetch$FluxConcatMapNoPrefetchSubscriber.maybeOnError(FluxConcatMapNoPrefetch.java:327)
		at reactor.core.publisher.FluxConcatMapNoPrefetch$FluxConcatMapNoPrefetchSubscriber.onNext(FluxConcatMapNoPrefetch.java:212)
		at reactor.core.publisher.FluxContextWrite$ContextWriteSubscriber.onNext(FluxContextWrite.java:107)
		at reactor.core.publisher.SinkManyEmitterProcessor.drain(SinkManyEmitterProcessor.java:476)
		at reactor.core.publisher.SinkManyEmitterProcessor$EmitterInner.drainParent(SinkManyEmitterProcessor.java:620)
		at reactor.core.publisher.FluxPublish$PubSubInner.request(FluxPublish.java:874)
		at reactor.core.publisher.FluxContextWrite$ContextWriteSubscriber.request(FluxContextWrite.java:136)
		at reactor.core.publisher.FluxConcatMapNoPrefetch$FluxConcatMapNoPrefetchSubscriber.request(FluxConcatMapNoPrefetch.java:337)
		at reactor.core.publisher.FluxContextWrite$ContextWriteSubscriber.request(FluxContextWrite.java:136)
		at reactor.core.publisher.Operators$DeferredSubscription.request(Operators.java:1743)
		at reactor.core.publisher.FluxRetryWhen$RetryWhenMainSubscriber.onError(FluxRetryWhen.java:196)
		at reactor.core.publisher.MonoCreate$DefaultMonoSink.error(MonoCreate.java:205)
		at reactor.netty.http.client.HttpClientConnect$MonoHttpConnect$ClientTransportSubscriber.onError(HttpClientConnect.java:323)
		at reactor.core.publisher.MonoCreate$DefaultMonoSink.error(MonoCreate.java:205)
		at reactor.netty.resources.DefaultPooledConnectionProvider$DisposableAcquire.onError(DefaultPooledConnectionProvider.java:174)
		at reactor.netty.internal.shaded.reactor.pool.AbstractPool$Borrower.fail(AbstractPool.java:479)
		at reactor.netty.internal.shaded.reactor.pool.SimpleDequePool.lambda$drainLoop$9(SimpleDequePool.java:443)
		at reactor.core.publisher.FluxDoOnEach$DoOnEachSubscriber.onError(FluxDoOnEach.java:186)
		at reactor.core.publisher.MonoCreate$DefaultMonoSink.error(MonoCreate.java:205)
		at reactor.netty.resources.DefaultPooledConnectionProvider$PooledConnectionAllocator$PooledConnectionInitializer.onError(DefaultPooledConnectionProvider.java:593)
		at reactor.core.publisher.MonoFlatMap$FlatMapMain.secondError(MonoFlatMap.java:241)
		at reactor.core.publisher.MonoFlatMap$FlatMapInner.onError(MonoFlatMap.java:315)
		at reactor.core.publisher.FluxOnErrorResume$ResumeSubscriber.onError(FluxOnErrorResume.java:106)
		at reactor.core.publisher.Operators.error(Operators.java:198)
		at reactor.core.publisher.MonoError.subscribe(MonoError.java:53)
		at reactor.core.publisher.Mono.subscribe(Mono.java:4576)
		at reactor.core.publisher.FluxOnErrorResume$ResumeSubscriber.onError(FluxOnErrorResume.java:103)
		at reactor.netty.transport.TransportConnector$MonoChannelPromise.tryFailure(TransportConnector.java:576)
		at reactor.netty.transport.TransportConnector$MonoChannelPromise.setFailure(TransportConnector.java:522)
		at reactor.netty.transport.TransportConnector.lambda$doConnect$7(TransportConnector.java:261)
		at io.netty.util.concurrent.DefaultPromise.notifyListener0(DefaultPromise.java:590)
		at io.netty.util.concurrent.DefaultPromise.notifyListeners0(DefaultPromise.java:583)
		at io.netty.util.concurrent.DefaultPromise.notifyListenersNow(DefaultPromise.java:559)
		at io.netty.util.concurrent.DefaultPromise.notifyListeners(DefaultPromise.java:492)
		at io.netty.util.concurrent.DefaultPromise.setValue0(DefaultPromise.java:636)
		at io.netty.util.concurrent.DefaultPromise.setFailure0(DefaultPromise.java:629)
		at io.netty.util.concurrent.DefaultPromise.tryFailure(DefaultPromise.java:118)
		at io.netty.channel.nio.AbstractNioChannel$AbstractNioUnsafe.fulfillConnectPromise(AbstractNioChannel.java:326)
		at io.netty.channel.nio.AbstractNioChannel$AbstractNioUnsafe.finishConnect(AbstractNioChannel.java:342)
		at io.netty.channel.nio.NioEventLoop.processSelectedKey(NioEventLoop.java:784)
		at io.netty.channel.nio.NioEventLoop.processSelectedKeysOptimized(NioEventLoop.java:732)
		at io.netty.channel.nio.NioEventLoop.processSelectedKeys(NioEventLoop.java:658)
		at io.netty.channel.nio.NioEventLoop.run(NioEventLoop.java:562)
		at io.netty.util.concurrent.SingleThreadEventExecutor$4.run(SingleThreadEventExecutor.java:998)
		at io.netty.util.internal.ThreadExecutorMap$2.run(ThreadExecutorMap.java:74)
		at io.netty.util.concurrent.FastThreadLocalRunnable.run(FastThreadLocalRunnable.java:30)
		at java.base/java.lang.Thread.run(Thread.java:1583)
Caused by: io.netty.channel.AbstractChannel$AnnotatedConnectException: Connection refused: getsockopt: /192.168.0.135:4000
	Suppressed: reactor.core.publisher.FluxOnAssembly$OnAssemblyException: 
Assembly trace from producer [reactor.core.publisher.MonoError] :
	reactor.core.publisher.FluxOnErrorResume$ResumeSubscriber.onError(FluxOnErrorResume.java:94)
	reactor.netty.transport.TransportConnector$MonoChannelPromise.tryFailure(TransportConnector.java:576)
Error has been observed at the following site(s):
	*__FluxOnErrorResume$ResumeSubscriber.onError ⇢ at reactor.netty.transport.TransportConnector$MonoChannelPromise.tryFailure(TransportConnector.java:576)
	*__________________________Mono.onErrorResume ⇢ at reactor.netty.transport.TransportConnector.lambda$connect$6(TransportConnector.java:166)
	*________________________________Mono.flatMap ⇢ at reactor.netty.transport.TransportConnector.connect(TransportConnector.java:165)
	*_________________________________Mono.create ⇢ at reactor.netty.resources.DefaultPooledConnectionProvider$PooledConnectionAllocator.connectChannel(DefaultPooledConnectionProvider.java:537)
	*_________________________________Mono.create ⇢ at reactor.netty.resources.PooledConnectionProvider.acquire(PooledConnectionProvider.java:130)
	*_________________________________Mono.create ⇢ at reactor.netty.http.client.HttpClientConnect$MonoHttpConnect.subscribe(HttpClientConnect.java:213)
	|_                             Mono.retryWhen ⇢ at reactor.netty.http.client.HttpClientConnect$MonoHttpConnect.subscribe(HttpClientConnect.java:287)
	*______________________________Flux.concatMap ⇢ at reactor.util.retry.RetrySpec.lambda$generateCompanion$6(RetrySpec.java:360)
	|_                           Flux.onErrorStop ⇢ at reactor.util.retry.RetrySpec.lambda$generateCompanion$6(RetrySpec.java:379)
	*________________________Flux.deferContextual ⇢ at reactor.util.retry.RetrySpec.generateCompanion(RetrySpec.java:357)
	*____________________________Mono.flatMapMany ⇢ at reactor.netty.http.client.HttpClientFinalizer.responseConnection(HttpClientFinalizer.java:102)
	|_                                  Flux.next ⇢ at org.springframework.http.client.reactive.ReactorClientHttpConnector.connect(ReactorClientHttpConnector.java:174)
	|_                            Mono.doOnCancel ⇢ at org.springframework.http.client.reactive.ReactorClientHttpConnector.connect(ReactorClientHttpConnector.java:175)
	|_                           Mono.doOnRequest ⇢ at org.springframework.web.reactive.function.client.ExchangeFunctions$DefaultExchangeFunction.exchange(ExchangeFunctions.java:104)
	|_                            Mono.doOnCancel ⇢ at org.springframework.web.reactive.function.client.ExchangeFunctions$DefaultExchangeFunction.exchange(ExchangeFunctions.java:105)
Original Stack Trace:
Caused by: java.net.ConnectException: Connection refused: getsockopt
	at java.base/sun.nio.ch.Net.pollConnect(Native Method)
	at java.base/sun.nio.ch.Net.pollConnectNow(Net.java:682)
	at java.base/sun.nio.ch.SocketChannelImpl.finishConnect(SocketChannelImpl.java:973)
	at io.netty.channel.socket.nio.NioSocketChannel.doFinishConnect(NioSocketChannel.java:336)
	at io.netty.channel.nio.AbstractNioChannel$AbstractNioUnsafe.finishConnect(AbstractNioChannel.java:339)
	at io.netty.channel.nio.NioEventLoop.processSelectedKey(NioEventLoop.java:784)
	at io.netty.channel.nio.NioEventLoop.processSelectedKeysOptimized(NioEventLoop.java:732)
	at io.netty.channel.nio.NioEventLoop.processSelectedKeys(NioEventLoop.java:658)
	at io.netty.channel.nio.NioEventLoop.run(NioEventLoop.java:562)
	at io.netty.util.concurrent.SingleThreadEventExecutor$4.run(SingleThreadEventExecutor.java:998)
	at io.netty.util.internal.ThreadExecutorMap$2.run(ThreadExecutorMap.java:74)
	at io.netty.util.concurrent.FastThreadLocalRunnable.run(FastThreadLocalRunnable.java:30)
	at java.base/java.lang.Thread.run(Thread.java:1583)
:2025-08-12 11:22:55.939  INFO nacos.client.config.listener.task-0 c.a.c.n.r.NacosContextRefresher: [Nacos Config] Receive Nacos config change: dataId=application-dev.yml, group=DEFAULT_GROUP
:2025-08-12 11:22:56.041  INFO nacos.client.config.listener.task-0 c.a.c.n.c.NacosConfigDataLoader: [Nacos Config] Load config[dataId=pig-monitor-dev.yml, group=DEFAULT_GROUP] success
:2025-08-12 11:22:56.124  INFO nacos.client.config.listener.task-0 c.a.c.n.c.NacosConfigDataLoader: [Nacos Config] Load config[dataId=application-dev.yml, group=DEFAULT_GROUP] success
:2025-08-12 11:22:56.157 ERROR nacos.client.config.listener.task-0 c.a.c.n.c.NacosConfigDataLoader: Error getting properties from nacos: NacosConfigDataResource{properties=NacosConfigProperties{serverAddr='192.168.0.201:8848', encode='null', group='DEFAULT_GROUP', prefix='null', fileExtension='properties', timeout=3000, maxRetry='null', configLongPollTimeout='null', configRetryTime='null', enableRemoteSyncConfig=false, endpoint='null', namespace='5d42b64c-af69-4a94-8189-c7e890784c35', accessKey='null', secretKey='null', ramRoleName='null', contextPath='null', clusterName='null', name='null'', shares=null, extensions=null, refreshEnabled=true}, optional=false, profiles=[Profiles@682c5545 active = '[]', default = '[default]', accepted = '[default]'], config=NacosItemConfig{group='DEFAULT_GROUP', dataId='application-dev.yml', suffix='yml', refreshEnabled=true, preference=null}}
org.yaml.snakeyaml.constructor.DuplicateKeyException: while constructing a mapping
 in 'reader', line 2, column 1:
    jasypt:
    ^
found duplicate key spring
 in 'reader', line 73, column 1:
    spring:
    ^

	at org.yaml.snakeyaml.constructor.SafeConstructor.processDuplicateKeys(SafeConstructor.java:126)
	at org.yaml.snakeyaml.constructor.SafeConstructor.flattenMapping(SafeConstructor.java:78)
	at org.yaml.snakeyaml.constructor.SafeConstructor.flattenMapping(SafeConstructor.java:73)
	at org.yaml.snakeyaml.constructor.SafeConstructor.constructMapping2ndStep(SafeConstructor.java:209)
	at org.yaml.snakeyaml.constructor.BaseConstructor.constructMapping(BaseConstructor.java:552)
	at org.yaml.snakeyaml.constructor.SafeConstructor$ConstructYamlMap.construct(SafeConstructor.java:597)
	at org.yaml.snakeyaml.constructor.BaseConstructor.constructObjectNoCheck(BaseConstructor.java:264)
	at org.yaml.snakeyaml.constructor.BaseConstructor.constructObject(BaseConstructor.java:247)
	at org.springframework.boot.env.OriginTrackedYamlLoader$OriginTrackingConstructor.constructObject(OriginTrackedYamlLoader.java:119)
	at org.yaml.snakeyaml.constructor.BaseConstructor.constructDocument(BaseConstructor.java:201)
	at org.yaml.snakeyaml.constructor.BaseConstructor.getData(BaseConstructor.java:166)
	at org.springframework.boot.env.OriginTrackedYamlLoader$OriginTrackingConstructor.getData(OriginTrackedYamlLoader.java:99)
	at org.yaml.snakeyaml.Yaml$1.next(Yaml.java:529)
	at org.springframework.beans.factory.config.YamlProcessor.process(YamlProcessor.java:203)
	at org.springframework.beans.factory.config.YamlProcessor.process(YamlProcessor.java:169)
	at org.springframework.boot.env.OriginTrackedYamlLoader.load(OriginTrackedYamlLoader.java:84)
	at org.springframework.boot.env.YamlPropertySourceLoader.load(YamlPropertySourceLoader.java:50)
	at com.alibaba.cloud.nacos.parser.NacosDataParserHandler.parseNacosData(NacosDataParserHandler.java:92)
	at com.alibaba.cloud.nacos.configdata.NacosConfigDataLoader.pullConfig(NacosConfigDataLoader.java:146)
	at com.alibaba.cloud.nacos.configdata.NacosConfigDataLoader.doLoad(NacosConfigDataLoader.java:80)
	at com.alibaba.cloud.nacos.configdata.NacosConfigDataLoader.load(NacosConfigDataLoader.java:67)
	at com.alibaba.cloud.nacos.configdata.NacosConfigDataLoader.load(NacosConfigDataLoader.java:56)
	at org.springframework.boot.context.config.ConfigDataLoaders.load(ConfigDataLoaders.java:96)
	at org.springframework.boot.context.config.ConfigDataImporter.load(ConfigDataImporter.java:132)
	at org.springframework.boot.context.config.ConfigDataImporter.resolveAndLoad(ConfigDataImporter.java:87)
	at org.springframework.boot.context.config.ConfigDataEnvironmentContributors.withProcessedImports(ConfigDataEnvironmentContributors.java:121)
	at org.springframework.boot.context.config.ConfigDataEnvironment.processWithProfiles(ConfigDataEnvironment.java:316)
	at org.springframework.boot.context.config.ConfigDataEnvironment.processAndApply(ConfigDataEnvironment.java:237)
	at org.springframework.boot.context.config.ConfigDataEnvironmentPostProcessor.postProcessEnvironment(ConfigDataEnvironmentPostProcessor.java:96)
	at org.springframework.boot.context.config.ConfigDataEnvironmentPostProcessor.postProcessEnvironment(ConfigDataEnvironmentPostProcessor.java:89)
	at org.springframework.cloud.context.refresh.ConfigDataContextRefresher.updateEnvironment(ConfigDataContextRefresher.java:92)
	at org.springframework.cloud.context.refresh.ContextRefresher.refreshEnvironment(ContextRefresher.java:100)
	at org.springframework.cloud.context.refresh.ContextRefresher.refresh(ContextRefresher.java:93)
	at org.springframework.cloud.endpoint.event.RefreshEventListener.handle(RefreshEventListener.java:72)
	at org.springframework.cloud.endpoint.event.RefreshEventListener.onApplicationEvent(RefreshEventListener.java:61)
	at org.springframework.context.event.SimpleApplicationEventMulticaster.doInvokeListener(SimpleApplicationEventMulticaster.java:185)
	at org.springframework.context.event.SimpleApplicationEventMulticaster.invokeListener(SimpleApplicationEventMulticaster.java:178)
	at org.springframework.context.event.SimpleApplicationEventMulticaster.multicastEvent(SimpleApplicationEventMulticaster.java:156)
	at org.springframework.context.support.AbstractApplicationContext.publishEvent(AbstractApplicationContext.java:454)
	at org.springframework.context.support.AbstractApplicationContext.publishEvent(AbstractApplicationContext.java:387)
	at com.alibaba.cloud.nacos.configdata.NacosConfigRefreshEventListener.onApplicationEvent(NacosConfigRefreshEventListener.java:52)
	at org.springframework.context.event.SimpleApplicationEventMulticaster.doInvokeListener(SimpleApplicationEventMulticaster.java:185)
	at org.springframework.context.event.SimpleApplicationEventMulticaster.invokeListener(SimpleApplicationEventMulticaster.java:178)
	at org.springframework.context.event.SimpleApplicationEventMulticaster.multicastEvent(SimpleApplicationEventMulticaster.java:156)
	at org.springframework.context.support.AbstractApplicationContext.publishEvent(AbstractApplicationContext.java:454)
	at org.springframework.context.support.AbstractApplicationContext.publishEvent(AbstractApplicationContext.java:387)
	at com.alibaba.cloud.nacos.refresh.NacosContextRefresher$1.innerReceive(NacosContextRefresher.java:131)
	at com.alibaba.nacos.api.config.listener.AbstractSharedListener.receiveConfigInfo(AbstractSharedListener.java:40)
	at com.alibaba.nacos.client.config.impl.CacheData$1.run(CacheData.java:440)
	at com.alibaba.nacos.client.config.impl.CacheData.safeNotifyListener(CacheData.java:483)
	at com.alibaba.nacos.client.config.impl.CacheData.checkListenerMd5(CacheData.java:324)
	at com.alibaba.nacos.client.config.impl.ClientWorker$ConfigRpcTransportClient.refreshContentAndCheck(ClientWorker.java:941)
	at com.alibaba.nacos.client.config.impl.ClientWorker$ConfigRpcTransportClient.refreshContentAndCheck(ClientWorker.java:922)
	at com.alibaba.nacos.client.config.impl.ClientWorker$ConfigRpcTransportClient.lambda$checkListenCache$7(ClientWorker.java:1031)
	at java.base/java.util.concurrent.Executors$RunnableAdapter.call(Executors.java:572)
	at java.base/java.util.concurrent.FutureTask.run$$$capture(FutureTask.java:317)
	at java.base/java.util.concurrent.FutureTask.run(FutureTask.java)
	at java.base/java.util.concurrent.ThreadPoolExecutor.runWorker(ThreadPoolExecutor.java:1144)
	at java.base/java.util.concurrent.ThreadPoolExecutor$Worker.run(ThreadPoolExecutor.java:642)
	at java.base/java.lang.Thread.run(Thread.java:1583)
:2025-08-12 11:23:01.192  INFO com.alibaba.nacos.client.Worker.0 c.a.c.n.r.NacosContextRefresher: [Nacos Config] Receive Nacos config change: dataId=application-dev.yml, group=DEFAULT_GROUP
:2025-08-12 11:23:01.213  INFO com.alibaba.nacos.client.Worker.0 c.a.c.n.c.NacosConfigDataLoader: [Nacos Config] Load config[dataId=pig-monitor-dev.yml, group=DEFAULT_GROUP] success
:2025-08-12 11:23:01.216  INFO com.alibaba.nacos.client.Worker.0 c.a.c.n.c.NacosConfigDataLoader: [Nacos Config] Load config[dataId=application-dev.yml, group=DEFAULT_GROUP] success
:2025-08-12 11:23:01.217 ERROR com.alibaba.nacos.client.Worker.0 c.a.c.n.c.NacosConfigDataLoader: Error getting properties from nacos: NacosConfigDataResource{properties=NacosConfigProperties{serverAddr='192.168.0.201:8848', encode='null', group='DEFAULT_GROUP', prefix='null', fileExtension='properties', timeout=3000, maxRetry='null', configLongPollTimeout='null', configRetryTime='null', enableRemoteSyncConfig=false, endpoint='null', namespace='5d42b64c-af69-4a94-8189-c7e890784c35', accessKey='null', secretKey='null', ramRoleName='null', contextPath='null', clusterName='null', name='null'', shares=null, extensions=null, refreshEnabled=true}, optional=false, profiles=[Profiles@74a14542 active = '[]', default = '[default]', accepted = '[default]'], config=NacosItemConfig{group='DEFAULT_GROUP', dataId='application-dev.yml', suffix='yml', refreshEnabled=true, preference=null}}
org.yaml.snakeyaml.constructor.DuplicateKeyException: while constructing a mapping
 in 'reader', line 2, column 1:
    jasypt:
    ^
found duplicate key spring
 in 'reader', line 73, column 1:
    spring:
    ^

	at org.yaml.snakeyaml.constructor.SafeConstructor.processDuplicateKeys(SafeConstructor.java:126)
	at org.yaml.snakeyaml.constructor.SafeConstructor.flattenMapping(SafeConstructor.java:78)
	at org.yaml.snakeyaml.constructor.SafeConstructor.flattenMapping(SafeConstructor.java:73)
	at org.yaml.snakeyaml.constructor.SafeConstructor.constructMapping2ndStep(SafeConstructor.java:209)
	at org.yaml.snakeyaml.constructor.BaseConstructor.constructMapping(BaseConstructor.java:552)
	at org.yaml.snakeyaml.constructor.SafeConstructor$ConstructYamlMap.construct(SafeConstructor.java:597)
	at org.yaml.snakeyaml.constructor.BaseConstructor.constructObjectNoCheck(BaseConstructor.java:264)
	at org.yaml.snakeyaml.constructor.BaseConstructor.constructObject(BaseConstructor.java:247)
	at org.springframework.boot.env.OriginTrackedYamlLoader$OriginTrackingConstructor.constructObject(OriginTrackedYamlLoader.java:119)
	at org.yaml.snakeyaml.constructor.BaseConstructor.constructDocument(BaseConstructor.java:201)
	at org.yaml.snakeyaml.constructor.BaseConstructor.getData(BaseConstructor.java:166)
	at org.springframework.boot.env.OriginTrackedYamlLoader$OriginTrackingConstructor.getData(OriginTrackedYamlLoader.java:99)
	at org.yaml.snakeyaml.Yaml$1.next(Yaml.java:529)
	at org.springframework.beans.factory.config.YamlProcessor.process(YamlProcessor.java:203)
	at org.springframework.beans.factory.config.YamlProcessor.process(YamlProcessor.java:169)
	at org.springframework.boot.env.OriginTrackedYamlLoader.load(OriginTrackedYamlLoader.java:84)
	at org.springframework.boot.env.YamlPropertySourceLoader.load(YamlPropertySourceLoader.java:50)
	at com.alibaba.cloud.nacos.parser.NacosDataParserHandler.parseNacosData(NacosDataParserHandler.java:92)
	at com.alibaba.cloud.nacos.configdata.NacosConfigDataLoader.pullConfig(NacosConfigDataLoader.java:146)
	at com.alibaba.cloud.nacos.configdata.NacosConfigDataLoader.doLoad(NacosConfigDataLoader.java:80)
	at com.alibaba.cloud.nacos.configdata.NacosConfigDataLoader.load(NacosConfigDataLoader.java:67)
	at com.alibaba.cloud.nacos.configdata.NacosConfigDataLoader.load(NacosConfigDataLoader.java:56)
	at org.springframework.boot.context.config.ConfigDataLoaders.load(ConfigDataLoaders.java:96)
	at org.springframework.boot.context.config.ConfigDataImporter.load(ConfigDataImporter.java:132)
	at org.springframework.boot.context.config.ConfigDataImporter.resolveAndLoad(ConfigDataImporter.java:87)
	at org.springframework.boot.context.config.ConfigDataEnvironmentContributors.withProcessedImports(ConfigDataEnvironmentContributors.java:121)
	at org.springframework.boot.context.config.ConfigDataEnvironment.processWithProfiles(ConfigDataEnvironment.java:316)
	at org.springframework.boot.context.config.ConfigDataEnvironment.processAndApply(ConfigDataEnvironment.java:237)
	at org.springframework.boot.context.config.ConfigDataEnvironmentPostProcessor.postProcessEnvironment(ConfigDataEnvironmentPostProcessor.java:96)
	at org.springframework.boot.context.config.ConfigDataEnvironmentPostProcessor.postProcessEnvironment(ConfigDataEnvironmentPostProcessor.java:89)
	at org.springframework.cloud.context.refresh.ConfigDataContextRefresher.updateEnvironment(ConfigDataContextRefresher.java:92)
	at org.springframework.cloud.context.refresh.ContextRefresher.refreshEnvironment(ContextRefresher.java:100)
	at org.springframework.cloud.context.refresh.ContextRefresher.refresh(ContextRefresher.java:93)
	at org.springframework.cloud.endpoint.event.RefreshEventListener.handle(RefreshEventListener.java:72)
	at org.springframework.cloud.endpoint.event.RefreshEventListener.onApplicationEvent(RefreshEventListener.java:61)
	at org.springframework.context.event.SimpleApplicationEventMulticaster.doInvokeListener(SimpleApplicationEventMulticaster.java:185)
	at org.springframework.context.event.SimpleApplicationEventMulticaster.invokeListener(SimpleApplicationEventMulticaster.java:178)
	at org.springframework.context.event.SimpleApplicationEventMulticaster.multicastEvent(SimpleApplicationEventMulticaster.java:156)
	at org.springframework.context.support.AbstractApplicationContext.publishEvent(AbstractApplicationContext.java:454)
	at org.springframework.context.support.AbstractApplicationContext.publishEvent(AbstractApplicationContext.java:387)
	at com.alibaba.cloud.nacos.configdata.NacosConfigRefreshEventListener.onApplicationEvent(NacosConfigRefreshEventListener.java:52)
	at org.springframework.context.event.SimpleApplicationEventMulticaster.doInvokeListener(SimpleApplicationEventMulticaster.java:185)
	at org.springframework.context.event.SimpleApplicationEventMulticaster.invokeListener(SimpleApplicationEventMulticaster.java:178)
	at org.springframework.context.event.SimpleApplicationEventMulticaster.multicastEvent(SimpleApplicationEventMulticaster.java:156)
	at org.springframework.context.support.AbstractApplicationContext.publishEvent(AbstractApplicationContext.java:454)
	at org.springframework.context.support.AbstractApplicationContext.publishEvent(AbstractApplicationContext.java:387)
	at com.alibaba.cloud.nacos.refresh.NacosContextRefresher$1.innerReceive(NacosContextRefresher.java:131)
	at com.alibaba.nacos.api.config.listener.AbstractSharedListener.receiveConfigInfo(AbstractSharedListener.java:40)
	at com.alibaba.nacos.client.config.impl.CacheData$1.run(CacheData.java:440)
	at com.alibaba.nacos.client.config.impl.CacheData.safeNotifyListener(CacheData.java:483)
	at com.alibaba.nacos.client.config.impl.CacheData.checkListenerMd5(CacheData.java:324)
	at com.alibaba.nacos.client.config.impl.ClientWorker$ConfigRpcTransportClient.executeConfigListen(ClientWorker.java:819)
	at com.alibaba.nacos.client.config.impl.ClientWorker$ConfigRpcTransportClient.lambda$startInternal$2(ClientWorker.java:779)
	at java.base/java.util.concurrent.Executors$RunnableAdapter.call(Executors.java:572)
	at java.base/java.util.concurrent.FutureTask.run$$$capture(FutureTask.java:317)
	at java.base/java.util.concurrent.FutureTask.run(FutureTask.java)
	at java.base/java.util.concurrent.ScheduledThreadPoolExecutor$ScheduledFutureTask.run(ScheduledThreadPoolExecutor.java:304)
	at java.base/java.util.concurrent.ThreadPoolExecutor.runWorker(ThreadPoolExecutor.java:1144)
	at java.base/java.util.concurrent.ThreadPoolExecutor$Worker.run(ThreadPoolExecutor.java:642)
	at java.base/java.lang.Thread.run(Thread.java:1583)
:2025-08-12 11:23:06.219  INFO com.alibaba.nacos.client.Worker.0 c.a.c.n.r.NacosContextRefresher: [Nacos Config] Receive Nacos config change: dataId=application-dev.yml, group=DEFAULT_GROUP
:2025-08-12 11:23:06.244  INFO com.alibaba.nacos.client.Worker.0 c.a.c.n.c.NacosConfigDataLoader: [Nacos Config] Load config[dataId=pig-monitor-dev.yml, group=DEFAULT_GROUP] success
:2025-08-12 11:23:06.250  INFO com.alibaba.nacos.client.Worker.0 c.a.c.n.c.NacosConfigDataLoader: [Nacos Config] Load config[dataId=application-dev.yml, group=DEFAULT_GROUP] success
:2025-08-12 11:23:06.251 ERROR com.alibaba.nacos.client.Worker.0 c.a.c.n.c.NacosConfigDataLoader: Error getting properties from nacos: NacosConfigDataResource{properties=NacosConfigProperties{serverAddr='192.168.0.201:8848', encode='null', group='DEFAULT_GROUP', prefix='null', fileExtension='properties', timeout=3000, maxRetry='null', configLongPollTimeout='null', configRetryTime='null', enableRemoteSyncConfig=false, endpoint='null', namespace='5d42b64c-af69-4a94-8189-c7e890784c35', accessKey='null', secretKey='null', ramRoleName='null', contextPath='null', clusterName='null', name='null'', shares=null, extensions=null, refreshEnabled=true}, optional=false, profiles=[Profiles@7f5ad148 active = '[]', default = '[default]', accepted = '[default]'], config=NacosItemConfig{group='DEFAULT_GROUP', dataId='application-dev.yml', suffix='yml', refreshEnabled=true, preference=null}}
org.yaml.snakeyaml.constructor.DuplicateKeyException: while constructing a mapping
 in 'reader', line 2, column 1:
    jasypt:
    ^
found duplicate key spring
 in 'reader', line 73, column 1:
    spring:
    ^

	at org.yaml.snakeyaml.constructor.SafeConstructor.processDuplicateKeys(SafeConstructor.java:126)
	at org.yaml.snakeyaml.constructor.SafeConstructor.flattenMapping(SafeConstructor.java:78)
	at org.yaml.snakeyaml.constructor.SafeConstructor.flattenMapping(SafeConstructor.java:73)
	at org.yaml.snakeyaml.constructor.SafeConstructor.constructMapping2ndStep(SafeConstructor.java:209)
	at org.yaml.snakeyaml.constructor.BaseConstructor.constructMapping(BaseConstructor.java:552)
	at org.yaml.snakeyaml.constructor.SafeConstructor$ConstructYamlMap.construct(SafeConstructor.java:597)
	at org.yaml.snakeyaml.constructor.BaseConstructor.constructObjectNoCheck(BaseConstructor.java:264)
	at org.yaml.snakeyaml.constructor.BaseConstructor.constructObject(BaseConstructor.java:247)
	at org.springframework.boot.env.OriginTrackedYamlLoader$OriginTrackingConstructor.constructObject(OriginTrackedYamlLoader.java:119)
	at org.yaml.snakeyaml.constructor.BaseConstructor.constructDocument(BaseConstructor.java:201)
	at org.yaml.snakeyaml.constructor.BaseConstructor.getData(BaseConstructor.java:166)
	at org.springframework.boot.env.OriginTrackedYamlLoader$OriginTrackingConstructor.getData(OriginTrackedYamlLoader.java:99)
	at org.yaml.snakeyaml.Yaml$1.next(Yaml.java:529)
	at org.springframework.beans.factory.config.YamlProcessor.process(YamlProcessor.java:203)
	at org.springframework.beans.factory.config.YamlProcessor.process(YamlProcessor.java:169)
	at org.springframework.boot.env.OriginTrackedYamlLoader.load(OriginTrackedYamlLoader.java:84)
	at org.springframework.boot.env.YamlPropertySourceLoader.load(YamlPropertySourceLoader.java:50)
	at com.alibaba.cloud.nacos.parser.NacosDataParserHandler.parseNacosData(NacosDataParserHandler.java:92)
	at com.alibaba.cloud.nacos.configdata.NacosConfigDataLoader.pullConfig(NacosConfigDataLoader.java:146)
	at com.alibaba.cloud.nacos.configdata.NacosConfigDataLoader.doLoad(NacosConfigDataLoader.java:80)
	at com.alibaba.cloud.nacos.configdata.NacosConfigDataLoader.load(NacosConfigDataLoader.java:67)
	at com.alibaba.cloud.nacos.configdata.NacosConfigDataLoader.load(NacosConfigDataLoader.java:56)
	at org.springframework.boot.context.config.ConfigDataLoaders.load(ConfigDataLoaders.java:96)
	at org.springframework.boot.context.config.ConfigDataImporter.load(ConfigDataImporter.java:132)
	at org.springframework.boot.context.config.ConfigDataImporter.resolveAndLoad(ConfigDataImporter.java:87)
	at org.springframework.boot.context.config.ConfigDataEnvironmentContributors.withProcessedImports(ConfigDataEnvironmentContributors.java:121)
	at org.springframework.boot.context.config.ConfigDataEnvironment.processWithProfiles(ConfigDataEnvironment.java:316)
	at org.springframework.boot.context.config.ConfigDataEnvironment.processAndApply(ConfigDataEnvironment.java:237)
	at org.springframework.boot.context.config.ConfigDataEnvironmentPostProcessor.postProcessEnvironment(ConfigDataEnvironmentPostProcessor.java:96)
	at org.springframework.boot.context.config.ConfigDataEnvironmentPostProcessor.postProcessEnvironment(ConfigDataEnvironmentPostProcessor.java:89)
	at org.springframework.cloud.context.refresh.ConfigDataContextRefresher.updateEnvironment(ConfigDataContextRefresher.java:92)
	at org.springframework.cloud.context.refresh.ContextRefresher.refreshEnvironment(ContextRefresher.java:100)
	at org.springframework.cloud.context.refresh.ContextRefresher.refresh(ContextRefresher.java:93)
	at org.springframework.cloud.endpoint.event.RefreshEventListener.handle(RefreshEventListener.java:72)
	at org.springframework.cloud.endpoint.event.RefreshEventListener.onApplicationEvent(RefreshEventListener.java:61)
	at org.springframework.context.event.SimpleApplicationEventMulticaster.doInvokeListener(SimpleApplicationEventMulticaster.java:185)
	at org.springframework.context.event.SimpleApplicationEventMulticaster.invokeListener(SimpleApplicationEventMulticaster.java:178)
	at org.springframework.context.event.SimpleApplicationEventMulticaster.multicastEvent(SimpleApplicationEventMulticaster.java:156)
	at org.springframework.context.support.AbstractApplicationContext.publishEvent(AbstractApplicationContext.java:454)
	at org.springframework.context.support.AbstractApplicationContext.publishEvent(AbstractApplicationContext.java:387)
	at com.alibaba.cloud.nacos.configdata.NacosConfigRefreshEventListener.onApplicationEvent(NacosConfigRefreshEventListener.java:52)
	at org.springframework.context.event.SimpleApplicationEventMulticaster.doInvokeListener(SimpleApplicationEventMulticaster.java:185)
	at org.springframework.context.event.SimpleApplicationEventMulticaster.invokeListener(SimpleApplicationEventMulticaster.java:178)
	at org.springframework.context.event.SimpleApplicationEventMulticaster.multicastEvent(SimpleApplicationEventMulticaster.java:156)
	at org.springframework.context.support.AbstractApplicationContext.publishEvent(AbstractApplicationContext.java:454)
	at org.springframework.context.support.AbstractApplicationContext.publishEvent(AbstractApplicationContext.java:387)
	at com.alibaba.cloud.nacos.refresh.NacosContextRefresher$1.innerReceive(NacosContextRefresher.java:131)
	at com.alibaba.nacos.api.config.listener.AbstractSharedListener.receiveConfigInfo(AbstractSharedListener.java:40)
	at com.alibaba.nacos.client.config.impl.CacheData$1.run(CacheData.java:440)
	at com.alibaba.nacos.client.config.impl.CacheData.safeNotifyListener(CacheData.java:483)
	at com.alibaba.nacos.client.config.impl.CacheData.checkListenerMd5(CacheData.java:324)
	at com.alibaba.nacos.client.config.impl.ClientWorker$ConfigRpcTransportClient.executeConfigListen(ClientWorker.java:819)
	at com.alibaba.nacos.client.config.impl.ClientWorker$ConfigRpcTransportClient.lambda$startInternal$2(ClientWorker.java:779)
	at java.base/java.util.concurrent.Executors$RunnableAdapter.call(Executors.java:572)
	at java.base/java.util.concurrent.FutureTask.run$$$capture(FutureTask.java:317)
	at java.base/java.util.concurrent.FutureTask.run(FutureTask.java)
	at java.base/java.util.concurrent.ScheduledThreadPoolExecutor$ScheduledFutureTask.run(ScheduledThreadPoolExecutor.java:304)
	at java.base/java.util.concurrent.ThreadPoolExecutor.runWorker(ThreadPoolExecutor.java:1144)
	at java.base/java.util.concurrent.ThreadPoolExecutor$Worker.run(ThreadPoolExecutor.java:642)
	at java.base/java.lang.Thread.run(Thread.java:1583)
:2025-08-12 11:23:11.259  INFO com.alibaba.nacos.client.Worker.0 c.a.c.n.r.NacosContextRefresher: [Nacos Config] Receive Nacos config change: dataId=application-dev.yml, group=DEFAULT_GROUP
:2025-08-12 11:23:11.278  INFO com.alibaba.nacos.client.Worker.0 c.a.c.n.c.NacosConfigDataLoader: [Nacos Config] Load config[dataId=pig-monitor-dev.yml, group=DEFAULT_GROUP] success
:2025-08-12 11:23:11.281  INFO com.alibaba.nacos.client.Worker.0 c.a.c.n.c.NacosConfigDataLoader: [Nacos Config] Load config[dataId=application-dev.yml, group=DEFAULT_GROUP] success
:2025-08-12 11:23:11.282 ERROR com.alibaba.nacos.client.Worker.0 c.a.c.n.c.NacosConfigDataLoader: Error getting properties from nacos: NacosConfigDataResource{properties=NacosConfigProperties{serverAddr='192.168.0.201:8848', encode='null', group='DEFAULT_GROUP', prefix='null', fileExtension='properties', timeout=3000, maxRetry='null', configLongPollTimeout='null', configRetryTime='null', enableRemoteSyncConfig=false, endpoint='null', namespace='5d42b64c-af69-4a94-8189-c7e890784c35', accessKey='null', secretKey='null', ramRoleName='null', contextPath='null', clusterName='null', name='null'', shares=null, extensions=null, refreshEnabled=true}, optional=false, profiles=[Profiles@2a7729f5 active = '[]', default = '[default]', accepted = '[default]'], config=NacosItemConfig{group='DEFAULT_GROUP', dataId='application-dev.yml', suffix='yml', refreshEnabled=true, preference=null}}
org.yaml.snakeyaml.constructor.DuplicateKeyException: while constructing a mapping
 in 'reader', line 2, column 1:
    jasypt:
    ^
found duplicate key spring
 in 'reader', line 73, column 1:
    spring:
    ^

	at org.yaml.snakeyaml.constructor.SafeConstructor.processDuplicateKeys(SafeConstructor.java:126)
	at org.yaml.snakeyaml.constructor.SafeConstructor.flattenMapping(SafeConstructor.java:78)
	at org.yaml.snakeyaml.constructor.SafeConstructor.flattenMapping(SafeConstructor.java:73)
	at org.yaml.snakeyaml.constructor.SafeConstructor.constructMapping2ndStep(SafeConstructor.java:209)
	at org.yaml.snakeyaml.constructor.BaseConstructor.constructMapping(BaseConstructor.java:552)
	at org.yaml.snakeyaml.constructor.SafeConstructor$ConstructYamlMap.construct(SafeConstructor.java:597)
	at org.yaml.snakeyaml.constructor.BaseConstructor.constructObjectNoCheck(BaseConstructor.java:264)
	at org.yaml.snakeyaml.constructor.BaseConstructor.constructObject(BaseConstructor.java:247)
	at org.springframework.boot.env.OriginTrackedYamlLoader$OriginTrackingConstructor.constructObject(OriginTrackedYamlLoader.java:119)
	at org.yaml.snakeyaml.constructor.BaseConstructor.constructDocument(BaseConstructor.java:201)
	at org.yaml.snakeyaml.constructor.BaseConstructor.getData(BaseConstructor.java:166)
	at org.springframework.boot.env.OriginTrackedYamlLoader$OriginTrackingConstructor.getData(OriginTrackedYamlLoader.java:99)
	at org.yaml.snakeyaml.Yaml$1.next(Yaml.java:529)
	at org.springframework.beans.factory.config.YamlProcessor.process(YamlProcessor.java:203)
	at org.springframework.beans.factory.config.YamlProcessor.process(YamlProcessor.java:169)
	at org.springframework.boot.env.OriginTrackedYamlLoader.load(OriginTrackedYamlLoader.java:84)
	at org.springframework.boot.env.YamlPropertySourceLoader.load(YamlPropertySourceLoader.java:50)
	at com.alibaba.cloud.nacos.parser.NacosDataParserHandler.parseNacosData(NacosDataParserHandler.java:92)
	at com.alibaba.cloud.nacos.configdata.NacosConfigDataLoader.pullConfig(NacosConfigDataLoader.java:146)
	at com.alibaba.cloud.nacos.configdata.NacosConfigDataLoader.doLoad(NacosConfigDataLoader.java:80)
	at com.alibaba.cloud.nacos.configdata.NacosConfigDataLoader.load(NacosConfigDataLoader.java:67)
	at com.alibaba.cloud.nacos.configdata.NacosConfigDataLoader.load(NacosConfigDataLoader.java:56)
	at org.springframework.boot.context.config.ConfigDataLoaders.load(ConfigDataLoaders.java:96)
	at org.springframework.boot.context.config.ConfigDataImporter.load(ConfigDataImporter.java:132)
	at org.springframework.boot.context.config.ConfigDataImporter.resolveAndLoad(ConfigDataImporter.java:87)
	at org.springframework.boot.context.config.ConfigDataEnvironmentContributors.withProcessedImports(ConfigDataEnvironmentContributors.java:121)
	at org.springframework.boot.context.config.ConfigDataEnvironment.processWithProfiles(ConfigDataEnvironment.java:316)
	at org.springframework.boot.context.config.ConfigDataEnvironment.processAndApply(ConfigDataEnvironment.java:237)
	at org.springframework.boot.context.config.ConfigDataEnvironmentPostProcessor.postProcessEnvironment(ConfigDataEnvironmentPostProcessor.java:96)
	at org.springframework.boot.context.config.ConfigDataEnvironmentPostProcessor.postProcessEnvironment(ConfigDataEnvironmentPostProcessor.java:89)
	at org.springframework.cloud.context.refresh.ConfigDataContextRefresher.updateEnvironment(ConfigDataContextRefresher.java:92)
	at org.springframework.cloud.context.refresh.ContextRefresher.refreshEnvironment(ContextRefresher.java:100)
	at org.springframework.cloud.context.refresh.ContextRefresher.refresh(ContextRefresher.java:93)
	at org.springframework.cloud.endpoint.event.RefreshEventListener.handle(RefreshEventListener.java:72)
	at org.springframework.cloud.endpoint.event.RefreshEventListener.onApplicationEvent(RefreshEventListener.java:61)
	at org.springframework.context.event.SimpleApplicationEventMulticaster.doInvokeListener(SimpleApplicationEventMulticaster.java:185)
	at org.springframework.context.event.SimpleApplicationEventMulticaster.invokeListener(SimpleApplicationEventMulticaster.java:178)
	at org.springframework.context.event.SimpleApplicationEventMulticaster.multicastEvent(SimpleApplicationEventMulticaster.java:156)
	at org.springframework.context.support.AbstractApplicationContext.publishEvent(AbstractApplicationContext.java:454)
	at org.springframework.context.support.AbstractApplicationContext.publishEvent(AbstractApplicationContext.java:387)
	at com.alibaba.cloud.nacos.configdata.NacosConfigRefreshEventListener.onApplicationEvent(NacosConfigRefreshEventListener.java:52)
	at org.springframework.context.event.SimpleApplicationEventMulticaster.doInvokeListener(SimpleApplicationEventMulticaster.java:185)
	at org.springframework.context.event.SimpleApplicationEventMulticaster.invokeListener(SimpleApplicationEventMulticaster.java:178)
	at org.springframework.context.event.SimpleApplicationEventMulticaster.multicastEvent(SimpleApplicationEventMulticaster.java:156)
	at org.springframework.context.support.AbstractApplicationContext.publishEvent(AbstractApplicationContext.java:454)
	at org.springframework.context.support.AbstractApplicationContext.publishEvent(AbstractApplicationContext.java:387)
	at com.alibaba.cloud.nacos.refresh.NacosContextRefresher$1.innerReceive(NacosContextRefresher.java:131)
	at com.alibaba.nacos.api.config.listener.AbstractSharedListener.receiveConfigInfo(AbstractSharedListener.java:40)
	at com.alibaba.nacos.client.config.impl.CacheData$1.run(CacheData.java:440)
	at com.alibaba.nacos.client.config.impl.CacheData.safeNotifyListener(CacheData.java:483)
	at com.alibaba.nacos.client.config.impl.CacheData.checkListenerMd5(CacheData.java:324)
	at com.alibaba.nacos.client.config.impl.ClientWorker$ConfigRpcTransportClient.executeConfigListen(ClientWorker.java:819)
	at com.alibaba.nacos.client.config.impl.ClientWorker$ConfigRpcTransportClient.lambda$startInternal$2(ClientWorker.java:779)
	at java.base/java.util.concurrent.Executors$RunnableAdapter.call(Executors.java:572)
	at java.base/java.util.concurrent.FutureTask.run$$$capture(FutureTask.java:317)
	at java.base/java.util.concurrent.FutureTask.run(FutureTask.java)
	at java.base/java.util.concurrent.ScheduledThreadPoolExecutor$ScheduledFutureTask.run(ScheduledThreadPoolExecutor.java:304)
	at java.base/java.util.concurrent.ThreadPoolExecutor.runWorker(ThreadPoolExecutor.java:1144)
	at java.base/java.util.concurrent.ThreadPoolExecutor$Worker.run(ThreadPoolExecutor.java:642)
	at java.base/java.lang.Thread.run(Thread.java:1583)
:2025-08-12 11:23:16.293  INFO com.alibaba.nacos.client.Worker.0 c.a.c.n.r.NacosContextRefresher: [Nacos Config] Receive Nacos config change: dataId=application-dev.yml, group=DEFAULT_GROUP
:2025-08-12 11:23:16.309  INFO com.alibaba.nacos.client.Worker.0 c.a.c.n.c.NacosConfigDataLoader: [Nacos Config] Load config[dataId=pig-monitor-dev.yml, group=DEFAULT_GROUP] success
:2025-08-12 11:23:16.313  INFO com.alibaba.nacos.client.Worker.0 c.a.c.n.c.NacosConfigDataLoader: [Nacos Config] Load config[dataId=application-dev.yml, group=DEFAULT_GROUP] success
:2025-08-12 11:23:16.313 ERROR com.alibaba.nacos.client.Worker.0 c.a.c.n.c.NacosConfigDataLoader: Error getting properties from nacos: NacosConfigDataResource{properties=NacosConfigProperties{serverAddr='192.168.0.201:8848', encode='null', group='DEFAULT_GROUP', prefix='null', fileExtension='properties', timeout=3000, maxRetry='null', configLongPollTimeout='null', configRetryTime='null', enableRemoteSyncConfig=false, endpoint='null', namespace='5d42b64c-af69-4a94-8189-c7e890784c35', accessKey='null', secretKey='null', ramRoleName='null', contextPath='null', clusterName='null', name='null'', shares=null, extensions=null, refreshEnabled=true}, optional=false, profiles=[Profiles@44bffe5c active = '[]', default = '[default]', accepted = '[default]'], config=NacosItemConfig{group='DEFAULT_GROUP', dataId='application-dev.yml', suffix='yml', refreshEnabled=true, preference=null}}
org.yaml.snakeyaml.constructor.DuplicateKeyException: while constructing a mapping
 in 'reader', line 2, column 1:
    jasypt:
    ^
found duplicate key spring
 in 'reader', line 73, column 1:
    spring:
    ^

	at org.yaml.snakeyaml.constructor.SafeConstructor.processDuplicateKeys(SafeConstructor.java:126)
	at org.yaml.snakeyaml.constructor.SafeConstructor.flattenMapping(SafeConstructor.java:78)
	at org.yaml.snakeyaml.constructor.SafeConstructor.flattenMapping(SafeConstructor.java:73)
	at org.yaml.snakeyaml.constructor.SafeConstructor.constructMapping2ndStep(SafeConstructor.java:209)
	at org.yaml.snakeyaml.constructor.BaseConstructor.constructMapping(BaseConstructor.java:552)
	at org.yaml.snakeyaml.constructor.SafeConstructor$ConstructYamlMap.construct(SafeConstructor.java:597)
	at org.yaml.snakeyaml.constructor.BaseConstructor.constructObjectNoCheck(BaseConstructor.java:264)
	at org.yaml.snakeyaml.constructor.BaseConstructor.constructObject(BaseConstructor.java:247)
	at org.springframework.boot.env.OriginTrackedYamlLoader$OriginTrackingConstructor.constructObject(OriginTrackedYamlLoader.java:119)
	at org.yaml.snakeyaml.constructor.BaseConstructor.constructDocument(BaseConstructor.java:201)
	at org.yaml.snakeyaml.constructor.BaseConstructor.getData(BaseConstructor.java:166)
	at org.springframework.boot.env.OriginTrackedYamlLoader$OriginTrackingConstructor.getData(OriginTrackedYamlLoader.java:99)
	at org.yaml.snakeyaml.Yaml$1.next(Yaml.java:529)
	at org.springframework.beans.factory.config.YamlProcessor.process(YamlProcessor.java:203)
	at org.springframework.beans.factory.config.YamlProcessor.process(YamlProcessor.java:169)
	at org.springframework.boot.env.OriginTrackedYamlLoader.load(OriginTrackedYamlLoader.java:84)
	at org.springframework.boot.env.YamlPropertySourceLoader.load(YamlPropertySourceLoader.java:50)
	at com.alibaba.cloud.nacos.parser.NacosDataParserHandler.parseNacosData(NacosDataParserHandler.java:92)
	at com.alibaba.cloud.nacos.configdata.NacosConfigDataLoader.pullConfig(NacosConfigDataLoader.java:146)
	at com.alibaba.cloud.nacos.configdata.NacosConfigDataLoader.doLoad(NacosConfigDataLoader.java:80)
	at com.alibaba.cloud.nacos.configdata.NacosConfigDataLoader.load(NacosConfigDataLoader.java:67)
	at com.alibaba.cloud.nacos.configdata.NacosConfigDataLoader.load(NacosConfigDataLoader.java:56)
	at org.springframework.boot.context.config.ConfigDataLoaders.load(ConfigDataLoaders.java:96)
	at org.springframework.boot.context.config.ConfigDataImporter.load(ConfigDataImporter.java:132)
	at org.springframework.boot.context.config.ConfigDataImporter.resolveAndLoad(ConfigDataImporter.java:87)
	at org.springframework.boot.context.config.ConfigDataEnvironmentContributors.withProcessedImports(ConfigDataEnvironmentContributors.java:121)
	at org.springframework.boot.context.config.ConfigDataEnvironment.processWithProfiles(ConfigDataEnvironment.java:316)
	at org.springframework.boot.context.config.ConfigDataEnvironment.processAndApply(ConfigDataEnvironment.java:237)
	at org.springframework.boot.context.config.ConfigDataEnvironmentPostProcessor.postProcessEnvironment(ConfigDataEnvironmentPostProcessor.java:96)
	at org.springframework.boot.context.config.ConfigDataEnvironmentPostProcessor.postProcessEnvironment(ConfigDataEnvironmentPostProcessor.java:89)
	at org.springframework.cloud.context.refresh.ConfigDataContextRefresher.updateEnvironment(ConfigDataContextRefresher.java:92)
	at org.springframework.cloud.context.refresh.ContextRefresher.refreshEnvironment(ContextRefresher.java:100)
	at org.springframework.cloud.context.refresh.ContextRefresher.refresh(ContextRefresher.java:93)
	at org.springframework.cloud.endpoint.event.RefreshEventListener.handle(RefreshEventListener.java:72)
	at org.springframework.cloud.endpoint.event.RefreshEventListener.onApplicationEvent(RefreshEventListener.java:61)
	at org.springframework.context.event.SimpleApplicationEventMulticaster.doInvokeListener(SimpleApplicationEventMulticaster.java:185)
	at org.springframework.context.event.SimpleApplicationEventMulticaster.invokeListener(SimpleApplicationEventMulticaster.java:178)
	at org.springframework.context.event.SimpleApplicationEventMulticaster.multicastEvent(SimpleApplicationEventMulticaster.java:156)
	at org.springframework.context.support.AbstractApplicationContext.publishEvent(AbstractApplicationContext.java:454)
	at org.springframework.context.support.AbstractApplicationContext.publishEvent(AbstractApplicationContext.java:387)
	at com.alibaba.cloud.nacos.configdata.NacosConfigRefreshEventListener.onApplicationEvent(NacosConfigRefreshEventListener.java:52)
	at org.springframework.context.event.SimpleApplicationEventMulticaster.doInvokeListener(SimpleApplicationEventMulticaster.java:185)
	at org.springframework.context.event.SimpleApplicationEventMulticaster.invokeListener(SimpleApplicationEventMulticaster.java:178)
	at org.springframework.context.event.SimpleApplicationEventMulticaster.multicastEvent(SimpleApplicationEventMulticaster.java:156)
	at org.springframework.context.support.AbstractApplicationContext.publishEvent(AbstractApplicationContext.java:454)
	at org.springframework.context.support.AbstractApplicationContext.publishEvent(AbstractApplicationContext.java:387)
	at com.alibaba.cloud.nacos.refresh.NacosContextRefresher$1.innerReceive(NacosContextRefresher.java:131)
	at com.alibaba.nacos.api.config.listener.AbstractSharedListener.receiveConfigInfo(AbstractSharedListener.java:40)
	at com.alibaba.nacos.client.config.impl.CacheData$1.run(CacheData.java:440)
	at com.alibaba.nacos.client.config.impl.CacheData.safeNotifyListener(CacheData.java:483)
	at com.alibaba.nacos.client.config.impl.CacheData.checkListenerMd5(CacheData.java:324)
	at com.alibaba.nacos.client.config.impl.ClientWorker$ConfigRpcTransportClient.executeConfigListen(ClientWorker.java:819)
	at com.alibaba.nacos.client.config.impl.ClientWorker$ConfigRpcTransportClient.lambda$startInternal$2(ClientWorker.java:779)
	at java.base/java.util.concurrent.Executors$RunnableAdapter.call(Executors.java:572)
	at java.base/java.util.concurrent.FutureTask.run$$$capture(FutureTask.java:317)
	at java.base/java.util.concurrent.FutureTask.run(FutureTask.java)
	at java.base/java.util.concurrent.ScheduledThreadPoolExecutor$ScheduledFutureTask.run(ScheduledThreadPoolExecutor.java:304)
	at java.base/java.util.concurrent.ThreadPoolExecutor.runWorker(ThreadPoolExecutor.java:1144)
	at java.base/java.util.concurrent.ThreadPoolExecutor$Worker.run(ThreadPoolExecutor.java:642)
	at java.base/java.lang.Thread.run(Thread.java:1583)
:2025-08-12 11:23:21.327  INFO com.alibaba.nacos.client.Worker.0 c.a.c.n.r.NacosContextRefresher: [Nacos Config] Receive Nacos config change: dataId=application-dev.yml, group=DEFAULT_GROUP
:2025-08-12 11:23:21.353  INFO com.alibaba.nacos.client.Worker.0 c.a.c.n.c.NacosConfigDataLoader: [Nacos Config] Load config[dataId=pig-monitor-dev.yml, group=DEFAULT_GROUP] success
:2025-08-12 11:23:21.356  INFO com.alibaba.nacos.client.Worker.0 c.a.c.n.c.NacosConfigDataLoader: [Nacos Config] Load config[dataId=application-dev.yml, group=DEFAULT_GROUP] success
:2025-08-12 11:23:21.356 ERROR com.alibaba.nacos.client.Worker.0 c.a.c.n.c.NacosConfigDataLoader: Error getting properties from nacos: NacosConfigDataResource{properties=NacosConfigProperties{serverAddr='192.168.0.201:8848', encode='null', group='DEFAULT_GROUP', prefix='null', fileExtension='properties', timeout=3000, maxRetry='null', configLongPollTimeout='null', configRetryTime='null', enableRemoteSyncConfig=false, endpoint='null', namespace='5d42b64c-af69-4a94-8189-c7e890784c35', accessKey='null', secretKey='null', ramRoleName='null', contextPath='null', clusterName='null', name='null'', shares=null, extensions=null, refreshEnabled=true}, optional=false, profiles=[Profiles@dabafb3 active = '[]', default = '[default]', accepted = '[default]'], config=NacosItemConfig{group='DEFAULT_GROUP', dataId='application-dev.yml', suffix='yml', refreshEnabled=true, preference=null}}
org.yaml.snakeyaml.constructor.DuplicateKeyException: while constructing a mapping
 in 'reader', line 2, column 1:
    jasypt:
    ^
found duplicate key spring
 in 'reader', line 73, column 1:
    spring:
    ^

	at org.yaml.snakeyaml.constructor.SafeConstructor.processDuplicateKeys(SafeConstructor.java:126)
	at org.yaml.snakeyaml.constructor.SafeConstructor.flattenMapping(SafeConstructor.java:78)
	at org.yaml.snakeyaml.constructor.SafeConstructor.flattenMapping(SafeConstructor.java:73)
	at org.yaml.snakeyaml.constructor.SafeConstructor.constructMapping2ndStep(SafeConstructor.java:209)
	at org.yaml.snakeyaml.constructor.BaseConstructor.constructMapping(BaseConstructor.java:552)
	at org.yaml.snakeyaml.constructor.SafeConstructor$ConstructYamlMap.construct(SafeConstructor.java:597)
	at org.yaml.snakeyaml.constructor.BaseConstructor.constructObjectNoCheck(BaseConstructor.java:264)
	at org.yaml.snakeyaml.constructor.BaseConstructor.constructObject(BaseConstructor.java:247)
	at org.springframework.boot.env.OriginTrackedYamlLoader$OriginTrackingConstructor.constructObject(OriginTrackedYamlLoader.java:119)
	at org.yaml.snakeyaml.constructor.BaseConstructor.constructDocument(BaseConstructor.java:201)
	at org.yaml.snakeyaml.constructor.BaseConstructor.getData(BaseConstructor.java:166)
	at org.springframework.boot.env.OriginTrackedYamlLoader$OriginTrackingConstructor.getData(OriginTrackedYamlLoader.java:99)
	at org.yaml.snakeyaml.Yaml$1.next(Yaml.java:529)
	at org.springframework.beans.factory.config.YamlProcessor.process(YamlProcessor.java:203)
	at org.springframework.beans.factory.config.YamlProcessor.process(YamlProcessor.java:169)
	at org.springframework.boot.env.OriginTrackedYamlLoader.load(OriginTrackedYamlLoader.java:84)
	at org.springframework.boot.env.YamlPropertySourceLoader.load(YamlPropertySourceLoader.java:50)
	at com.alibaba.cloud.nacos.parser.NacosDataParserHandler.parseNacosData(NacosDataParserHandler.java:92)
	at com.alibaba.cloud.nacos.configdata.NacosConfigDataLoader.pullConfig(NacosConfigDataLoader.java:146)
	at com.alibaba.cloud.nacos.configdata.NacosConfigDataLoader.doLoad(NacosConfigDataLoader.java:80)
	at com.alibaba.cloud.nacos.configdata.NacosConfigDataLoader.load(NacosConfigDataLoader.java:67)
	at com.alibaba.cloud.nacos.configdata.NacosConfigDataLoader.load(NacosConfigDataLoader.java:56)
	at org.springframework.boot.context.config.ConfigDataLoaders.load(ConfigDataLoaders.java:96)
	at org.springframework.boot.context.config.ConfigDataImporter.load(ConfigDataImporter.java:132)
	at org.springframework.boot.context.config.ConfigDataImporter.resolveAndLoad(ConfigDataImporter.java:87)
	at org.springframework.boot.context.config.ConfigDataEnvironmentContributors.withProcessedImports(ConfigDataEnvironmentContributors.java:121)
	at org.springframework.boot.context.config.ConfigDataEnvironment.processWithProfiles(ConfigDataEnvironment.java:316)
	at org.springframework.boot.context.config.ConfigDataEnvironment.processAndApply(ConfigDataEnvironment.java:237)
	at org.springframework.boot.context.config.ConfigDataEnvironmentPostProcessor.postProcessEnvironment(ConfigDataEnvironmentPostProcessor.java:96)
	at org.springframework.boot.context.config.ConfigDataEnvironmentPostProcessor.postProcessEnvironment(ConfigDataEnvironmentPostProcessor.java:89)
	at org.springframework.cloud.context.refresh.ConfigDataContextRefresher.updateEnvironment(ConfigDataContextRefresher.java:92)
	at org.springframework.cloud.context.refresh.ContextRefresher.refreshEnvironment(ContextRefresher.java:100)
	at org.springframework.cloud.context.refresh.ContextRefresher.refresh(ContextRefresher.java:93)
	at org.springframework.cloud.endpoint.event.RefreshEventListener.handle(RefreshEventListener.java:72)
	at org.springframework.cloud.endpoint.event.RefreshEventListener.onApplicationEvent(RefreshEventListener.java:61)
	at org.springframework.context.event.SimpleApplicationEventMulticaster.doInvokeListener(SimpleApplicationEventMulticaster.java:185)
	at org.springframework.context.event.SimpleApplicationEventMulticaster.invokeListener(SimpleApplicationEventMulticaster.java:178)
	at org.springframework.context.event.SimpleApplicationEventMulticaster.multicastEvent(SimpleApplicationEventMulticaster.java:156)
	at org.springframework.context.support.AbstractApplicationContext.publishEvent(AbstractApplicationContext.java:454)
	at org.springframework.context.support.AbstractApplicationContext.publishEvent(AbstractApplicationContext.java:387)
	at com.alibaba.cloud.nacos.configdata.NacosConfigRefreshEventListener.onApplicationEvent(NacosConfigRefreshEventListener.java:52)
	at org.springframework.context.event.SimpleApplicationEventMulticaster.doInvokeListener(SimpleApplicationEventMulticaster.java:185)
	at org.springframework.context.event.SimpleApplicationEventMulticaster.invokeListener(SimpleApplicationEventMulticaster.java:178)
	at org.springframework.context.event.SimpleApplicationEventMulticaster.multicastEvent(SimpleApplicationEventMulticaster.java:156)
	at org.springframework.context.support.AbstractApplicationContext.publishEvent(AbstractApplicationContext.java:454)
	at org.springframework.context.support.AbstractApplicationContext.publishEvent(AbstractApplicationContext.java:387)
	at com.alibaba.cloud.nacos.refresh.NacosContextRefresher$1.innerReceive(NacosContextRefresher.java:131)
	at com.alibaba.nacos.api.config.listener.AbstractSharedListener.receiveConfigInfo(AbstractSharedListener.java:40)
	at com.alibaba.nacos.client.config.impl.CacheData$1.run(CacheData.java:440)
	at com.alibaba.nacos.client.config.impl.CacheData.safeNotifyListener(CacheData.java:483)
	at com.alibaba.nacos.client.config.impl.CacheData.checkListenerMd5(CacheData.java:324)
	at com.alibaba.nacos.client.config.impl.ClientWorker$ConfigRpcTransportClient.executeConfigListen(ClientWorker.java:819)
	at com.alibaba.nacos.client.config.impl.ClientWorker$ConfigRpcTransportClient.lambda$startInternal$2(ClientWorker.java:779)
	at java.base/java.util.concurrent.Executors$RunnableAdapter.call(Executors.java:572)
	at java.base/java.util.concurrent.FutureTask.run$$$capture(FutureTask.java:317)
	at java.base/java.util.concurrent.FutureTask.run(FutureTask.java)
	at java.base/java.util.concurrent.ScheduledThreadPoolExecutor$ScheduledFutureTask.run(ScheduledThreadPoolExecutor.java:304)
	at java.base/java.util.concurrent.ThreadPoolExecutor.runWorker(ThreadPoolExecutor.java:1144)
	at java.base/java.util.concurrent.ThreadPoolExecutor$Worker.run(ThreadPoolExecutor.java:642)
	at java.base/java.lang.Thread.run(Thread.java:1583)
:2025-08-12 11:23:26.360  INFO com.alibaba.nacos.client.Worker.0 c.a.c.n.r.NacosContextRefresher: [Nacos Config] Receive Nacos config change: dataId=application-dev.yml, group=DEFAULT_GROUP
:2025-08-12 11:23:26.375  INFO com.alibaba.nacos.client.Worker.0 c.a.c.n.c.NacosConfigDataLoader: [Nacos Config] Load config[dataId=pig-monitor-dev.yml, group=DEFAULT_GROUP] success
:2025-08-12 11:23:26.377  INFO com.alibaba.nacos.client.Worker.0 c.a.c.n.c.NacosConfigDataLoader: [Nacos Config] Load config[dataId=application-dev.yml, group=DEFAULT_GROUP] success
:2025-08-12 11:23:26.378 ERROR com.alibaba.nacos.client.Worker.0 c.a.c.n.c.NacosConfigDataLoader: Error getting properties from nacos: NacosConfigDataResource{properties=NacosConfigProperties{serverAddr='192.168.0.201:8848', encode='null', group='DEFAULT_GROUP', prefix='null', fileExtension='properties', timeout=3000, maxRetry='null', configLongPollTimeout='null', configRetryTime='null', enableRemoteSyncConfig=false, endpoint='null', namespace='5d42b64c-af69-4a94-8189-c7e890784c35', accessKey='null', secretKey='null', ramRoleName='null', contextPath='null', clusterName='null', name='null'', shares=null, extensions=null, refreshEnabled=true}, optional=false, profiles=[Profiles@7ca87bff active = '[]', default = '[default]', accepted = '[default]'], config=NacosItemConfig{group='DEFAULT_GROUP', dataId='application-dev.yml', suffix='yml', refreshEnabled=true, preference=null}}
org.yaml.snakeyaml.constructor.DuplicateKeyException: while constructing a mapping
 in 'reader', line 2, column 1:
    jasypt:
    ^
found duplicate key spring
 in 'reader', line 73, column 1:
    spring:
    ^

	at org.yaml.snakeyaml.constructor.SafeConstructor.processDuplicateKeys(SafeConstructor.java:126)
	at org.yaml.snakeyaml.constructor.SafeConstructor.flattenMapping(SafeConstructor.java:78)
	at org.yaml.snakeyaml.constructor.SafeConstructor.flattenMapping(SafeConstructor.java:73)
	at org.yaml.snakeyaml.constructor.SafeConstructor.constructMapping2ndStep(SafeConstructor.java:209)
	at org.yaml.snakeyaml.constructor.BaseConstructor.constructMapping(BaseConstructor.java:552)
	at org.yaml.snakeyaml.constructor.SafeConstructor$ConstructYamlMap.construct(SafeConstructor.java:597)
	at org.yaml.snakeyaml.constructor.BaseConstructor.constructObjectNoCheck(BaseConstructor.java:264)
	at org.yaml.snakeyaml.constructor.BaseConstructor.constructObject(BaseConstructor.java:247)
	at org.springframework.boot.env.OriginTrackedYamlLoader$OriginTrackingConstructor.constructObject(OriginTrackedYamlLoader.java:119)
	at org.yaml.snakeyaml.constructor.BaseConstructor.constructDocument(BaseConstructor.java:201)
	at org.yaml.snakeyaml.constructor.BaseConstructor.getData(BaseConstructor.java:166)
	at org.springframework.boot.env.OriginTrackedYamlLoader$OriginTrackingConstructor.getData(OriginTrackedYamlLoader.java:99)
	at org.yaml.snakeyaml.Yaml$1.next(Yaml.java:529)
	at org.springframework.beans.factory.config.YamlProcessor.process(YamlProcessor.java:203)
	at org.springframework.beans.factory.config.YamlProcessor.process(YamlProcessor.java:169)
	at org.springframework.boot.env.OriginTrackedYamlLoader.load(OriginTrackedYamlLoader.java:84)
	at org.springframework.boot.env.YamlPropertySourceLoader.load(YamlPropertySourceLoader.java:50)
	at com.alibaba.cloud.nacos.parser.NacosDataParserHandler.parseNacosData(NacosDataParserHandler.java:92)
	at com.alibaba.cloud.nacos.configdata.NacosConfigDataLoader.pullConfig(NacosConfigDataLoader.java:146)
	at com.alibaba.cloud.nacos.configdata.NacosConfigDataLoader.doLoad(NacosConfigDataLoader.java:80)
	at com.alibaba.cloud.nacos.configdata.NacosConfigDataLoader.load(NacosConfigDataLoader.java:67)
	at com.alibaba.cloud.nacos.configdata.NacosConfigDataLoader.load(NacosConfigDataLoader.java:56)
	at org.springframework.boot.context.config.ConfigDataLoaders.load(ConfigDataLoaders.java:96)
	at org.springframework.boot.context.config.ConfigDataImporter.load(ConfigDataImporter.java:132)
	at org.springframework.boot.context.config.ConfigDataImporter.resolveAndLoad(ConfigDataImporter.java:87)
	at org.springframework.boot.context.config.ConfigDataEnvironmentContributors.withProcessedImports(ConfigDataEnvironmentContributors.java:121)
	at org.springframework.boot.context.config.ConfigDataEnvironment.processWithProfiles(ConfigDataEnvironment.java:316)
	at org.springframework.boot.context.config.ConfigDataEnvironment.processAndApply(ConfigDataEnvironment.java:237)
	at org.springframework.boot.context.config.ConfigDataEnvironmentPostProcessor.postProcessEnvironment(ConfigDataEnvironmentPostProcessor.java:96)
	at org.springframework.boot.context.config.ConfigDataEnvironmentPostProcessor.postProcessEnvironment(ConfigDataEnvironmentPostProcessor.java:89)
	at org.springframework.cloud.context.refresh.ConfigDataContextRefresher.updateEnvironment(ConfigDataContextRefresher.java:92)
	at org.springframework.cloud.context.refresh.ContextRefresher.refreshEnvironment(ContextRefresher.java:100)
	at org.springframework.cloud.context.refresh.ContextRefresher.refresh(ContextRefresher.java:93)
	at org.springframework.cloud.endpoint.event.RefreshEventListener.handle(RefreshEventListener.java:72)
	at org.springframework.cloud.endpoint.event.RefreshEventListener.onApplicationEvent(RefreshEventListener.java:61)
	at org.springframework.context.event.SimpleApplicationEventMulticaster.doInvokeListener(SimpleApplicationEventMulticaster.java:185)
	at org.springframework.context.event.SimpleApplicationEventMulticaster.invokeListener(SimpleApplicationEventMulticaster.java:178)
	at org.springframework.context.event.SimpleApplicationEventMulticaster.multicastEvent(SimpleApplicationEventMulticaster.java:156)
	at org.springframework.context.support.AbstractApplicationContext.publishEvent(AbstractApplicationContext.java:454)
	at org.springframework.context.support.AbstractApplicationContext.publishEvent(AbstractApplicationContext.java:387)
	at com.alibaba.cloud.nacos.configdata.NacosConfigRefreshEventListener.onApplicationEvent(NacosConfigRefreshEventListener.java:52)
	at org.springframework.context.event.SimpleApplicationEventMulticaster.doInvokeListener(SimpleApplicationEventMulticaster.java:185)
	at org.springframework.context.event.SimpleApplicationEventMulticaster.invokeListener(SimpleApplicationEventMulticaster.java:178)
	at org.springframework.context.event.SimpleApplicationEventMulticaster.multicastEvent(SimpleApplicationEventMulticaster.java:156)
	at org.springframework.context.support.AbstractApplicationContext.publishEvent(AbstractApplicationContext.java:454)
	at org.springframework.context.support.AbstractApplicationContext.publishEvent(AbstractApplicationContext.java:387)
	at com.alibaba.cloud.nacos.refresh.NacosContextRefresher$1.innerReceive(NacosContextRefresher.java:131)
	at com.alibaba.nacos.api.config.listener.AbstractSharedListener.receiveConfigInfo(AbstractSharedListener.java:40)
	at com.alibaba.nacos.client.config.impl.CacheData$1.run(CacheData.java:440)
	at com.alibaba.nacos.client.config.impl.CacheData.safeNotifyListener(CacheData.java:483)
	at com.alibaba.nacos.client.config.impl.CacheData.checkListenerMd5(CacheData.java:324)
	at com.alibaba.nacos.client.config.impl.ClientWorker$ConfigRpcTransportClient.executeConfigListen(ClientWorker.java:819)
	at com.alibaba.nacos.client.config.impl.ClientWorker$ConfigRpcTransportClient.lambda$startInternal$2(ClientWorker.java:779)
	at java.base/java.util.concurrent.Executors$RunnableAdapter.call(Executors.java:572)
	at java.base/java.util.concurrent.FutureTask.run$$$capture(FutureTask.java:317)
	at java.base/java.util.concurrent.FutureTask.run(FutureTask.java)
	at java.base/java.util.concurrent.ScheduledThreadPoolExecutor$ScheduledFutureTask.run(ScheduledThreadPoolExecutor.java:304)
	at java.base/java.util.concurrent.ThreadPoolExecutor.runWorker(ThreadPoolExecutor.java:1144)
	at java.base/java.util.concurrent.ThreadPoolExecutor$Worker.run(ThreadPoolExecutor.java:642)
	at java.base/java.lang.Thread.run(Thread.java:1583)
:2025-08-12 11:23:31.391  INFO com.alibaba.nacos.client.Worker.0 c.a.c.n.r.NacosContextRefresher: [Nacos Config] Receive Nacos config change: dataId=application-dev.yml, group=DEFAULT_GROUP
:2025-08-12 11:23:31.406  INFO com.alibaba.nacos.client.Worker.0 c.a.c.n.c.NacosConfigDataLoader: [Nacos Config] Load config[dataId=pig-monitor-dev.yml, group=DEFAULT_GROUP] success
:2025-08-12 11:23:31.410  INFO com.alibaba.nacos.client.Worker.0 c.a.c.n.c.NacosConfigDataLoader: [Nacos Config] Load config[dataId=application-dev.yml, group=DEFAULT_GROUP] success
:2025-08-12 11:23:31.410 ERROR com.alibaba.nacos.client.Worker.0 c.a.c.n.c.NacosConfigDataLoader: Error getting properties from nacos: NacosConfigDataResource{properties=NacosConfigProperties{serverAddr='192.168.0.201:8848', encode='null', group='DEFAULT_GROUP', prefix='null', fileExtension='properties', timeout=3000, maxRetry='null', configLongPollTimeout='null', configRetryTime='null', enableRemoteSyncConfig=false, endpoint='null', namespace='5d42b64c-af69-4a94-8189-c7e890784c35', accessKey='null', secretKey='null', ramRoleName='null', contextPath='null', clusterName='null', name='null'', shares=null, extensions=null, refreshEnabled=true}, optional=false, profiles=[Profiles@4d39e8c active = '[]', default = '[default]', accepted = '[default]'], config=NacosItemConfig{group='DEFAULT_GROUP', dataId='application-dev.yml', suffix='yml', refreshEnabled=true, preference=null}}
org.yaml.snakeyaml.constructor.DuplicateKeyException: while constructing a mapping
 in 'reader', line 2, column 1:
    jasypt:
    ^
found duplicate key spring
 in 'reader', line 73, column 1:
    spring:
    ^

	at org.yaml.snakeyaml.constructor.SafeConstructor.processDuplicateKeys(SafeConstructor.java:126)
	at org.yaml.snakeyaml.constructor.SafeConstructor.flattenMapping(SafeConstructor.java:78)
	at org.yaml.snakeyaml.constructor.SafeConstructor.flattenMapping(SafeConstructor.java:73)
	at org.yaml.snakeyaml.constructor.SafeConstructor.constructMapping2ndStep(SafeConstructor.java:209)
	at org.yaml.snakeyaml.constructor.BaseConstructor.constructMapping(BaseConstructor.java:552)
	at org.yaml.snakeyaml.constructor.SafeConstructor$ConstructYamlMap.construct(SafeConstructor.java:597)
	at org.yaml.snakeyaml.constructor.BaseConstructor.constructObjectNoCheck(BaseConstructor.java:264)
	at org.yaml.snakeyaml.constructor.BaseConstructor.constructObject(BaseConstructor.java:247)
	at org.springframework.boot.env.OriginTrackedYamlLoader$OriginTrackingConstructor.constructObject(OriginTrackedYamlLoader.java:119)
	at org.yaml.snakeyaml.constructor.BaseConstructor.constructDocument(BaseConstructor.java:201)
	at org.yaml.snakeyaml.constructor.BaseConstructor.getData(BaseConstructor.java:166)
	at org.springframework.boot.env.OriginTrackedYamlLoader$OriginTrackingConstructor.getData(OriginTrackedYamlLoader.java:99)
	at org.yaml.snakeyaml.Yaml$1.next(Yaml.java:529)
	at org.springframework.beans.factory.config.YamlProcessor.process(YamlProcessor.java:203)
	at org.springframework.beans.factory.config.YamlProcessor.process(YamlProcessor.java:169)
	at org.springframework.boot.env.OriginTrackedYamlLoader.load(OriginTrackedYamlLoader.java:84)
	at org.springframework.boot.env.YamlPropertySourceLoader.load(YamlPropertySourceLoader.java:50)
	at com.alibaba.cloud.nacos.parser.NacosDataParserHandler.parseNacosData(NacosDataParserHandler.java:92)
	at com.alibaba.cloud.nacos.configdata.NacosConfigDataLoader.pullConfig(NacosConfigDataLoader.java:146)
	at com.alibaba.cloud.nacos.configdata.NacosConfigDataLoader.doLoad(NacosConfigDataLoader.java:80)
	at com.alibaba.cloud.nacos.configdata.NacosConfigDataLoader.load(NacosConfigDataLoader.java:67)
	at com.alibaba.cloud.nacos.configdata.NacosConfigDataLoader.load(NacosConfigDataLoader.java:56)
	at org.springframework.boot.context.config.ConfigDataLoaders.load(ConfigDataLoaders.java:96)
	at org.springframework.boot.context.config.ConfigDataImporter.load(ConfigDataImporter.java:132)
	at org.springframework.boot.context.config.ConfigDataImporter.resolveAndLoad(ConfigDataImporter.java:87)
	at org.springframework.boot.context.config.ConfigDataEnvironmentContributors.withProcessedImports(ConfigDataEnvironmentContributors.java:121)
	at org.springframework.boot.context.config.ConfigDataEnvironment.processWithProfiles(ConfigDataEnvironment.java:316)
	at org.springframework.boot.context.config.ConfigDataEnvironment.processAndApply(ConfigDataEnvironment.java:237)
	at org.springframework.boot.context.config.ConfigDataEnvironmentPostProcessor.postProcessEnvironment(ConfigDataEnvironmentPostProcessor.java:96)
	at org.springframework.boot.context.config.ConfigDataEnvironmentPostProcessor.postProcessEnvironment(ConfigDataEnvironmentPostProcessor.java:89)
	at org.springframework.cloud.context.refresh.ConfigDataContextRefresher.updateEnvironment(ConfigDataContextRefresher.java:92)
	at org.springframework.cloud.context.refresh.ContextRefresher.refreshEnvironment(ContextRefresher.java:100)
	at org.springframework.cloud.context.refresh.ContextRefresher.refresh(ContextRefresher.java:93)
	at org.springframework.cloud.endpoint.event.RefreshEventListener.handle(RefreshEventListener.java:72)
	at org.springframework.cloud.endpoint.event.RefreshEventListener.onApplicationEvent(RefreshEventListener.java:61)
	at org.springframework.context.event.SimpleApplicationEventMulticaster.doInvokeListener(SimpleApplicationEventMulticaster.java:185)
	at org.springframework.context.event.SimpleApplicationEventMulticaster.invokeListener(SimpleApplicationEventMulticaster.java:178)
	at org.springframework.context.event.SimpleApplicationEventMulticaster.multicastEvent(SimpleApplicationEventMulticaster.java:156)
	at org.springframework.context.support.AbstractApplicationContext.publishEvent(AbstractApplicationContext.java:454)
	at org.springframework.context.support.AbstractApplicationContext.publishEvent(AbstractApplicationContext.java:387)
	at com.alibaba.cloud.nacos.configdata.NacosConfigRefreshEventListener.onApplicationEvent(NacosConfigRefreshEventListener.java:52)
	at org.springframework.context.event.SimpleApplicationEventMulticaster.doInvokeListener(SimpleApplicationEventMulticaster.java:185)
	at org.springframework.context.event.SimpleApplicationEventMulticaster.invokeListener(SimpleApplicationEventMulticaster.java:178)
	at org.springframework.context.event.SimpleApplicationEventMulticaster.multicastEvent(SimpleApplicationEventMulticaster.java:156)
	at org.springframework.context.support.AbstractApplicationContext.publishEvent(AbstractApplicationContext.java:454)
	at org.springframework.context.support.AbstractApplicationContext.publishEvent(AbstractApplicationContext.java:387)
	at com.alibaba.cloud.nacos.refresh.NacosContextRefresher$1.innerReceive(NacosContextRefresher.java:131)
	at com.alibaba.nacos.api.config.listener.AbstractSharedListener.receiveConfigInfo(AbstractSharedListener.java:40)
	at com.alibaba.nacos.client.config.impl.CacheData$1.run(CacheData.java:440)
	at com.alibaba.nacos.client.config.impl.CacheData.safeNotifyListener(CacheData.java:483)
	at com.alibaba.nacos.client.config.impl.CacheData.checkListenerMd5(CacheData.java:324)
	at com.alibaba.nacos.client.config.impl.ClientWorker$ConfigRpcTransportClient.executeConfigListen(ClientWorker.java:819)
	at com.alibaba.nacos.client.config.impl.ClientWorker$ConfigRpcTransportClient.lambda$startInternal$2(ClientWorker.java:779)
	at java.base/java.util.concurrent.Executors$RunnableAdapter.call(Executors.java:572)
	at java.base/java.util.concurrent.FutureTask.run$$$capture(FutureTask.java:317)
	at java.base/java.util.concurrent.FutureTask.run(FutureTask.java)
	at java.base/java.util.concurrent.ScheduledThreadPoolExecutor$ScheduledFutureTask.run(ScheduledThreadPoolExecutor.java:304)
	at java.base/java.util.concurrent.ThreadPoolExecutor.runWorker(ThreadPoolExecutor.java:1144)
	at java.base/java.util.concurrent.ThreadPoolExecutor$Worker.run(ThreadPoolExecutor.java:642)
	at java.base/java.lang.Thread.run(Thread.java:1583)
:2025-08-12 11:23:31.562  INFO reactor-http-nio-10 d.c.b.a.s.s.StatusUpdater: Couldn't retrieve status for Instance(id=6c5174ebe48d, version=6, registration=Registration(name=pig-upms-biz, managementUrl=http://192.168.0.135:4000/actuator, healthUrl=http://192.168.0.135:4000/actuator/health, serviceUrl=http://192.168.0.135:4000, source=discovery), registered=true, statusInfo=StatusInfo(status=DOWN, details={nacosConfig={status=UP}, diskSpace={status=UP, details={total=285023932416, free=225721184256, threshold=10485760, path=D:\Loans\lending-framework\., exists=true}}, ping={status=UP}, discoveryComposite={status=UP, components={discoveryClient={status=UP, details={services=[pig-gateway, pig-monitor, pig-upms-biz, pig-auth]}}}}, refreshScope={status=UP}, nacosDiscovery={status=UP}, ssl={status=UP, details={validChains=[], invalidChains=[]}}, db={status=DOWN, details={error=org.springframework.jdbc.CannotGetJdbcConnectionException: Failed to obtain JDBC Connection}}, redis={status=UP, details={version=7.2.4}}}), statusTimestamp=2025-08-12T02:22:11.778349200Z, info=Info(values={}), endpoints=Endpoints(endpoints={sentinel=Endpoint(id=sentinel, url=http://192.168.0.135:4000/actuator/sentinel), caches=Endpoint(id=caches, url=http://192.168.0.135:4000/actuator/caches), loggers=Endpoint(id=loggers, url=http://192.168.0.135:4000/actuator/loggers), logfile=Endpoint(id=logfile, url=http://192.168.0.135:4000/actuator/logfile), nacosconfig=Endpoint(id=nacosconfig, url=http://192.168.0.135:4000/actuator/nacosconfig), health=Endpoint(id=health, url=http://192.168.0.135:4000/actuator/health), refresh=Endpoint(id=refresh, url=http://192.168.0.135:4000/actuator/refresh), env=Endpoint(id=env, url=http://192.168.0.135:4000/actuator/env), nacosdiscovery=Endpoint(id=nacosdiscovery, url=http://192.168.0.135:4000/actuator/nacosdiscovery), serviceregistry=Endpoint(id=serviceregistry, url=http://192.168.0.135:4000/actuator/serviceregistry), heapdump=Endpoint(id=heapdump, url=http://192.168.0.135:4000/actuator/heapdump), features=Endpoint(id=features, url=http://192.168.0.135:4000/actuator/features), scheduledtasks=Endpoint(id=scheduledtasks, url=http://192.168.0.135:4000/actuator/scheduledtasks), mappings=Endpoint(id=mappings, url=http://192.168.0.135:4000/actuator/mappings), beans=Endpoint(id=beans, url=http://192.168.0.135:4000/actuator/beans), configprops=Endpoint(id=configprops, url=http://192.168.0.135:4000/actuator/configprops), threaddump=Endpoint(id=threaddump, url=http://192.168.0.135:4000/actuator/threaddump), sbom=Endpoint(id=sbom, url=http://192.168.0.135:4000/actuator/sbom), metrics=Endpoint(id=metrics, url=http://192.168.0.135:4000/actuator/metrics), conditions=Endpoint(id=conditions, url=http://192.168.0.135:4000/actuator/conditions), info=Endpoint(id=info, url=http://192.168.0.135:4000/actuator/info)}), buildVersion=null, tags=Tags(values={}))
org.springframework.web.reactive.function.client.WebClientRequestException: Connection refused: getsockopt: /192.168.0.135:4000
	at org.springframework.web.reactive.function.client.ExchangeFunctions$DefaultExchangeFunction.lambda$wrapException$9(ExchangeFunctions.java:137)
	Suppressed: reactor.core.publisher.FluxOnAssembly$OnAssemblyException: 
Assembly trace from producer [reactor.core.publisher.MonoErrorSupplied] :
	reactor.core.publisher.Mono.error(Mono.java:315)
	org.springframework.web.reactive.function.client.ExchangeFunctions$DefaultExchangeFunction.wrapException(ExchangeFunctions.java:137)
Error has been observed at the following site(s):
	*____________Mono.error ⇢ at org.springframework.web.reactive.function.client.ExchangeFunctions$DefaultExchangeFunction.wrapException(ExchangeFunctions.java:137)
	*____Mono.onErrorResume ⇢ at org.springframework.web.reactive.function.client.ExchangeFunctions$DefaultExchangeFunction.exchange(ExchangeFunctions.java:106)
	|_             Mono.map ⇢ at org.springframework.web.reactive.function.client.ExchangeFunctions$DefaultExchangeFunction.exchange(ExchangeFunctions.java:107)
	|_        Mono.doOnNext ⇢ at org.springframework.web.reactive.function.client.DefaultWebClient$ObservationFilterFunction.filter(DefaultWebClient.java:745)
	|_         Mono.timeout ⇢ at de.codecentric.boot.admin.server.web.client.InstanceExchangeFilterFunctions.lambda$timeout$14(InstanceExchangeFilterFunctions.java:201)
	|_           Mono.retry ⇢ at de.codecentric.boot.admin.server.web.client.InstanceExchangeFilterFunctions.lambda$retry$13(InstanceExchangeFilterFunctions.java:191)
	|_             Mono.map ⇢ at de.codecentric.boot.admin.server.web.client.InstanceExchangeFilterFunctions.lambda$handleCookies$18(InstanceExchangeFilterFunctions.java:230)
	|_             Mono.map ⇢ at de.codecentric.boot.admin.server.web.client.InstanceExchangeFilterFunctions.lambda$convertLegacyEndpoints$8(InstanceExchangeFilterFunctions.java:143)
	*__________Mono.flatMap ⇢ at de.codecentric.boot.admin.server.web.client.InstanceWebClient.lambda$setInstance$3(InstanceWebClient.java:61)
	*____________Mono.defer ⇢ at org.springframework.web.reactive.function.client.DefaultWebClient$DefaultRequestBodyUriSpec.lambda$exchange$12(DefaultWebClient.java:467)
	|_           checkpoint ⇢ Request to GET health [DefaultWebClient]
	|_   Mono.switchIfEmpty ⇢ at org.springframework.web.reactive.function.client.DefaultWebClient$DefaultRequestBodyUriSpec.lambda$exchange$12(DefaultWebClient.java:472)
	|_        Mono.doOnNext ⇢ at org.springframework.web.reactive.function.client.DefaultWebClient$DefaultRequestBodyUriSpec.lambda$exchange$12(DefaultWebClient.java:478)
	|_       Mono.doOnError ⇢ at org.springframework.web.reactive.function.client.DefaultWebClient$DefaultRequestBodyUriSpec.lambda$exchange$12(DefaultWebClient.java:479)
	|_       Mono.doFinally ⇢ at org.springframework.web.reactive.function.client.DefaultWebClient$DefaultRequestBodyUriSpec.lambda$exchange$12(DefaultWebClient.java:480)
	|_    Mono.contextWrite ⇢ at org.springframework.web.reactive.function.client.DefaultWebClient$DefaultRequestBodyUriSpec.lambda$exchange$12(DefaultWebClient.java:486)
	*__Mono.deferContextual ⇢ at org.springframework.web.reactive.function.client.DefaultWebClient$DefaultRequestBodyUriSpec.exchange(DefaultWebClient.java:453)
	|_         Mono.flatMap ⇢ at org.springframework.web.reactive.function.client.DefaultWebClient$DefaultRequestBodyUriSpec.exchangeToMono(DefaultWebClient.java:421)
	|_             Mono.log ⇢ at de.codecentric.boot.admin.server.services.StatusUpdater.doUpdateStatus(StatusUpdater.java:84)
	|_         Mono.timeout ⇢ at de.codecentric.boot.admin.server.services.StatusUpdater.doUpdateStatus(StatusUpdater.java:85)
Original Stack Trace:
		at org.springframework.web.reactive.function.client.ExchangeFunctions$DefaultExchangeFunction.lambda$wrapException$9(ExchangeFunctions.java:137)
		at reactor.core.publisher.MonoErrorSupplied.subscribe(MonoErrorSupplied.java:55)
		at reactor.core.publisher.Mono.subscribe(Mono.java:4576)
		at reactor.core.publisher.FluxOnErrorResume$ResumeSubscriber.onError(FluxOnErrorResume.java:103)
		at reactor.core.publisher.FluxPeekFuseable$PeekFuseableSubscriber.onError(FluxPeekFuseable.java:234)
		at reactor.core.publisher.FluxPeekFuseable$PeekFuseableSubscriber.onError(FluxPeekFuseable.java:234)
		at reactor.core.publisher.FluxPeekFuseable$PeekFuseableSubscriber.onError(FluxPeekFuseable.java:234)
		at reactor.core.publisher.MonoNext$NextSubscriber.onError(MonoNext.java:93)
		at reactor.core.publisher.MonoFlatMapMany$FlatMapManyMain.onError(MonoFlatMapMany.java:205)
		at reactor.core.publisher.SerializedSubscriber.onError(SerializedSubscriber.java:124)
		at reactor.core.publisher.FluxRetryWhen$RetryWhenMainSubscriber.whenError(FluxRetryWhen.java:229)
		at reactor.core.publisher.FluxRetryWhen$RetryWhenOtherSubscriber.onError(FluxRetryWhen.java:279)
		at reactor.core.publisher.FluxContextWrite$ContextWriteSubscriber.onError(FluxContextWrite.java:121)
		at reactor.core.publisher.FluxConcatMapNoPrefetch$FluxConcatMapNoPrefetchSubscriber.maybeOnError(FluxConcatMapNoPrefetch.java:327)
		at reactor.core.publisher.FluxConcatMapNoPrefetch$FluxConcatMapNoPrefetchSubscriber.onNext(FluxConcatMapNoPrefetch.java:212)
		at reactor.core.publisher.FluxContextWrite$ContextWriteSubscriber.onNext(FluxContextWrite.java:107)
		at reactor.core.publisher.SinkManyEmitterProcessor.drain(SinkManyEmitterProcessor.java:476)
		at reactor.core.publisher.SinkManyEmitterProcessor$EmitterInner.drainParent(SinkManyEmitterProcessor.java:620)
		at reactor.core.publisher.FluxPublish$PubSubInner.request(FluxPublish.java:874)
		at reactor.core.publisher.FluxContextWrite$ContextWriteSubscriber.request(FluxContextWrite.java:136)
		at reactor.core.publisher.FluxConcatMapNoPrefetch$FluxConcatMapNoPrefetchSubscriber.request(FluxConcatMapNoPrefetch.java:337)
		at reactor.core.publisher.FluxContextWrite$ContextWriteSubscriber.request(FluxContextWrite.java:136)
		at reactor.core.publisher.Operators$DeferredSubscription.request(Operators.java:1743)
		at reactor.core.publisher.FluxRetryWhen$RetryWhenMainSubscriber.onError(FluxRetryWhen.java:196)
		at reactor.core.publisher.MonoCreate$DefaultMonoSink.error(MonoCreate.java:205)
		at reactor.netty.http.client.HttpClientConnect$MonoHttpConnect$ClientTransportSubscriber.onError(HttpClientConnect.java:323)
		at reactor.core.publisher.MonoCreate$DefaultMonoSink.error(MonoCreate.java:205)
		at reactor.netty.resources.DefaultPooledConnectionProvider$DisposableAcquire.onError(DefaultPooledConnectionProvider.java:174)
		at reactor.netty.internal.shaded.reactor.pool.AbstractPool$Borrower.fail(AbstractPool.java:479)
		at reactor.netty.internal.shaded.reactor.pool.SimpleDequePool.lambda$drainLoop$9(SimpleDequePool.java:443)
		at reactor.core.publisher.FluxDoOnEach$DoOnEachSubscriber.onError(FluxDoOnEach.java:186)
		at reactor.core.publisher.MonoCreate$DefaultMonoSink.error(MonoCreate.java:205)
		at reactor.netty.resources.DefaultPooledConnectionProvider$PooledConnectionAllocator$PooledConnectionInitializer.onError(DefaultPooledConnectionProvider.java:593)
		at reactor.core.publisher.MonoFlatMap$FlatMapMain.secondError(MonoFlatMap.java:241)
		at reactor.core.publisher.MonoFlatMap$FlatMapInner.onError(MonoFlatMap.java:315)
		at reactor.core.publisher.FluxOnErrorResume$ResumeSubscriber.onError(FluxOnErrorResume.java:106)
		at reactor.core.publisher.Operators.error(Operators.java:198)
		at reactor.core.publisher.MonoError.subscribe(MonoError.java:53)
		at reactor.core.publisher.Mono.subscribe(Mono.java:4576)
		at reactor.core.publisher.FluxOnErrorResume$ResumeSubscriber.onError(FluxOnErrorResume.java:103)
		at reactor.netty.transport.TransportConnector$MonoChannelPromise.tryFailure(TransportConnector.java:576)
		at reactor.netty.transport.TransportConnector$MonoChannelPromise.setFailure(TransportConnector.java:522)
		at reactor.netty.transport.TransportConnector.lambda$doConnect$7(TransportConnector.java:261)
		at io.netty.util.concurrent.DefaultPromise.notifyListener0(DefaultPromise.java:590)
		at io.netty.util.concurrent.DefaultPromise.notifyListeners0(DefaultPromise.java:583)
		at io.netty.util.concurrent.DefaultPromise.notifyListenersNow(DefaultPromise.java:559)
		at io.netty.util.concurrent.DefaultPromise.notifyListeners(DefaultPromise.java:492)
		at io.netty.util.concurrent.DefaultPromise.setValue0(DefaultPromise.java:636)
		at io.netty.util.concurrent.DefaultPromise.setFailure0(DefaultPromise.java:629)
		at io.netty.util.concurrent.DefaultPromise.tryFailure(DefaultPromise.java:118)
		at io.netty.channel.nio.AbstractNioChannel$AbstractNioUnsafe.fulfillConnectPromise(AbstractNioChannel.java:326)
		at io.netty.channel.nio.AbstractNioChannel$AbstractNioUnsafe.finishConnect(AbstractNioChannel.java:342)
		at io.netty.channel.nio.NioEventLoop.processSelectedKey(NioEventLoop.java:784)
		at io.netty.channel.nio.NioEventLoop.processSelectedKeysOptimized(NioEventLoop.java:732)
		at io.netty.channel.nio.NioEventLoop.processSelectedKeys(NioEventLoop.java:658)
		at io.netty.channel.nio.NioEventLoop.run(NioEventLoop.java:562)
		at io.netty.util.concurrent.SingleThreadEventExecutor$4.run(SingleThreadEventExecutor.java:998)
		at io.netty.util.internal.ThreadExecutorMap$2.run(ThreadExecutorMap.java:74)
		at io.netty.util.concurrent.FastThreadLocalRunnable.run(FastThreadLocalRunnable.java:30)
		at java.base/java.lang.Thread.run(Thread.java:1583)
Caused by: io.netty.channel.AbstractChannel$AnnotatedConnectException: Connection refused: getsockopt: /192.168.0.135:4000
	Suppressed: reactor.core.publisher.FluxOnAssembly$OnAssemblyException: 
Assembly trace from producer [reactor.core.publisher.MonoError] :
	reactor.core.publisher.FluxOnErrorResume$ResumeSubscriber.onError(FluxOnErrorResume.java:94)
	reactor.netty.transport.TransportConnector$MonoChannelPromise.tryFailure(TransportConnector.java:576)
Error has been observed at the following site(s):
	*__FluxOnErrorResume$ResumeSubscriber.onError ⇢ at reactor.netty.transport.TransportConnector$MonoChannelPromise.tryFailure(TransportConnector.java:576)
	*__________________________Mono.onErrorResume ⇢ at reactor.netty.transport.TransportConnector.lambda$connect$6(TransportConnector.java:166)
	*________________________________Mono.flatMap ⇢ at reactor.netty.transport.TransportConnector.connect(TransportConnector.java:165)
	*_________________________________Mono.create ⇢ at reactor.netty.resources.DefaultPooledConnectionProvider$PooledConnectionAllocator.connectChannel(DefaultPooledConnectionProvider.java:537)
	*_________________________________Mono.create ⇢ at reactor.netty.resources.PooledConnectionProvider.acquire(PooledConnectionProvider.java:130)
	*_________________________________Mono.create ⇢ at reactor.netty.http.client.HttpClientConnect$MonoHttpConnect.subscribe(HttpClientConnect.java:213)
	|_                             Mono.retryWhen ⇢ at reactor.netty.http.client.HttpClientConnect$MonoHttpConnect.subscribe(HttpClientConnect.java:287)
	*______________________________Flux.concatMap ⇢ at reactor.util.retry.RetrySpec.lambda$generateCompanion$6(RetrySpec.java:360)
	|_                           Flux.onErrorStop ⇢ at reactor.util.retry.RetrySpec.lambda$generateCompanion$6(RetrySpec.java:379)
	*________________________Flux.deferContextual ⇢ at reactor.util.retry.RetrySpec.generateCompanion(RetrySpec.java:357)
	*____________________________Mono.flatMapMany ⇢ at reactor.netty.http.client.HttpClientFinalizer.responseConnection(HttpClientFinalizer.java:102)
	|_                                  Flux.next ⇢ at org.springframework.http.client.reactive.ReactorClientHttpConnector.connect(ReactorClientHttpConnector.java:174)
	|_                            Mono.doOnCancel ⇢ at org.springframework.http.client.reactive.ReactorClientHttpConnector.connect(ReactorClientHttpConnector.java:175)
	|_                           Mono.doOnRequest ⇢ at org.springframework.web.reactive.function.client.ExchangeFunctions$DefaultExchangeFunction.exchange(ExchangeFunctions.java:104)
	|_                            Mono.doOnCancel ⇢ at org.springframework.web.reactive.function.client.ExchangeFunctions$DefaultExchangeFunction.exchange(ExchangeFunctions.java:105)
Original Stack Trace:
Caused by: java.net.ConnectException: Connection refused: getsockopt
	at java.base/sun.nio.ch.Net.pollConnect(Native Method)
	at java.base/sun.nio.ch.Net.pollConnectNow(Net.java:682)
	at java.base/sun.nio.ch.SocketChannelImpl.finishConnect(SocketChannelImpl.java:973)
	at io.netty.channel.socket.nio.NioSocketChannel.doFinishConnect(NioSocketChannel.java:336)
	at io.netty.channel.nio.AbstractNioChannel$AbstractNioUnsafe.finishConnect(AbstractNioChannel.java:339)
	at io.netty.channel.nio.NioEventLoop.processSelectedKey(NioEventLoop.java:784)
	at io.netty.channel.nio.NioEventLoop.processSelectedKeysOptimized(NioEventLoop.java:732)
	at io.netty.channel.nio.NioEventLoop.processSelectedKeys(NioEventLoop.java:658)
	at io.netty.channel.nio.NioEventLoop.run(NioEventLoop.java:562)
	at io.netty.util.concurrent.SingleThreadEventExecutor$4.run(SingleThreadEventExecutor.java:998)
	at io.netty.util.internal.ThreadExecutorMap$2.run(ThreadExecutorMap.java:74)
	at io.netty.util.concurrent.FastThreadLocalRunnable.run(FastThreadLocalRunnable.java:30)
	at java.base/java.lang.Thread.run(Thread.java:1583)
:2025-08-12 11:23:36.425  INFO com.alibaba.nacos.client.Worker.0 c.a.c.n.r.NacosContextRefresher: [Nacos Config] Receive Nacos config change: dataId=application-dev.yml, group=DEFAULT_GROUP
:2025-08-12 11:23:36.441  INFO com.alibaba.nacos.client.Worker.0 c.a.c.n.c.NacosConfigDataLoader: [Nacos Config] Load config[dataId=pig-monitor-dev.yml, group=DEFAULT_GROUP] success
:2025-08-12 11:23:36.443  INFO com.alibaba.nacos.client.Worker.0 c.a.c.n.c.NacosConfigDataLoader: [Nacos Config] Load config[dataId=application-dev.yml, group=DEFAULT_GROUP] success
:2025-08-12 11:23:36.444 ERROR com.alibaba.nacos.client.Worker.0 c.a.c.n.c.NacosConfigDataLoader: Error getting properties from nacos: NacosConfigDataResource{properties=NacosConfigProperties{serverAddr='192.168.0.201:8848', encode='null', group='DEFAULT_GROUP', prefix='null', fileExtension='properties', timeout=3000, maxRetry='null', configLongPollTimeout='null', configRetryTime='null', enableRemoteSyncConfig=false, endpoint='null', namespace='5d42b64c-af69-4a94-8189-c7e890784c35', accessKey='null', secretKey='null', ramRoleName='null', contextPath='null', clusterName='null', name='null'', shares=null, extensions=null, refreshEnabled=true}, optional=false, profiles=[Profiles@36b58a1c active = '[]', default = '[default]', accepted = '[default]'], config=NacosItemConfig{group='DEFAULT_GROUP', dataId='application-dev.yml', suffix='yml', refreshEnabled=true, preference=null}}
org.yaml.snakeyaml.constructor.DuplicateKeyException: while constructing a mapping
 in 'reader', line 2, column 1:
    jasypt:
    ^
found duplicate key spring
 in 'reader', line 73, column 1:
    spring:
    ^

	at org.yaml.snakeyaml.constructor.SafeConstructor.processDuplicateKeys(SafeConstructor.java:126)
	at org.yaml.snakeyaml.constructor.SafeConstructor.flattenMapping(SafeConstructor.java:78)
	at org.yaml.snakeyaml.constructor.SafeConstructor.flattenMapping(SafeConstructor.java:73)
	at org.yaml.snakeyaml.constructor.SafeConstructor.constructMapping2ndStep(SafeConstructor.java:209)
	at org.yaml.snakeyaml.constructor.BaseConstructor.constructMapping(BaseConstructor.java:552)
	at org.yaml.snakeyaml.constructor.SafeConstructor$ConstructYamlMap.construct(SafeConstructor.java:597)
	at org.yaml.snakeyaml.constructor.BaseConstructor.constructObjectNoCheck(BaseConstructor.java:264)
	at org.yaml.snakeyaml.constructor.BaseConstructor.constructObject(BaseConstructor.java:247)
	at org.springframework.boot.env.OriginTrackedYamlLoader$OriginTrackingConstructor.constructObject(OriginTrackedYamlLoader.java:119)
	at org.yaml.snakeyaml.constructor.BaseConstructor.constructDocument(BaseConstructor.java:201)
	at org.yaml.snakeyaml.constructor.BaseConstructor.getData(BaseConstructor.java:166)
	at org.springframework.boot.env.OriginTrackedYamlLoader$OriginTrackingConstructor.getData(OriginTrackedYamlLoader.java:99)
	at org.yaml.snakeyaml.Yaml$1.next(Yaml.java:529)
	at org.springframework.beans.factory.config.YamlProcessor.process(YamlProcessor.java:203)
	at org.springframework.beans.factory.config.YamlProcessor.process(YamlProcessor.java:169)
	at org.springframework.boot.env.OriginTrackedYamlLoader.load(OriginTrackedYamlLoader.java:84)
	at org.springframework.boot.env.YamlPropertySourceLoader.load(YamlPropertySourceLoader.java:50)
	at com.alibaba.cloud.nacos.parser.NacosDataParserHandler.parseNacosData(NacosDataParserHandler.java:92)
	at com.alibaba.cloud.nacos.configdata.NacosConfigDataLoader.pullConfig(NacosConfigDataLoader.java:146)
	at com.alibaba.cloud.nacos.configdata.NacosConfigDataLoader.doLoad(NacosConfigDataLoader.java:80)
	at com.alibaba.cloud.nacos.configdata.NacosConfigDataLoader.load(NacosConfigDataLoader.java:67)
	at com.alibaba.cloud.nacos.configdata.NacosConfigDataLoader.load(NacosConfigDataLoader.java:56)
	at org.springframework.boot.context.config.ConfigDataLoaders.load(ConfigDataLoaders.java:96)
	at org.springframework.boot.context.config.ConfigDataImporter.load(ConfigDataImporter.java:132)
	at org.springframework.boot.context.config.ConfigDataImporter.resolveAndLoad(ConfigDataImporter.java:87)
	at org.springframework.boot.context.config.ConfigDataEnvironmentContributors.withProcessedImports(ConfigDataEnvironmentContributors.java:121)
	at org.springframework.boot.context.config.ConfigDataEnvironment.processWithProfiles(ConfigDataEnvironment.java:316)
	at org.springframework.boot.context.config.ConfigDataEnvironment.processAndApply(ConfigDataEnvironment.java:237)
	at org.springframework.boot.context.config.ConfigDataEnvironmentPostProcessor.postProcessEnvironment(ConfigDataEnvironmentPostProcessor.java:96)
	at org.springframework.boot.context.config.ConfigDataEnvironmentPostProcessor.postProcessEnvironment(ConfigDataEnvironmentPostProcessor.java:89)
	at org.springframework.cloud.context.refresh.ConfigDataContextRefresher.updateEnvironment(ConfigDataContextRefresher.java:92)
	at org.springframework.cloud.context.refresh.ContextRefresher.refreshEnvironment(ContextRefresher.java:100)
	at org.springframework.cloud.context.refresh.ContextRefresher.refresh(ContextRefresher.java:93)
	at org.springframework.cloud.endpoint.event.RefreshEventListener.handle(RefreshEventListener.java:72)
	at org.springframework.cloud.endpoint.event.RefreshEventListener.onApplicationEvent(RefreshEventListener.java:61)
	at org.springframework.context.event.SimpleApplicationEventMulticaster.doInvokeListener(SimpleApplicationEventMulticaster.java:185)
	at org.springframework.context.event.SimpleApplicationEventMulticaster.invokeListener(SimpleApplicationEventMulticaster.java:178)
	at org.springframework.context.event.SimpleApplicationEventMulticaster.multicastEvent(SimpleApplicationEventMulticaster.java:156)
	at org.springframework.context.support.AbstractApplicationContext.publishEvent(AbstractApplicationContext.java:454)
	at org.springframework.context.support.AbstractApplicationContext.publishEvent(AbstractApplicationContext.java:387)
	at com.alibaba.cloud.nacos.configdata.NacosConfigRefreshEventListener.onApplicationEvent(NacosConfigRefreshEventListener.java:52)
	at org.springframework.context.event.SimpleApplicationEventMulticaster.doInvokeListener(SimpleApplicationEventMulticaster.java:185)
	at org.springframework.context.event.SimpleApplicationEventMulticaster.invokeListener(SimpleApplicationEventMulticaster.java:178)
	at org.springframework.context.event.SimpleApplicationEventMulticaster.multicastEvent(SimpleApplicationEventMulticaster.java:156)
	at org.springframework.context.support.AbstractApplicationContext.publishEvent(AbstractApplicationContext.java:454)
	at org.springframework.context.support.AbstractApplicationContext.publishEvent(AbstractApplicationContext.java:387)
	at com.alibaba.cloud.nacos.refresh.NacosContextRefresher$1.innerReceive(NacosContextRefresher.java:131)
	at com.alibaba.nacos.api.config.listener.AbstractSharedListener.receiveConfigInfo(AbstractSharedListener.java:40)
	at com.alibaba.nacos.client.config.impl.CacheData$1.run(CacheData.java:440)
	at com.alibaba.nacos.client.config.impl.CacheData.safeNotifyListener(CacheData.java:483)
	at com.alibaba.nacos.client.config.impl.CacheData.checkListenerMd5(CacheData.java:324)
	at com.alibaba.nacos.client.config.impl.ClientWorker$ConfigRpcTransportClient.executeConfigListen(ClientWorker.java:819)
	at com.alibaba.nacos.client.config.impl.ClientWorker$ConfigRpcTransportClient.lambda$startInternal$2(ClientWorker.java:779)
	at java.base/java.util.concurrent.Executors$RunnableAdapter.call(Executors.java:572)
	at java.base/java.util.concurrent.FutureTask.run$$$capture(FutureTask.java:317)
	at java.base/java.util.concurrent.FutureTask.run(FutureTask.java)
	at java.base/java.util.concurrent.ScheduledThreadPoolExecutor$ScheduledFutureTask.run(ScheduledThreadPoolExecutor.java:304)
	at java.base/java.util.concurrent.ThreadPoolExecutor.runWorker(ThreadPoolExecutor.java:1144)
	at java.base/java.util.concurrent.ThreadPoolExecutor$Worker.run(ThreadPoolExecutor.java:642)
	at java.base/java.lang.Thread.run(Thread.java:1583)
:2025-08-12 11:23:40.597  INFO HeartBeat-Task-Scheduler-1 d.c.b.a.s.c.d.InstanceDiscoveryListener: Instance '6c5174ebe48d' missing in DiscoveryClient services and will be removed.
:2025-08-12 11:23:41.452  INFO com.alibaba.nacos.client.Worker.0 c.a.c.n.r.NacosContextRefresher: [Nacos Config] Receive Nacos config change: dataId=application-dev.yml, group=DEFAULT_GROUP
:2025-08-12 11:23:41.466  INFO com.alibaba.nacos.client.Worker.0 c.a.c.n.c.NacosConfigDataLoader: [Nacos Config] Load config[dataId=pig-monitor-dev.yml, group=DEFAULT_GROUP] success
:2025-08-12 11:23:41.469  INFO com.alibaba.nacos.client.Worker.0 c.a.c.n.c.NacosConfigDataLoader: [Nacos Config] Load config[dataId=application-dev.yml, group=DEFAULT_GROUP] success
:2025-08-12 11:23:41.470 ERROR com.alibaba.nacos.client.Worker.0 c.a.c.n.c.NacosConfigDataLoader: Error getting properties from nacos: NacosConfigDataResource{properties=NacosConfigProperties{serverAddr='192.168.0.201:8848', encode='null', group='DEFAULT_GROUP', prefix='null', fileExtension='properties', timeout=3000, maxRetry='null', configLongPollTimeout='null', configRetryTime='null', enableRemoteSyncConfig=false, endpoint='null', namespace='5d42b64c-af69-4a94-8189-c7e890784c35', accessKey='null', secretKey='null', ramRoleName='null', contextPath='null', clusterName='null', name='null'', shares=null, extensions=null, refreshEnabled=true}, optional=false, profiles=[Profiles@748435f0 active = '[]', default = '[default]', accepted = '[default]'], config=NacosItemConfig{group='DEFAULT_GROUP', dataId='application-dev.yml', suffix='yml', refreshEnabled=true, preference=null}}
org.yaml.snakeyaml.constructor.DuplicateKeyException: while constructing a mapping
 in 'reader', line 2, column 1:
    jasypt:
    ^
found duplicate key spring
 in 'reader', line 73, column 1:
    spring:
    ^

	at org.yaml.snakeyaml.constructor.SafeConstructor.processDuplicateKeys(SafeConstructor.java:126)
	at org.yaml.snakeyaml.constructor.SafeConstructor.flattenMapping(SafeConstructor.java:78)
	at org.yaml.snakeyaml.constructor.SafeConstructor.flattenMapping(SafeConstructor.java:73)
	at org.yaml.snakeyaml.constructor.SafeConstructor.constructMapping2ndStep(SafeConstructor.java:209)
	at org.yaml.snakeyaml.constructor.BaseConstructor.constructMapping(BaseConstructor.java:552)
	at org.yaml.snakeyaml.constructor.SafeConstructor$ConstructYamlMap.construct(SafeConstructor.java:597)
	at org.yaml.snakeyaml.constructor.BaseConstructor.constructObjectNoCheck(BaseConstructor.java:264)
	at org.yaml.snakeyaml.constructor.BaseConstructor.constructObject(BaseConstructor.java:247)
	at org.springframework.boot.env.OriginTrackedYamlLoader$OriginTrackingConstructor.constructObject(OriginTrackedYamlLoader.java:119)
	at org.yaml.snakeyaml.constructor.BaseConstructor.constructDocument(BaseConstructor.java:201)
	at org.yaml.snakeyaml.constructor.BaseConstructor.getData(BaseConstructor.java:166)
	at org.springframework.boot.env.OriginTrackedYamlLoader$OriginTrackingConstructor.getData(OriginTrackedYamlLoader.java:99)
	at org.yaml.snakeyaml.Yaml$1.next(Yaml.java:529)
	at org.springframework.beans.factory.config.YamlProcessor.process(YamlProcessor.java:203)
	at org.springframework.beans.factory.config.YamlProcessor.process(YamlProcessor.java:169)
	at org.springframework.boot.env.OriginTrackedYamlLoader.load(OriginTrackedYamlLoader.java:84)
	at org.springframework.boot.env.YamlPropertySourceLoader.load(YamlPropertySourceLoader.java:50)
	at com.alibaba.cloud.nacos.parser.NacosDataParserHandler.parseNacosData(NacosDataParserHandler.java:92)
	at com.alibaba.cloud.nacos.configdata.NacosConfigDataLoader.pullConfig(NacosConfigDataLoader.java:146)
	at com.alibaba.cloud.nacos.configdata.NacosConfigDataLoader.doLoad(NacosConfigDataLoader.java:80)
	at com.alibaba.cloud.nacos.configdata.NacosConfigDataLoader.load(NacosConfigDataLoader.java:67)
	at com.alibaba.cloud.nacos.configdata.NacosConfigDataLoader.load(NacosConfigDataLoader.java:56)
	at org.springframework.boot.context.config.ConfigDataLoaders.load(ConfigDataLoaders.java:96)
	at org.springframework.boot.context.config.ConfigDataImporter.load(ConfigDataImporter.java:132)
	at org.springframework.boot.context.config.ConfigDataImporter.resolveAndLoad(ConfigDataImporter.java:87)
	at org.springframework.boot.context.config.ConfigDataEnvironmentContributors.withProcessedImports(ConfigDataEnvironmentContributors.java:121)
	at org.springframework.boot.context.config.ConfigDataEnvironment.processWithProfiles(ConfigDataEnvironment.java:316)
	at org.springframework.boot.context.config.ConfigDataEnvironment.processAndApply(ConfigDataEnvironment.java:237)
	at org.springframework.boot.context.config.ConfigDataEnvironmentPostProcessor.postProcessEnvironment(ConfigDataEnvironmentPostProcessor.java:96)
	at org.springframework.boot.context.config.ConfigDataEnvironmentPostProcessor.postProcessEnvironment(ConfigDataEnvironmentPostProcessor.java:89)
	at org.springframework.cloud.context.refresh.ConfigDataContextRefresher.updateEnvironment(ConfigDataContextRefresher.java:92)
	at org.springframework.cloud.context.refresh.ContextRefresher.refreshEnvironment(ContextRefresher.java:100)
	at org.springframework.cloud.context.refresh.ContextRefresher.refresh(ContextRefresher.java:93)
	at org.springframework.cloud.endpoint.event.RefreshEventListener.handle(RefreshEventListener.java:72)
	at org.springframework.cloud.endpoint.event.RefreshEventListener.onApplicationEvent(RefreshEventListener.java:61)
	at org.springframework.context.event.SimpleApplicationEventMulticaster.doInvokeListener(SimpleApplicationEventMulticaster.java:185)
	at org.springframework.context.event.SimpleApplicationEventMulticaster.invokeListener(SimpleApplicationEventMulticaster.java:178)
	at org.springframework.context.event.SimpleApplicationEventMulticaster.multicastEvent(SimpleApplicationEventMulticaster.java:156)
	at org.springframework.context.support.AbstractApplicationContext.publishEvent(AbstractApplicationContext.java:454)
	at org.springframework.context.support.AbstractApplicationContext.publishEvent(AbstractApplicationContext.java:387)
	at com.alibaba.cloud.nacos.configdata.NacosConfigRefreshEventListener.onApplicationEvent(NacosConfigRefreshEventListener.java:52)
	at org.springframework.context.event.SimpleApplicationEventMulticaster.doInvokeListener(SimpleApplicationEventMulticaster.java:185)
	at org.springframework.context.event.SimpleApplicationEventMulticaster.invokeListener(SimpleApplicationEventMulticaster.java:178)
	at org.springframework.context.event.SimpleApplicationEventMulticaster.multicastEvent(SimpleApplicationEventMulticaster.java:156)
	at org.springframework.context.support.AbstractApplicationContext.publishEvent(AbstractApplicationContext.java:454)
	at org.springframework.context.support.AbstractApplicationContext.publishEvent(AbstractApplicationContext.java:387)
	at com.alibaba.cloud.nacos.refresh.NacosContextRefresher$1.innerReceive(NacosContextRefresher.java:131)
	at com.alibaba.nacos.api.config.listener.AbstractSharedListener.receiveConfigInfo(AbstractSharedListener.java:40)
	at com.alibaba.nacos.client.config.impl.CacheData$1.run(CacheData.java:440)
	at com.alibaba.nacos.client.config.impl.CacheData.safeNotifyListener(CacheData.java:483)
	at com.alibaba.nacos.client.config.impl.CacheData.checkListenerMd5(CacheData.java:324)
	at com.alibaba.nacos.client.config.impl.ClientWorker$ConfigRpcTransportClient.executeConfigListen(ClientWorker.java:819)
	at com.alibaba.nacos.client.config.impl.ClientWorker$ConfigRpcTransportClient.lambda$startInternal$2(ClientWorker.java:779)
	at java.base/java.util.concurrent.Executors$RunnableAdapter.call(Executors.java:572)
	at java.base/java.util.concurrent.FutureTask.run$$$capture(FutureTask.java:317)
	at java.base/java.util.concurrent.FutureTask.run(FutureTask.java)
	at java.base/java.util.concurrent.ScheduledThreadPoolExecutor$ScheduledFutureTask.run(ScheduledThreadPoolExecutor.java:304)
	at java.base/java.util.concurrent.ThreadPoolExecutor.runWorker(ThreadPoolExecutor.java:1144)
	at java.base/java.util.concurrent.ThreadPoolExecutor$Worker.run(ThreadPoolExecutor.java:642)
	at java.base/java.lang.Thread.run(Thread.java:1583)
:2025-08-12 11:23:46.481  INFO com.alibaba.nacos.client.Worker.0 c.a.c.n.r.NacosContextRefresher: [Nacos Config] Receive Nacos config change: dataId=application-dev.yml, group=DEFAULT_GROUP
:2025-08-12 11:23:46.497  INFO com.alibaba.nacos.client.Worker.0 c.a.c.n.c.NacosConfigDataLoader: [Nacos Config] Load config[dataId=pig-monitor-dev.yml, group=DEFAULT_GROUP] success
:2025-08-12 11:23:46.500  INFO com.alibaba.nacos.client.Worker.0 c.a.c.n.c.NacosConfigDataLoader: [Nacos Config] Load config[dataId=application-dev.yml, group=DEFAULT_GROUP] success
:2025-08-12 11:23:46.500 ERROR com.alibaba.nacos.client.Worker.0 c.a.c.n.c.NacosConfigDataLoader: Error getting properties from nacos: NacosConfigDataResource{properties=NacosConfigProperties{serverAddr='192.168.0.201:8848', encode='null', group='DEFAULT_GROUP', prefix='null', fileExtension='properties', timeout=3000, maxRetry='null', configLongPollTimeout='null', configRetryTime='null', enableRemoteSyncConfig=false, endpoint='null', namespace='5d42b64c-af69-4a94-8189-c7e890784c35', accessKey='null', secretKey='null', ramRoleName='null', contextPath='null', clusterName='null', name='null'', shares=null, extensions=null, refreshEnabled=true}, optional=false, profiles=[Profiles@1799c4a4 active = '[]', default = '[default]', accepted = '[default]'], config=NacosItemConfig{group='DEFAULT_GROUP', dataId='application-dev.yml', suffix='yml', refreshEnabled=true, preference=null}}
org.yaml.snakeyaml.constructor.DuplicateKeyException: while constructing a mapping
 in 'reader', line 2, column 1:
    jasypt:
    ^
found duplicate key spring
 in 'reader', line 73, column 1:
    spring:
    ^

	at org.yaml.snakeyaml.constructor.SafeConstructor.processDuplicateKeys(SafeConstructor.java:126)
	at org.yaml.snakeyaml.constructor.SafeConstructor.flattenMapping(SafeConstructor.java:78)
	at org.yaml.snakeyaml.constructor.SafeConstructor.flattenMapping(SafeConstructor.java:73)
	at org.yaml.snakeyaml.constructor.SafeConstructor.constructMapping2ndStep(SafeConstructor.java:209)
	at org.yaml.snakeyaml.constructor.BaseConstructor.constructMapping(BaseConstructor.java:552)
	at org.yaml.snakeyaml.constructor.SafeConstructor$ConstructYamlMap.construct(SafeConstructor.java:597)
	at org.yaml.snakeyaml.constructor.BaseConstructor.constructObjectNoCheck(BaseConstructor.java:264)
	at org.yaml.snakeyaml.constructor.BaseConstructor.constructObject(BaseConstructor.java:247)
	at org.springframework.boot.env.OriginTrackedYamlLoader$OriginTrackingConstructor.constructObject(OriginTrackedYamlLoader.java:119)
	at org.yaml.snakeyaml.constructor.BaseConstructor.constructDocument(BaseConstructor.java:201)
	at org.yaml.snakeyaml.constructor.BaseConstructor.getData(BaseConstructor.java:166)
	at org.springframework.boot.env.OriginTrackedYamlLoader$OriginTrackingConstructor.getData(OriginTrackedYamlLoader.java:99)
	at org.yaml.snakeyaml.Yaml$1.next(Yaml.java:529)
	at org.springframework.beans.factory.config.YamlProcessor.process(YamlProcessor.java:203)
	at org.springframework.beans.factory.config.YamlProcessor.process(YamlProcessor.java:169)
	at org.springframework.boot.env.OriginTrackedYamlLoader.load(OriginTrackedYamlLoader.java:84)
	at org.springframework.boot.env.YamlPropertySourceLoader.load(YamlPropertySourceLoader.java:50)
	at com.alibaba.cloud.nacos.parser.NacosDataParserHandler.parseNacosData(NacosDataParserHandler.java:92)
	at com.alibaba.cloud.nacos.configdata.NacosConfigDataLoader.pullConfig(NacosConfigDataLoader.java:146)
	at com.alibaba.cloud.nacos.configdata.NacosConfigDataLoader.doLoad(NacosConfigDataLoader.java:80)
	at com.alibaba.cloud.nacos.configdata.NacosConfigDataLoader.load(NacosConfigDataLoader.java:67)
	at com.alibaba.cloud.nacos.configdata.NacosConfigDataLoader.load(NacosConfigDataLoader.java:56)
	at org.springframework.boot.context.config.ConfigDataLoaders.load(ConfigDataLoaders.java:96)
	at org.springframework.boot.context.config.ConfigDataImporter.load(ConfigDataImporter.java:132)
	at org.springframework.boot.context.config.ConfigDataImporter.resolveAndLoad(ConfigDataImporter.java:87)
	at org.springframework.boot.context.config.ConfigDataEnvironmentContributors.withProcessedImports(ConfigDataEnvironmentContributors.java:121)
	at org.springframework.boot.context.config.ConfigDataEnvironment.processWithProfiles(ConfigDataEnvironment.java:316)
	at org.springframework.boot.context.config.ConfigDataEnvironment.processAndApply(ConfigDataEnvironment.java:237)
	at org.springframework.boot.context.config.ConfigDataEnvironmentPostProcessor.postProcessEnvironment(ConfigDataEnvironmentPostProcessor.java:96)
	at org.springframework.boot.context.config.ConfigDataEnvironmentPostProcessor.postProcessEnvironment(ConfigDataEnvironmentPostProcessor.java:89)
	at org.springframework.cloud.context.refresh.ConfigDataContextRefresher.updateEnvironment(ConfigDataContextRefresher.java:92)
	at org.springframework.cloud.context.refresh.ContextRefresher.refreshEnvironment(ContextRefresher.java:100)
	at org.springframework.cloud.context.refresh.ContextRefresher.refresh(ContextRefresher.java:93)
	at org.springframework.cloud.endpoint.event.RefreshEventListener.handle(RefreshEventListener.java:72)
	at org.springframework.cloud.endpoint.event.RefreshEventListener.onApplicationEvent(RefreshEventListener.java:61)
	at org.springframework.context.event.SimpleApplicationEventMulticaster.doInvokeListener(SimpleApplicationEventMulticaster.java:185)
	at org.springframework.context.event.SimpleApplicationEventMulticaster.invokeListener(SimpleApplicationEventMulticaster.java:178)
	at org.springframework.context.event.SimpleApplicationEventMulticaster.multicastEvent(SimpleApplicationEventMulticaster.java:156)
	at org.springframework.context.support.AbstractApplicationContext.publishEvent(AbstractApplicationContext.java:454)
	at org.springframework.context.support.AbstractApplicationContext.publishEvent(AbstractApplicationContext.java:387)
	at com.alibaba.cloud.nacos.configdata.NacosConfigRefreshEventListener.onApplicationEvent(NacosConfigRefreshEventListener.java:52)
	at org.springframework.context.event.SimpleApplicationEventMulticaster.doInvokeListener(SimpleApplicationEventMulticaster.java:185)
	at org.springframework.context.event.SimpleApplicationEventMulticaster.invokeListener(SimpleApplicationEventMulticaster.java:178)
	at org.springframework.context.event.SimpleApplicationEventMulticaster.multicastEvent(SimpleApplicationEventMulticaster.java:156)
	at org.springframework.context.support.AbstractApplicationContext.publishEvent(AbstractApplicationContext.java:454)
	at org.springframework.context.support.AbstractApplicationContext.publishEvent(AbstractApplicationContext.java:387)
	at com.alibaba.cloud.nacos.refresh.NacosContextRefresher$1.innerReceive(NacosContextRefresher.java:131)
	at com.alibaba.nacos.api.config.listener.AbstractSharedListener.receiveConfigInfo(AbstractSharedListener.java:40)
	at com.alibaba.nacos.client.config.impl.CacheData$1.run(CacheData.java:440)
	at com.alibaba.nacos.client.config.impl.CacheData.safeNotifyListener(CacheData.java:483)
	at com.alibaba.nacos.client.config.impl.CacheData.checkListenerMd5(CacheData.java:324)
	at com.alibaba.nacos.client.config.impl.ClientWorker$ConfigRpcTransportClient.executeConfigListen(ClientWorker.java:819)
	at com.alibaba.nacos.client.config.impl.ClientWorker$ConfigRpcTransportClient.lambda$startInternal$2(ClientWorker.java:779)
	at java.base/java.util.concurrent.Executors$RunnableAdapter.call(Executors.java:572)
	at java.base/java.util.concurrent.FutureTask.run$$$capture(FutureTask.java:317)
	at java.base/java.util.concurrent.FutureTask.run(FutureTask.java)
	at java.base/java.util.concurrent.ScheduledThreadPoolExecutor$ScheduledFutureTask.run(ScheduledThreadPoolExecutor.java:304)
	at java.base/java.util.concurrent.ThreadPoolExecutor.runWorker(ThreadPoolExecutor.java:1144)
	at java.base/java.util.concurrent.ThreadPoolExecutor$Worker.run(ThreadPoolExecutor.java:642)
	at java.base/java.lang.Thread.run(Thread.java:1583)
:2025-08-12 11:23:51.502  INFO com.alibaba.nacos.client.Worker.0 c.a.c.n.r.NacosContextRefresher: [Nacos Config] Receive Nacos config change: dataId=application-dev.yml, group=DEFAULT_GROUP
:2025-08-12 11:23:51.523  INFO com.alibaba.nacos.client.Worker.0 c.a.c.n.c.NacosConfigDataLoader: [Nacos Config] Load config[dataId=pig-monitor-dev.yml, group=DEFAULT_GROUP] success
:2025-08-12 11:23:51.525  INFO com.alibaba.nacos.client.Worker.0 c.a.c.n.c.NacosConfigDataLoader: [Nacos Config] Load config[dataId=application-dev.yml, group=DEFAULT_GROUP] success
:2025-08-12 11:23:51.526 ERROR com.alibaba.nacos.client.Worker.0 c.a.c.n.c.NacosConfigDataLoader: Error getting properties from nacos: NacosConfigDataResource{properties=NacosConfigProperties{serverAddr='192.168.0.201:8848', encode='null', group='DEFAULT_GROUP', prefix='null', fileExtension='properties', timeout=3000, maxRetry='null', configLongPollTimeout='null', configRetryTime='null', enableRemoteSyncConfig=false, endpoint='null', namespace='5d42b64c-af69-4a94-8189-c7e890784c35', accessKey='null', secretKey='null', ramRoleName='null', contextPath='null', clusterName='null', name='null'', shares=null, extensions=null, refreshEnabled=true}, optional=false, profiles=[Profiles@7ecf0b95 active = '[]', default = '[default]', accepted = '[default]'], config=NacosItemConfig{group='DEFAULT_GROUP', dataId='application-dev.yml', suffix='yml', refreshEnabled=true, preference=null}}
org.yaml.snakeyaml.constructor.DuplicateKeyException: while constructing a mapping
 in 'reader', line 2, column 1:
    jasypt:
    ^
found duplicate key spring
 in 'reader', line 73, column 1:
    spring:
    ^

	at org.yaml.snakeyaml.constructor.SafeConstructor.processDuplicateKeys(SafeConstructor.java:126)
	at org.yaml.snakeyaml.constructor.SafeConstructor.flattenMapping(SafeConstructor.java:78)
	at org.yaml.snakeyaml.constructor.SafeConstructor.flattenMapping(SafeConstructor.java:73)
	at org.yaml.snakeyaml.constructor.SafeConstructor.constructMapping2ndStep(SafeConstructor.java:209)
	at org.yaml.snakeyaml.constructor.BaseConstructor.constructMapping(BaseConstructor.java:552)
	at org.yaml.snakeyaml.constructor.SafeConstructor$ConstructYamlMap.construct(SafeConstructor.java:597)
	at org.yaml.snakeyaml.constructor.BaseConstructor.constructObjectNoCheck(BaseConstructor.java:264)
	at org.yaml.snakeyaml.constructor.BaseConstructor.constructObject(BaseConstructor.java:247)
	at org.springframework.boot.env.OriginTrackedYamlLoader$OriginTrackingConstructor.constructObject(OriginTrackedYamlLoader.java:119)
	at org.yaml.snakeyaml.constructor.BaseConstructor.constructDocument(BaseConstructor.java:201)
	at org.yaml.snakeyaml.constructor.BaseConstructor.getData(BaseConstructor.java:166)
	at org.springframework.boot.env.OriginTrackedYamlLoader$OriginTrackingConstructor.getData(OriginTrackedYamlLoader.java:99)
	at org.yaml.snakeyaml.Yaml$1.next(Yaml.java:529)
	at org.springframework.beans.factory.config.YamlProcessor.process(YamlProcessor.java:203)
	at org.springframework.beans.factory.config.YamlProcessor.process(YamlProcessor.java:169)
	at org.springframework.boot.env.OriginTrackedYamlLoader.load(OriginTrackedYamlLoader.java:84)
	at org.springframework.boot.env.YamlPropertySourceLoader.load(YamlPropertySourceLoader.java:50)
	at com.alibaba.cloud.nacos.parser.NacosDataParserHandler.parseNacosData(NacosDataParserHandler.java:92)
	at com.alibaba.cloud.nacos.configdata.NacosConfigDataLoader.pullConfig(NacosConfigDataLoader.java:146)
	at com.alibaba.cloud.nacos.configdata.NacosConfigDataLoader.doLoad(NacosConfigDataLoader.java:80)
	at com.alibaba.cloud.nacos.configdata.NacosConfigDataLoader.load(NacosConfigDataLoader.java:67)
	at com.alibaba.cloud.nacos.configdata.NacosConfigDataLoader.load(NacosConfigDataLoader.java:56)
	at org.springframework.boot.context.config.ConfigDataLoaders.load(ConfigDataLoaders.java:96)
	at org.springframework.boot.context.config.ConfigDataImporter.load(ConfigDataImporter.java:132)
	at org.springframework.boot.context.config.ConfigDataImporter.resolveAndLoad(ConfigDataImporter.java:87)
	at org.springframework.boot.context.config.ConfigDataEnvironmentContributors.withProcessedImports(ConfigDataEnvironmentContributors.java:121)
	at org.springframework.boot.context.config.ConfigDataEnvironment.processWithProfiles(ConfigDataEnvironment.java:316)
	at org.springframework.boot.context.config.ConfigDataEnvironment.processAndApply(ConfigDataEnvironment.java:237)
	at org.springframework.boot.context.config.ConfigDataEnvironmentPostProcessor.postProcessEnvironment(ConfigDataEnvironmentPostProcessor.java:96)
	at org.springframework.boot.context.config.ConfigDataEnvironmentPostProcessor.postProcessEnvironment(ConfigDataEnvironmentPostProcessor.java:89)
	at org.springframework.cloud.context.refresh.ConfigDataContextRefresher.updateEnvironment(ConfigDataContextRefresher.java:92)
	at org.springframework.cloud.context.refresh.ContextRefresher.refreshEnvironment(ContextRefresher.java:100)
	at org.springframework.cloud.context.refresh.ContextRefresher.refresh(ContextRefresher.java:93)
	at org.springframework.cloud.endpoint.event.RefreshEventListener.handle(RefreshEventListener.java:72)
	at org.springframework.cloud.endpoint.event.RefreshEventListener.onApplicationEvent(RefreshEventListener.java:61)
	at org.springframework.context.event.SimpleApplicationEventMulticaster.doInvokeListener(SimpleApplicationEventMulticaster.java:185)
	at org.springframework.context.event.SimpleApplicationEventMulticaster.invokeListener(SimpleApplicationEventMulticaster.java:178)
	at org.springframework.context.event.SimpleApplicationEventMulticaster.multicastEvent(SimpleApplicationEventMulticaster.java:156)
	at org.springframework.context.support.AbstractApplicationContext.publishEvent(AbstractApplicationContext.java:454)
	at org.springframework.context.support.AbstractApplicationContext.publishEvent(AbstractApplicationContext.java:387)
	at com.alibaba.cloud.nacos.configdata.NacosConfigRefreshEventListener.onApplicationEvent(NacosConfigRefreshEventListener.java:52)
	at org.springframework.context.event.SimpleApplicationEventMulticaster.doInvokeListener(SimpleApplicationEventMulticaster.java:185)
	at org.springframework.context.event.SimpleApplicationEventMulticaster.invokeListener(SimpleApplicationEventMulticaster.java:178)
	at org.springframework.context.event.SimpleApplicationEventMulticaster.multicastEvent(SimpleApplicationEventMulticaster.java:156)
	at org.springframework.context.support.AbstractApplicationContext.publishEvent(AbstractApplicationContext.java:454)
	at org.springframework.context.support.AbstractApplicationContext.publishEvent(AbstractApplicationContext.java:387)
	at com.alibaba.cloud.nacos.refresh.NacosContextRefresher$1.innerReceive(NacosContextRefresher.java:131)
	at com.alibaba.nacos.api.config.listener.AbstractSharedListener.receiveConfigInfo(AbstractSharedListener.java:40)
	at com.alibaba.nacos.client.config.impl.CacheData$1.run(CacheData.java:440)
	at com.alibaba.nacos.client.config.impl.CacheData.safeNotifyListener(CacheData.java:483)
	at com.alibaba.nacos.client.config.impl.CacheData.checkListenerMd5(CacheData.java:324)
	at com.alibaba.nacos.client.config.impl.ClientWorker$ConfigRpcTransportClient.executeConfigListen(ClientWorker.java:819)
	at com.alibaba.nacos.client.config.impl.ClientWorker$ConfigRpcTransportClient.lambda$startInternal$2(ClientWorker.java:779)
	at java.base/java.util.concurrent.Executors$RunnableAdapter.call(Executors.java:572)
	at java.base/java.util.concurrent.FutureTask.run$$$capture(FutureTask.java:317)
	at java.base/java.util.concurrent.FutureTask.run(FutureTask.java)
	at java.base/java.util.concurrent.ScheduledThreadPoolExecutor$ScheduledFutureTask.run(ScheduledThreadPoolExecutor.java:304)
	at java.base/java.util.concurrent.ThreadPoolExecutor.runWorker(ThreadPoolExecutor.java:1144)
	at java.base/java.util.concurrent.ThreadPoolExecutor$Worker.run(ThreadPoolExecutor.java:642)
	at java.base/java.lang.Thread.run(Thread.java:1583)
:2025-08-12 11:23:56.532  INFO com.alibaba.nacos.client.Worker.0 c.a.c.n.r.NacosContextRefresher: [Nacos Config] Receive Nacos config change: dataId=application-dev.yml, group=DEFAULT_GROUP
:2025-08-12 11:23:56.547  INFO com.alibaba.nacos.client.Worker.0 c.a.c.n.c.NacosConfigDataLoader: [Nacos Config] Load config[dataId=pig-monitor-dev.yml, group=DEFAULT_GROUP] success
:2025-08-12 11:23:56.550  INFO com.alibaba.nacos.client.Worker.0 c.a.c.n.c.NacosConfigDataLoader: [Nacos Config] Load config[dataId=application-dev.yml, group=DEFAULT_GROUP] success
:2025-08-12 11:23:56.551 ERROR com.alibaba.nacos.client.Worker.0 c.a.c.n.c.NacosConfigDataLoader: Error getting properties from nacos: NacosConfigDataResource{properties=NacosConfigProperties{serverAddr='192.168.0.201:8848', encode='null', group='DEFAULT_GROUP', prefix='null', fileExtension='properties', timeout=3000, maxRetry='null', configLongPollTimeout='null', configRetryTime='null', enableRemoteSyncConfig=false, endpoint='null', namespace='5d42b64c-af69-4a94-8189-c7e890784c35', accessKey='null', secretKey='null', ramRoleName='null', contextPath='null', clusterName='null', name='null'', shares=null, extensions=null, refreshEnabled=true}, optional=false, profiles=[Profiles@14c11afc active = '[]', default = '[default]', accepted = '[default]'], config=NacosItemConfig{group='DEFAULT_GROUP', dataId='application-dev.yml', suffix='yml', refreshEnabled=true, preference=null}}
org.yaml.snakeyaml.constructor.DuplicateKeyException: while constructing a mapping
 in 'reader', line 2, column 1:
    jasypt:
    ^
found duplicate key spring
 in 'reader', line 73, column 1:
    spring:
    ^

	at org.yaml.snakeyaml.constructor.SafeConstructor.processDuplicateKeys(SafeConstructor.java:126)
	at org.yaml.snakeyaml.constructor.SafeConstructor.flattenMapping(SafeConstructor.java:78)
	at org.yaml.snakeyaml.constructor.SafeConstructor.flattenMapping(SafeConstructor.java:73)
	at org.yaml.snakeyaml.constructor.SafeConstructor.constructMapping2ndStep(SafeConstructor.java:209)
	at org.yaml.snakeyaml.constructor.BaseConstructor.constructMapping(BaseConstructor.java:552)
	at org.yaml.snakeyaml.constructor.SafeConstructor$ConstructYamlMap.construct(SafeConstructor.java:597)
	at org.yaml.snakeyaml.constructor.BaseConstructor.constructObjectNoCheck(BaseConstructor.java:264)
	at org.yaml.snakeyaml.constructor.BaseConstructor.constructObject(BaseConstructor.java:247)
	at org.springframework.boot.env.OriginTrackedYamlLoader$OriginTrackingConstructor.constructObject(OriginTrackedYamlLoader.java:119)
	at org.yaml.snakeyaml.constructor.BaseConstructor.constructDocument(BaseConstructor.java:201)
	at org.yaml.snakeyaml.constructor.BaseConstructor.getData(BaseConstructor.java:166)
	at org.springframework.boot.env.OriginTrackedYamlLoader$OriginTrackingConstructor.getData(OriginTrackedYamlLoader.java:99)
	at org.yaml.snakeyaml.Yaml$1.next(Yaml.java:529)
	at org.springframework.beans.factory.config.YamlProcessor.process(YamlProcessor.java:203)
	at org.springframework.beans.factory.config.YamlProcessor.process(YamlProcessor.java:169)
	at org.springframework.boot.env.OriginTrackedYamlLoader.load(OriginTrackedYamlLoader.java:84)
	at org.springframework.boot.env.YamlPropertySourceLoader.load(YamlPropertySourceLoader.java:50)
	at com.alibaba.cloud.nacos.parser.NacosDataParserHandler.parseNacosData(NacosDataParserHandler.java:92)
	at com.alibaba.cloud.nacos.configdata.NacosConfigDataLoader.pullConfig(NacosConfigDataLoader.java:146)
	at com.alibaba.cloud.nacos.configdata.NacosConfigDataLoader.doLoad(NacosConfigDataLoader.java:80)
	at com.alibaba.cloud.nacos.configdata.NacosConfigDataLoader.load(NacosConfigDataLoader.java:67)
	at com.alibaba.cloud.nacos.configdata.NacosConfigDataLoader.load(NacosConfigDataLoader.java:56)
	at org.springframework.boot.context.config.ConfigDataLoaders.load(ConfigDataLoaders.java:96)
	at org.springframework.boot.context.config.ConfigDataImporter.load(ConfigDataImporter.java:132)
	at org.springframework.boot.context.config.ConfigDataImporter.resolveAndLoad(ConfigDataImporter.java:87)
	at org.springframework.boot.context.config.ConfigDataEnvironmentContributors.withProcessedImports(ConfigDataEnvironmentContributors.java:121)
	at org.springframework.boot.context.config.ConfigDataEnvironment.processWithProfiles(ConfigDataEnvironment.java:316)
	at org.springframework.boot.context.config.ConfigDataEnvironment.processAndApply(ConfigDataEnvironment.java:237)
	at org.springframework.boot.context.config.ConfigDataEnvironmentPostProcessor.postProcessEnvironment(ConfigDataEnvironmentPostProcessor.java:96)
	at org.springframework.boot.context.config.ConfigDataEnvironmentPostProcessor.postProcessEnvironment(ConfigDataEnvironmentPostProcessor.java:89)
	at org.springframework.cloud.context.refresh.ConfigDataContextRefresher.updateEnvironment(ConfigDataContextRefresher.java:92)
	at org.springframework.cloud.context.refresh.ContextRefresher.refreshEnvironment(ContextRefresher.java:100)
	at org.springframework.cloud.context.refresh.ContextRefresher.refresh(ContextRefresher.java:93)
	at org.springframework.cloud.endpoint.event.RefreshEventListener.handle(RefreshEventListener.java:72)
	at org.springframework.cloud.endpoint.event.RefreshEventListener.onApplicationEvent(RefreshEventListener.java:61)
	at org.springframework.context.event.SimpleApplicationEventMulticaster.doInvokeListener(SimpleApplicationEventMulticaster.java:185)
	at org.springframework.context.event.SimpleApplicationEventMulticaster.invokeListener(SimpleApplicationEventMulticaster.java:178)
	at org.springframework.context.event.SimpleApplicationEventMulticaster.multicastEvent(SimpleApplicationEventMulticaster.java:156)
	at org.springframework.context.support.AbstractApplicationContext.publishEvent(AbstractApplicationContext.java:454)
	at org.springframework.context.support.AbstractApplicationContext.publishEvent(AbstractApplicationContext.java:387)
	at com.alibaba.cloud.nacos.configdata.NacosConfigRefreshEventListener.onApplicationEvent(NacosConfigRefreshEventListener.java:52)
	at org.springframework.context.event.SimpleApplicationEventMulticaster.doInvokeListener(SimpleApplicationEventMulticaster.java:185)
	at org.springframework.context.event.SimpleApplicationEventMulticaster.invokeListener(SimpleApplicationEventMulticaster.java:178)
	at org.springframework.context.event.SimpleApplicationEventMulticaster.multicastEvent(SimpleApplicationEventMulticaster.java:156)
	at org.springframework.context.support.AbstractApplicationContext.publishEvent(AbstractApplicationContext.java:454)
	at org.springframework.context.support.AbstractApplicationContext.publishEvent(AbstractApplicationContext.java:387)
	at com.alibaba.cloud.nacos.refresh.NacosContextRefresher$1.innerReceive(NacosContextRefresher.java:131)
	at com.alibaba.nacos.api.config.listener.AbstractSharedListener.receiveConfigInfo(AbstractSharedListener.java:40)
	at com.alibaba.nacos.client.config.impl.CacheData$1.run(CacheData.java:440)
	at com.alibaba.nacos.client.config.impl.CacheData.safeNotifyListener(CacheData.java:483)
	at com.alibaba.nacos.client.config.impl.CacheData.checkListenerMd5(CacheData.java:324)
	at com.alibaba.nacos.client.config.impl.ClientWorker$ConfigRpcTransportClient.executeConfigListen(ClientWorker.java:819)
	at com.alibaba.nacos.client.config.impl.ClientWorker$ConfigRpcTransportClient.lambda$startInternal$2(ClientWorker.java:779)
	at java.base/java.util.concurrent.Executors$RunnableAdapter.call(Executors.java:572)
	at java.base/java.util.concurrent.FutureTask.run$$$capture(FutureTask.java:317)
	at java.base/java.util.concurrent.FutureTask.run(FutureTask.java)
	at java.base/java.util.concurrent.ScheduledThreadPoolExecutor$ScheduledFutureTask.run(ScheduledThreadPoolExecutor.java:304)
	at java.base/java.util.concurrent.ThreadPoolExecutor.runWorker(ThreadPoolExecutor.java:1144)
	at java.base/java.util.concurrent.ThreadPoolExecutor$Worker.run(ThreadPoolExecutor.java:642)
	at java.base/java.lang.Thread.run(Thread.java:1583)
:2025-08-12 11:24:01.554  INFO com.alibaba.nacos.client.Worker.0 c.a.c.n.r.NacosContextRefresher: [Nacos Config] Receive Nacos config change: dataId=application-dev.yml, group=DEFAULT_GROUP
:2025-08-12 11:24:01.573  INFO com.alibaba.nacos.client.Worker.0 c.a.c.n.c.NacosConfigDataLoader: [Nacos Config] Load config[dataId=pig-monitor-dev.yml, group=DEFAULT_GROUP] success
:2025-08-12 11:24:01.576  INFO com.alibaba.nacos.client.Worker.0 c.a.c.n.c.NacosConfigDataLoader: [Nacos Config] Load config[dataId=application-dev.yml, group=DEFAULT_GROUP] success
:2025-08-12 11:24:01.576 ERROR com.alibaba.nacos.client.Worker.0 c.a.c.n.c.NacosConfigDataLoader: Error getting properties from nacos: NacosConfigDataResource{properties=NacosConfigProperties{serverAddr='192.168.0.201:8848', encode='null', group='DEFAULT_GROUP', prefix='null', fileExtension='properties', timeout=3000, maxRetry='null', configLongPollTimeout='null', configRetryTime='null', enableRemoteSyncConfig=false, endpoint='null', namespace='5d42b64c-af69-4a94-8189-c7e890784c35', accessKey='null', secretKey='null', ramRoleName='null', contextPath='null', clusterName='null', name='null'', shares=null, extensions=null, refreshEnabled=true}, optional=false, profiles=[Profiles@7344a0d9 active = '[]', default = '[default]', accepted = '[default]'], config=NacosItemConfig{group='DEFAULT_GROUP', dataId='application-dev.yml', suffix='yml', refreshEnabled=true, preference=null}}
org.yaml.snakeyaml.constructor.DuplicateKeyException: while constructing a mapping
 in 'reader', line 2, column 1:
    jasypt:
    ^
found duplicate key spring
 in 'reader', line 73, column 1:
    spring:
    ^

	at org.yaml.snakeyaml.constructor.SafeConstructor.processDuplicateKeys(SafeConstructor.java:126)
	at org.yaml.snakeyaml.constructor.SafeConstructor.flattenMapping(SafeConstructor.java:78)
	at org.yaml.snakeyaml.constructor.SafeConstructor.flattenMapping(SafeConstructor.java:73)
	at org.yaml.snakeyaml.constructor.SafeConstructor.constructMapping2ndStep(SafeConstructor.java:209)
	at org.yaml.snakeyaml.constructor.BaseConstructor.constructMapping(BaseConstructor.java:552)
	at org.yaml.snakeyaml.constructor.SafeConstructor$ConstructYamlMap.construct(SafeConstructor.java:597)
	at org.yaml.snakeyaml.constructor.BaseConstructor.constructObjectNoCheck(BaseConstructor.java:264)
	at org.yaml.snakeyaml.constructor.BaseConstructor.constructObject(BaseConstructor.java:247)
	at org.springframework.boot.env.OriginTrackedYamlLoader$OriginTrackingConstructor.constructObject(OriginTrackedYamlLoader.java:119)
	at org.yaml.snakeyaml.constructor.BaseConstructor.constructDocument(BaseConstructor.java:201)
	at org.yaml.snakeyaml.constructor.BaseConstructor.getData(BaseConstructor.java:166)
	at org.springframework.boot.env.OriginTrackedYamlLoader$OriginTrackingConstructor.getData(OriginTrackedYamlLoader.java:99)
	at org.yaml.snakeyaml.Yaml$1.next(Yaml.java:529)
	at org.springframework.beans.factory.config.YamlProcessor.process(YamlProcessor.java:203)
	at org.springframework.beans.factory.config.YamlProcessor.process(YamlProcessor.java:169)
	at org.springframework.boot.env.OriginTrackedYamlLoader.load(OriginTrackedYamlLoader.java:84)
	at org.springframework.boot.env.YamlPropertySourceLoader.load(YamlPropertySourceLoader.java:50)
	at com.alibaba.cloud.nacos.parser.NacosDataParserHandler.parseNacosData(NacosDataParserHandler.java:92)
	at com.alibaba.cloud.nacos.configdata.NacosConfigDataLoader.pullConfig(NacosConfigDataLoader.java:146)
	at com.alibaba.cloud.nacos.configdata.NacosConfigDataLoader.doLoad(NacosConfigDataLoader.java:80)
	at com.alibaba.cloud.nacos.configdata.NacosConfigDataLoader.load(NacosConfigDataLoader.java:67)
	at com.alibaba.cloud.nacos.configdata.NacosConfigDataLoader.load(NacosConfigDataLoader.java:56)
	at org.springframework.boot.context.config.ConfigDataLoaders.load(ConfigDataLoaders.java:96)
	at org.springframework.boot.context.config.ConfigDataImporter.load(ConfigDataImporter.java:132)
	at org.springframework.boot.context.config.ConfigDataImporter.resolveAndLoad(ConfigDataImporter.java:87)
	at org.springframework.boot.context.config.ConfigDataEnvironmentContributors.withProcessedImports(ConfigDataEnvironmentContributors.java:121)
	at org.springframework.boot.context.config.ConfigDataEnvironment.processWithProfiles(ConfigDataEnvironment.java:316)
	at org.springframework.boot.context.config.ConfigDataEnvironment.processAndApply(ConfigDataEnvironment.java:237)
	at org.springframework.boot.context.config.ConfigDataEnvironmentPostProcessor.postProcessEnvironment(ConfigDataEnvironmentPostProcessor.java:96)
	at org.springframework.boot.context.config.ConfigDataEnvironmentPostProcessor.postProcessEnvironment(ConfigDataEnvironmentPostProcessor.java:89)
	at org.springframework.cloud.context.refresh.ConfigDataContextRefresher.updateEnvironment(ConfigDataContextRefresher.java:92)
	at org.springframework.cloud.context.refresh.ContextRefresher.refreshEnvironment(ContextRefresher.java:100)
	at org.springframework.cloud.context.refresh.ContextRefresher.refresh(ContextRefresher.java:93)
	at org.springframework.cloud.endpoint.event.RefreshEventListener.handle(RefreshEventListener.java:72)
	at org.springframework.cloud.endpoint.event.RefreshEventListener.onApplicationEvent(RefreshEventListener.java:61)
	at org.springframework.context.event.SimpleApplicationEventMulticaster.doInvokeListener(SimpleApplicationEventMulticaster.java:185)
	at org.springframework.context.event.SimpleApplicationEventMulticaster.invokeListener(SimpleApplicationEventMulticaster.java:178)
	at org.springframework.context.event.SimpleApplicationEventMulticaster.multicastEvent(SimpleApplicationEventMulticaster.java:156)
	at org.springframework.context.support.AbstractApplicationContext.publishEvent(AbstractApplicationContext.java:454)
	at org.springframework.context.support.AbstractApplicationContext.publishEvent(AbstractApplicationContext.java:387)
	at com.alibaba.cloud.nacos.configdata.NacosConfigRefreshEventListener.onApplicationEvent(NacosConfigRefreshEventListener.java:52)
	at org.springframework.context.event.SimpleApplicationEventMulticaster.doInvokeListener(SimpleApplicationEventMulticaster.java:185)
	at org.springframework.context.event.SimpleApplicationEventMulticaster.invokeListener(SimpleApplicationEventMulticaster.java:178)
	at org.springframework.context.event.SimpleApplicationEventMulticaster.multicastEvent(SimpleApplicationEventMulticaster.java:156)
	at org.springframework.context.support.AbstractApplicationContext.publishEvent(AbstractApplicationContext.java:454)
	at org.springframework.context.support.AbstractApplicationContext.publishEvent(AbstractApplicationContext.java:387)
	at com.alibaba.cloud.nacos.refresh.NacosContextRefresher$1.innerReceive(NacosContextRefresher.java:131)
	at com.alibaba.nacos.api.config.listener.AbstractSharedListener.receiveConfigInfo(AbstractSharedListener.java:40)
	at com.alibaba.nacos.client.config.impl.CacheData$1.run(CacheData.java:440)
	at com.alibaba.nacos.client.config.impl.CacheData.safeNotifyListener(CacheData.java:483)
	at com.alibaba.nacos.client.config.impl.CacheData.checkListenerMd5(CacheData.java:324)
	at com.alibaba.nacos.client.config.impl.ClientWorker$ConfigRpcTransportClient.executeConfigListen(ClientWorker.java:819)
	at com.alibaba.nacos.client.config.impl.ClientWorker$ConfigRpcTransportClient.lambda$startInternal$2(ClientWorker.java:779)
	at java.base/java.util.concurrent.Executors$RunnableAdapter.call(Executors.java:572)
	at java.base/java.util.concurrent.FutureTask.run$$$capture(FutureTask.java:317)
	at java.base/java.util.concurrent.FutureTask.run(FutureTask.java)
	at java.base/java.util.concurrent.ScheduledThreadPoolExecutor$ScheduledFutureTask.run(ScheduledThreadPoolExecutor.java:304)
	at java.base/java.util.concurrent.ThreadPoolExecutor.runWorker(ThreadPoolExecutor.java:1144)
	at java.base/java.util.concurrent.ThreadPoolExecutor$Worker.run(ThreadPoolExecutor.java:642)
	at java.base/java.lang.Thread.run(Thread.java:1583)
:2025-08-12 11:24:06.591  INFO com.alibaba.nacos.client.Worker.0 c.a.c.n.r.NacosContextRefresher: [Nacos Config] Receive Nacos config change: dataId=application-dev.yml, group=DEFAULT_GROUP
:2025-08-12 11:24:06.606  INFO com.alibaba.nacos.client.Worker.0 c.a.c.n.c.NacosConfigDataLoader: [Nacos Config] Load config[dataId=pig-monitor-dev.yml, group=DEFAULT_GROUP] success
:2025-08-12 11:24:06.609  INFO com.alibaba.nacos.client.Worker.0 c.a.c.n.c.NacosConfigDataLoader: [Nacos Config] Load config[dataId=application-dev.yml, group=DEFAULT_GROUP] success
:2025-08-12 11:24:06.610 ERROR com.alibaba.nacos.client.Worker.0 c.a.c.n.c.NacosConfigDataLoader: Error getting properties from nacos: NacosConfigDataResource{properties=NacosConfigProperties{serverAddr='192.168.0.201:8848', encode='null', group='DEFAULT_GROUP', prefix='null', fileExtension='properties', timeout=3000, maxRetry='null', configLongPollTimeout='null', configRetryTime='null', enableRemoteSyncConfig=false, endpoint='null', namespace='5d42b64c-af69-4a94-8189-c7e890784c35', accessKey='null', secretKey='null', ramRoleName='null', contextPath='null', clusterName='null', name='null'', shares=null, extensions=null, refreshEnabled=true}, optional=false, profiles=[Profiles@5aa4f345 active = '[]', default = '[default]', accepted = '[default]'], config=NacosItemConfig{group='DEFAULT_GROUP', dataId='application-dev.yml', suffix='yml', refreshEnabled=true, preference=null}}
org.yaml.snakeyaml.constructor.DuplicateKeyException: while constructing a mapping
 in 'reader', line 2, column 1:
    jasypt:
    ^
found duplicate key spring
 in 'reader', line 73, column 1:
    spring:
    ^

	at org.yaml.snakeyaml.constructor.SafeConstructor.processDuplicateKeys(SafeConstructor.java:126)
	at org.yaml.snakeyaml.constructor.SafeConstructor.flattenMapping(SafeConstructor.java:78)
	at org.yaml.snakeyaml.constructor.SafeConstructor.flattenMapping(SafeConstructor.java:73)
	at org.yaml.snakeyaml.constructor.SafeConstructor.constructMapping2ndStep(SafeConstructor.java:209)
	at org.yaml.snakeyaml.constructor.BaseConstructor.constructMapping(BaseConstructor.java:552)
	at org.yaml.snakeyaml.constructor.SafeConstructor$ConstructYamlMap.construct(SafeConstructor.java:597)
	at org.yaml.snakeyaml.constructor.BaseConstructor.constructObjectNoCheck(BaseConstructor.java:264)
	at org.yaml.snakeyaml.constructor.BaseConstructor.constructObject(BaseConstructor.java:247)
	at org.springframework.boot.env.OriginTrackedYamlLoader$OriginTrackingConstructor.constructObject(OriginTrackedYamlLoader.java:119)
	at org.yaml.snakeyaml.constructor.BaseConstructor.constructDocument(BaseConstructor.java:201)
	at org.yaml.snakeyaml.constructor.BaseConstructor.getData(BaseConstructor.java:166)
	at org.springframework.boot.env.OriginTrackedYamlLoader$OriginTrackingConstructor.getData(OriginTrackedYamlLoader.java:99)
	at org.yaml.snakeyaml.Yaml$1.next(Yaml.java:529)
	at org.springframework.beans.factory.config.YamlProcessor.process(YamlProcessor.java:203)
	at org.springframework.beans.factory.config.YamlProcessor.process(YamlProcessor.java:169)
	at org.springframework.boot.env.OriginTrackedYamlLoader.load(OriginTrackedYamlLoader.java:84)
	at org.springframework.boot.env.YamlPropertySourceLoader.load(YamlPropertySourceLoader.java:50)
	at com.alibaba.cloud.nacos.parser.NacosDataParserHandler.parseNacosData(NacosDataParserHandler.java:92)
	at com.alibaba.cloud.nacos.configdata.NacosConfigDataLoader.pullConfig(NacosConfigDataLoader.java:146)
	at com.alibaba.cloud.nacos.configdata.NacosConfigDataLoader.doLoad(NacosConfigDataLoader.java:80)
	at com.alibaba.cloud.nacos.configdata.NacosConfigDataLoader.load(NacosConfigDataLoader.java:67)
	at com.alibaba.cloud.nacos.configdata.NacosConfigDataLoader.load(NacosConfigDataLoader.java:56)
	at org.springframework.boot.context.config.ConfigDataLoaders.load(ConfigDataLoaders.java:96)
	at org.springframework.boot.context.config.ConfigDataImporter.load(ConfigDataImporter.java:132)
	at org.springframework.boot.context.config.ConfigDataImporter.resolveAndLoad(ConfigDataImporter.java:87)
	at org.springframework.boot.context.config.ConfigDataEnvironmentContributors.withProcessedImports(ConfigDataEnvironmentContributors.java:121)
	at org.springframework.boot.context.config.ConfigDataEnvironment.processWithProfiles(ConfigDataEnvironment.java:316)
	at org.springframework.boot.context.config.ConfigDataEnvironment.processAndApply(ConfigDataEnvironment.java:237)
	at org.springframework.boot.context.config.ConfigDataEnvironmentPostProcessor.postProcessEnvironment(ConfigDataEnvironmentPostProcessor.java:96)
	at org.springframework.boot.context.config.ConfigDataEnvironmentPostProcessor.postProcessEnvironment(ConfigDataEnvironmentPostProcessor.java:89)
	at org.springframework.cloud.context.refresh.ConfigDataContextRefresher.updateEnvironment(ConfigDataContextRefresher.java:92)
	at org.springframework.cloud.context.refresh.ContextRefresher.refreshEnvironment(ContextRefresher.java:100)
	at org.springframework.cloud.context.refresh.ContextRefresher.refresh(ContextRefresher.java:93)
	at org.springframework.cloud.endpoint.event.RefreshEventListener.handle(RefreshEventListener.java:72)
	at org.springframework.cloud.endpoint.event.RefreshEventListener.onApplicationEvent(RefreshEventListener.java:61)
	at org.springframework.context.event.SimpleApplicationEventMulticaster.doInvokeListener(SimpleApplicationEventMulticaster.java:185)
	at org.springframework.context.event.SimpleApplicationEventMulticaster.invokeListener(SimpleApplicationEventMulticaster.java:178)
	at org.springframework.context.event.SimpleApplicationEventMulticaster.multicastEvent(SimpleApplicationEventMulticaster.java:156)
	at org.springframework.context.support.AbstractApplicationContext.publishEvent(AbstractApplicationContext.java:454)
	at org.springframework.context.support.AbstractApplicationContext.publishEvent(AbstractApplicationContext.java:387)
	at com.alibaba.cloud.nacos.configdata.NacosConfigRefreshEventListener.onApplicationEvent(NacosConfigRefreshEventListener.java:52)
	at org.springframework.context.event.SimpleApplicationEventMulticaster.doInvokeListener(SimpleApplicationEventMulticaster.java:185)
	at org.springframework.context.event.SimpleApplicationEventMulticaster.invokeListener(SimpleApplicationEventMulticaster.java:178)
	at org.springframework.context.event.SimpleApplicationEventMulticaster.multicastEvent(SimpleApplicationEventMulticaster.java:156)
	at org.springframework.context.support.AbstractApplicationContext.publishEvent(AbstractApplicationContext.java:454)
	at org.springframework.context.support.AbstractApplicationContext.publishEvent(AbstractApplicationContext.java:387)
	at com.alibaba.cloud.nacos.refresh.NacosContextRefresher$1.innerReceive(NacosContextRefresher.java:131)
	at com.alibaba.nacos.api.config.listener.AbstractSharedListener.receiveConfigInfo(AbstractSharedListener.java:40)
	at com.alibaba.nacos.client.config.impl.CacheData$1.run(CacheData.java:440)
	at com.alibaba.nacos.client.config.impl.CacheData.safeNotifyListener(CacheData.java:483)
	at com.alibaba.nacos.client.config.impl.CacheData.checkListenerMd5(CacheData.java:324)
	at com.alibaba.nacos.client.config.impl.ClientWorker$ConfigRpcTransportClient.executeConfigListen(ClientWorker.java:819)
	at com.alibaba.nacos.client.config.impl.ClientWorker$ConfigRpcTransportClient.lambda$startInternal$2(ClientWorker.java:779)
	at java.base/java.util.concurrent.Executors$RunnableAdapter.call(Executors.java:572)
	at java.base/java.util.concurrent.FutureTask.run$$$capture(FutureTask.java:317)
	at java.base/java.util.concurrent.FutureTask.run(FutureTask.java)
	at java.base/java.util.concurrent.ScheduledThreadPoolExecutor$ScheduledFutureTask.run(ScheduledThreadPoolExecutor.java:304)
	at java.base/java.util.concurrent.ThreadPoolExecutor.runWorker(ThreadPoolExecutor.java:1144)
	at java.base/java.util.concurrent.ThreadPoolExecutor$Worker.run(ThreadPoolExecutor.java:642)
	at java.base/java.lang.Thread.run(Thread.java:1583)
:2025-08-12 11:24:11.616  INFO com.alibaba.nacos.client.Worker.0 c.a.c.n.r.NacosContextRefresher: [Nacos Config] Receive Nacos config change: dataId=application-dev.yml, group=DEFAULT_GROUP
:2025-08-12 11:24:11.638  INFO com.alibaba.nacos.client.Worker.0 c.a.c.n.c.NacosConfigDataLoader: [Nacos Config] Load config[dataId=pig-monitor-dev.yml, group=DEFAULT_GROUP] success
:2025-08-12 11:24:11.640  INFO com.alibaba.nacos.client.Worker.0 c.a.c.n.c.NacosConfigDataLoader: [Nacos Config] Load config[dataId=application-dev.yml, group=DEFAULT_GROUP] success
:2025-08-12 11:24:11.641 ERROR com.alibaba.nacos.client.Worker.0 c.a.c.n.c.NacosConfigDataLoader: Error getting properties from nacos: NacosConfigDataResource{properties=NacosConfigProperties{serverAddr='192.168.0.201:8848', encode='null', group='DEFAULT_GROUP', prefix='null', fileExtension='properties', timeout=3000, maxRetry='null', configLongPollTimeout='null', configRetryTime='null', enableRemoteSyncConfig=false, endpoint='null', namespace='5d42b64c-af69-4a94-8189-c7e890784c35', accessKey='null', secretKey='null', ramRoleName='null', contextPath='null', clusterName='null', name='null'', shares=null, extensions=null, refreshEnabled=true}, optional=false, profiles=[Profiles@72665a23 active = '[]', default = '[default]', accepted = '[default]'], config=NacosItemConfig{group='DEFAULT_GROUP', dataId='application-dev.yml', suffix='yml', refreshEnabled=true, preference=null}}
org.yaml.snakeyaml.constructor.DuplicateKeyException: while constructing a mapping
 in 'reader', line 2, column 1:
    jasypt:
    ^
found duplicate key spring
 in 'reader', line 73, column 1:
    spring:
    ^

	at org.yaml.snakeyaml.constructor.SafeConstructor.processDuplicateKeys(SafeConstructor.java:126)
	at org.yaml.snakeyaml.constructor.SafeConstructor.flattenMapping(SafeConstructor.java:78)
	at org.yaml.snakeyaml.constructor.SafeConstructor.flattenMapping(SafeConstructor.java:73)
	at org.yaml.snakeyaml.constructor.SafeConstructor.constructMapping2ndStep(SafeConstructor.java:209)
	at org.yaml.snakeyaml.constructor.BaseConstructor.constructMapping(BaseConstructor.java:552)
	at org.yaml.snakeyaml.constructor.SafeConstructor$ConstructYamlMap.construct(SafeConstructor.java:597)
	at org.yaml.snakeyaml.constructor.BaseConstructor.constructObjectNoCheck(BaseConstructor.java:264)
	at org.yaml.snakeyaml.constructor.BaseConstructor.constructObject(BaseConstructor.java:247)
	at org.springframework.boot.env.OriginTrackedYamlLoader$OriginTrackingConstructor.constructObject(OriginTrackedYamlLoader.java:119)
	at org.yaml.snakeyaml.constructor.BaseConstructor.constructDocument(BaseConstructor.java:201)
	at org.yaml.snakeyaml.constructor.BaseConstructor.getData(BaseConstructor.java:166)
	at org.springframework.boot.env.OriginTrackedYamlLoader$OriginTrackingConstructor.getData(OriginTrackedYamlLoader.java:99)
	at org.yaml.snakeyaml.Yaml$1.next(Yaml.java:529)
	at org.springframework.beans.factory.config.YamlProcessor.process(YamlProcessor.java:203)
	at org.springframework.beans.factory.config.YamlProcessor.process(YamlProcessor.java:169)
	at org.springframework.boot.env.OriginTrackedYamlLoader.load(OriginTrackedYamlLoader.java:84)
	at org.springframework.boot.env.YamlPropertySourceLoader.load(YamlPropertySourceLoader.java:50)
	at com.alibaba.cloud.nacos.parser.NacosDataParserHandler.parseNacosData(NacosDataParserHandler.java:92)
	at com.alibaba.cloud.nacos.configdata.NacosConfigDataLoader.pullConfig(NacosConfigDataLoader.java:146)
	at com.alibaba.cloud.nacos.configdata.NacosConfigDataLoader.doLoad(NacosConfigDataLoader.java:80)
	at com.alibaba.cloud.nacos.configdata.NacosConfigDataLoader.load(NacosConfigDataLoader.java:67)
	at com.alibaba.cloud.nacos.configdata.NacosConfigDataLoader.load(NacosConfigDataLoader.java:56)
	at org.springframework.boot.context.config.ConfigDataLoaders.load(ConfigDataLoaders.java:96)
	at org.springframework.boot.context.config.ConfigDataImporter.load(ConfigDataImporter.java:132)
	at org.springframework.boot.context.config.ConfigDataImporter.resolveAndLoad(ConfigDataImporter.java:87)
	at org.springframework.boot.context.config.ConfigDataEnvironmentContributors.withProcessedImports(ConfigDataEnvironmentContributors.java:121)
	at org.springframework.boot.context.config.ConfigDataEnvironment.processWithProfiles(ConfigDataEnvironment.java:316)
	at org.springframework.boot.context.config.ConfigDataEnvironment.processAndApply(ConfigDataEnvironment.java:237)
	at org.springframework.boot.context.config.ConfigDataEnvironmentPostProcessor.postProcessEnvironment(ConfigDataEnvironmentPostProcessor.java:96)
	at org.springframework.boot.context.config.ConfigDataEnvironmentPostProcessor.postProcessEnvironment(ConfigDataEnvironmentPostProcessor.java:89)
	at org.springframework.cloud.context.refresh.ConfigDataContextRefresher.updateEnvironment(ConfigDataContextRefresher.java:92)
	at org.springframework.cloud.context.refresh.ContextRefresher.refreshEnvironment(ContextRefresher.java:100)
	at org.springframework.cloud.context.refresh.ContextRefresher.refresh(ContextRefresher.java:93)
	at org.springframework.cloud.endpoint.event.RefreshEventListener.handle(RefreshEventListener.java:72)
	at org.springframework.cloud.endpoint.event.RefreshEventListener.onApplicationEvent(RefreshEventListener.java:61)
	at org.springframework.context.event.SimpleApplicationEventMulticaster.doInvokeListener(SimpleApplicationEventMulticaster.java:185)
	at org.springframework.context.event.SimpleApplicationEventMulticaster.invokeListener(SimpleApplicationEventMulticaster.java:178)
	at org.springframework.context.event.SimpleApplicationEventMulticaster.multicastEvent(SimpleApplicationEventMulticaster.java:156)
	at org.springframework.context.support.AbstractApplicationContext.publishEvent(AbstractApplicationContext.java:454)
	at org.springframework.context.support.AbstractApplicationContext.publishEvent(AbstractApplicationContext.java:387)
	at com.alibaba.cloud.nacos.configdata.NacosConfigRefreshEventListener.onApplicationEvent(NacosConfigRefreshEventListener.java:52)
	at org.springframework.context.event.SimpleApplicationEventMulticaster.doInvokeListener(SimpleApplicationEventMulticaster.java:185)
	at org.springframework.context.event.SimpleApplicationEventMulticaster.invokeListener(SimpleApplicationEventMulticaster.java:178)
	at org.springframework.context.event.SimpleApplicationEventMulticaster.multicastEvent(SimpleApplicationEventMulticaster.java:156)
	at org.springframework.context.support.AbstractApplicationContext.publishEvent(AbstractApplicationContext.java:454)
	at org.springframework.context.support.AbstractApplicationContext.publishEvent(AbstractApplicationContext.java:387)
	at com.alibaba.cloud.nacos.refresh.NacosContextRefresher$1.innerReceive(NacosContextRefresher.java:131)
	at com.alibaba.nacos.api.config.listener.AbstractSharedListener.receiveConfigInfo(AbstractSharedListener.java:40)
	at com.alibaba.nacos.client.config.impl.CacheData$1.run(CacheData.java:440)
	at com.alibaba.nacos.client.config.impl.CacheData.safeNotifyListener(CacheData.java:483)
	at com.alibaba.nacos.client.config.impl.CacheData.checkListenerMd5(CacheData.java:324)
	at com.alibaba.nacos.client.config.impl.ClientWorker$ConfigRpcTransportClient.executeConfigListen(ClientWorker.java:819)
	at com.alibaba.nacos.client.config.impl.ClientWorker$ConfigRpcTransportClient.lambda$startInternal$2(ClientWorker.java:779)
	at java.base/java.util.concurrent.Executors$RunnableAdapter.call(Executors.java:572)
	at java.base/java.util.concurrent.FutureTask.run$$$capture(FutureTask.java:317)
	at java.base/java.util.concurrent.FutureTask.run(FutureTask.java)
	at java.base/java.util.concurrent.ScheduledThreadPoolExecutor$ScheduledFutureTask.run(ScheduledThreadPoolExecutor.java:304)
	at java.base/java.util.concurrent.ThreadPoolExecutor.runWorker(ThreadPoolExecutor.java:1144)
	at java.base/java.util.concurrent.ThreadPoolExecutor$Worker.run(ThreadPoolExecutor.java:642)
	at java.base/java.lang.Thread.run(Thread.java:1583)
:2025-08-12 11:24:16.652  INFO com.alibaba.nacos.client.Worker.0 c.a.c.n.r.NacosContextRefresher: [Nacos Config] Receive Nacos config change: dataId=application-dev.yml, group=DEFAULT_GROUP
:2025-08-12 11:24:16.669  INFO com.alibaba.nacos.client.Worker.0 c.a.c.n.c.NacosConfigDataLoader: [Nacos Config] Load config[dataId=pig-monitor-dev.yml, group=DEFAULT_GROUP] success
:2025-08-12 11:24:16.672  INFO com.alibaba.nacos.client.Worker.0 c.a.c.n.c.NacosConfigDataLoader: [Nacos Config] Load config[dataId=application-dev.yml, group=DEFAULT_GROUP] success
:2025-08-12 11:24:16.672 ERROR com.alibaba.nacos.client.Worker.0 c.a.c.n.c.NacosConfigDataLoader: Error getting properties from nacos: NacosConfigDataResource{properties=NacosConfigProperties{serverAddr='192.168.0.201:8848', encode='null', group='DEFAULT_GROUP', prefix='null', fileExtension='properties', timeout=3000, maxRetry='null', configLongPollTimeout='null', configRetryTime='null', enableRemoteSyncConfig=false, endpoint='null', namespace='5d42b64c-af69-4a94-8189-c7e890784c35', accessKey='null', secretKey='null', ramRoleName='null', contextPath='null', clusterName='null', name='null'', shares=null, extensions=null, refreshEnabled=true}, optional=false, profiles=[Profiles@5ba1a22e active = '[]', default = '[default]', accepted = '[default]'], config=NacosItemConfig{group='DEFAULT_GROUP', dataId='application-dev.yml', suffix='yml', refreshEnabled=true, preference=null}}
org.yaml.snakeyaml.constructor.DuplicateKeyException: while constructing a mapping
 in 'reader', line 2, column 1:
    jasypt:
    ^
found duplicate key spring
 in 'reader', line 73, column 1:
    spring:
    ^

	at org.yaml.snakeyaml.constructor.SafeConstructor.processDuplicateKeys(SafeConstructor.java:126)
	at org.yaml.snakeyaml.constructor.SafeConstructor.flattenMapping(SafeConstructor.java:78)
	at org.yaml.snakeyaml.constructor.SafeConstructor.flattenMapping(SafeConstructor.java:73)
	at org.yaml.snakeyaml.constructor.SafeConstructor.constructMapping2ndStep(SafeConstructor.java:209)
	at org.yaml.snakeyaml.constructor.BaseConstructor.constructMapping(BaseConstructor.java:552)
	at org.yaml.snakeyaml.constructor.SafeConstructor$ConstructYamlMap.construct(SafeConstructor.java:597)
	at org.yaml.snakeyaml.constructor.BaseConstructor.constructObjectNoCheck(BaseConstructor.java:264)
	at org.yaml.snakeyaml.constructor.BaseConstructor.constructObject(BaseConstructor.java:247)
	at org.springframework.boot.env.OriginTrackedYamlLoader$OriginTrackingConstructor.constructObject(OriginTrackedYamlLoader.java:119)
	at org.yaml.snakeyaml.constructor.BaseConstructor.constructDocument(BaseConstructor.java:201)
	at org.yaml.snakeyaml.constructor.BaseConstructor.getData(BaseConstructor.java:166)
	at org.springframework.boot.env.OriginTrackedYamlLoader$OriginTrackingConstructor.getData(OriginTrackedYamlLoader.java:99)
	at org.yaml.snakeyaml.Yaml$1.next(Yaml.java:529)
	at org.springframework.beans.factory.config.YamlProcessor.process(YamlProcessor.java:203)
	at org.springframework.beans.factory.config.YamlProcessor.process(YamlProcessor.java:169)
	at org.springframework.boot.env.OriginTrackedYamlLoader.load(OriginTrackedYamlLoader.java:84)
	at org.springframework.boot.env.YamlPropertySourceLoader.load(YamlPropertySourceLoader.java:50)
	at com.alibaba.cloud.nacos.parser.NacosDataParserHandler.parseNacosData(NacosDataParserHandler.java:92)
	at com.alibaba.cloud.nacos.configdata.NacosConfigDataLoader.pullConfig(NacosConfigDataLoader.java:146)
	at com.alibaba.cloud.nacos.configdata.NacosConfigDataLoader.doLoad(NacosConfigDataLoader.java:80)
	at com.alibaba.cloud.nacos.configdata.NacosConfigDataLoader.load(NacosConfigDataLoader.java:67)
	at com.alibaba.cloud.nacos.configdata.NacosConfigDataLoader.load(NacosConfigDataLoader.java:56)
	at org.springframework.boot.context.config.ConfigDataLoaders.load(ConfigDataLoaders.java:96)
	at org.springframework.boot.context.config.ConfigDataImporter.load(ConfigDataImporter.java:132)
	at org.springframework.boot.context.config.ConfigDataImporter.resolveAndLoad(ConfigDataImporter.java:87)
	at org.springframework.boot.context.config.ConfigDataEnvironmentContributors.withProcessedImports(ConfigDataEnvironmentContributors.java:121)
	at org.springframework.boot.context.config.ConfigDataEnvironment.processWithProfiles(ConfigDataEnvironment.java:316)
	at org.springframework.boot.context.config.ConfigDataEnvironment.processAndApply(ConfigDataEnvironment.java:237)
	at org.springframework.boot.context.config.ConfigDataEnvironmentPostProcessor.postProcessEnvironment(ConfigDataEnvironmentPostProcessor.java:96)
	at org.springframework.boot.context.config.ConfigDataEnvironmentPostProcessor.postProcessEnvironment(ConfigDataEnvironmentPostProcessor.java:89)
	at org.springframework.cloud.context.refresh.ConfigDataContextRefresher.updateEnvironment(ConfigDataContextRefresher.java:92)
	at org.springframework.cloud.context.refresh.ContextRefresher.refreshEnvironment(ContextRefresher.java:100)
	at org.springframework.cloud.context.refresh.ContextRefresher.refresh(ContextRefresher.java:93)
	at org.springframework.cloud.endpoint.event.RefreshEventListener.handle(RefreshEventListener.java:72)
	at org.springframework.cloud.endpoint.event.RefreshEventListener.onApplicationEvent(RefreshEventListener.java:61)
	at org.springframework.context.event.SimpleApplicationEventMulticaster.doInvokeListener(SimpleApplicationEventMulticaster.java:185)
	at org.springframework.context.event.SimpleApplicationEventMulticaster.invokeListener(SimpleApplicationEventMulticaster.java:178)
	at org.springframework.context.event.SimpleApplicationEventMulticaster.multicastEvent(SimpleApplicationEventMulticaster.java:156)
	at org.springframework.context.support.AbstractApplicationContext.publishEvent(AbstractApplicationContext.java:454)
	at org.springframework.context.support.AbstractApplicationContext.publishEvent(AbstractApplicationContext.java:387)
	at com.alibaba.cloud.nacos.configdata.NacosConfigRefreshEventListener.onApplicationEvent(NacosConfigRefreshEventListener.java:52)
	at org.springframework.context.event.SimpleApplicationEventMulticaster.doInvokeListener(SimpleApplicationEventMulticaster.java:185)
	at org.springframework.context.event.SimpleApplicationEventMulticaster.invokeListener(SimpleApplicationEventMulticaster.java:178)
	at org.springframework.context.event.SimpleApplicationEventMulticaster.multicastEvent(SimpleApplicationEventMulticaster.java:156)
	at org.springframework.context.support.AbstractApplicationContext.publishEvent(AbstractApplicationContext.java:454)
	at org.springframework.context.support.AbstractApplicationContext.publishEvent(AbstractApplicationContext.java:387)
	at com.alibaba.cloud.nacos.refresh.NacosContextRefresher$1.innerReceive(NacosContextRefresher.java:131)
	at com.alibaba.nacos.api.config.listener.AbstractSharedListener.receiveConfigInfo(AbstractSharedListener.java:40)
	at com.alibaba.nacos.client.config.impl.CacheData$1.run(CacheData.java:440)
	at com.alibaba.nacos.client.config.impl.CacheData.safeNotifyListener(CacheData.java:483)
	at com.alibaba.nacos.client.config.impl.CacheData.checkListenerMd5(CacheData.java:324)
	at com.alibaba.nacos.client.config.impl.ClientWorker$ConfigRpcTransportClient.executeConfigListen(ClientWorker.java:819)
	at com.alibaba.nacos.client.config.impl.ClientWorker$ConfigRpcTransportClient.lambda$startInternal$2(ClientWorker.java:779)
	at java.base/java.util.concurrent.Executors$RunnableAdapter.call(Executors.java:572)
	at java.base/java.util.concurrent.FutureTask.run$$$capture(FutureTask.java:317)
	at java.base/java.util.concurrent.FutureTask.run(FutureTask.java)
	at java.base/java.util.concurrent.ScheduledThreadPoolExecutor$ScheduledFutureTask.run(ScheduledThreadPoolExecutor.java:304)
	at java.base/java.util.concurrent.ThreadPoolExecutor.runWorker(ThreadPoolExecutor.java:1144)
	at java.base/java.util.concurrent.ThreadPoolExecutor$Worker.run(ThreadPoolExecutor.java:642)
	at java.base/java.lang.Thread.run(Thread.java:1583)
:2025-08-12 11:24:21.689  INFO com.alibaba.nacos.client.Worker.0 c.a.c.n.r.NacosContextRefresher: [Nacos Config] Receive Nacos config change: dataId=application-dev.yml, group=DEFAULT_GROUP
:2025-08-12 11:24:21.714  INFO com.alibaba.nacos.client.Worker.0 c.a.c.n.c.NacosConfigDataLoader: [Nacos Config] Load config[dataId=pig-monitor-dev.yml, group=DEFAULT_GROUP] success
:2025-08-12 11:24:21.717  INFO com.alibaba.nacos.client.Worker.0 c.a.c.n.c.NacosConfigDataLoader: [Nacos Config] Load config[dataId=application-dev.yml, group=DEFAULT_GROUP] success
:2025-08-12 11:24:21.717 ERROR com.alibaba.nacos.client.Worker.0 c.a.c.n.c.NacosConfigDataLoader: Error getting properties from nacos: NacosConfigDataResource{properties=NacosConfigProperties{serverAddr='192.168.0.201:8848', encode='null', group='DEFAULT_GROUP', prefix='null', fileExtension='properties', timeout=3000, maxRetry='null', configLongPollTimeout='null', configRetryTime='null', enableRemoteSyncConfig=false, endpoint='null', namespace='5d42b64c-af69-4a94-8189-c7e890784c35', accessKey='null', secretKey='null', ramRoleName='null', contextPath='null', clusterName='null', name='null'', shares=null, extensions=null, refreshEnabled=true}, optional=false, profiles=[Profiles@cd9659a active = '[]', default = '[default]', accepted = '[default]'], config=NacosItemConfig{group='DEFAULT_GROUP', dataId='application-dev.yml', suffix='yml', refreshEnabled=true, preference=null}}
org.yaml.snakeyaml.constructor.DuplicateKeyException: while constructing a mapping
 in 'reader', line 2, column 1:
    jasypt:
    ^
found duplicate key spring
 in 'reader', line 73, column 1:
    spring:
    ^

	at org.yaml.snakeyaml.constructor.SafeConstructor.processDuplicateKeys(SafeConstructor.java:126)
	at org.yaml.snakeyaml.constructor.SafeConstructor.flattenMapping(SafeConstructor.java:78)
	at org.yaml.snakeyaml.constructor.SafeConstructor.flattenMapping(SafeConstructor.java:73)
	at org.yaml.snakeyaml.constructor.SafeConstructor.constructMapping2ndStep(SafeConstructor.java:209)
	at org.yaml.snakeyaml.constructor.BaseConstructor.constructMapping(BaseConstructor.java:552)
	at org.yaml.snakeyaml.constructor.SafeConstructor$ConstructYamlMap.construct(SafeConstructor.java:597)
	at org.yaml.snakeyaml.constructor.BaseConstructor.constructObjectNoCheck(BaseConstructor.java:264)
	at org.yaml.snakeyaml.constructor.BaseConstructor.constructObject(BaseConstructor.java:247)
	at org.springframework.boot.env.OriginTrackedYamlLoader$OriginTrackingConstructor.constructObject(OriginTrackedYamlLoader.java:119)
	at org.yaml.snakeyaml.constructor.BaseConstructor.constructDocument(BaseConstructor.java:201)
	at org.yaml.snakeyaml.constructor.BaseConstructor.getData(BaseConstructor.java:166)
	at org.springframework.boot.env.OriginTrackedYamlLoader$OriginTrackingConstructor.getData(OriginTrackedYamlLoader.java:99)
	at org.yaml.snakeyaml.Yaml$1.next(Yaml.java:529)
	at org.springframework.beans.factory.config.YamlProcessor.process(YamlProcessor.java:203)
	at org.springframework.beans.factory.config.YamlProcessor.process(YamlProcessor.java:169)
	at org.springframework.boot.env.OriginTrackedYamlLoader.load(OriginTrackedYamlLoader.java:84)
	at org.springframework.boot.env.YamlPropertySourceLoader.load(YamlPropertySourceLoader.java:50)
	at com.alibaba.cloud.nacos.parser.NacosDataParserHandler.parseNacosData(NacosDataParserHandler.java:92)
	at com.alibaba.cloud.nacos.configdata.NacosConfigDataLoader.pullConfig(NacosConfigDataLoader.java:146)
	at com.alibaba.cloud.nacos.configdata.NacosConfigDataLoader.doLoad(NacosConfigDataLoader.java:80)
	at com.alibaba.cloud.nacos.configdata.NacosConfigDataLoader.load(NacosConfigDataLoader.java:67)
	at com.alibaba.cloud.nacos.configdata.NacosConfigDataLoader.load(NacosConfigDataLoader.java:56)
	at org.springframework.boot.context.config.ConfigDataLoaders.load(ConfigDataLoaders.java:96)
	at org.springframework.boot.context.config.ConfigDataImporter.load(ConfigDataImporter.java:132)
	at org.springframework.boot.context.config.ConfigDataImporter.resolveAndLoad(ConfigDataImporter.java:87)
	at org.springframework.boot.context.config.ConfigDataEnvironmentContributors.withProcessedImports(ConfigDataEnvironmentContributors.java:121)
	at org.springframework.boot.context.config.ConfigDataEnvironment.processWithProfiles(ConfigDataEnvironment.java:316)
	at org.springframework.boot.context.config.ConfigDataEnvironment.processAndApply(ConfigDataEnvironment.java:237)
	at org.springframework.boot.context.config.ConfigDataEnvironmentPostProcessor.postProcessEnvironment(ConfigDataEnvironmentPostProcessor.java:96)
	at org.springframework.boot.context.config.ConfigDataEnvironmentPostProcessor.postProcessEnvironment(ConfigDataEnvironmentPostProcessor.java:89)
	at org.springframework.cloud.context.refresh.ConfigDataContextRefresher.updateEnvironment(ConfigDataContextRefresher.java:92)
	at org.springframework.cloud.context.refresh.ContextRefresher.refreshEnvironment(ContextRefresher.java:100)
	at org.springframework.cloud.context.refresh.ContextRefresher.refresh(ContextRefresher.java:93)
	at org.springframework.cloud.endpoint.event.RefreshEventListener.handle(RefreshEventListener.java:72)
	at org.springframework.cloud.endpoint.event.RefreshEventListener.onApplicationEvent(RefreshEventListener.java:61)
	at org.springframework.context.event.SimpleApplicationEventMulticaster.doInvokeListener(SimpleApplicationEventMulticaster.java:185)
	at org.springframework.context.event.SimpleApplicationEventMulticaster.invokeListener(SimpleApplicationEventMulticaster.java:178)
	at org.springframework.context.event.SimpleApplicationEventMulticaster.multicastEvent(SimpleApplicationEventMulticaster.java:156)
	at org.springframework.context.support.AbstractApplicationContext.publishEvent(AbstractApplicationContext.java:454)
	at org.springframework.context.support.AbstractApplicationContext.publishEvent(AbstractApplicationContext.java:387)
	at com.alibaba.cloud.nacos.configdata.NacosConfigRefreshEventListener.onApplicationEvent(NacosConfigRefreshEventListener.java:52)
	at org.springframework.context.event.SimpleApplicationEventMulticaster.doInvokeListener(SimpleApplicationEventMulticaster.java:185)
	at org.springframework.context.event.SimpleApplicationEventMulticaster.invokeListener(SimpleApplicationEventMulticaster.java:178)
	at org.springframework.context.event.SimpleApplicationEventMulticaster.multicastEvent(SimpleApplicationEventMulticaster.java:156)
	at org.springframework.context.support.AbstractApplicationContext.publishEvent(AbstractApplicationContext.java:454)
	at org.springframework.context.support.AbstractApplicationContext.publishEvent(AbstractApplicationContext.java:387)
	at com.alibaba.cloud.nacos.refresh.NacosContextRefresher$1.innerReceive(NacosContextRefresher.java:131)
	at com.alibaba.nacos.api.config.listener.AbstractSharedListener.receiveConfigInfo(AbstractSharedListener.java:40)
	at com.alibaba.nacos.client.config.impl.CacheData$1.run(CacheData.java:440)
	at com.alibaba.nacos.client.config.impl.CacheData.safeNotifyListener(CacheData.java:483)
	at com.alibaba.nacos.client.config.impl.CacheData.checkListenerMd5(CacheData.java:324)
	at com.alibaba.nacos.client.config.impl.ClientWorker$ConfigRpcTransportClient.executeConfigListen(ClientWorker.java:819)
	at com.alibaba.nacos.client.config.impl.ClientWorker$ConfigRpcTransportClient.lambda$startInternal$2(ClientWorker.java:779)
	at java.base/java.util.concurrent.Executors$RunnableAdapter.call(Executors.java:572)
	at java.base/java.util.concurrent.FutureTask.run$$$capture(FutureTask.java:317)
	at java.base/java.util.concurrent.FutureTask.run(FutureTask.java)
	at java.base/java.util.concurrent.ScheduledThreadPoolExecutor$ScheduledFutureTask.run(ScheduledThreadPoolExecutor.java:304)
	at java.base/java.util.concurrent.ThreadPoolExecutor.runWorker(ThreadPoolExecutor.java:1144)
	at java.base/java.util.concurrent.ThreadPoolExecutor$Worker.run(ThreadPoolExecutor.java:642)
	at java.base/java.lang.Thread.run(Thread.java:1583)
:2025-08-12 11:24:26.724  INFO com.alibaba.nacos.client.Worker.0 c.a.c.n.r.NacosContextRefresher: [Nacos Config] Receive Nacos config change: dataId=application-dev.yml, group=DEFAULT_GROUP
:2025-08-12 11:24:26.755  INFO com.alibaba.nacos.client.Worker.0 c.a.c.n.c.NacosConfigDataLoader: [Nacos Config] Load config[dataId=pig-monitor-dev.yml, group=DEFAULT_GROUP] success
:2025-08-12 11:24:26.758  INFO com.alibaba.nacos.client.Worker.0 c.a.c.n.c.NacosConfigDataLoader: [Nacos Config] Load config[dataId=application-dev.yml, group=DEFAULT_GROUP] success
:2025-08-12 11:24:26.759 ERROR com.alibaba.nacos.client.Worker.0 c.a.c.n.c.NacosConfigDataLoader: Error getting properties from nacos: NacosConfigDataResource{properties=NacosConfigProperties{serverAddr='192.168.0.201:8848', encode='null', group='DEFAULT_GROUP', prefix='null', fileExtension='properties', timeout=3000, maxRetry='null', configLongPollTimeout='null', configRetryTime='null', enableRemoteSyncConfig=false, endpoint='null', namespace='5d42b64c-af69-4a94-8189-c7e890784c35', accessKey='null', secretKey='null', ramRoleName='null', contextPath='null', clusterName='null', name='null'', shares=null, extensions=null, refreshEnabled=true}, optional=false, profiles=[Profiles@36cf93d2 active = '[]', default = '[default]', accepted = '[default]'], config=NacosItemConfig{group='DEFAULT_GROUP', dataId='application-dev.yml', suffix='yml', refreshEnabled=true, preference=null}}
org.yaml.snakeyaml.constructor.DuplicateKeyException: while constructing a mapping
 in 'reader', line 2, column 1:
    jasypt:
    ^
found duplicate key spring
 in 'reader', line 73, column 1:
    spring:
    ^

	at org.yaml.snakeyaml.constructor.SafeConstructor.processDuplicateKeys(SafeConstructor.java:126)
	at org.yaml.snakeyaml.constructor.SafeConstructor.flattenMapping(SafeConstructor.java:78)
	at org.yaml.snakeyaml.constructor.SafeConstructor.flattenMapping(SafeConstructor.java:73)
	at org.yaml.snakeyaml.constructor.SafeConstructor.constructMapping2ndStep(SafeConstructor.java:209)
	at org.yaml.snakeyaml.constructor.BaseConstructor.constructMapping(BaseConstructor.java:552)
	at org.yaml.snakeyaml.constructor.SafeConstructor$ConstructYamlMap.construct(SafeConstructor.java:597)
	at org.yaml.snakeyaml.constructor.BaseConstructor.constructObjectNoCheck(BaseConstructor.java:264)
	at org.yaml.snakeyaml.constructor.BaseConstructor.constructObject(BaseConstructor.java:247)
	at org.springframework.boot.env.OriginTrackedYamlLoader$OriginTrackingConstructor.constructObject(OriginTrackedYamlLoader.java:119)
	at org.yaml.snakeyaml.constructor.BaseConstructor.constructDocument(BaseConstructor.java:201)
	at org.yaml.snakeyaml.constructor.BaseConstructor.getData(BaseConstructor.java:166)
	at org.springframework.boot.env.OriginTrackedYamlLoader$OriginTrackingConstructor.getData(OriginTrackedYamlLoader.java:99)
	at org.yaml.snakeyaml.Yaml$1.next(Yaml.java:529)
	at org.springframework.beans.factory.config.YamlProcessor.process(YamlProcessor.java:203)
	at org.springframework.beans.factory.config.YamlProcessor.process(YamlProcessor.java:169)
	at org.springframework.boot.env.OriginTrackedYamlLoader.load(OriginTrackedYamlLoader.java:84)
	at org.springframework.boot.env.YamlPropertySourceLoader.load(YamlPropertySourceLoader.java:50)
	at com.alibaba.cloud.nacos.parser.NacosDataParserHandler.parseNacosData(NacosDataParserHandler.java:92)
	at com.alibaba.cloud.nacos.configdata.NacosConfigDataLoader.pullConfig(NacosConfigDataLoader.java:146)
	at com.alibaba.cloud.nacos.configdata.NacosConfigDataLoader.doLoad(NacosConfigDataLoader.java:80)
	at com.alibaba.cloud.nacos.configdata.NacosConfigDataLoader.load(NacosConfigDataLoader.java:67)
	at com.alibaba.cloud.nacos.configdata.NacosConfigDataLoader.load(NacosConfigDataLoader.java:56)
	at org.springframework.boot.context.config.ConfigDataLoaders.load(ConfigDataLoaders.java:96)
	at org.springframework.boot.context.config.ConfigDataImporter.load(ConfigDataImporter.java:132)
	at org.springframework.boot.context.config.ConfigDataImporter.resolveAndLoad(ConfigDataImporter.java:87)
	at org.springframework.boot.context.config.ConfigDataEnvironmentContributors.withProcessedImports(ConfigDataEnvironmentContributors.java:121)
	at org.springframework.boot.context.config.ConfigDataEnvironment.processWithProfiles(ConfigDataEnvironment.java:316)
	at org.springframework.boot.context.config.ConfigDataEnvironment.processAndApply(ConfigDataEnvironment.java:237)
	at org.springframework.boot.context.config.ConfigDataEnvironmentPostProcessor.postProcessEnvironment(ConfigDataEnvironmentPostProcessor.java:96)
	at org.springframework.boot.context.config.ConfigDataEnvironmentPostProcessor.postProcessEnvironment(ConfigDataEnvironmentPostProcessor.java:89)
	at org.springframework.cloud.context.refresh.ConfigDataContextRefresher.updateEnvironment(ConfigDataContextRefresher.java:92)
	at org.springframework.cloud.context.refresh.ContextRefresher.refreshEnvironment(ContextRefresher.java:100)
	at org.springframework.cloud.context.refresh.ContextRefresher.refresh(ContextRefresher.java:93)
	at org.springframework.cloud.endpoint.event.RefreshEventListener.handle(RefreshEventListener.java:72)
	at org.springframework.cloud.endpoint.event.RefreshEventListener.onApplicationEvent(RefreshEventListener.java:61)
	at org.springframework.context.event.SimpleApplicationEventMulticaster.doInvokeListener(SimpleApplicationEventMulticaster.java:185)
	at org.springframework.context.event.SimpleApplicationEventMulticaster.invokeListener(SimpleApplicationEventMulticaster.java:178)
	at org.springframework.context.event.SimpleApplicationEventMulticaster.multicastEvent(SimpleApplicationEventMulticaster.java:156)
	at org.springframework.context.support.AbstractApplicationContext.publishEvent(AbstractApplicationContext.java:454)
	at org.springframework.context.support.AbstractApplicationContext.publishEvent(AbstractApplicationContext.java:387)
	at com.alibaba.cloud.nacos.configdata.NacosConfigRefreshEventListener.onApplicationEvent(NacosConfigRefreshEventListener.java:52)
	at org.springframework.context.event.SimpleApplicationEventMulticaster.doInvokeListener(SimpleApplicationEventMulticaster.java:185)
	at org.springframework.context.event.SimpleApplicationEventMulticaster.invokeListener(SimpleApplicationEventMulticaster.java:178)
	at org.springframework.context.event.SimpleApplicationEventMulticaster.multicastEvent(SimpleApplicationEventMulticaster.java:156)
	at org.springframework.context.support.AbstractApplicationContext.publishEvent(AbstractApplicationContext.java:454)
	at org.springframework.context.support.AbstractApplicationContext.publishEvent(AbstractApplicationContext.java:387)
	at com.alibaba.cloud.nacos.refresh.NacosContextRefresher$1.innerReceive(NacosContextRefresher.java:131)
	at com.alibaba.nacos.api.config.listener.AbstractSharedListener.receiveConfigInfo(AbstractSharedListener.java:40)
	at com.alibaba.nacos.client.config.impl.CacheData$1.run(CacheData.java:440)
	at com.alibaba.nacos.client.config.impl.CacheData.safeNotifyListener(CacheData.java:483)
	at com.alibaba.nacos.client.config.impl.CacheData.checkListenerMd5(CacheData.java:324)
	at com.alibaba.nacos.client.config.impl.ClientWorker$ConfigRpcTransportClient.executeConfigListen(ClientWorker.java:819)
	at com.alibaba.nacos.client.config.impl.ClientWorker$ConfigRpcTransportClient.lambda$startInternal$2(ClientWorker.java:779)
	at java.base/java.util.concurrent.Executors$RunnableAdapter.call(Executors.java:572)
	at java.base/java.util.concurrent.FutureTask.run$$$capture(FutureTask.java:317)
	at java.base/java.util.concurrent.FutureTask.run(FutureTask.java)
	at java.base/java.util.concurrent.ScheduledThreadPoolExecutor$ScheduledFutureTask.run(ScheduledThreadPoolExecutor.java:304)
	at java.base/java.util.concurrent.ThreadPoolExecutor.runWorker(ThreadPoolExecutor.java:1144)
	at java.base/java.util.concurrent.ThreadPoolExecutor$Worker.run(ThreadPoolExecutor.java:642)
	at java.base/java.lang.Thread.run(Thread.java:1583)
:2025-08-12 11:24:31.772  INFO com.alibaba.nacos.client.Worker.0 c.a.c.n.r.NacosContextRefresher: [Nacos Config] Receive Nacos config change: dataId=application-dev.yml, group=DEFAULT_GROUP
:2025-08-12 11:24:31.802  INFO com.alibaba.nacos.client.Worker.0 c.a.c.n.c.NacosConfigDataLoader: [Nacos Config] Load config[dataId=pig-monitor-dev.yml, group=DEFAULT_GROUP] success
:2025-08-12 11:24:31.806  INFO com.alibaba.nacos.client.Worker.0 c.a.c.n.c.NacosConfigDataLoader: [Nacos Config] Load config[dataId=application-dev.yml, group=DEFAULT_GROUP] success
:2025-08-12 11:24:31.807 ERROR com.alibaba.nacos.client.Worker.0 c.a.c.n.c.NacosConfigDataLoader: Error getting properties from nacos: NacosConfigDataResource{properties=NacosConfigProperties{serverAddr='192.168.0.201:8848', encode='null', group='DEFAULT_GROUP', prefix='null', fileExtension='properties', timeout=3000, maxRetry='null', configLongPollTimeout='null', configRetryTime='null', enableRemoteSyncConfig=false, endpoint='null', namespace='5d42b64c-af69-4a94-8189-c7e890784c35', accessKey='null', secretKey='null', ramRoleName='null', contextPath='null', clusterName='null', name='null'', shares=null, extensions=null, refreshEnabled=true}, optional=false, profiles=[Profiles@7ff109ef active = '[]', default = '[default]', accepted = '[default]'], config=NacosItemConfig{group='DEFAULT_GROUP', dataId='application-dev.yml', suffix='yml', refreshEnabled=true, preference=null}}
org.yaml.snakeyaml.constructor.DuplicateKeyException: while constructing a mapping
 in 'reader', line 2, column 1:
    jasypt:
    ^
found duplicate key spring
 in 'reader', line 73, column 1:
    spring:
    ^

	at org.yaml.snakeyaml.constructor.SafeConstructor.processDuplicateKeys(SafeConstructor.java:126)
	at org.yaml.snakeyaml.constructor.SafeConstructor.flattenMapping(SafeConstructor.java:78)
	at org.yaml.snakeyaml.constructor.SafeConstructor.flattenMapping(SafeConstructor.java:73)
	at org.yaml.snakeyaml.constructor.SafeConstructor.constructMapping2ndStep(SafeConstructor.java:209)
	at org.yaml.snakeyaml.constructor.BaseConstructor.constructMapping(BaseConstructor.java:552)
	at org.yaml.snakeyaml.constructor.SafeConstructor$ConstructYamlMap.construct(SafeConstructor.java:597)
	at org.yaml.snakeyaml.constructor.BaseConstructor.constructObjectNoCheck(BaseConstructor.java:264)
	at org.yaml.snakeyaml.constructor.BaseConstructor.constructObject(BaseConstructor.java:247)
	at org.springframework.boot.env.OriginTrackedYamlLoader$OriginTrackingConstructor.constructObject(OriginTrackedYamlLoader.java:119)
	at org.yaml.snakeyaml.constructor.BaseConstructor.constructDocument(BaseConstructor.java:201)
	at org.yaml.snakeyaml.constructor.BaseConstructor.getData(BaseConstructor.java:166)
	at org.springframework.boot.env.OriginTrackedYamlLoader$OriginTrackingConstructor.getData(OriginTrackedYamlLoader.java:99)
	at org.yaml.snakeyaml.Yaml$1.next(Yaml.java:529)
	at org.springframework.beans.factory.config.YamlProcessor.process(YamlProcessor.java:203)
	at org.springframework.beans.factory.config.YamlProcessor.process(YamlProcessor.java:169)
	at org.springframework.boot.env.OriginTrackedYamlLoader.load(OriginTrackedYamlLoader.java:84)
	at org.springframework.boot.env.YamlPropertySourceLoader.load(YamlPropertySourceLoader.java:50)
	at com.alibaba.cloud.nacos.parser.NacosDataParserHandler.parseNacosData(NacosDataParserHandler.java:92)
	at com.alibaba.cloud.nacos.configdata.NacosConfigDataLoader.pullConfig(NacosConfigDataLoader.java:146)
	at com.alibaba.cloud.nacos.configdata.NacosConfigDataLoader.doLoad(NacosConfigDataLoader.java:80)
	at com.alibaba.cloud.nacos.configdata.NacosConfigDataLoader.load(NacosConfigDataLoader.java:67)
	at com.alibaba.cloud.nacos.configdata.NacosConfigDataLoader.load(NacosConfigDataLoader.java:56)
	at org.springframework.boot.context.config.ConfigDataLoaders.load(ConfigDataLoaders.java:96)
	at org.springframework.boot.context.config.ConfigDataImporter.load(ConfigDataImporter.java:132)
	at org.springframework.boot.context.config.ConfigDataImporter.resolveAndLoad(ConfigDataImporter.java:87)
	at org.springframework.boot.context.config.ConfigDataEnvironmentContributors.withProcessedImports(ConfigDataEnvironmentContributors.java:121)
	at org.springframework.boot.context.config.ConfigDataEnvironment.processWithProfiles(ConfigDataEnvironment.java:316)
	at org.springframework.boot.context.config.ConfigDataEnvironment.processAndApply(ConfigDataEnvironment.java:237)
	at org.springframework.boot.context.config.ConfigDataEnvironmentPostProcessor.postProcessEnvironment(ConfigDataEnvironmentPostProcessor.java:96)
	at org.springframework.boot.context.config.ConfigDataEnvironmentPostProcessor.postProcessEnvironment(ConfigDataEnvironmentPostProcessor.java:89)
	at org.springframework.cloud.context.refresh.ConfigDataContextRefresher.updateEnvironment(ConfigDataContextRefresher.java:92)
	at org.springframework.cloud.context.refresh.ContextRefresher.refreshEnvironment(ContextRefresher.java:100)
	at org.springframework.cloud.context.refresh.ContextRefresher.refresh(ContextRefresher.java:93)
	at org.springframework.cloud.endpoint.event.RefreshEventListener.handle(RefreshEventListener.java:72)
	at org.springframework.cloud.endpoint.event.RefreshEventListener.onApplicationEvent(RefreshEventListener.java:61)
	at org.springframework.context.event.SimpleApplicationEventMulticaster.doInvokeListener(SimpleApplicationEventMulticaster.java:185)
	at org.springframework.context.event.SimpleApplicationEventMulticaster.invokeListener(SimpleApplicationEventMulticaster.java:178)
	at org.springframework.context.event.SimpleApplicationEventMulticaster.multicastEvent(SimpleApplicationEventMulticaster.java:156)
	at org.springframework.context.support.AbstractApplicationContext.publishEvent(AbstractApplicationContext.java:454)
	at org.springframework.context.support.AbstractApplicationContext.publishEvent(AbstractApplicationContext.java:387)
	at com.alibaba.cloud.nacos.configdata.NacosConfigRefreshEventListener.onApplicationEvent(NacosConfigRefreshEventListener.java:52)
	at org.springframework.context.event.SimpleApplicationEventMulticaster.doInvokeListener(SimpleApplicationEventMulticaster.java:185)
	at org.springframework.context.event.SimpleApplicationEventMulticaster.invokeListener(SimpleApplicationEventMulticaster.java:178)
	at org.springframework.context.event.SimpleApplicationEventMulticaster.multicastEvent(SimpleApplicationEventMulticaster.java:156)
	at org.springframework.context.support.AbstractApplicationContext.publishEvent(AbstractApplicationContext.java:454)
	at org.springframework.context.support.AbstractApplicationContext.publishEvent(AbstractApplicationContext.java:387)
	at com.alibaba.cloud.nacos.refresh.NacosContextRefresher$1.innerReceive(NacosContextRefresher.java:131)
	at com.alibaba.nacos.api.config.listener.AbstractSharedListener.receiveConfigInfo(AbstractSharedListener.java:40)
	at com.alibaba.nacos.client.config.impl.CacheData$1.run(CacheData.java:440)
	at com.alibaba.nacos.client.config.impl.CacheData.safeNotifyListener(CacheData.java:483)
	at com.alibaba.nacos.client.config.impl.CacheData.checkListenerMd5(CacheData.java:324)
	at com.alibaba.nacos.client.config.impl.ClientWorker$ConfigRpcTransportClient.executeConfigListen(ClientWorker.java:819)
	at com.alibaba.nacos.client.config.impl.ClientWorker$ConfigRpcTransportClient.lambda$startInternal$2(ClientWorker.java:779)
	at java.base/java.util.concurrent.Executors$RunnableAdapter.call(Executors.java:572)
	at java.base/java.util.concurrent.FutureTask.run$$$capture(FutureTask.java:317)
	at java.base/java.util.concurrent.FutureTask.run(FutureTask.java)
	at java.base/java.util.concurrent.ScheduledThreadPoolExecutor$ScheduledFutureTask.run(ScheduledThreadPoolExecutor.java:304)
	at java.base/java.util.concurrent.ThreadPoolExecutor.runWorker(ThreadPoolExecutor.java:1144)
	at java.base/java.util.concurrent.ThreadPoolExecutor$Worker.run(ThreadPoolExecutor.java:642)
	at java.base/java.lang.Thread.run(Thread.java:1583)
:2025-08-12 11:24:36.818  INFO com.alibaba.nacos.client.Worker.0 c.a.c.n.r.NacosContextRefresher: [Nacos Config] Receive Nacos config change: dataId=application-dev.yml, group=DEFAULT_GROUP
:2025-08-12 11:24:36.847  INFO com.alibaba.nacos.client.Worker.0 c.a.c.n.c.NacosConfigDataLoader: [Nacos Config] Load config[dataId=pig-monitor-dev.yml, group=DEFAULT_GROUP] success
:2025-08-12 11:24:36.851  INFO com.alibaba.nacos.client.Worker.0 c.a.c.n.c.NacosConfigDataLoader: [Nacos Config] Load config[dataId=application-dev.yml, group=DEFAULT_GROUP] success
:2025-08-12 11:24:36.852 ERROR com.alibaba.nacos.client.Worker.0 c.a.c.n.c.NacosConfigDataLoader: Error getting properties from nacos: NacosConfigDataResource{properties=NacosConfigProperties{serverAddr='192.168.0.201:8848', encode='null', group='DEFAULT_GROUP', prefix='null', fileExtension='properties', timeout=3000, maxRetry='null', configLongPollTimeout='null', configRetryTime='null', enableRemoteSyncConfig=false, endpoint='null', namespace='5d42b64c-af69-4a94-8189-c7e890784c35', accessKey='null', secretKey='null', ramRoleName='null', contextPath='null', clusterName='null', name='null'', shares=null, extensions=null, refreshEnabled=true}, optional=false, profiles=[Profiles@7ccaf2d9 active = '[]', default = '[default]', accepted = '[default]'], config=NacosItemConfig{group='DEFAULT_GROUP', dataId='application-dev.yml', suffix='yml', refreshEnabled=true, preference=null}}
org.yaml.snakeyaml.constructor.DuplicateKeyException: while constructing a mapping
 in 'reader', line 2, column 1:
    jasypt:
    ^
found duplicate key spring
 in 'reader', line 73, column 1:
    spring:
    ^

	at org.yaml.snakeyaml.constructor.SafeConstructor.processDuplicateKeys(SafeConstructor.java:126)
	at org.yaml.snakeyaml.constructor.SafeConstructor.flattenMapping(SafeConstructor.java:78)
	at org.yaml.snakeyaml.constructor.SafeConstructor.flattenMapping(SafeConstructor.java:73)
	at org.yaml.snakeyaml.constructor.SafeConstructor.constructMapping2ndStep(SafeConstructor.java:209)
	at org.yaml.snakeyaml.constructor.BaseConstructor.constructMapping(BaseConstructor.java:552)
	at org.yaml.snakeyaml.constructor.SafeConstructor$ConstructYamlMap.construct(SafeConstructor.java:597)
	at org.yaml.snakeyaml.constructor.BaseConstructor.constructObjectNoCheck(BaseConstructor.java:264)
	at org.yaml.snakeyaml.constructor.BaseConstructor.constructObject(BaseConstructor.java:247)
	at org.springframework.boot.env.OriginTrackedYamlLoader$OriginTrackingConstructor.constructObject(OriginTrackedYamlLoader.java:119)
	at org.yaml.snakeyaml.constructor.BaseConstructor.constructDocument(BaseConstructor.java:201)
	at org.yaml.snakeyaml.constructor.BaseConstructor.getData(BaseConstructor.java:166)
	at org.springframework.boot.env.OriginTrackedYamlLoader$OriginTrackingConstructor.getData(OriginTrackedYamlLoader.java:99)
	at org.yaml.snakeyaml.Yaml$1.next(Yaml.java:529)
	at org.springframework.beans.factory.config.YamlProcessor.process(YamlProcessor.java:203)
	at org.springframework.beans.factory.config.YamlProcessor.process(YamlProcessor.java:169)
	at org.springframework.boot.env.OriginTrackedYamlLoader.load(OriginTrackedYamlLoader.java:84)
	at org.springframework.boot.env.YamlPropertySourceLoader.load(YamlPropertySourceLoader.java:50)
	at com.alibaba.cloud.nacos.parser.NacosDataParserHandler.parseNacosData(NacosDataParserHandler.java:92)
	at com.alibaba.cloud.nacos.configdata.NacosConfigDataLoader.pullConfig(NacosConfigDataLoader.java:146)
	at com.alibaba.cloud.nacos.configdata.NacosConfigDataLoader.doLoad(NacosConfigDataLoader.java:80)
	at com.alibaba.cloud.nacos.configdata.NacosConfigDataLoader.load(NacosConfigDataLoader.java:67)
	at com.alibaba.cloud.nacos.configdata.NacosConfigDataLoader.load(NacosConfigDataLoader.java:56)
	at org.springframework.boot.context.config.ConfigDataLoaders.load(ConfigDataLoaders.java:96)
	at org.springframework.boot.context.config.ConfigDataImporter.load(ConfigDataImporter.java:132)
	at org.springframework.boot.context.config.ConfigDataImporter.resolveAndLoad(ConfigDataImporter.java:87)
	at org.springframework.boot.context.config.ConfigDataEnvironmentContributors.withProcessedImports(ConfigDataEnvironmentContributors.java:121)
	at org.springframework.boot.context.config.ConfigDataEnvironment.processWithProfiles(ConfigDataEnvironment.java:316)
	at org.springframework.boot.context.config.ConfigDataEnvironment.processAndApply(ConfigDataEnvironment.java:237)
	at org.springframework.boot.context.config.ConfigDataEnvironmentPostProcessor.postProcessEnvironment(ConfigDataEnvironmentPostProcessor.java:96)
	at org.springframework.boot.context.config.ConfigDataEnvironmentPostProcessor.postProcessEnvironment(ConfigDataEnvironmentPostProcessor.java:89)
	at org.springframework.cloud.context.refresh.ConfigDataContextRefresher.updateEnvironment(ConfigDataContextRefresher.java:92)
	at org.springframework.cloud.context.refresh.ContextRefresher.refreshEnvironment(ContextRefresher.java:100)
	at org.springframework.cloud.context.refresh.ContextRefresher.refresh(ContextRefresher.java:93)
	at org.springframework.cloud.endpoint.event.RefreshEventListener.handle(RefreshEventListener.java:72)
	at org.springframework.cloud.endpoint.event.RefreshEventListener.onApplicationEvent(RefreshEventListener.java:61)
	at org.springframework.context.event.SimpleApplicationEventMulticaster.doInvokeListener(SimpleApplicationEventMulticaster.java:185)
	at org.springframework.context.event.SimpleApplicationEventMulticaster.invokeListener(SimpleApplicationEventMulticaster.java:178)
	at org.springframework.context.event.SimpleApplicationEventMulticaster.multicastEvent(SimpleApplicationEventMulticaster.java:156)
	at org.springframework.context.support.AbstractApplicationContext.publishEvent(AbstractApplicationContext.java:454)
	at org.springframework.context.support.AbstractApplicationContext.publishEvent(AbstractApplicationContext.java:387)
	at com.alibaba.cloud.nacos.configdata.NacosConfigRefreshEventListener.onApplicationEvent(NacosConfigRefreshEventListener.java:52)
	at org.springframework.context.event.SimpleApplicationEventMulticaster.doInvokeListener(SimpleApplicationEventMulticaster.java:185)
	at org.springframework.context.event.SimpleApplicationEventMulticaster.invokeListener(SimpleApplicationEventMulticaster.java:178)
	at org.springframework.context.event.SimpleApplicationEventMulticaster.multicastEvent(SimpleApplicationEventMulticaster.java:156)
	at org.springframework.context.support.AbstractApplicationContext.publishEvent(AbstractApplicationContext.java:454)
	at org.springframework.context.support.AbstractApplicationContext.publishEvent(AbstractApplicationContext.java:387)
	at com.alibaba.cloud.nacos.refresh.NacosContextRefresher$1.innerReceive(NacosContextRefresher.java:131)
	at com.alibaba.nacos.api.config.listener.AbstractSharedListener.receiveConfigInfo(AbstractSharedListener.java:40)
	at com.alibaba.nacos.client.config.impl.CacheData$1.run(CacheData.java:440)
	at com.alibaba.nacos.client.config.impl.CacheData.safeNotifyListener(CacheData.java:483)
	at com.alibaba.nacos.client.config.impl.CacheData.checkListenerMd5(CacheData.java:324)
	at com.alibaba.nacos.client.config.impl.ClientWorker$ConfigRpcTransportClient.executeConfigListen(ClientWorker.java:819)
	at com.alibaba.nacos.client.config.impl.ClientWorker$ConfigRpcTransportClient.lambda$startInternal$2(ClientWorker.java:779)
	at java.base/java.util.concurrent.Executors$RunnableAdapter.call(Executors.java:572)
	at java.base/java.util.concurrent.FutureTask.run$$$capture(FutureTask.java:317)
	at java.base/java.util.concurrent.FutureTask.run(FutureTask.java)
	at java.base/java.util.concurrent.ScheduledThreadPoolExecutor$ScheduledFutureTask.run(ScheduledThreadPoolExecutor.java:304)
	at java.base/java.util.concurrent.ThreadPoolExecutor.runWorker(ThreadPoolExecutor.java:1144)
	at java.base/java.util.concurrent.ThreadPoolExecutor$Worker.run(ThreadPoolExecutor.java:642)
	at java.base/java.lang.Thread.run(Thread.java:1583)
:2025-08-12 11:24:41.860  INFO com.alibaba.nacos.client.Worker.0 c.a.c.n.r.NacosContextRefresher: [Nacos Config] Receive Nacos config change: dataId=application-dev.yml, group=DEFAULT_GROUP
:2025-08-12 11:24:41.891  INFO com.alibaba.nacos.client.Worker.0 c.a.c.n.c.NacosConfigDataLoader: [Nacos Config] Load config[dataId=pig-monitor-dev.yml, group=DEFAULT_GROUP] success
:2025-08-12 11:24:41.895  INFO com.alibaba.nacos.client.Worker.0 c.a.c.n.c.NacosConfigDataLoader: [Nacos Config] Load config[dataId=application-dev.yml, group=DEFAULT_GROUP] success
:2025-08-12 11:24:41.897 ERROR com.alibaba.nacos.client.Worker.0 c.a.c.n.c.NacosConfigDataLoader: Error getting properties from nacos: NacosConfigDataResource{properties=NacosConfigProperties{serverAddr='192.168.0.201:8848', encode='null', group='DEFAULT_GROUP', prefix='null', fileExtension='properties', timeout=3000, maxRetry='null', configLongPollTimeout='null', configRetryTime='null', enableRemoteSyncConfig=false, endpoint='null', namespace='5d42b64c-af69-4a94-8189-c7e890784c35', accessKey='null', secretKey='null', ramRoleName='null', contextPath='null', clusterName='null', name='null'', shares=null, extensions=null, refreshEnabled=true}, optional=false, profiles=[Profiles@342466ef active = '[]', default = '[default]', accepted = '[default]'], config=NacosItemConfig{group='DEFAULT_GROUP', dataId='application-dev.yml', suffix='yml', refreshEnabled=true, preference=null}}
org.yaml.snakeyaml.constructor.DuplicateKeyException: while constructing a mapping
 in 'reader', line 2, column 1:
    jasypt:
    ^
found duplicate key spring
 in 'reader', line 73, column 1:
    spring:
    ^

	at org.yaml.snakeyaml.constructor.SafeConstructor.processDuplicateKeys(SafeConstructor.java:126)
	at org.yaml.snakeyaml.constructor.SafeConstructor.flattenMapping(SafeConstructor.java:78)
	at org.yaml.snakeyaml.constructor.SafeConstructor.flattenMapping(SafeConstructor.java:73)
	at org.yaml.snakeyaml.constructor.SafeConstructor.constructMapping2ndStep(SafeConstructor.java:209)
	at org.yaml.snakeyaml.constructor.BaseConstructor.constructMapping(BaseConstructor.java:552)
	at org.yaml.snakeyaml.constructor.SafeConstructor$ConstructYamlMap.construct(SafeConstructor.java:597)
	at org.yaml.snakeyaml.constructor.BaseConstructor.constructObjectNoCheck(BaseConstructor.java:264)
	at org.yaml.snakeyaml.constructor.BaseConstructor.constructObject(BaseConstructor.java:247)
	at org.springframework.boot.env.OriginTrackedYamlLoader$OriginTrackingConstructor.constructObject(OriginTrackedYamlLoader.java:119)
	at org.yaml.snakeyaml.constructor.BaseConstructor.constructDocument(BaseConstructor.java:201)
	at org.yaml.snakeyaml.constructor.BaseConstructor.getData(BaseConstructor.java:166)
	at org.springframework.boot.env.OriginTrackedYamlLoader$OriginTrackingConstructor.getData(OriginTrackedYamlLoader.java:99)
	at org.yaml.snakeyaml.Yaml$1.next(Yaml.java:529)
	at org.springframework.beans.factory.config.YamlProcessor.process(YamlProcessor.java:203)
	at org.springframework.beans.factory.config.YamlProcessor.process(YamlProcessor.java:169)
	at org.springframework.boot.env.OriginTrackedYamlLoader.load(OriginTrackedYamlLoader.java:84)
	at org.springframework.boot.env.YamlPropertySourceLoader.load(YamlPropertySourceLoader.java:50)
	at com.alibaba.cloud.nacos.parser.NacosDataParserHandler.parseNacosData(NacosDataParserHandler.java:92)
	at com.alibaba.cloud.nacos.configdata.NacosConfigDataLoader.pullConfig(NacosConfigDataLoader.java:146)
	at com.alibaba.cloud.nacos.configdata.NacosConfigDataLoader.doLoad(NacosConfigDataLoader.java:80)
	at com.alibaba.cloud.nacos.configdata.NacosConfigDataLoader.load(NacosConfigDataLoader.java:67)
	at com.alibaba.cloud.nacos.configdata.NacosConfigDataLoader.load(NacosConfigDataLoader.java:56)
	at org.springframework.boot.context.config.ConfigDataLoaders.load(ConfigDataLoaders.java:96)
	at org.springframework.boot.context.config.ConfigDataImporter.load(ConfigDataImporter.java:132)
	at org.springframework.boot.context.config.ConfigDataImporter.resolveAndLoad(ConfigDataImporter.java:87)
	at org.springframework.boot.context.config.ConfigDataEnvironmentContributors.withProcessedImports(ConfigDataEnvironmentContributors.java:121)
	at org.springframework.boot.context.config.ConfigDataEnvironment.processWithProfiles(ConfigDataEnvironment.java:316)
	at org.springframework.boot.context.config.ConfigDataEnvironment.processAndApply(ConfigDataEnvironment.java:237)
	at org.springframework.boot.context.config.ConfigDataEnvironmentPostProcessor.postProcessEnvironment(ConfigDataEnvironmentPostProcessor.java:96)
	at org.springframework.boot.context.config.ConfigDataEnvironmentPostProcessor.postProcessEnvironment(ConfigDataEnvironmentPostProcessor.java:89)
	at org.springframework.cloud.context.refresh.ConfigDataContextRefresher.updateEnvironment(ConfigDataContextRefresher.java:92)
	at org.springframework.cloud.context.refresh.ContextRefresher.refreshEnvironment(ContextRefresher.java:100)
	at org.springframework.cloud.context.refresh.ContextRefresher.refresh(ContextRefresher.java:93)
	at org.springframework.cloud.endpoint.event.RefreshEventListener.handle(RefreshEventListener.java:72)
	at org.springframework.cloud.endpoint.event.RefreshEventListener.onApplicationEvent(RefreshEventListener.java:61)
	at org.springframework.context.event.SimpleApplicationEventMulticaster.doInvokeListener(SimpleApplicationEventMulticaster.java:185)
	at org.springframework.context.event.SimpleApplicationEventMulticaster.invokeListener(SimpleApplicationEventMulticaster.java:178)
	at org.springframework.context.event.SimpleApplicationEventMulticaster.multicastEvent(SimpleApplicationEventMulticaster.java:156)
	at org.springframework.context.support.AbstractApplicationContext.publishEvent(AbstractApplicationContext.java:454)
	at org.springframework.context.support.AbstractApplicationContext.publishEvent(AbstractApplicationContext.java:387)
	at com.alibaba.cloud.nacos.configdata.NacosConfigRefreshEventListener.onApplicationEvent(NacosConfigRefreshEventListener.java:52)
	at org.springframework.context.event.SimpleApplicationEventMulticaster.doInvokeListener(SimpleApplicationEventMulticaster.java:185)
	at org.springframework.context.event.SimpleApplicationEventMulticaster.invokeListener(SimpleApplicationEventMulticaster.java:178)
	at org.springframework.context.event.SimpleApplicationEventMulticaster.multicastEvent(SimpleApplicationEventMulticaster.java:156)
	at org.springframework.context.support.AbstractApplicationContext.publishEvent(AbstractApplicationContext.java:454)
	at org.springframework.context.support.AbstractApplicationContext.publishEvent(AbstractApplicationContext.java:387)
	at com.alibaba.cloud.nacos.refresh.NacosContextRefresher$1.innerReceive(NacosContextRefresher.java:131)
	at com.alibaba.nacos.api.config.listener.AbstractSharedListener.receiveConfigInfo(AbstractSharedListener.java:40)
	at com.alibaba.nacos.client.config.impl.CacheData$1.run(CacheData.java:440)
	at com.alibaba.nacos.client.config.impl.CacheData.safeNotifyListener(CacheData.java:483)
	at com.alibaba.nacos.client.config.impl.CacheData.checkListenerMd5(CacheData.java:324)
	at com.alibaba.nacos.client.config.impl.ClientWorker$ConfigRpcTransportClient.executeConfigListen(ClientWorker.java:819)
	at com.alibaba.nacos.client.config.impl.ClientWorker$ConfigRpcTransportClient.lambda$startInternal$2(ClientWorker.java:779)
	at java.base/java.util.concurrent.Executors$RunnableAdapter.call(Executors.java:572)
	at java.base/java.util.concurrent.FutureTask.run$$$capture(FutureTask.java:317)
	at java.base/java.util.concurrent.FutureTask.run(FutureTask.java)
	at java.base/java.util.concurrent.ScheduledThreadPoolExecutor$ScheduledFutureTask.run(ScheduledThreadPoolExecutor.java:304)
	at java.base/java.util.concurrent.ThreadPoolExecutor.runWorker(ThreadPoolExecutor.java:1144)
	at java.base/java.util.concurrent.ThreadPoolExecutor$Worker.run(ThreadPoolExecutor.java:642)
	at java.base/java.lang.Thread.run(Thread.java:1583)
:2025-08-12 11:24:46.899  INFO com.alibaba.nacos.client.Worker.0 c.a.c.n.r.NacosContextRefresher: [Nacos Config] Receive Nacos config change: dataId=application-dev.yml, group=DEFAULT_GROUP
:2025-08-12 11:24:46.930  INFO com.alibaba.nacos.client.Worker.0 c.a.c.n.c.NacosConfigDataLoader: [Nacos Config] Load config[dataId=pig-monitor-dev.yml, group=DEFAULT_GROUP] success
:2025-08-12 11:24:46.934  INFO com.alibaba.nacos.client.Worker.0 c.a.c.n.c.NacosConfigDataLoader: [Nacos Config] Load config[dataId=application-dev.yml, group=DEFAULT_GROUP] success
:2025-08-12 11:24:46.935 ERROR com.alibaba.nacos.client.Worker.0 c.a.c.n.c.NacosConfigDataLoader: Error getting properties from nacos: NacosConfigDataResource{properties=NacosConfigProperties{serverAddr='192.168.0.201:8848', encode='null', group='DEFAULT_GROUP', prefix='null', fileExtension='properties', timeout=3000, maxRetry='null', configLongPollTimeout='null', configRetryTime='null', enableRemoteSyncConfig=false, endpoint='null', namespace='5d42b64c-af69-4a94-8189-c7e890784c35', accessKey='null', secretKey='null', ramRoleName='null', contextPath='null', clusterName='null', name='null'', shares=null, extensions=null, refreshEnabled=true}, optional=false, profiles=[Profiles@79859864 active = '[]', default = '[default]', accepted = '[default]'], config=NacosItemConfig{group='DEFAULT_GROUP', dataId='application-dev.yml', suffix='yml', refreshEnabled=true, preference=null}}
org.yaml.snakeyaml.constructor.DuplicateKeyException: while constructing a mapping
 in 'reader', line 2, column 1:
    jasypt:
    ^
found duplicate key spring
 in 'reader', line 73, column 1:
    spring:
    ^

	at org.yaml.snakeyaml.constructor.SafeConstructor.processDuplicateKeys(SafeConstructor.java:126)
	at org.yaml.snakeyaml.constructor.SafeConstructor.flattenMapping(SafeConstructor.java:78)
	at org.yaml.snakeyaml.constructor.SafeConstructor.flattenMapping(SafeConstructor.java:73)
	at org.yaml.snakeyaml.constructor.SafeConstructor.constructMapping2ndStep(SafeConstructor.java:209)
	at org.yaml.snakeyaml.constructor.BaseConstructor.constructMapping(BaseConstructor.java:552)
	at org.yaml.snakeyaml.constructor.SafeConstructor$ConstructYamlMap.construct(SafeConstructor.java:597)
	at org.yaml.snakeyaml.constructor.BaseConstructor.constructObjectNoCheck(BaseConstructor.java:264)
	at org.yaml.snakeyaml.constructor.BaseConstructor.constructObject(BaseConstructor.java:247)
	at org.springframework.boot.env.OriginTrackedYamlLoader$OriginTrackingConstructor.constructObject(OriginTrackedYamlLoader.java:119)
	at org.yaml.snakeyaml.constructor.BaseConstructor.constructDocument(BaseConstructor.java:201)
	at org.yaml.snakeyaml.constructor.BaseConstructor.getData(BaseConstructor.java:166)
	at org.springframework.boot.env.OriginTrackedYamlLoader$OriginTrackingConstructor.getData(OriginTrackedYamlLoader.java:99)
	at org.yaml.snakeyaml.Yaml$1.next(Yaml.java:529)
	at org.springframework.beans.factory.config.YamlProcessor.process(YamlProcessor.java:203)
	at org.springframework.beans.factory.config.YamlProcessor.process(YamlProcessor.java:169)
	at org.springframework.boot.env.OriginTrackedYamlLoader.load(OriginTrackedYamlLoader.java:84)
	at org.springframework.boot.env.YamlPropertySourceLoader.load(YamlPropertySourceLoader.java:50)
	at com.alibaba.cloud.nacos.parser.NacosDataParserHandler.parseNacosData(NacosDataParserHandler.java:92)
	at com.alibaba.cloud.nacos.configdata.NacosConfigDataLoader.pullConfig(NacosConfigDataLoader.java:146)
	at com.alibaba.cloud.nacos.configdata.NacosConfigDataLoader.doLoad(NacosConfigDataLoader.java:80)
	at com.alibaba.cloud.nacos.configdata.NacosConfigDataLoader.load(NacosConfigDataLoader.java:67)
	at com.alibaba.cloud.nacos.configdata.NacosConfigDataLoader.load(NacosConfigDataLoader.java:56)
	at org.springframework.boot.context.config.ConfigDataLoaders.load(ConfigDataLoaders.java:96)
	at org.springframework.boot.context.config.ConfigDataImporter.load(ConfigDataImporter.java:132)
	at org.springframework.boot.context.config.ConfigDataImporter.resolveAndLoad(ConfigDataImporter.java:87)
	at org.springframework.boot.context.config.ConfigDataEnvironmentContributors.withProcessedImports(ConfigDataEnvironmentContributors.java:121)
	at org.springframework.boot.context.config.ConfigDataEnvironment.processWithProfiles(ConfigDataEnvironment.java:316)
	at org.springframework.boot.context.config.ConfigDataEnvironment.processAndApply(ConfigDataEnvironment.java:237)
	at org.springframework.boot.context.config.ConfigDataEnvironmentPostProcessor.postProcessEnvironment(ConfigDataEnvironmentPostProcessor.java:96)
	at org.springframework.boot.context.config.ConfigDataEnvironmentPostProcessor.postProcessEnvironment(ConfigDataEnvironmentPostProcessor.java:89)
	at org.springframework.cloud.context.refresh.ConfigDataContextRefresher.updateEnvironment(ConfigDataContextRefresher.java:92)
	at org.springframework.cloud.context.refresh.ContextRefresher.refreshEnvironment(ContextRefresher.java:100)
	at org.springframework.cloud.context.refresh.ContextRefresher.refresh(ContextRefresher.java:93)
	at org.springframework.cloud.endpoint.event.RefreshEventListener.handle(RefreshEventListener.java:72)
	at org.springframework.cloud.endpoint.event.RefreshEventListener.onApplicationEvent(RefreshEventListener.java:61)
	at org.springframework.context.event.SimpleApplicationEventMulticaster.doInvokeListener(SimpleApplicationEventMulticaster.java:185)
	at org.springframework.context.event.SimpleApplicationEventMulticaster.invokeListener(SimpleApplicationEventMulticaster.java:178)
	at org.springframework.context.event.SimpleApplicationEventMulticaster.multicastEvent(SimpleApplicationEventMulticaster.java:156)
	at org.springframework.context.support.AbstractApplicationContext.publishEvent(AbstractApplicationContext.java:454)
	at org.springframework.context.support.AbstractApplicationContext.publishEvent(AbstractApplicationContext.java:387)
	at com.alibaba.cloud.nacos.configdata.NacosConfigRefreshEventListener.onApplicationEvent(NacosConfigRefreshEventListener.java:52)
	at org.springframework.context.event.SimpleApplicationEventMulticaster.doInvokeListener(SimpleApplicationEventMulticaster.java:185)
	at org.springframework.context.event.SimpleApplicationEventMulticaster.invokeListener(SimpleApplicationEventMulticaster.java:178)
	at org.springframework.context.event.SimpleApplicationEventMulticaster.multicastEvent(SimpleApplicationEventMulticaster.java:156)
	at org.springframework.context.support.AbstractApplicationContext.publishEvent(AbstractApplicationContext.java:454)
	at org.springframework.context.support.AbstractApplicationContext.publishEvent(AbstractApplicationContext.java:387)
	at com.alibaba.cloud.nacos.refresh.NacosContextRefresher$1.innerReceive(NacosContextRefresher.java:131)
	at com.alibaba.nacos.api.config.listener.AbstractSharedListener.receiveConfigInfo(AbstractSharedListener.java:40)
	at com.alibaba.nacos.client.config.impl.CacheData$1.run(CacheData.java:440)
	at com.alibaba.nacos.client.config.impl.CacheData.safeNotifyListener(CacheData.java:483)
	at com.alibaba.nacos.client.config.impl.CacheData.checkListenerMd5(CacheData.java:324)
	at com.alibaba.nacos.client.config.impl.ClientWorker$ConfigRpcTransportClient.executeConfigListen(ClientWorker.java:819)
	at com.alibaba.nacos.client.config.impl.ClientWorker$ConfigRpcTransportClient.lambda$startInternal$2(ClientWorker.java:779)
	at java.base/java.util.concurrent.Executors$RunnableAdapter.call(Executors.java:572)
	at java.base/java.util.concurrent.FutureTask.run$$$capture(FutureTask.java:317)
	at java.base/java.util.concurrent.FutureTask.run(FutureTask.java)
	at java.base/java.util.concurrent.ScheduledThreadPoolExecutor$ScheduledFutureTask.run(ScheduledThreadPoolExecutor.java:304)
	at java.base/java.util.concurrent.ThreadPoolExecutor.runWorker(ThreadPoolExecutor.java:1144)
	at java.base/java.util.concurrent.ThreadPoolExecutor$Worker.run(ThreadPoolExecutor.java:642)
	at java.base/java.lang.Thread.run(Thread.java:1583)
:2025-08-12 11:24:51.948  INFO com.alibaba.nacos.client.Worker.0 c.a.c.n.r.NacosContextRefresher: [Nacos Config] Receive Nacos config change: dataId=application-dev.yml, group=DEFAULT_GROUP
:2025-08-12 11:24:51.978  INFO com.alibaba.nacos.client.Worker.0 c.a.c.n.c.NacosConfigDataLoader: [Nacos Config] Load config[dataId=pig-monitor-dev.yml, group=DEFAULT_GROUP] success
:2025-08-12 11:24:51.982  INFO com.alibaba.nacos.client.Worker.0 c.a.c.n.c.NacosConfigDataLoader: [Nacos Config] Load config[dataId=application-dev.yml, group=DEFAULT_GROUP] success
:2025-08-12 11:24:51.984 ERROR com.alibaba.nacos.client.Worker.0 c.a.c.n.c.NacosConfigDataLoader: Error getting properties from nacos: NacosConfigDataResource{properties=NacosConfigProperties{serverAddr='192.168.0.201:8848', encode='null', group='DEFAULT_GROUP', prefix='null', fileExtension='properties', timeout=3000, maxRetry='null', configLongPollTimeout='null', configRetryTime='null', enableRemoteSyncConfig=false, endpoint='null', namespace='5d42b64c-af69-4a94-8189-c7e890784c35', accessKey='null', secretKey='null', ramRoleName='null', contextPath='null', clusterName='null', name='null'', shares=null, extensions=null, refreshEnabled=true}, optional=false, profiles=[Profiles@7cff4bb2 active = '[]', default = '[default]', accepted = '[default]'], config=NacosItemConfig{group='DEFAULT_GROUP', dataId='application-dev.yml', suffix='yml', refreshEnabled=true, preference=null}}
org.yaml.snakeyaml.constructor.DuplicateKeyException: while constructing a mapping
 in 'reader', line 2, column 1:
    jasypt:
    ^
found duplicate key spring
 in 'reader', line 73, column 1:
    spring:
    ^

	at org.yaml.snakeyaml.constructor.SafeConstructor.processDuplicateKeys(SafeConstructor.java:126)
	at org.yaml.snakeyaml.constructor.SafeConstructor.flattenMapping(SafeConstructor.java:78)
	at org.yaml.snakeyaml.constructor.SafeConstructor.flattenMapping(SafeConstructor.java:73)
	at org.yaml.snakeyaml.constructor.SafeConstructor.constructMapping2ndStep(SafeConstructor.java:209)
	at org.yaml.snakeyaml.constructor.BaseConstructor.constructMapping(BaseConstructor.java:552)
	at org.yaml.snakeyaml.constructor.SafeConstructor$ConstructYamlMap.construct(SafeConstructor.java:597)
	at org.yaml.snakeyaml.constructor.BaseConstructor.constructObjectNoCheck(BaseConstructor.java:264)
	at org.yaml.snakeyaml.constructor.BaseConstructor.constructObject(BaseConstructor.java:247)
	at org.springframework.boot.env.OriginTrackedYamlLoader$OriginTrackingConstructor.constructObject(OriginTrackedYamlLoader.java:119)
	at org.yaml.snakeyaml.constructor.BaseConstructor.constructDocument(BaseConstructor.java:201)
	at org.yaml.snakeyaml.constructor.BaseConstructor.getData(BaseConstructor.java:166)
	at org.springframework.boot.env.OriginTrackedYamlLoader$OriginTrackingConstructor.getData(OriginTrackedYamlLoader.java:99)
	at org.yaml.snakeyaml.Yaml$1.next(Yaml.java:529)
	at org.springframework.beans.factory.config.YamlProcessor.process(YamlProcessor.java:203)
	at org.springframework.beans.factory.config.YamlProcessor.process(YamlProcessor.java:169)
	at org.springframework.boot.env.OriginTrackedYamlLoader.load(OriginTrackedYamlLoader.java:84)
	at org.springframework.boot.env.YamlPropertySourceLoader.load(YamlPropertySourceLoader.java:50)
	at com.alibaba.cloud.nacos.parser.NacosDataParserHandler.parseNacosData(NacosDataParserHandler.java:92)
	at com.alibaba.cloud.nacos.configdata.NacosConfigDataLoader.pullConfig(NacosConfigDataLoader.java:146)
	at com.alibaba.cloud.nacos.configdata.NacosConfigDataLoader.doLoad(NacosConfigDataLoader.java:80)
	at com.alibaba.cloud.nacos.configdata.NacosConfigDataLoader.load(NacosConfigDataLoader.java:67)
	at com.alibaba.cloud.nacos.configdata.NacosConfigDataLoader.load(NacosConfigDataLoader.java:56)
	at org.springframework.boot.context.config.ConfigDataLoaders.load(ConfigDataLoaders.java:96)
	at org.springframework.boot.context.config.ConfigDataImporter.load(ConfigDataImporter.java:132)
	at org.springframework.boot.context.config.ConfigDataImporter.resolveAndLoad(ConfigDataImporter.java:87)
	at org.springframework.boot.context.config.ConfigDataEnvironmentContributors.withProcessedImports(ConfigDataEnvironmentContributors.java:121)
	at org.springframework.boot.context.config.ConfigDataEnvironment.processWithProfiles(ConfigDataEnvironment.java:316)
	at org.springframework.boot.context.config.ConfigDataEnvironment.processAndApply(ConfigDataEnvironment.java:237)
	at org.springframework.boot.context.config.ConfigDataEnvironmentPostProcessor.postProcessEnvironment(ConfigDataEnvironmentPostProcessor.java:96)
	at org.springframework.boot.context.config.ConfigDataEnvironmentPostProcessor.postProcessEnvironment(ConfigDataEnvironmentPostProcessor.java:89)
	at org.springframework.cloud.context.refresh.ConfigDataContextRefresher.updateEnvironment(ConfigDataContextRefresher.java:92)
	at org.springframework.cloud.context.refresh.ContextRefresher.refreshEnvironment(ContextRefresher.java:100)
	at org.springframework.cloud.context.refresh.ContextRefresher.refresh(ContextRefresher.java:93)
	at org.springframework.cloud.endpoint.event.RefreshEventListener.handle(RefreshEventListener.java:72)
	at org.springframework.cloud.endpoint.event.RefreshEventListener.onApplicationEvent(RefreshEventListener.java:61)
	at org.springframework.context.event.SimpleApplicationEventMulticaster.doInvokeListener(SimpleApplicationEventMulticaster.java:185)
	at org.springframework.context.event.SimpleApplicationEventMulticaster.invokeListener(SimpleApplicationEventMulticaster.java:178)
	at org.springframework.context.event.SimpleApplicationEventMulticaster.multicastEvent(SimpleApplicationEventMulticaster.java:156)
	at org.springframework.context.support.AbstractApplicationContext.publishEvent(AbstractApplicationContext.java:454)
	at org.springframework.context.support.AbstractApplicationContext.publishEvent(AbstractApplicationContext.java:387)
	at com.alibaba.cloud.nacos.configdata.NacosConfigRefreshEventListener.onApplicationEvent(NacosConfigRefreshEventListener.java:52)
	at org.springframework.context.event.SimpleApplicationEventMulticaster.doInvokeListener(SimpleApplicationEventMulticaster.java:185)
	at org.springframework.context.event.SimpleApplicationEventMulticaster.invokeListener(SimpleApplicationEventMulticaster.java:178)
	at org.springframework.context.event.SimpleApplicationEventMulticaster.multicastEvent(SimpleApplicationEventMulticaster.java:156)
	at org.springframework.context.support.AbstractApplicationContext.publishEvent(AbstractApplicationContext.java:454)
	at org.springframework.context.support.AbstractApplicationContext.publishEvent(AbstractApplicationContext.java:387)
	at com.alibaba.cloud.nacos.refresh.NacosContextRefresher$1.innerReceive(NacosContextRefresher.java:131)
	at com.alibaba.nacos.api.config.listener.AbstractSharedListener.receiveConfigInfo(AbstractSharedListener.java:40)
	at com.alibaba.nacos.client.config.impl.CacheData$1.run(CacheData.java:440)
	at com.alibaba.nacos.client.config.impl.CacheData.safeNotifyListener(CacheData.java:483)
	at com.alibaba.nacos.client.config.impl.CacheData.checkListenerMd5(CacheData.java:324)
	at com.alibaba.nacos.client.config.impl.ClientWorker$ConfigRpcTransportClient.executeConfigListen(ClientWorker.java:819)
	at com.alibaba.nacos.client.config.impl.ClientWorker$ConfigRpcTransportClient.lambda$startInternal$2(ClientWorker.java:779)
	at java.base/java.util.concurrent.Executors$RunnableAdapter.call(Executors.java:572)
	at java.base/java.util.concurrent.FutureTask.run$$$capture(FutureTask.java:317)
	at java.base/java.util.concurrent.FutureTask.run(FutureTask.java)
	at java.base/java.util.concurrent.ScheduledThreadPoolExecutor$ScheduledFutureTask.run(ScheduledThreadPoolExecutor.java:304)
	at java.base/java.util.concurrent.ThreadPoolExecutor.runWorker(ThreadPoolExecutor.java:1144)
	at java.base/java.util.concurrent.ThreadPoolExecutor$Worker.run(ThreadPoolExecutor.java:642)
	at java.base/java.lang.Thread.run(Thread.java:1583)
:2025-08-12 11:24:56.992  INFO com.alibaba.nacos.client.Worker.0 c.a.c.n.r.NacosContextRefresher: [Nacos Config] Receive Nacos config change: dataId=application-dev.yml, group=DEFAULT_GROUP
:2025-08-12 11:24:57.021  INFO com.alibaba.nacos.client.Worker.0 c.a.c.n.c.NacosConfigDataLoader: [Nacos Config] Load config[dataId=pig-monitor-dev.yml, group=DEFAULT_GROUP] success
:2025-08-12 11:24:57.025  INFO com.alibaba.nacos.client.Worker.0 c.a.c.n.c.NacosConfigDataLoader: [Nacos Config] Load config[dataId=application-dev.yml, group=DEFAULT_GROUP] success
:2025-08-12 11:24:57.026 ERROR com.alibaba.nacos.client.Worker.0 c.a.c.n.c.NacosConfigDataLoader: Error getting properties from nacos: NacosConfigDataResource{properties=NacosConfigProperties{serverAddr='192.168.0.201:8848', encode='null', group='DEFAULT_GROUP', prefix='null', fileExtension='properties', timeout=3000, maxRetry='null', configLongPollTimeout='null', configRetryTime='null', enableRemoteSyncConfig=false, endpoint='null', namespace='5d42b64c-af69-4a94-8189-c7e890784c35', accessKey='null', secretKey='null', ramRoleName='null', contextPath='null', clusterName='null', name='null'', shares=null, extensions=null, refreshEnabled=true}, optional=false, profiles=[Profiles@25f5f7e2 active = '[]', default = '[default]', accepted = '[default]'], config=NacosItemConfig{group='DEFAULT_GROUP', dataId='application-dev.yml', suffix='yml', refreshEnabled=true, preference=null}}
org.yaml.snakeyaml.constructor.DuplicateKeyException: while constructing a mapping
 in 'reader', line 2, column 1:
    jasypt:
    ^
found duplicate key spring
 in 'reader', line 73, column 1:
    spring:
    ^

	at org.yaml.snakeyaml.constructor.SafeConstructor.processDuplicateKeys(SafeConstructor.java:126)
	at org.yaml.snakeyaml.constructor.SafeConstructor.flattenMapping(SafeConstructor.java:78)
	at org.yaml.snakeyaml.constructor.SafeConstructor.flattenMapping(SafeConstructor.java:73)
	at org.yaml.snakeyaml.constructor.SafeConstructor.constructMapping2ndStep(SafeConstructor.java:209)
	at org.yaml.snakeyaml.constructor.BaseConstructor.constructMapping(BaseConstructor.java:552)
	at org.yaml.snakeyaml.constructor.SafeConstructor$ConstructYamlMap.construct(SafeConstructor.java:597)
	at org.yaml.snakeyaml.constructor.BaseConstructor.constructObjectNoCheck(BaseConstructor.java:264)
	at org.yaml.snakeyaml.constructor.BaseConstructor.constructObject(BaseConstructor.java:247)
	at org.springframework.boot.env.OriginTrackedYamlLoader$OriginTrackingConstructor.constructObject(OriginTrackedYamlLoader.java:119)
	at org.yaml.snakeyaml.constructor.BaseConstructor.constructDocument(BaseConstructor.java:201)
	at org.yaml.snakeyaml.constructor.BaseConstructor.getData(BaseConstructor.java:166)
	at org.springframework.boot.env.OriginTrackedYamlLoader$OriginTrackingConstructor.getData(OriginTrackedYamlLoader.java:99)
	at org.yaml.snakeyaml.Yaml$1.next(Yaml.java:529)
	at org.springframework.beans.factory.config.YamlProcessor.process(YamlProcessor.java:203)
	at org.springframework.beans.factory.config.YamlProcessor.process(YamlProcessor.java:169)
	at org.springframework.boot.env.OriginTrackedYamlLoader.load(OriginTrackedYamlLoader.java:84)
	at org.springframework.boot.env.YamlPropertySourceLoader.load(YamlPropertySourceLoader.java:50)
	at com.alibaba.cloud.nacos.parser.NacosDataParserHandler.parseNacosData(NacosDataParserHandler.java:92)
	at com.alibaba.cloud.nacos.configdata.NacosConfigDataLoader.pullConfig(NacosConfigDataLoader.java:146)
	at com.alibaba.cloud.nacos.configdata.NacosConfigDataLoader.doLoad(NacosConfigDataLoader.java:80)
	at com.alibaba.cloud.nacos.configdata.NacosConfigDataLoader.load(NacosConfigDataLoader.java:67)
	at com.alibaba.cloud.nacos.configdata.NacosConfigDataLoader.load(NacosConfigDataLoader.java:56)
	at org.springframework.boot.context.config.ConfigDataLoaders.load(ConfigDataLoaders.java:96)
	at org.springframework.boot.context.config.ConfigDataImporter.load(ConfigDataImporter.java:132)
	at org.springframework.boot.context.config.ConfigDataImporter.resolveAndLoad(ConfigDataImporter.java:87)
	at org.springframework.boot.context.config.ConfigDataEnvironmentContributors.withProcessedImports(ConfigDataEnvironmentContributors.java:121)
	at org.springframework.boot.context.config.ConfigDataEnvironment.processWithProfiles(ConfigDataEnvironment.java:316)
	at org.springframework.boot.context.config.ConfigDataEnvironment.processAndApply(ConfigDataEnvironment.java:237)
	at org.springframework.boot.context.config.ConfigDataEnvironmentPostProcessor.postProcessEnvironment(ConfigDataEnvironmentPostProcessor.java:96)
	at org.springframework.boot.context.config.ConfigDataEnvironmentPostProcessor.postProcessEnvironment(ConfigDataEnvironmentPostProcessor.java:89)
	at org.springframework.cloud.context.refresh.ConfigDataContextRefresher.updateEnvironment(ConfigDataContextRefresher.java:92)
	at org.springframework.cloud.context.refresh.ContextRefresher.refreshEnvironment(ContextRefresher.java:100)
	at org.springframework.cloud.context.refresh.ContextRefresher.refresh(ContextRefresher.java:93)
	at org.springframework.cloud.endpoint.event.RefreshEventListener.handle(RefreshEventListener.java:72)
	at org.springframework.cloud.endpoint.event.RefreshEventListener.onApplicationEvent(RefreshEventListener.java:61)
	at org.springframework.context.event.SimpleApplicationEventMulticaster.doInvokeListener(SimpleApplicationEventMulticaster.java:185)
	at org.springframework.context.event.SimpleApplicationEventMulticaster.invokeListener(SimpleApplicationEventMulticaster.java:178)
	at org.springframework.context.event.SimpleApplicationEventMulticaster.multicastEvent(SimpleApplicationEventMulticaster.java:156)
	at org.springframework.context.support.AbstractApplicationContext.publishEvent(AbstractApplicationContext.java:454)
	at org.springframework.context.support.AbstractApplicationContext.publishEvent(AbstractApplicationContext.java:387)
	at com.alibaba.cloud.nacos.configdata.NacosConfigRefreshEventListener.onApplicationEvent(NacosConfigRefreshEventListener.java:52)
	at org.springframework.context.event.SimpleApplicationEventMulticaster.doInvokeListener(SimpleApplicationEventMulticaster.java:185)
	at org.springframework.context.event.SimpleApplicationEventMulticaster.invokeListener(SimpleApplicationEventMulticaster.java:178)
	at org.springframework.context.event.SimpleApplicationEventMulticaster.multicastEvent(SimpleApplicationEventMulticaster.java:156)
	at org.springframework.context.support.AbstractApplicationContext.publishEvent(AbstractApplicationContext.java:454)
	at org.springframework.context.support.AbstractApplicationContext.publishEvent(AbstractApplicationContext.java:387)
	at com.alibaba.cloud.nacos.refresh.NacosContextRefresher$1.innerReceive(NacosContextRefresher.java:131)
	at com.alibaba.nacos.api.config.listener.AbstractSharedListener.receiveConfigInfo(AbstractSharedListener.java:40)
	at com.alibaba.nacos.client.config.impl.CacheData$1.run(CacheData.java:440)
	at com.alibaba.nacos.client.config.impl.CacheData.safeNotifyListener(CacheData.java:483)
	at com.alibaba.nacos.client.config.impl.CacheData.checkListenerMd5(CacheData.java:324)
	at com.alibaba.nacos.client.config.impl.ClientWorker$ConfigRpcTransportClient.executeConfigListen(ClientWorker.java:819)
	at com.alibaba.nacos.client.config.impl.ClientWorker$ConfigRpcTransportClient.lambda$startInternal$2(ClientWorker.java:779)
	at java.base/java.util.concurrent.Executors$RunnableAdapter.call(Executors.java:572)
	at java.base/java.util.concurrent.FutureTask.run$$$capture(FutureTask.java:317)
	at java.base/java.util.concurrent.FutureTask.run(FutureTask.java)
	at java.base/java.util.concurrent.ScheduledThreadPoolExecutor$ScheduledFutureTask.run(ScheduledThreadPoolExecutor.java:304)
	at java.base/java.util.concurrent.ThreadPoolExecutor.runWorker(ThreadPoolExecutor.java:1144)
	at java.base/java.util.concurrent.ThreadPoolExecutor$Worker.run(ThreadPoolExecutor.java:642)
	at java.base/java.lang.Thread.run(Thread.java:1583)
:2025-08-12 11:25:02.035  INFO com.alibaba.nacos.client.Worker.0 c.a.c.n.r.NacosContextRefresher: [Nacos Config] Receive Nacos config change: dataId=application-dev.yml, group=DEFAULT_GROUP
:2025-08-12 11:25:02.066  INFO com.alibaba.nacos.client.Worker.0 c.a.c.n.c.NacosConfigDataLoader: [Nacos Config] Load config[dataId=pig-monitor-dev.yml, group=DEFAULT_GROUP] success
:2025-08-12 11:25:02.069  INFO com.alibaba.nacos.client.Worker.0 c.a.c.n.c.NacosConfigDataLoader: [Nacos Config] Load config[dataId=application-dev.yml, group=DEFAULT_GROUP] success
:2025-08-12 11:25:02.071 ERROR com.alibaba.nacos.client.Worker.0 c.a.c.n.c.NacosConfigDataLoader: Error getting properties from nacos: NacosConfigDataResource{properties=NacosConfigProperties{serverAddr='192.168.0.201:8848', encode='null', group='DEFAULT_GROUP', prefix='null', fileExtension='properties', timeout=3000, maxRetry='null', configLongPollTimeout='null', configRetryTime='null', enableRemoteSyncConfig=false, endpoint='null', namespace='5d42b64c-af69-4a94-8189-c7e890784c35', accessKey='null', secretKey='null', ramRoleName='null', contextPath='null', clusterName='null', name='null'', shares=null, extensions=null, refreshEnabled=true}, optional=false, profiles=[Profiles@6ba35548 active = '[]', default = '[default]', accepted = '[default]'], config=NacosItemConfig{group='DEFAULT_GROUP', dataId='application-dev.yml', suffix='yml', refreshEnabled=true, preference=null}}
org.yaml.snakeyaml.constructor.DuplicateKeyException: while constructing a mapping
 in 'reader', line 2, column 1:
    jasypt:
    ^
found duplicate key spring
 in 'reader', line 73, column 1:
    spring:
    ^

	at org.yaml.snakeyaml.constructor.SafeConstructor.processDuplicateKeys(SafeConstructor.java:126)
	at org.yaml.snakeyaml.constructor.SafeConstructor.flattenMapping(SafeConstructor.java:78)
	at org.yaml.snakeyaml.constructor.SafeConstructor.flattenMapping(SafeConstructor.java:73)
	at org.yaml.snakeyaml.constructor.SafeConstructor.constructMapping2ndStep(SafeConstructor.java:209)
	at org.yaml.snakeyaml.constructor.BaseConstructor.constructMapping(BaseConstructor.java:552)
	at org.yaml.snakeyaml.constructor.SafeConstructor$ConstructYamlMap.construct(SafeConstructor.java:597)
	at org.yaml.snakeyaml.constructor.BaseConstructor.constructObjectNoCheck(BaseConstructor.java:264)
	at org.yaml.snakeyaml.constructor.BaseConstructor.constructObject(BaseConstructor.java:247)
	at org.springframework.boot.env.OriginTrackedYamlLoader$OriginTrackingConstructor.constructObject(OriginTrackedYamlLoader.java:119)
	at org.yaml.snakeyaml.constructor.BaseConstructor.constructDocument(BaseConstructor.java:201)
	at org.yaml.snakeyaml.constructor.BaseConstructor.getData(BaseConstructor.java:166)
	at org.springframework.boot.env.OriginTrackedYamlLoader$OriginTrackingConstructor.getData(OriginTrackedYamlLoader.java:99)
	at org.yaml.snakeyaml.Yaml$1.next(Yaml.java:529)
	at org.springframework.beans.factory.config.YamlProcessor.process(YamlProcessor.java:203)
	at org.springframework.beans.factory.config.YamlProcessor.process(YamlProcessor.java:169)
	at org.springframework.boot.env.OriginTrackedYamlLoader.load(OriginTrackedYamlLoader.java:84)
	at org.springframework.boot.env.YamlPropertySourceLoader.load(YamlPropertySourceLoader.java:50)
	at com.alibaba.cloud.nacos.parser.NacosDataParserHandler.parseNacosData(NacosDataParserHandler.java:92)
	at com.alibaba.cloud.nacos.configdata.NacosConfigDataLoader.pullConfig(NacosConfigDataLoader.java:146)
	at com.alibaba.cloud.nacos.configdata.NacosConfigDataLoader.doLoad(NacosConfigDataLoader.java:80)
	at com.alibaba.cloud.nacos.configdata.NacosConfigDataLoader.load(NacosConfigDataLoader.java:67)
	at com.alibaba.cloud.nacos.configdata.NacosConfigDataLoader.load(NacosConfigDataLoader.java:56)
	at org.springframework.boot.context.config.ConfigDataLoaders.load(ConfigDataLoaders.java:96)
	at org.springframework.boot.context.config.ConfigDataImporter.load(ConfigDataImporter.java:132)
	at org.springframework.boot.context.config.ConfigDataImporter.resolveAndLoad(ConfigDataImporter.java:87)
	at org.springframework.boot.context.config.ConfigDataEnvironmentContributors.withProcessedImports(ConfigDataEnvironmentContributors.java:121)
	at org.springframework.boot.context.config.ConfigDataEnvironment.processWithProfiles(ConfigDataEnvironment.java:316)
	at org.springframework.boot.context.config.ConfigDataEnvironment.processAndApply(ConfigDataEnvironment.java:237)
	at org.springframework.boot.context.config.ConfigDataEnvironmentPostProcessor.postProcessEnvironment(ConfigDataEnvironmentPostProcessor.java:96)
	at org.springframework.boot.context.config.ConfigDataEnvironmentPostProcessor.postProcessEnvironment(ConfigDataEnvironmentPostProcessor.java:89)
	at org.springframework.cloud.context.refresh.ConfigDataContextRefresher.updateEnvironment(ConfigDataContextRefresher.java:92)
	at org.springframework.cloud.context.refresh.ContextRefresher.refreshEnvironment(ContextRefresher.java:100)
	at org.springframework.cloud.context.refresh.ContextRefresher.refresh(ContextRefresher.java:93)
	at org.springframework.cloud.endpoint.event.RefreshEventListener.handle(RefreshEventListener.java:72)
	at org.springframework.cloud.endpoint.event.RefreshEventListener.onApplicationEvent(RefreshEventListener.java:61)
	at org.springframework.context.event.SimpleApplicationEventMulticaster.doInvokeListener(SimpleApplicationEventMulticaster.java:185)
	at org.springframework.context.event.SimpleApplicationEventMulticaster.invokeListener(SimpleApplicationEventMulticaster.java:178)
	at org.springframework.context.event.SimpleApplicationEventMulticaster.multicastEvent(SimpleApplicationEventMulticaster.java:156)
	at org.springframework.context.support.AbstractApplicationContext.publishEvent(AbstractApplicationContext.java:454)
	at org.springframework.context.support.AbstractApplicationContext.publishEvent(AbstractApplicationContext.java:387)
	at com.alibaba.cloud.nacos.configdata.NacosConfigRefreshEventListener.onApplicationEvent(NacosConfigRefreshEventListener.java:52)
	at org.springframework.context.event.SimpleApplicationEventMulticaster.doInvokeListener(SimpleApplicationEventMulticaster.java:185)
	at org.springframework.context.event.SimpleApplicationEventMulticaster.invokeListener(SimpleApplicationEventMulticaster.java:178)
	at org.springframework.context.event.SimpleApplicationEventMulticaster.multicastEvent(SimpleApplicationEventMulticaster.java:156)
	at org.springframework.context.support.AbstractApplicationContext.publishEvent(AbstractApplicationContext.java:454)
	at org.springframework.context.support.AbstractApplicationContext.publishEvent(AbstractApplicationContext.java:387)
	at com.alibaba.cloud.nacos.refresh.NacosContextRefresher$1.innerReceive(NacosContextRefresher.java:131)
	at com.alibaba.nacos.api.config.listener.AbstractSharedListener.receiveConfigInfo(AbstractSharedListener.java:40)
	at com.alibaba.nacos.client.config.impl.CacheData$1.run(CacheData.java:440)
	at com.alibaba.nacos.client.config.impl.CacheData.safeNotifyListener(CacheData.java:483)
	at com.alibaba.nacos.client.config.impl.CacheData.checkListenerMd5(CacheData.java:324)
	at com.alibaba.nacos.client.config.impl.ClientWorker$ConfigRpcTransportClient.executeConfigListen(ClientWorker.java:819)
	at com.alibaba.nacos.client.config.impl.ClientWorker$ConfigRpcTransportClient.lambda$startInternal$2(ClientWorker.java:779)
	at java.base/java.util.concurrent.Executors$RunnableAdapter.call(Executors.java:572)
	at java.base/java.util.concurrent.FutureTask.run$$$capture(FutureTask.java:317)
	at java.base/java.util.concurrent.FutureTask.run(FutureTask.java)
	at java.base/java.util.concurrent.ScheduledThreadPoolExecutor$ScheduledFutureTask.run(ScheduledThreadPoolExecutor.java:304)
	at java.base/java.util.concurrent.ThreadPoolExecutor.runWorker(ThreadPoolExecutor.java:1144)
	at java.base/java.util.concurrent.ThreadPoolExecutor$Worker.run(ThreadPoolExecutor.java:642)
	at java.base/java.lang.Thread.run(Thread.java:1583)
:2025-08-12 11:25:07.073  INFO com.alibaba.nacos.client.Worker.0 c.a.c.n.r.NacosContextRefresher: [Nacos Config] Receive Nacos config change: dataId=application-dev.yml, group=DEFAULT_GROUP
:2025-08-12 11:25:07.101  INFO com.alibaba.nacos.client.Worker.0 c.a.c.n.c.NacosConfigDataLoader: [Nacos Config] Load config[dataId=pig-monitor-dev.yml, group=DEFAULT_GROUP] success
:2025-08-12 11:25:07.105  INFO com.alibaba.nacos.client.Worker.0 c.a.c.n.c.NacosConfigDataLoader: [Nacos Config] Load config[dataId=application-dev.yml, group=DEFAULT_GROUP] success
:2025-08-12 11:25:07.106 ERROR com.alibaba.nacos.client.Worker.0 c.a.c.n.c.NacosConfigDataLoader: Error getting properties from nacos: NacosConfigDataResource{properties=NacosConfigProperties{serverAddr='192.168.0.201:8848', encode='null', group='DEFAULT_GROUP', prefix='null', fileExtension='properties', timeout=3000, maxRetry='null', configLongPollTimeout='null', configRetryTime='null', enableRemoteSyncConfig=false, endpoint='null', namespace='5d42b64c-af69-4a94-8189-c7e890784c35', accessKey='null', secretKey='null', ramRoleName='null', contextPath='null', clusterName='null', name='null'', shares=null, extensions=null, refreshEnabled=true}, optional=false, profiles=[Profiles@6500c40c active = '[]', default = '[default]', accepted = '[default]'], config=NacosItemConfig{group='DEFAULT_GROUP', dataId='application-dev.yml', suffix='yml', refreshEnabled=true, preference=null}}
org.yaml.snakeyaml.constructor.DuplicateKeyException: while constructing a mapping
 in 'reader', line 2, column 1:
    jasypt:
    ^
found duplicate key spring
 in 'reader', line 73, column 1:
    spring:
    ^

	at org.yaml.snakeyaml.constructor.SafeConstructor.processDuplicateKeys(SafeConstructor.java:126)
	at org.yaml.snakeyaml.constructor.SafeConstructor.flattenMapping(SafeConstructor.java:78)
	at org.yaml.snakeyaml.constructor.SafeConstructor.flattenMapping(SafeConstructor.java:73)
	at org.yaml.snakeyaml.constructor.SafeConstructor.constructMapping2ndStep(SafeConstructor.java:209)
	at org.yaml.snakeyaml.constructor.BaseConstructor.constructMapping(BaseConstructor.java:552)
	at org.yaml.snakeyaml.constructor.SafeConstructor$ConstructYamlMap.construct(SafeConstructor.java:597)
	at org.yaml.snakeyaml.constructor.BaseConstructor.constructObjectNoCheck(BaseConstructor.java:264)
	at org.yaml.snakeyaml.constructor.BaseConstructor.constructObject(BaseConstructor.java:247)
	at org.springframework.boot.env.OriginTrackedYamlLoader$OriginTrackingConstructor.constructObject(OriginTrackedYamlLoader.java:119)
	at org.yaml.snakeyaml.constructor.BaseConstructor.constructDocument(BaseConstructor.java:201)
	at org.yaml.snakeyaml.constructor.BaseConstructor.getData(BaseConstructor.java:166)
	at org.springframework.boot.env.OriginTrackedYamlLoader$OriginTrackingConstructor.getData(OriginTrackedYamlLoader.java:99)
	at org.yaml.snakeyaml.Yaml$1.next(Yaml.java:529)
	at org.springframework.beans.factory.config.YamlProcessor.process(YamlProcessor.java:203)
	at org.springframework.beans.factory.config.YamlProcessor.process(YamlProcessor.java:169)
	at org.springframework.boot.env.OriginTrackedYamlLoader.load(OriginTrackedYamlLoader.java:84)
	at org.springframework.boot.env.YamlPropertySourceLoader.load(YamlPropertySourceLoader.java:50)
	at com.alibaba.cloud.nacos.parser.NacosDataParserHandler.parseNacosData(NacosDataParserHandler.java:92)
	at com.alibaba.cloud.nacos.configdata.NacosConfigDataLoader.pullConfig(NacosConfigDataLoader.java:146)
	at com.alibaba.cloud.nacos.configdata.NacosConfigDataLoader.doLoad(NacosConfigDataLoader.java:80)
	at com.alibaba.cloud.nacos.configdata.NacosConfigDataLoader.load(NacosConfigDataLoader.java:67)
	at com.alibaba.cloud.nacos.configdata.NacosConfigDataLoader.load(NacosConfigDataLoader.java:56)
	at org.springframework.boot.context.config.ConfigDataLoaders.load(ConfigDataLoaders.java:96)
	at org.springframework.boot.context.config.ConfigDataImporter.load(ConfigDataImporter.java:132)
	at org.springframework.boot.context.config.ConfigDataImporter.resolveAndLoad(ConfigDataImporter.java:87)
	at org.springframework.boot.context.config.ConfigDataEnvironmentContributors.withProcessedImports(ConfigDataEnvironmentContributors.java:121)
	at org.springframework.boot.context.config.ConfigDataEnvironment.processWithProfiles(ConfigDataEnvironment.java:316)
	at org.springframework.boot.context.config.ConfigDataEnvironment.processAndApply(ConfigDataEnvironment.java:237)
	at org.springframework.boot.context.config.ConfigDataEnvironmentPostProcessor.postProcessEnvironment(ConfigDataEnvironmentPostProcessor.java:96)
	at org.springframework.boot.context.config.ConfigDataEnvironmentPostProcessor.postProcessEnvironment(ConfigDataEnvironmentPostProcessor.java:89)
	at org.springframework.cloud.context.refresh.ConfigDataContextRefresher.updateEnvironment(ConfigDataContextRefresher.java:92)
	at org.springframework.cloud.context.refresh.ContextRefresher.refreshEnvironment(ContextRefresher.java:100)
	at org.springframework.cloud.context.refresh.ContextRefresher.refresh(ContextRefresher.java:93)
	at org.springframework.cloud.endpoint.event.RefreshEventListener.handle(RefreshEventListener.java:72)
	at org.springframework.cloud.endpoint.event.RefreshEventListener.onApplicationEvent(RefreshEventListener.java:61)
	at org.springframework.context.event.SimpleApplicationEventMulticaster.doInvokeListener(SimpleApplicationEventMulticaster.java:185)
	at org.springframework.context.event.SimpleApplicationEventMulticaster.invokeListener(SimpleApplicationEventMulticaster.java:178)
	at org.springframework.context.event.SimpleApplicationEventMulticaster.multicastEvent(SimpleApplicationEventMulticaster.java:156)
	at org.springframework.context.support.AbstractApplicationContext.publishEvent(AbstractApplicationContext.java:454)
	at org.springframework.context.support.AbstractApplicationContext.publishEvent(AbstractApplicationContext.java:387)
	at com.alibaba.cloud.nacos.configdata.NacosConfigRefreshEventListener.onApplicationEvent(NacosConfigRefreshEventListener.java:52)
	at org.springframework.context.event.SimpleApplicationEventMulticaster.doInvokeListener(SimpleApplicationEventMulticaster.java:185)
	at org.springframework.context.event.SimpleApplicationEventMulticaster.invokeListener(SimpleApplicationEventMulticaster.java:178)
	at org.springframework.context.event.SimpleApplicationEventMulticaster.multicastEvent(SimpleApplicationEventMulticaster.java:156)
	at org.springframework.context.support.AbstractApplicationContext.publishEvent(AbstractApplicationContext.java:454)
	at org.springframework.context.support.AbstractApplicationContext.publishEvent(AbstractApplicationContext.java:387)
	at com.alibaba.cloud.nacos.refresh.NacosContextRefresher$1.innerReceive(NacosContextRefresher.java:131)
	at com.alibaba.nacos.api.config.listener.AbstractSharedListener.receiveConfigInfo(AbstractSharedListener.java:40)
	at com.alibaba.nacos.client.config.impl.CacheData$1.run(CacheData.java:440)
	at com.alibaba.nacos.client.config.impl.CacheData.safeNotifyListener(CacheData.java:483)
	at com.alibaba.nacos.client.config.impl.CacheData.checkListenerMd5(CacheData.java:324)
	at com.alibaba.nacos.client.config.impl.ClientWorker$ConfigRpcTransportClient.executeConfigListen(ClientWorker.java:819)
	at com.alibaba.nacos.client.config.impl.ClientWorker$ConfigRpcTransportClient.lambda$startInternal$2(ClientWorker.java:779)
	at java.base/java.util.concurrent.Executors$RunnableAdapter.call(Executors.java:572)
	at java.base/java.util.concurrent.FutureTask.run$$$capture(FutureTask.java:317)
	at java.base/java.util.concurrent.FutureTask.run(FutureTask.java)
	at java.base/java.util.concurrent.ScheduledThreadPoolExecutor$ScheduledFutureTask.run(ScheduledThreadPoolExecutor.java:304)
	at java.base/java.util.concurrent.ThreadPoolExecutor.runWorker(ThreadPoolExecutor.java:1144)
	at java.base/java.util.concurrent.ThreadPoolExecutor$Worker.run(ThreadPoolExecutor.java:642)
	at java.base/java.lang.Thread.run(Thread.java:1583)
:2025-08-12 11:25:12.121  INFO com.alibaba.nacos.client.Worker.0 c.a.c.n.r.NacosContextRefresher: [Nacos Config] Receive Nacos config change: dataId=application-dev.yml, group=DEFAULT_GROUP
:2025-08-12 11:25:12.149  INFO com.alibaba.nacos.client.Worker.0 c.a.c.n.c.NacosConfigDataLoader: [Nacos Config] Load config[dataId=pig-monitor-dev.yml, group=DEFAULT_GROUP] success
:2025-08-12 11:25:12.153  INFO com.alibaba.nacos.client.Worker.0 c.a.c.n.c.NacosConfigDataLoader: [Nacos Config] Load config[dataId=application-dev.yml, group=DEFAULT_GROUP] success
:2025-08-12 11:25:12.154 ERROR com.alibaba.nacos.client.Worker.0 c.a.c.n.c.NacosConfigDataLoader: Error getting properties from nacos: NacosConfigDataResource{properties=NacosConfigProperties{serverAddr='192.168.0.201:8848', encode='null', group='DEFAULT_GROUP', prefix='null', fileExtension='properties', timeout=3000, maxRetry='null', configLongPollTimeout='null', configRetryTime='null', enableRemoteSyncConfig=false, endpoint='null', namespace='5d42b64c-af69-4a94-8189-c7e890784c35', accessKey='null', secretKey='null', ramRoleName='null', contextPath='null', clusterName='null', name='null'', shares=null, extensions=null, refreshEnabled=true}, optional=false, profiles=[Profiles@5d595e4d active = '[]', default = '[default]', accepted = '[default]'], config=NacosItemConfig{group='DEFAULT_GROUP', dataId='application-dev.yml', suffix='yml', refreshEnabled=true, preference=null}}
org.yaml.snakeyaml.constructor.DuplicateKeyException: while constructing a mapping
 in 'reader', line 2, column 1:
    jasypt:
    ^
found duplicate key spring
 in 'reader', line 73, column 1:
    spring:
    ^

	at org.yaml.snakeyaml.constructor.SafeConstructor.processDuplicateKeys(SafeConstructor.java:126)
	at org.yaml.snakeyaml.constructor.SafeConstructor.flattenMapping(SafeConstructor.java:78)
	at org.yaml.snakeyaml.constructor.SafeConstructor.flattenMapping(SafeConstructor.java:73)
	at org.yaml.snakeyaml.constructor.SafeConstructor.constructMapping2ndStep(SafeConstructor.java:209)
	at org.yaml.snakeyaml.constructor.BaseConstructor.constructMapping(BaseConstructor.java:552)
	at org.yaml.snakeyaml.constructor.SafeConstructor$ConstructYamlMap.construct(SafeConstructor.java:597)
	at org.yaml.snakeyaml.constructor.BaseConstructor.constructObjectNoCheck(BaseConstructor.java:264)
	at org.yaml.snakeyaml.constructor.BaseConstructor.constructObject(BaseConstructor.java:247)
	at org.springframework.boot.env.OriginTrackedYamlLoader$OriginTrackingConstructor.constructObject(OriginTrackedYamlLoader.java:119)
	at org.yaml.snakeyaml.constructor.BaseConstructor.constructDocument(BaseConstructor.java:201)
	at org.yaml.snakeyaml.constructor.BaseConstructor.getData(BaseConstructor.java:166)
	at org.springframework.boot.env.OriginTrackedYamlLoader$OriginTrackingConstructor.getData(OriginTrackedYamlLoader.java:99)
	at org.yaml.snakeyaml.Yaml$1.next(Yaml.java:529)
	at org.springframework.beans.factory.config.YamlProcessor.process(YamlProcessor.java:203)
	at org.springframework.beans.factory.config.YamlProcessor.process(YamlProcessor.java:169)
	at org.springframework.boot.env.OriginTrackedYamlLoader.load(OriginTrackedYamlLoader.java:84)
	at org.springframework.boot.env.YamlPropertySourceLoader.load(YamlPropertySourceLoader.java:50)
	at com.alibaba.cloud.nacos.parser.NacosDataParserHandler.parseNacosData(NacosDataParserHandler.java:92)
	at com.alibaba.cloud.nacos.configdata.NacosConfigDataLoader.pullConfig(NacosConfigDataLoader.java:146)
	at com.alibaba.cloud.nacos.configdata.NacosConfigDataLoader.doLoad(NacosConfigDataLoader.java:80)
	at com.alibaba.cloud.nacos.configdata.NacosConfigDataLoader.load(NacosConfigDataLoader.java:67)
	at com.alibaba.cloud.nacos.configdata.NacosConfigDataLoader.load(NacosConfigDataLoader.java:56)
	at org.springframework.boot.context.config.ConfigDataLoaders.load(ConfigDataLoaders.java:96)
	at org.springframework.boot.context.config.ConfigDataImporter.load(ConfigDataImporter.java:132)
	at org.springframework.boot.context.config.ConfigDataImporter.resolveAndLoad(ConfigDataImporter.java:87)
	at org.springframework.boot.context.config.ConfigDataEnvironmentContributors.withProcessedImports(ConfigDataEnvironmentContributors.java:121)
	at org.springframework.boot.context.config.ConfigDataEnvironment.processWithProfiles(ConfigDataEnvironment.java:316)
	at org.springframework.boot.context.config.ConfigDataEnvironment.processAndApply(ConfigDataEnvironment.java:237)
	at org.springframework.boot.context.config.ConfigDataEnvironmentPostProcessor.postProcessEnvironment(ConfigDataEnvironmentPostProcessor.java:96)
	at org.springframework.boot.context.config.ConfigDataEnvironmentPostProcessor.postProcessEnvironment(ConfigDataEnvironmentPostProcessor.java:89)
	at org.springframework.cloud.context.refresh.ConfigDataContextRefresher.updateEnvironment(ConfigDataContextRefresher.java:92)
	at org.springframework.cloud.context.refresh.ContextRefresher.refreshEnvironment(ContextRefresher.java:100)
	at org.springframework.cloud.context.refresh.ContextRefresher.refresh(ContextRefresher.java:93)
	at org.springframework.cloud.endpoint.event.RefreshEventListener.handle(RefreshEventListener.java:72)
	at org.springframework.cloud.endpoint.event.RefreshEventListener.onApplicationEvent(RefreshEventListener.java:61)
	at org.springframework.context.event.SimpleApplicationEventMulticaster.doInvokeListener(SimpleApplicationEventMulticaster.java:185)
	at org.springframework.context.event.SimpleApplicationEventMulticaster.invokeListener(SimpleApplicationEventMulticaster.java:178)
	at org.springframework.context.event.SimpleApplicationEventMulticaster.multicastEvent(SimpleApplicationEventMulticaster.java:156)
	at org.springframework.context.support.AbstractApplicationContext.publishEvent(AbstractApplicationContext.java:454)
	at org.springframework.context.support.AbstractApplicationContext.publishEvent(AbstractApplicationContext.java:387)
	at com.alibaba.cloud.nacos.configdata.NacosConfigRefreshEventListener.onApplicationEvent(NacosConfigRefreshEventListener.java:52)
	at org.springframework.context.event.SimpleApplicationEventMulticaster.doInvokeListener(SimpleApplicationEventMulticaster.java:185)
	at org.springframework.context.event.SimpleApplicationEventMulticaster.invokeListener(SimpleApplicationEventMulticaster.java:178)
	at org.springframework.context.event.SimpleApplicationEventMulticaster.multicastEvent(SimpleApplicationEventMulticaster.java:156)
	at org.springframework.context.support.AbstractApplicationContext.publishEvent(AbstractApplicationContext.java:454)
	at org.springframework.context.support.AbstractApplicationContext.publishEvent(AbstractApplicationContext.java:387)
	at com.alibaba.cloud.nacos.refresh.NacosContextRefresher$1.innerReceive(NacosContextRefresher.java:131)
	at com.alibaba.nacos.api.config.listener.AbstractSharedListener.receiveConfigInfo(AbstractSharedListener.java:40)
	at com.alibaba.nacos.client.config.impl.CacheData$1.run(CacheData.java:440)
	at com.alibaba.nacos.client.config.impl.CacheData.safeNotifyListener(CacheData.java:483)
	at com.alibaba.nacos.client.config.impl.CacheData.checkListenerMd5(CacheData.java:324)
	at com.alibaba.nacos.client.config.impl.ClientWorker$ConfigRpcTransportClient.executeConfigListen(ClientWorker.java:819)
	at com.alibaba.nacos.client.config.impl.ClientWorker$ConfigRpcTransportClient.lambda$startInternal$2(ClientWorker.java:779)
	at java.base/java.util.concurrent.Executors$RunnableAdapter.call(Executors.java:572)
	at java.base/java.util.concurrent.FutureTask.run$$$capture(FutureTask.java:317)
	at java.base/java.util.concurrent.FutureTask.run(FutureTask.java)
	at java.base/java.util.concurrent.ScheduledThreadPoolExecutor$ScheduledFutureTask.run(ScheduledThreadPoolExecutor.java:304)
	at java.base/java.util.concurrent.ThreadPoolExecutor.runWorker(ThreadPoolExecutor.java:1144)
	at java.base/java.util.concurrent.ThreadPoolExecutor$Worker.run(ThreadPoolExecutor.java:642)
	at java.base/java.lang.Thread.run(Thread.java:1583)
:2025-08-12 11:25:17.160  INFO com.alibaba.nacos.client.Worker.0 c.a.c.n.r.NacosContextRefresher: [Nacos Config] Receive Nacos config change: dataId=application-dev.yml, group=DEFAULT_GROUP
:2025-08-12 11:25:17.189  INFO com.alibaba.nacos.client.Worker.0 c.a.c.n.c.NacosConfigDataLoader: [Nacos Config] Load config[dataId=pig-monitor-dev.yml, group=DEFAULT_GROUP] success
:2025-08-12 11:25:17.193  INFO com.alibaba.nacos.client.Worker.0 c.a.c.n.c.NacosConfigDataLoader: [Nacos Config] Load config[dataId=application-dev.yml, group=DEFAULT_GROUP] success
:2025-08-12 11:25:17.194 ERROR com.alibaba.nacos.client.Worker.0 c.a.c.n.c.NacosConfigDataLoader: Error getting properties from nacos: NacosConfigDataResource{properties=NacosConfigProperties{serverAddr='192.168.0.201:8848', encode='null', group='DEFAULT_GROUP', prefix='null', fileExtension='properties', timeout=3000, maxRetry='null', configLongPollTimeout='null', configRetryTime='null', enableRemoteSyncConfig=false, endpoint='null', namespace='5d42b64c-af69-4a94-8189-c7e890784c35', accessKey='null', secretKey='null', ramRoleName='null', contextPath='null', clusterName='null', name='null'', shares=null, extensions=null, refreshEnabled=true}, optional=false, profiles=[Profiles@566b3c97 active = '[]', default = '[default]', accepted = '[default]'], config=NacosItemConfig{group='DEFAULT_GROUP', dataId='application-dev.yml', suffix='yml', refreshEnabled=true, preference=null}}
org.yaml.snakeyaml.constructor.DuplicateKeyException: while constructing a mapping
 in 'reader', line 2, column 1:
    jasypt:
    ^
found duplicate key spring
 in 'reader', line 73, column 1:
    spring:
    ^

	at org.yaml.snakeyaml.constructor.SafeConstructor.processDuplicateKeys(SafeConstructor.java:126)
	at org.yaml.snakeyaml.constructor.SafeConstructor.flattenMapping(SafeConstructor.java:78)
	at org.yaml.snakeyaml.constructor.SafeConstructor.flattenMapping(SafeConstructor.java:73)
	at org.yaml.snakeyaml.constructor.SafeConstructor.constructMapping2ndStep(SafeConstructor.java:209)
	at org.yaml.snakeyaml.constructor.BaseConstructor.constructMapping(BaseConstructor.java:552)
	at org.yaml.snakeyaml.constructor.SafeConstructor$ConstructYamlMap.construct(SafeConstructor.java:597)
	at org.yaml.snakeyaml.constructor.BaseConstructor.constructObjectNoCheck(BaseConstructor.java:264)
	at org.yaml.snakeyaml.constructor.BaseConstructor.constructObject(BaseConstructor.java:247)
	at org.springframework.boot.env.OriginTrackedYamlLoader$OriginTrackingConstructor.constructObject(OriginTrackedYamlLoader.java:119)
	at org.yaml.snakeyaml.constructor.BaseConstructor.constructDocument(BaseConstructor.java:201)
	at org.yaml.snakeyaml.constructor.BaseConstructor.getData(BaseConstructor.java:166)
	at org.springframework.boot.env.OriginTrackedYamlLoader$OriginTrackingConstructor.getData(OriginTrackedYamlLoader.java:99)
	at org.yaml.snakeyaml.Yaml$1.next(Yaml.java:529)
	at org.springframework.beans.factory.config.YamlProcessor.process(YamlProcessor.java:203)
	at org.springframework.beans.factory.config.YamlProcessor.process(YamlProcessor.java:169)
	at org.springframework.boot.env.OriginTrackedYamlLoader.load(OriginTrackedYamlLoader.java:84)
	at org.springframework.boot.env.YamlPropertySourceLoader.load(YamlPropertySourceLoader.java:50)
	at com.alibaba.cloud.nacos.parser.NacosDataParserHandler.parseNacosData(NacosDataParserHandler.java:92)
	at com.alibaba.cloud.nacos.configdata.NacosConfigDataLoader.pullConfig(NacosConfigDataLoader.java:146)
	at com.alibaba.cloud.nacos.configdata.NacosConfigDataLoader.doLoad(NacosConfigDataLoader.java:80)
	at com.alibaba.cloud.nacos.configdata.NacosConfigDataLoader.load(NacosConfigDataLoader.java:67)
	at com.alibaba.cloud.nacos.configdata.NacosConfigDataLoader.load(NacosConfigDataLoader.java:56)
	at org.springframework.boot.context.config.ConfigDataLoaders.load(ConfigDataLoaders.java:96)
	at org.springframework.boot.context.config.ConfigDataImporter.load(ConfigDataImporter.java:132)
	at org.springframework.boot.context.config.ConfigDataImporter.resolveAndLoad(ConfigDataImporter.java:87)
	at org.springframework.boot.context.config.ConfigDataEnvironmentContributors.withProcessedImports(ConfigDataEnvironmentContributors.java:121)
	at org.springframework.boot.context.config.ConfigDataEnvironment.processWithProfiles(ConfigDataEnvironment.java:316)
	at org.springframework.boot.context.config.ConfigDataEnvironment.processAndApply(ConfigDataEnvironment.java:237)
	at org.springframework.boot.context.config.ConfigDataEnvironmentPostProcessor.postProcessEnvironment(ConfigDataEnvironmentPostProcessor.java:96)
	at org.springframework.boot.context.config.ConfigDataEnvironmentPostProcessor.postProcessEnvironment(ConfigDataEnvironmentPostProcessor.java:89)
	at org.springframework.cloud.context.refresh.ConfigDataContextRefresher.updateEnvironment(ConfigDataContextRefresher.java:92)
	at org.springframework.cloud.context.refresh.ContextRefresher.refreshEnvironment(ContextRefresher.java:100)
	at org.springframework.cloud.context.refresh.ContextRefresher.refresh(ContextRefresher.java:93)
	at org.springframework.cloud.endpoint.event.RefreshEventListener.handle(RefreshEventListener.java:72)
	at org.springframework.cloud.endpoint.event.RefreshEventListener.onApplicationEvent(RefreshEventListener.java:61)
	at org.springframework.context.event.SimpleApplicationEventMulticaster.doInvokeListener(SimpleApplicationEventMulticaster.java:185)
	at org.springframework.context.event.SimpleApplicationEventMulticaster.invokeListener(SimpleApplicationEventMulticaster.java:178)
	at org.springframework.context.event.SimpleApplicationEventMulticaster.multicastEvent(SimpleApplicationEventMulticaster.java:156)
	at org.springframework.context.support.AbstractApplicationContext.publishEvent(AbstractApplicationContext.java:454)
	at org.springframework.context.support.AbstractApplicationContext.publishEvent(AbstractApplicationContext.java:387)
	at com.alibaba.cloud.nacos.configdata.NacosConfigRefreshEventListener.onApplicationEvent(NacosConfigRefreshEventListener.java:52)
	at org.springframework.context.event.SimpleApplicationEventMulticaster.doInvokeListener(SimpleApplicationEventMulticaster.java:185)
	at org.springframework.context.event.SimpleApplicationEventMulticaster.invokeListener(SimpleApplicationEventMulticaster.java:178)
	at org.springframework.context.event.SimpleApplicationEventMulticaster.multicastEvent(SimpleApplicationEventMulticaster.java:156)
	at org.springframework.context.support.AbstractApplicationContext.publishEvent(AbstractApplicationContext.java:454)
	at org.springframework.context.support.AbstractApplicationContext.publishEvent(AbstractApplicationContext.java:387)
	at com.alibaba.cloud.nacos.refresh.NacosContextRefresher$1.innerReceive(NacosContextRefresher.java:131)
	at com.alibaba.nacos.api.config.listener.AbstractSharedListener.receiveConfigInfo(AbstractSharedListener.java:40)
	at com.alibaba.nacos.client.config.impl.CacheData$1.run(CacheData.java:440)
	at com.alibaba.nacos.client.config.impl.CacheData.safeNotifyListener(CacheData.java:483)
	at com.alibaba.nacos.client.config.impl.CacheData.checkListenerMd5(CacheData.java:324)
	at com.alibaba.nacos.client.config.impl.ClientWorker$ConfigRpcTransportClient.executeConfigListen(ClientWorker.java:819)
	at com.alibaba.nacos.client.config.impl.ClientWorker$ConfigRpcTransportClient.lambda$startInternal$2(ClientWorker.java:779)
	at java.base/java.util.concurrent.Executors$RunnableAdapter.call(Executors.java:572)
	at java.base/java.util.concurrent.FutureTask.run$$$capture(FutureTask.java:317)
	at java.base/java.util.concurrent.FutureTask.run(FutureTask.java)
	at java.base/java.util.concurrent.ScheduledThreadPoolExecutor$ScheduledFutureTask.run(ScheduledThreadPoolExecutor.java:304)
	at java.base/java.util.concurrent.ThreadPoolExecutor.runWorker(ThreadPoolExecutor.java:1144)
	at java.base/java.util.concurrent.ThreadPoolExecutor$Worker.run(ThreadPoolExecutor.java:642)
	at java.base/java.lang.Thread.run(Thread.java:1583)
:2025-08-12 11:25:22.197  INFO com.alibaba.nacos.client.Worker.0 c.a.c.n.r.NacosContextRefresher: [Nacos Config] Receive Nacos config change: dataId=application-dev.yml, group=DEFAULT_GROUP
:2025-08-12 11:25:22.227  INFO com.alibaba.nacos.client.Worker.0 c.a.c.n.c.NacosConfigDataLoader: [Nacos Config] Load config[dataId=pig-monitor-dev.yml, group=DEFAULT_GROUP] success
:2025-08-12 11:25:22.231  INFO com.alibaba.nacos.client.Worker.0 c.a.c.n.c.NacosConfigDataLoader: [Nacos Config] Load config[dataId=application-dev.yml, group=DEFAULT_GROUP] success
:2025-08-12 11:25:22.232 ERROR com.alibaba.nacos.client.Worker.0 c.a.c.n.c.NacosConfigDataLoader: Error getting properties from nacos: NacosConfigDataResource{properties=NacosConfigProperties{serverAddr='192.168.0.201:8848', encode='null', group='DEFAULT_GROUP', prefix='null', fileExtension='properties', timeout=3000, maxRetry='null', configLongPollTimeout='null', configRetryTime='null', enableRemoteSyncConfig=false, endpoint='null', namespace='5d42b64c-af69-4a94-8189-c7e890784c35', accessKey='null', secretKey='null', ramRoleName='null', contextPath='null', clusterName='null', name='null'', shares=null, extensions=null, refreshEnabled=true}, optional=false, profiles=[Profiles@7895cff active = '[]', default = '[default]', accepted = '[default]'], config=NacosItemConfig{group='DEFAULT_GROUP', dataId='application-dev.yml', suffix='yml', refreshEnabled=true, preference=null}}
org.yaml.snakeyaml.constructor.DuplicateKeyException: while constructing a mapping
 in 'reader', line 2, column 1:
    jasypt:
    ^
found duplicate key spring
 in 'reader', line 73, column 1:
    spring:
    ^

	at org.yaml.snakeyaml.constructor.SafeConstructor.processDuplicateKeys(SafeConstructor.java:126)
	at org.yaml.snakeyaml.constructor.SafeConstructor.flattenMapping(SafeConstructor.java:78)
	at org.yaml.snakeyaml.constructor.SafeConstructor.flattenMapping(SafeConstructor.java:73)
	at org.yaml.snakeyaml.constructor.SafeConstructor.constructMapping2ndStep(SafeConstructor.java:209)
	at org.yaml.snakeyaml.constructor.BaseConstructor.constructMapping(BaseConstructor.java:552)
	at org.yaml.snakeyaml.constructor.SafeConstructor$ConstructYamlMap.construct(SafeConstructor.java:597)
	at org.yaml.snakeyaml.constructor.BaseConstructor.constructObjectNoCheck(BaseConstructor.java:264)
	at org.yaml.snakeyaml.constructor.BaseConstructor.constructObject(BaseConstructor.java:247)
	at org.springframework.boot.env.OriginTrackedYamlLoader$OriginTrackingConstructor.constructObject(OriginTrackedYamlLoader.java:119)
	at org.yaml.snakeyaml.constructor.BaseConstructor.constructDocument(BaseConstructor.java:201)
	at org.yaml.snakeyaml.constructor.BaseConstructor.getData(BaseConstructor.java:166)
	at org.springframework.boot.env.OriginTrackedYamlLoader$OriginTrackingConstructor.getData(OriginTrackedYamlLoader.java:99)
	at org.yaml.snakeyaml.Yaml$1.next(Yaml.java:529)
	at org.springframework.beans.factory.config.YamlProcessor.process(YamlProcessor.java:203)
	at org.springframework.beans.factory.config.YamlProcessor.process(YamlProcessor.java:169)
	at org.springframework.boot.env.OriginTrackedYamlLoader.load(OriginTrackedYamlLoader.java:84)
	at org.springframework.boot.env.YamlPropertySourceLoader.load(YamlPropertySourceLoader.java:50)
	at com.alibaba.cloud.nacos.parser.NacosDataParserHandler.parseNacosData(NacosDataParserHandler.java:92)
	at com.alibaba.cloud.nacos.configdata.NacosConfigDataLoader.pullConfig(NacosConfigDataLoader.java:146)
	at com.alibaba.cloud.nacos.configdata.NacosConfigDataLoader.doLoad(NacosConfigDataLoader.java:80)
	at com.alibaba.cloud.nacos.configdata.NacosConfigDataLoader.load(NacosConfigDataLoader.java:67)
	at com.alibaba.cloud.nacos.configdata.NacosConfigDataLoader.load(NacosConfigDataLoader.java:56)
	at org.springframework.boot.context.config.ConfigDataLoaders.load(ConfigDataLoaders.java:96)
	at org.springframework.boot.context.config.ConfigDataImporter.load(ConfigDataImporter.java:132)
	at org.springframework.boot.context.config.ConfigDataImporter.resolveAndLoad(ConfigDataImporter.java:87)
	at org.springframework.boot.context.config.ConfigDataEnvironmentContributors.withProcessedImports(ConfigDataEnvironmentContributors.java:121)
	at org.springframework.boot.context.config.ConfigDataEnvironment.processWithProfiles(ConfigDataEnvironment.java:316)
	at org.springframework.boot.context.config.ConfigDataEnvironment.processAndApply(ConfigDataEnvironment.java:237)
	at org.springframework.boot.context.config.ConfigDataEnvironmentPostProcessor.postProcessEnvironment(ConfigDataEnvironmentPostProcessor.java:96)
	at org.springframework.boot.context.config.ConfigDataEnvironmentPostProcessor.postProcessEnvironment(ConfigDataEnvironmentPostProcessor.java:89)
	at org.springframework.cloud.context.refresh.ConfigDataContextRefresher.updateEnvironment(ConfigDataContextRefresher.java:92)
	at org.springframework.cloud.context.refresh.ContextRefresher.refreshEnvironment(ContextRefresher.java:100)
	at org.springframework.cloud.context.refresh.ContextRefresher.refresh(ContextRefresher.java:93)
	at org.springframework.cloud.endpoint.event.RefreshEventListener.handle(RefreshEventListener.java:72)
	at org.springframework.cloud.endpoint.event.RefreshEventListener.onApplicationEvent(RefreshEventListener.java:61)
	at org.springframework.context.event.SimpleApplicationEventMulticaster.doInvokeListener(SimpleApplicationEventMulticaster.java:185)
	at org.springframework.context.event.SimpleApplicationEventMulticaster.invokeListener(SimpleApplicationEventMulticaster.java:178)
	at org.springframework.context.event.SimpleApplicationEventMulticaster.multicastEvent(SimpleApplicationEventMulticaster.java:156)
	at org.springframework.context.support.AbstractApplicationContext.publishEvent(AbstractApplicationContext.java:454)
	at org.springframework.context.support.AbstractApplicationContext.publishEvent(AbstractApplicationContext.java:387)
	at com.alibaba.cloud.nacos.configdata.NacosConfigRefreshEventListener.onApplicationEvent(NacosConfigRefreshEventListener.java:52)
	at org.springframework.context.event.SimpleApplicationEventMulticaster.doInvokeListener(SimpleApplicationEventMulticaster.java:185)
	at org.springframework.context.event.SimpleApplicationEventMulticaster.invokeListener(SimpleApplicationEventMulticaster.java:178)
	at org.springframework.context.event.SimpleApplicationEventMulticaster.multicastEvent(SimpleApplicationEventMulticaster.java:156)
	at org.springframework.context.support.AbstractApplicationContext.publishEvent(AbstractApplicationContext.java:454)
	at org.springframework.context.support.AbstractApplicationContext.publishEvent(AbstractApplicationContext.java:387)
	at com.alibaba.cloud.nacos.refresh.NacosContextRefresher$1.innerReceive(NacosContextRefresher.java:131)
	at com.alibaba.nacos.api.config.listener.AbstractSharedListener.receiveConfigInfo(AbstractSharedListener.java:40)
	at com.alibaba.nacos.client.config.impl.CacheData$1.run(CacheData.java:440)
	at com.alibaba.nacos.client.config.impl.CacheData.safeNotifyListener(CacheData.java:483)
	at com.alibaba.nacos.client.config.impl.CacheData.checkListenerMd5(CacheData.java:324)
	at com.alibaba.nacos.client.config.impl.ClientWorker$ConfigRpcTransportClient.executeConfigListen(ClientWorker.java:819)
	at com.alibaba.nacos.client.config.impl.ClientWorker$ConfigRpcTransportClient.lambda$startInternal$2(ClientWorker.java:779)
	at java.base/java.util.concurrent.Executors$RunnableAdapter.call(Executors.java:572)
	at java.base/java.util.concurrent.FutureTask.run$$$capture(FutureTask.java:317)
	at java.base/java.util.concurrent.FutureTask.run(FutureTask.java)
	at java.base/java.util.concurrent.ScheduledThreadPoolExecutor$ScheduledFutureTask.run(ScheduledThreadPoolExecutor.java:304)
	at java.base/java.util.concurrent.ThreadPoolExecutor.runWorker(ThreadPoolExecutor.java:1144)
	at java.base/java.util.concurrent.ThreadPoolExecutor$Worker.run(ThreadPoolExecutor.java:642)
	at java.base/java.lang.Thread.run(Thread.java:1583)
:2025-08-12 11:25:27.241  INFO com.alibaba.nacos.client.Worker.0 c.a.c.n.r.NacosContextRefresher: [Nacos Config] Receive Nacos config change: dataId=application-dev.yml, group=DEFAULT_GROUP
:2025-08-12 11:25:27.271  INFO com.alibaba.nacos.client.Worker.0 c.a.c.n.c.NacosConfigDataLoader: [Nacos Config] Load config[dataId=pig-monitor-dev.yml, group=DEFAULT_GROUP] success
:2025-08-12 11:25:27.274  INFO com.alibaba.nacos.client.Worker.0 c.a.c.n.c.NacosConfigDataLoader: [Nacos Config] Load config[dataId=application-dev.yml, group=DEFAULT_GROUP] success
:2025-08-12 11:25:27.275 ERROR com.alibaba.nacos.client.Worker.0 c.a.c.n.c.NacosConfigDataLoader: Error getting properties from nacos: NacosConfigDataResource{properties=NacosConfigProperties{serverAddr='192.168.0.201:8848', encode='null', group='DEFAULT_GROUP', prefix='null', fileExtension='properties', timeout=3000, maxRetry='null', configLongPollTimeout='null', configRetryTime='null', enableRemoteSyncConfig=false, endpoint='null', namespace='5d42b64c-af69-4a94-8189-c7e890784c35', accessKey='null', secretKey='null', ramRoleName='null', contextPath='null', clusterName='null', name='null'', shares=null, extensions=null, refreshEnabled=true}, optional=false, profiles=[Profiles@23e48dcc active = '[]', default = '[default]', accepted = '[default]'], config=NacosItemConfig{group='DEFAULT_GROUP', dataId='application-dev.yml', suffix='yml', refreshEnabled=true, preference=null}}
org.yaml.snakeyaml.constructor.DuplicateKeyException: while constructing a mapping
 in 'reader', line 2, column 1:
    jasypt:
    ^
found duplicate key spring
 in 'reader', line 73, column 1:
    spring:
    ^

	at org.yaml.snakeyaml.constructor.SafeConstructor.processDuplicateKeys(SafeConstructor.java:126)
	at org.yaml.snakeyaml.constructor.SafeConstructor.flattenMapping(SafeConstructor.java:78)
	at org.yaml.snakeyaml.constructor.SafeConstructor.flattenMapping(SafeConstructor.java:73)
	at org.yaml.snakeyaml.constructor.SafeConstructor.constructMapping2ndStep(SafeConstructor.java:209)
	at org.yaml.snakeyaml.constructor.BaseConstructor.constructMapping(BaseConstructor.java:552)
	at org.yaml.snakeyaml.constructor.SafeConstructor$ConstructYamlMap.construct(SafeConstructor.java:597)
	at org.yaml.snakeyaml.constructor.BaseConstructor.constructObjectNoCheck(BaseConstructor.java:264)
	at org.yaml.snakeyaml.constructor.BaseConstructor.constructObject(BaseConstructor.java:247)
	at org.springframework.boot.env.OriginTrackedYamlLoader$OriginTrackingConstructor.constructObject(OriginTrackedYamlLoader.java:119)
	at org.yaml.snakeyaml.constructor.BaseConstructor.constructDocument(BaseConstructor.java:201)
	at org.yaml.snakeyaml.constructor.BaseConstructor.getData(BaseConstructor.java:166)
	at org.springframework.boot.env.OriginTrackedYamlLoader$OriginTrackingConstructor.getData(OriginTrackedYamlLoader.java:99)
	at org.yaml.snakeyaml.Yaml$1.next(Yaml.java:529)
	at org.springframework.beans.factory.config.YamlProcessor.process(YamlProcessor.java:203)
	at org.springframework.beans.factory.config.YamlProcessor.process(YamlProcessor.java:169)
	at org.springframework.boot.env.OriginTrackedYamlLoader.load(OriginTrackedYamlLoader.java:84)
	at org.springframework.boot.env.YamlPropertySourceLoader.load(YamlPropertySourceLoader.java:50)
	at com.alibaba.cloud.nacos.parser.NacosDataParserHandler.parseNacosData(NacosDataParserHandler.java:92)
	at com.alibaba.cloud.nacos.configdata.NacosConfigDataLoader.pullConfig(NacosConfigDataLoader.java:146)
	at com.alibaba.cloud.nacos.configdata.NacosConfigDataLoader.doLoad(NacosConfigDataLoader.java:80)
	at com.alibaba.cloud.nacos.configdata.NacosConfigDataLoader.load(NacosConfigDataLoader.java:67)
	at com.alibaba.cloud.nacos.configdata.NacosConfigDataLoader.load(NacosConfigDataLoader.java:56)
	at org.springframework.boot.context.config.ConfigDataLoaders.load(ConfigDataLoaders.java:96)
	at org.springframework.boot.context.config.ConfigDataImporter.load(ConfigDataImporter.java:132)
	at org.springframework.boot.context.config.ConfigDataImporter.resolveAndLoad(ConfigDataImporter.java:87)
	at org.springframework.boot.context.config.ConfigDataEnvironmentContributors.withProcessedImports(ConfigDataEnvironmentContributors.java:121)
	at org.springframework.boot.context.config.ConfigDataEnvironment.processWithProfiles(ConfigDataEnvironment.java:316)
	at org.springframework.boot.context.config.ConfigDataEnvironment.processAndApply(ConfigDataEnvironment.java:237)
	at org.springframework.boot.context.config.ConfigDataEnvironmentPostProcessor.postProcessEnvironment(ConfigDataEnvironmentPostProcessor.java:96)
	at org.springframework.boot.context.config.ConfigDataEnvironmentPostProcessor.postProcessEnvironment(ConfigDataEnvironmentPostProcessor.java:89)
	at org.springframework.cloud.context.refresh.ConfigDataContextRefresher.updateEnvironment(ConfigDataContextRefresher.java:92)
	at org.springframework.cloud.context.refresh.ContextRefresher.refreshEnvironment(ContextRefresher.java:100)
	at org.springframework.cloud.context.refresh.ContextRefresher.refresh(ContextRefresher.java:93)
	at org.springframework.cloud.endpoint.event.RefreshEventListener.handle(RefreshEventListener.java:72)
	at org.springframework.cloud.endpoint.event.RefreshEventListener.onApplicationEvent(RefreshEventListener.java:61)
	at org.springframework.context.event.SimpleApplicationEventMulticaster.doInvokeListener(SimpleApplicationEventMulticaster.java:185)
	at org.springframework.context.event.SimpleApplicationEventMulticaster.invokeListener(SimpleApplicationEventMulticaster.java:178)
	at org.springframework.context.event.SimpleApplicationEventMulticaster.multicastEvent(SimpleApplicationEventMulticaster.java:156)
	at org.springframework.context.support.AbstractApplicationContext.publishEvent(AbstractApplicationContext.java:454)
	at org.springframework.context.support.AbstractApplicationContext.publishEvent(AbstractApplicationContext.java:387)
	at com.alibaba.cloud.nacos.configdata.NacosConfigRefreshEventListener.onApplicationEvent(NacosConfigRefreshEventListener.java:52)
	at org.springframework.context.event.SimpleApplicationEventMulticaster.doInvokeListener(SimpleApplicationEventMulticaster.java:185)
	at org.springframework.context.event.SimpleApplicationEventMulticaster.invokeListener(SimpleApplicationEventMulticaster.java:178)
	at org.springframework.context.event.SimpleApplicationEventMulticaster.multicastEvent(SimpleApplicationEventMulticaster.java:156)
	at org.springframework.context.support.AbstractApplicationContext.publishEvent(AbstractApplicationContext.java:454)
	at org.springframework.context.support.AbstractApplicationContext.publishEvent(AbstractApplicationContext.java:387)
	at com.alibaba.cloud.nacos.refresh.NacosContextRefresher$1.innerReceive(NacosContextRefresher.java:131)
	at com.alibaba.nacos.api.config.listener.AbstractSharedListener.receiveConfigInfo(AbstractSharedListener.java:40)
	at com.alibaba.nacos.client.config.impl.CacheData$1.run(CacheData.java:440)
	at com.alibaba.nacos.client.config.impl.CacheData.safeNotifyListener(CacheData.java:483)
	at com.alibaba.nacos.client.config.impl.CacheData.checkListenerMd5(CacheData.java:324)
	at com.alibaba.nacos.client.config.impl.ClientWorker$ConfigRpcTransportClient.executeConfigListen(ClientWorker.java:819)
	at com.alibaba.nacos.client.config.impl.ClientWorker$ConfigRpcTransportClient.lambda$startInternal$2(ClientWorker.java:779)
	at java.base/java.util.concurrent.Executors$RunnableAdapter.call(Executors.java:572)
	at java.base/java.util.concurrent.FutureTask.run$$$capture(FutureTask.java:317)
	at java.base/java.util.concurrent.FutureTask.run(FutureTask.java)
	at java.base/java.util.concurrent.ScheduledThreadPoolExecutor$ScheduledFutureTask.run(ScheduledThreadPoolExecutor.java:304)
	at java.base/java.util.concurrent.ThreadPoolExecutor.runWorker(ThreadPoolExecutor.java:1144)
	at java.base/java.util.concurrent.ThreadPoolExecutor$Worker.run(ThreadPoolExecutor.java:642)
	at java.base/java.lang.Thread.run(Thread.java:1583)
:2025-08-12 11:25:32.280  INFO com.alibaba.nacos.client.Worker.0 c.a.c.n.r.NacosContextRefresher: [Nacos Config] Receive Nacos config change: dataId=application-dev.yml, group=DEFAULT_GROUP
:2025-08-12 11:25:32.317  INFO com.alibaba.nacos.client.Worker.0 c.a.c.n.c.NacosConfigDataLoader: [Nacos Config] Load config[dataId=pig-monitor-dev.yml, group=DEFAULT_GROUP] success
:2025-08-12 11:25:32.327  INFO com.alibaba.nacos.client.Worker.0 c.a.c.n.c.NacosConfigDataLoader: [Nacos Config] Load config[dataId=application-dev.yml, group=DEFAULT_GROUP] success
:2025-08-12 11:25:32.328 ERROR com.alibaba.nacos.client.Worker.0 c.a.c.n.c.NacosConfigDataLoader: Error getting properties from nacos: NacosConfigDataResource{properties=NacosConfigProperties{serverAddr='192.168.0.201:8848', encode='null', group='DEFAULT_GROUP', prefix='null', fileExtension='properties', timeout=3000, maxRetry='null', configLongPollTimeout='null', configRetryTime='null', enableRemoteSyncConfig=false, endpoint='null', namespace='5d42b64c-af69-4a94-8189-c7e890784c35', accessKey='null', secretKey='null', ramRoleName='null', contextPath='null', clusterName='null', name='null'', shares=null, extensions=null, refreshEnabled=true}, optional=false, profiles=[Profiles@28676486 active = '[]', default = '[default]', accepted = '[default]'], config=NacosItemConfig{group='DEFAULT_GROUP', dataId='application-dev.yml', suffix='yml', refreshEnabled=true, preference=null}}
org.yaml.snakeyaml.constructor.DuplicateKeyException: while constructing a mapping
 in 'reader', line 2, column 1:
    jasypt:
    ^
found duplicate key spring
 in 'reader', line 73, column 1:
    spring:
    ^

	at org.yaml.snakeyaml.constructor.SafeConstructor.processDuplicateKeys(SafeConstructor.java:126)
	at org.yaml.snakeyaml.constructor.SafeConstructor.flattenMapping(SafeConstructor.java:78)
	at org.yaml.snakeyaml.constructor.SafeConstructor.flattenMapping(SafeConstructor.java:73)
	at org.yaml.snakeyaml.constructor.SafeConstructor.constructMapping2ndStep(SafeConstructor.java:209)
	at org.yaml.snakeyaml.constructor.BaseConstructor.constructMapping(BaseConstructor.java:552)
	at org.yaml.snakeyaml.constructor.SafeConstructor$ConstructYamlMap.construct(SafeConstructor.java:597)
	at org.yaml.snakeyaml.constructor.BaseConstructor.constructObjectNoCheck(BaseConstructor.java:264)
	at org.yaml.snakeyaml.constructor.BaseConstructor.constructObject(BaseConstructor.java:247)
	at org.springframework.boot.env.OriginTrackedYamlLoader$OriginTrackingConstructor.constructObject(OriginTrackedYamlLoader.java:119)
	at org.yaml.snakeyaml.constructor.BaseConstructor.constructDocument(BaseConstructor.java:201)
	at org.yaml.snakeyaml.constructor.BaseConstructor.getData(BaseConstructor.java:166)
	at org.springframework.boot.env.OriginTrackedYamlLoader$OriginTrackingConstructor.getData(OriginTrackedYamlLoader.java:99)
	at org.yaml.snakeyaml.Yaml$1.next(Yaml.java:529)
	at org.springframework.beans.factory.config.YamlProcessor.process(YamlProcessor.java:203)
	at org.springframework.beans.factory.config.YamlProcessor.process(YamlProcessor.java:169)
	at org.springframework.boot.env.OriginTrackedYamlLoader.load(OriginTrackedYamlLoader.java:84)
	at org.springframework.boot.env.YamlPropertySourceLoader.load(YamlPropertySourceLoader.java:50)
	at com.alibaba.cloud.nacos.parser.NacosDataParserHandler.parseNacosData(NacosDataParserHandler.java:92)
	at com.alibaba.cloud.nacos.configdata.NacosConfigDataLoader.pullConfig(NacosConfigDataLoader.java:146)
	at com.alibaba.cloud.nacos.configdata.NacosConfigDataLoader.doLoad(NacosConfigDataLoader.java:80)
	at com.alibaba.cloud.nacos.configdata.NacosConfigDataLoader.load(NacosConfigDataLoader.java:67)
	at com.alibaba.cloud.nacos.configdata.NacosConfigDataLoader.load(NacosConfigDataLoader.java:56)
	at org.springframework.boot.context.config.ConfigDataLoaders.load(ConfigDataLoaders.java:96)
	at org.springframework.boot.context.config.ConfigDataImporter.load(ConfigDataImporter.java:132)
	at org.springframework.boot.context.config.ConfigDataImporter.resolveAndLoad(ConfigDataImporter.java:87)
	at org.springframework.boot.context.config.ConfigDataEnvironmentContributors.withProcessedImports(ConfigDataEnvironmentContributors.java:121)
	at org.springframework.boot.context.config.ConfigDataEnvironment.processWithProfiles(ConfigDataEnvironment.java:316)
	at org.springframework.boot.context.config.ConfigDataEnvironment.processAndApply(ConfigDataEnvironment.java:237)
	at org.springframework.boot.context.config.ConfigDataEnvironmentPostProcessor.postProcessEnvironment(ConfigDataEnvironmentPostProcessor.java:96)
	at org.springframework.boot.context.config.ConfigDataEnvironmentPostProcessor.postProcessEnvironment(ConfigDataEnvironmentPostProcessor.java:89)
	at org.springframework.cloud.context.refresh.ConfigDataContextRefresher.updateEnvironment(ConfigDataContextRefresher.java:92)
	at org.springframework.cloud.context.refresh.ContextRefresher.refreshEnvironment(ContextRefresher.java:100)
	at org.springframework.cloud.context.refresh.ContextRefresher.refresh(ContextRefresher.java:93)
	at org.springframework.cloud.endpoint.event.RefreshEventListener.handle(RefreshEventListener.java:72)
	at org.springframework.cloud.endpoint.event.RefreshEventListener.onApplicationEvent(RefreshEventListener.java:61)
	at org.springframework.context.event.SimpleApplicationEventMulticaster.doInvokeListener(SimpleApplicationEventMulticaster.java:185)
	at org.springframework.context.event.SimpleApplicationEventMulticaster.invokeListener(SimpleApplicationEventMulticaster.java:178)
	at org.springframework.context.event.SimpleApplicationEventMulticaster.multicastEvent(SimpleApplicationEventMulticaster.java:156)
	at org.springframework.context.support.AbstractApplicationContext.publishEvent(AbstractApplicationContext.java:454)
	at org.springframework.context.support.AbstractApplicationContext.publishEvent(AbstractApplicationContext.java:387)
	at com.alibaba.cloud.nacos.configdata.NacosConfigRefreshEventListener.onApplicationEvent(NacosConfigRefreshEventListener.java:52)
	at org.springframework.context.event.SimpleApplicationEventMulticaster.doInvokeListener(SimpleApplicationEventMulticaster.java:185)
	at org.springframework.context.event.SimpleApplicationEventMulticaster.invokeListener(SimpleApplicationEventMulticaster.java:178)
	at org.springframework.context.event.SimpleApplicationEventMulticaster.multicastEvent(SimpleApplicationEventMulticaster.java:156)
	at org.springframework.context.support.AbstractApplicationContext.publishEvent(AbstractApplicationContext.java:454)
	at org.springframework.context.support.AbstractApplicationContext.publishEvent(AbstractApplicationContext.java:387)
	at com.alibaba.cloud.nacos.refresh.NacosContextRefresher$1.innerReceive(NacosContextRefresher.java:131)
	at com.alibaba.nacos.api.config.listener.AbstractSharedListener.receiveConfigInfo(AbstractSharedListener.java:40)
	at com.alibaba.nacos.client.config.impl.CacheData$1.run(CacheData.java:440)
	at com.alibaba.nacos.client.config.impl.CacheData.safeNotifyListener(CacheData.java:483)
	at com.alibaba.nacos.client.config.impl.CacheData.checkListenerMd5(CacheData.java:324)
	at com.alibaba.nacos.client.config.impl.ClientWorker$ConfigRpcTransportClient.executeConfigListen(ClientWorker.java:819)
	at com.alibaba.nacos.client.config.impl.ClientWorker$ConfigRpcTransportClient.lambda$startInternal$2(ClientWorker.java:779)
	at java.base/java.util.concurrent.Executors$RunnableAdapter.call(Executors.java:572)
	at java.base/java.util.concurrent.FutureTask.run$$$capture(FutureTask.java:317)
	at java.base/java.util.concurrent.FutureTask.run(FutureTask.java)
	at java.base/java.util.concurrent.ScheduledThreadPoolExecutor$ScheduledFutureTask.run(ScheduledThreadPoolExecutor.java:304)
	at java.base/java.util.concurrent.ThreadPoolExecutor.runWorker(ThreadPoolExecutor.java:1144)
	at java.base/java.util.concurrent.ThreadPoolExecutor$Worker.run(ThreadPoolExecutor.java:642)
	at java.base/java.lang.Thread.run(Thread.java:1583)
:2025-08-12 11:25:37.339  INFO com.alibaba.nacos.client.Worker.0 c.a.c.n.r.NacosContextRefresher: [Nacos Config] Receive Nacos config change: dataId=application-dev.yml, group=DEFAULT_GROUP
:2025-08-12 11:25:37.368  INFO com.alibaba.nacos.client.Worker.0 c.a.c.n.c.NacosConfigDataLoader: [Nacos Config] Load config[dataId=pig-monitor-dev.yml, group=DEFAULT_GROUP] success
:2025-08-12 11:25:37.372  INFO com.alibaba.nacos.client.Worker.0 c.a.c.n.c.NacosConfigDataLoader: [Nacos Config] Load config[dataId=application-dev.yml, group=DEFAULT_GROUP] success
:2025-08-12 11:25:37.373 ERROR com.alibaba.nacos.client.Worker.0 c.a.c.n.c.NacosConfigDataLoader: Error getting properties from nacos: NacosConfigDataResource{properties=NacosConfigProperties{serverAddr='192.168.0.201:8848', encode='null', group='DEFAULT_GROUP', prefix='null', fileExtension='properties', timeout=3000, maxRetry='null', configLongPollTimeout='null', configRetryTime='null', enableRemoteSyncConfig=false, endpoint='null', namespace='5d42b64c-af69-4a94-8189-c7e890784c35', accessKey='null', secretKey='null', ramRoleName='null', contextPath='null', clusterName='null', name='null'', shares=null, extensions=null, refreshEnabled=true}, optional=false, profiles=[Profiles@7a90651e active = '[]', default = '[default]', accepted = '[default]'], config=NacosItemConfig{group='DEFAULT_GROUP', dataId='application-dev.yml', suffix='yml', refreshEnabled=true, preference=null}}
org.yaml.snakeyaml.constructor.DuplicateKeyException: while constructing a mapping
 in 'reader', line 2, column 1:
    jasypt:
    ^
found duplicate key spring
 in 'reader', line 73, column 1:
    spring:
    ^

	at org.yaml.snakeyaml.constructor.SafeConstructor.processDuplicateKeys(SafeConstructor.java:126)
	at org.yaml.snakeyaml.constructor.SafeConstructor.flattenMapping(SafeConstructor.java:78)
	at org.yaml.snakeyaml.constructor.SafeConstructor.flattenMapping(SafeConstructor.java:73)
	at org.yaml.snakeyaml.constructor.SafeConstructor.constructMapping2ndStep(SafeConstructor.java:209)
	at org.yaml.snakeyaml.constructor.BaseConstructor.constructMapping(BaseConstructor.java:552)
	at org.yaml.snakeyaml.constructor.SafeConstructor$ConstructYamlMap.construct(SafeConstructor.java:597)
	at org.yaml.snakeyaml.constructor.BaseConstructor.constructObjectNoCheck(BaseConstructor.java:264)
	at org.yaml.snakeyaml.constructor.BaseConstructor.constructObject(BaseConstructor.java:247)
	at org.springframework.boot.env.OriginTrackedYamlLoader$OriginTrackingConstructor.constructObject(OriginTrackedYamlLoader.java:119)
	at org.yaml.snakeyaml.constructor.BaseConstructor.constructDocument(BaseConstructor.java:201)
	at org.yaml.snakeyaml.constructor.BaseConstructor.getData(BaseConstructor.java:166)
	at org.springframework.boot.env.OriginTrackedYamlLoader$OriginTrackingConstructor.getData(OriginTrackedYamlLoader.java:99)
	at org.yaml.snakeyaml.Yaml$1.next(Yaml.java:529)
	at org.springframework.beans.factory.config.YamlProcessor.process(YamlProcessor.java:203)
	at org.springframework.beans.factory.config.YamlProcessor.process(YamlProcessor.java:169)
	at org.springframework.boot.env.OriginTrackedYamlLoader.load(OriginTrackedYamlLoader.java:84)
	at org.springframework.boot.env.YamlPropertySourceLoader.load(YamlPropertySourceLoader.java:50)
	at com.alibaba.cloud.nacos.parser.NacosDataParserHandler.parseNacosData(NacosDataParserHandler.java:92)
	at com.alibaba.cloud.nacos.configdata.NacosConfigDataLoader.pullConfig(NacosConfigDataLoader.java:146)
	at com.alibaba.cloud.nacos.configdata.NacosConfigDataLoader.doLoad(NacosConfigDataLoader.java:80)
	at com.alibaba.cloud.nacos.configdata.NacosConfigDataLoader.load(NacosConfigDataLoader.java:67)
	at com.alibaba.cloud.nacos.configdata.NacosConfigDataLoader.load(NacosConfigDataLoader.java:56)
	at org.springframework.boot.context.config.ConfigDataLoaders.load(ConfigDataLoaders.java:96)
	at org.springframework.boot.context.config.ConfigDataImporter.load(ConfigDataImporter.java:132)
	at org.springframework.boot.context.config.ConfigDataImporter.resolveAndLoad(ConfigDataImporter.java:87)
	at org.springframework.boot.context.config.ConfigDataEnvironmentContributors.withProcessedImports(ConfigDataEnvironmentContributors.java:121)
	at org.springframework.boot.context.config.ConfigDataEnvironment.processWithProfiles(ConfigDataEnvironment.java:316)
	at org.springframework.boot.context.config.ConfigDataEnvironment.processAndApply(ConfigDataEnvironment.java:237)
	at org.springframework.boot.context.config.ConfigDataEnvironmentPostProcessor.postProcessEnvironment(ConfigDataEnvironmentPostProcessor.java:96)
	at org.springframework.boot.context.config.ConfigDataEnvironmentPostProcessor.postProcessEnvironment(ConfigDataEnvironmentPostProcessor.java:89)
	at org.springframework.cloud.context.refresh.ConfigDataContextRefresher.updateEnvironment(ConfigDataContextRefresher.java:92)
	at org.springframework.cloud.context.refresh.ContextRefresher.refreshEnvironment(ContextRefresher.java:100)
	at org.springframework.cloud.context.refresh.ContextRefresher.refresh(ContextRefresher.java:93)
	at org.springframework.cloud.endpoint.event.RefreshEventListener.handle(RefreshEventListener.java:72)
	at org.springframework.cloud.endpoint.event.RefreshEventListener.onApplicationEvent(RefreshEventListener.java:61)
	at org.springframework.context.event.SimpleApplicationEventMulticaster.doInvokeListener(SimpleApplicationEventMulticaster.java:185)
	at org.springframework.context.event.SimpleApplicationEventMulticaster.invokeListener(SimpleApplicationEventMulticaster.java:178)
	at org.springframework.context.event.SimpleApplicationEventMulticaster.multicastEvent(SimpleApplicationEventMulticaster.java:156)
	at org.springframework.context.support.AbstractApplicationContext.publishEvent(AbstractApplicationContext.java:454)
	at org.springframework.context.support.AbstractApplicationContext.publishEvent(AbstractApplicationContext.java:387)
	at com.alibaba.cloud.nacos.configdata.NacosConfigRefreshEventListener.onApplicationEvent(NacosConfigRefreshEventListener.java:52)
	at org.springframework.context.event.SimpleApplicationEventMulticaster.doInvokeListener(SimpleApplicationEventMulticaster.java:185)
	at org.springframework.context.event.SimpleApplicationEventMulticaster.invokeListener(SimpleApplicationEventMulticaster.java:178)
	at org.springframework.context.event.SimpleApplicationEventMulticaster.multicastEvent(SimpleApplicationEventMulticaster.java:156)
	at org.springframework.context.support.AbstractApplicationContext.publishEvent(AbstractApplicationContext.java:454)
	at org.springframework.context.support.AbstractApplicationContext.publishEvent(AbstractApplicationContext.java:387)
	at com.alibaba.cloud.nacos.refresh.NacosContextRefresher$1.innerReceive(NacosContextRefresher.java:131)
	at com.alibaba.nacos.api.config.listener.AbstractSharedListener.receiveConfigInfo(AbstractSharedListener.java:40)
	at com.alibaba.nacos.client.config.impl.CacheData$1.run(CacheData.java:440)
	at com.alibaba.nacos.client.config.impl.CacheData.safeNotifyListener(CacheData.java:483)
	at com.alibaba.nacos.client.config.impl.CacheData.checkListenerMd5(CacheData.java:324)
	at com.alibaba.nacos.client.config.impl.ClientWorker$ConfigRpcTransportClient.executeConfigListen(ClientWorker.java:819)
	at com.alibaba.nacos.client.config.impl.ClientWorker$ConfigRpcTransportClient.lambda$startInternal$2(ClientWorker.java:779)
	at java.base/java.util.concurrent.Executors$RunnableAdapter.call(Executors.java:572)
	at java.base/java.util.concurrent.FutureTask.run$$$capture(FutureTask.java:317)
	at java.base/java.util.concurrent.FutureTask.run(FutureTask.java)
	at java.base/java.util.concurrent.ScheduledThreadPoolExecutor$ScheduledFutureTask.run(ScheduledThreadPoolExecutor.java:304)
	at java.base/java.util.concurrent.ThreadPoolExecutor.runWorker(ThreadPoolExecutor.java:1144)
	at java.base/java.util.concurrent.ThreadPoolExecutor$Worker.run(ThreadPoolExecutor.java:642)
	at java.base/java.lang.Thread.run(Thread.java:1583)
:2025-08-12 11:25:42.388  INFO com.alibaba.nacos.client.Worker.0 c.a.c.n.r.NacosContextRefresher: [Nacos Config] Receive Nacos config change: dataId=application-dev.yml, group=DEFAULT_GROUP
:2025-08-12 11:25:42.417  INFO com.alibaba.nacos.client.Worker.0 c.a.c.n.c.NacosConfigDataLoader: [Nacos Config] Load config[dataId=pig-monitor-dev.yml, group=DEFAULT_GROUP] success
:2025-08-12 11:25:42.421  INFO com.alibaba.nacos.client.Worker.0 c.a.c.n.c.NacosConfigDataLoader: [Nacos Config] Load config[dataId=application-dev.yml, group=DEFAULT_GROUP] success
:2025-08-12 11:25:42.422 ERROR com.alibaba.nacos.client.Worker.0 c.a.c.n.c.NacosConfigDataLoader: Error getting properties from nacos: NacosConfigDataResource{properties=NacosConfigProperties{serverAddr='192.168.0.201:8848', encode='null', group='DEFAULT_GROUP', prefix='null', fileExtension='properties', timeout=3000, maxRetry='null', configLongPollTimeout='null', configRetryTime='null', enableRemoteSyncConfig=false, endpoint='null', namespace='5d42b64c-af69-4a94-8189-c7e890784c35', accessKey='null', secretKey='null', ramRoleName='null', contextPath='null', clusterName='null', name='null'', shares=null, extensions=null, refreshEnabled=true}, optional=false, profiles=[Profiles@7d07452b active = '[]', default = '[default]', accepted = '[default]'], config=NacosItemConfig{group='DEFAULT_GROUP', dataId='application-dev.yml', suffix='yml', refreshEnabled=true, preference=null}}
org.yaml.snakeyaml.constructor.DuplicateKeyException: while constructing a mapping
 in 'reader', line 2, column 1:
    jasypt:
    ^
found duplicate key spring
 in 'reader', line 73, column 1:
    spring:
    ^

	at org.yaml.snakeyaml.constructor.SafeConstructor.processDuplicateKeys(SafeConstructor.java:126)
	at org.yaml.snakeyaml.constructor.SafeConstructor.flattenMapping(SafeConstructor.java:78)
	at org.yaml.snakeyaml.constructor.SafeConstructor.flattenMapping(SafeConstructor.java:73)
	at org.yaml.snakeyaml.constructor.SafeConstructor.constructMapping2ndStep(SafeConstructor.java:209)
	at org.yaml.snakeyaml.constructor.BaseConstructor.constructMapping(BaseConstructor.java:552)
	at org.yaml.snakeyaml.constructor.SafeConstructor$ConstructYamlMap.construct(SafeConstructor.java:597)
	at org.yaml.snakeyaml.constructor.BaseConstructor.constructObjectNoCheck(BaseConstructor.java:264)
	at org.yaml.snakeyaml.constructor.BaseConstructor.constructObject(BaseConstructor.java:247)
	at org.springframework.boot.env.OriginTrackedYamlLoader$OriginTrackingConstructor.constructObject(OriginTrackedYamlLoader.java:119)
	at org.yaml.snakeyaml.constructor.BaseConstructor.constructDocument(BaseConstructor.java:201)
	at org.yaml.snakeyaml.constructor.BaseConstructor.getData(BaseConstructor.java:166)
	at org.springframework.boot.env.OriginTrackedYamlLoader$OriginTrackingConstructor.getData(OriginTrackedYamlLoader.java:99)
	at org.yaml.snakeyaml.Yaml$1.next(Yaml.java:529)
	at org.springframework.beans.factory.config.YamlProcessor.process(YamlProcessor.java:203)
	at org.springframework.beans.factory.config.YamlProcessor.process(YamlProcessor.java:169)
	at org.springframework.boot.env.OriginTrackedYamlLoader.load(OriginTrackedYamlLoader.java:84)
	at org.springframework.boot.env.YamlPropertySourceLoader.load(YamlPropertySourceLoader.java:50)
	at com.alibaba.cloud.nacos.parser.NacosDataParserHandler.parseNacosData(NacosDataParserHandler.java:92)
	at com.alibaba.cloud.nacos.configdata.NacosConfigDataLoader.pullConfig(NacosConfigDataLoader.java:146)
	at com.alibaba.cloud.nacos.configdata.NacosConfigDataLoader.doLoad(NacosConfigDataLoader.java:80)
	at com.alibaba.cloud.nacos.configdata.NacosConfigDataLoader.load(NacosConfigDataLoader.java:67)
	at com.alibaba.cloud.nacos.configdata.NacosConfigDataLoader.load(NacosConfigDataLoader.java:56)
	at org.springframework.boot.context.config.ConfigDataLoaders.load(ConfigDataLoaders.java:96)
	at org.springframework.boot.context.config.ConfigDataImporter.load(ConfigDataImporter.java:132)
	at org.springframework.boot.context.config.ConfigDataImporter.resolveAndLoad(ConfigDataImporter.java:87)
	at org.springframework.boot.context.config.ConfigDataEnvironmentContributors.withProcessedImports(ConfigDataEnvironmentContributors.java:121)
	at org.springframework.boot.context.config.ConfigDataEnvironment.processWithProfiles(ConfigDataEnvironment.java:316)
	at org.springframework.boot.context.config.ConfigDataEnvironment.processAndApply(ConfigDataEnvironment.java:237)
	at org.springframework.boot.context.config.ConfigDataEnvironmentPostProcessor.postProcessEnvironment(ConfigDataEnvironmentPostProcessor.java:96)
	at org.springframework.boot.context.config.ConfigDataEnvironmentPostProcessor.postProcessEnvironment(ConfigDataEnvironmentPostProcessor.java:89)
	at org.springframework.cloud.context.refresh.ConfigDataContextRefresher.updateEnvironment(ConfigDataContextRefresher.java:92)
	at org.springframework.cloud.context.refresh.ContextRefresher.refreshEnvironment(ContextRefresher.java:100)
	at org.springframework.cloud.context.refresh.ContextRefresher.refresh(ContextRefresher.java:93)
	at org.springframework.cloud.endpoint.event.RefreshEventListener.handle(RefreshEventListener.java:72)
	at org.springframework.cloud.endpoint.event.RefreshEventListener.onApplicationEvent(RefreshEventListener.java:61)
	at org.springframework.context.event.SimpleApplicationEventMulticaster.doInvokeListener(SimpleApplicationEventMulticaster.java:185)
	at org.springframework.context.event.SimpleApplicationEventMulticaster.invokeListener(SimpleApplicationEventMulticaster.java:178)
	at org.springframework.context.event.SimpleApplicationEventMulticaster.multicastEvent(SimpleApplicationEventMulticaster.java:156)
	at org.springframework.context.support.AbstractApplicationContext.publishEvent(AbstractApplicationContext.java:454)
	at org.springframework.context.support.AbstractApplicationContext.publishEvent(AbstractApplicationContext.java:387)
	at com.alibaba.cloud.nacos.configdata.NacosConfigRefreshEventListener.onApplicationEvent(NacosConfigRefreshEventListener.java:52)
	at org.springframework.context.event.SimpleApplicationEventMulticaster.doInvokeListener(SimpleApplicationEventMulticaster.java:185)
	at org.springframework.context.event.SimpleApplicationEventMulticaster.invokeListener(SimpleApplicationEventMulticaster.java:178)
	at org.springframework.context.event.SimpleApplicationEventMulticaster.multicastEvent(SimpleApplicationEventMulticaster.java:156)
	at org.springframework.context.support.AbstractApplicationContext.publishEvent(AbstractApplicationContext.java:454)
	at org.springframework.context.support.AbstractApplicationContext.publishEvent(AbstractApplicationContext.java:387)
	at com.alibaba.cloud.nacos.refresh.NacosContextRefresher$1.innerReceive(NacosContextRefresher.java:131)
	at com.alibaba.nacos.api.config.listener.AbstractSharedListener.receiveConfigInfo(AbstractSharedListener.java:40)
	at com.alibaba.nacos.client.config.impl.CacheData$1.run(CacheData.java:440)
	at com.alibaba.nacos.client.config.impl.CacheData.safeNotifyListener(CacheData.java:483)
	at com.alibaba.nacos.client.config.impl.CacheData.checkListenerMd5(CacheData.java:324)
	at com.alibaba.nacos.client.config.impl.ClientWorker$ConfigRpcTransportClient.executeConfigListen(ClientWorker.java:819)
	at com.alibaba.nacos.client.config.impl.ClientWorker$ConfigRpcTransportClient.lambda$startInternal$2(ClientWorker.java:779)
	at java.base/java.util.concurrent.Executors$RunnableAdapter.call(Executors.java:572)
	at java.base/java.util.concurrent.FutureTask.run$$$capture(FutureTask.java:317)
	at java.base/java.util.concurrent.FutureTask.run(FutureTask.java)
	at java.base/java.util.concurrent.ScheduledThreadPoolExecutor$ScheduledFutureTask.run(ScheduledThreadPoolExecutor.java:304)
	at java.base/java.util.concurrent.ThreadPoolExecutor.runWorker(ThreadPoolExecutor.java:1144)
	at java.base/java.util.concurrent.ThreadPoolExecutor$Worker.run(ThreadPoolExecutor.java:642)
	at java.base/java.lang.Thread.run(Thread.java:1583)
:2025-08-12 11:25:47.439  INFO com.alibaba.nacos.client.Worker.0 c.a.c.n.r.NacosContextRefresher: [Nacos Config] Receive Nacos config change: dataId=application-dev.yml, group=DEFAULT_GROUP
:2025-08-12 11:25:47.471  INFO com.alibaba.nacos.client.Worker.0 c.a.c.n.c.NacosConfigDataLoader: [Nacos Config] Load config[dataId=pig-monitor-dev.yml, group=DEFAULT_GROUP] success
:2025-08-12 11:25:47.475  INFO com.alibaba.nacos.client.Worker.0 c.a.c.n.c.NacosConfigDataLoader: [Nacos Config] Load config[dataId=application-dev.yml, group=DEFAULT_GROUP] success
:2025-08-12 11:25:47.476 ERROR com.alibaba.nacos.client.Worker.0 c.a.c.n.c.NacosConfigDataLoader: Error getting properties from nacos: NacosConfigDataResource{properties=NacosConfigProperties{serverAddr='192.168.0.201:8848', encode='null', group='DEFAULT_GROUP', prefix='null', fileExtension='properties', timeout=3000, maxRetry='null', configLongPollTimeout='null', configRetryTime='null', enableRemoteSyncConfig=false, endpoint='null', namespace='5d42b64c-af69-4a94-8189-c7e890784c35', accessKey='null', secretKey='null', ramRoleName='null', contextPath='null', clusterName='null', name='null'', shares=null, extensions=null, refreshEnabled=true}, optional=false, profiles=[Profiles@4daaa86c active = '[]', default = '[default]', accepted = '[default]'], config=NacosItemConfig{group='DEFAULT_GROUP', dataId='application-dev.yml', suffix='yml', refreshEnabled=true, preference=null}}
org.yaml.snakeyaml.constructor.DuplicateKeyException: while constructing a mapping
 in 'reader', line 2, column 1:
    jasypt:
    ^
found duplicate key spring
 in 'reader', line 73, column 1:
    spring:
    ^

	at org.yaml.snakeyaml.constructor.SafeConstructor.processDuplicateKeys(SafeConstructor.java:126)
	at org.yaml.snakeyaml.constructor.SafeConstructor.flattenMapping(SafeConstructor.java:78)
	at org.yaml.snakeyaml.constructor.SafeConstructor.flattenMapping(SafeConstructor.java:73)
	at org.yaml.snakeyaml.constructor.SafeConstructor.constructMapping2ndStep(SafeConstructor.java:209)
	at org.yaml.snakeyaml.constructor.BaseConstructor.constructMapping(BaseConstructor.java:552)
	at org.yaml.snakeyaml.constructor.SafeConstructor$ConstructYamlMap.construct(SafeConstructor.java:597)
	at org.yaml.snakeyaml.constructor.BaseConstructor.constructObjectNoCheck(BaseConstructor.java:264)
	at org.yaml.snakeyaml.constructor.BaseConstructor.constructObject(BaseConstructor.java:247)
	at org.springframework.boot.env.OriginTrackedYamlLoader$OriginTrackingConstructor.constructObject(OriginTrackedYamlLoader.java:119)
	at org.yaml.snakeyaml.constructor.BaseConstructor.constructDocument(BaseConstructor.java:201)
	at org.yaml.snakeyaml.constructor.BaseConstructor.getData(BaseConstructor.java:166)
	at org.springframework.boot.env.OriginTrackedYamlLoader$OriginTrackingConstructor.getData(OriginTrackedYamlLoader.java:99)
	at org.yaml.snakeyaml.Yaml$1.next(Yaml.java:529)
	at org.springframework.beans.factory.config.YamlProcessor.process(YamlProcessor.java:203)
	at org.springframework.beans.factory.config.YamlProcessor.process(YamlProcessor.java:169)
	at org.springframework.boot.env.OriginTrackedYamlLoader.load(OriginTrackedYamlLoader.java:84)
	at org.springframework.boot.env.YamlPropertySourceLoader.load(YamlPropertySourceLoader.java:50)
	at com.alibaba.cloud.nacos.parser.NacosDataParserHandler.parseNacosData(NacosDataParserHandler.java:92)
	at com.alibaba.cloud.nacos.configdata.NacosConfigDataLoader.pullConfig(NacosConfigDataLoader.java:146)
	at com.alibaba.cloud.nacos.configdata.NacosConfigDataLoader.doLoad(NacosConfigDataLoader.java:80)
	at com.alibaba.cloud.nacos.configdata.NacosConfigDataLoader.load(NacosConfigDataLoader.java:67)
	at com.alibaba.cloud.nacos.configdata.NacosConfigDataLoader.load(NacosConfigDataLoader.java:56)
	at org.springframework.boot.context.config.ConfigDataLoaders.load(ConfigDataLoaders.java:96)
	at org.springframework.boot.context.config.ConfigDataImporter.load(ConfigDataImporter.java:132)
	at org.springframework.boot.context.config.ConfigDataImporter.resolveAndLoad(ConfigDataImporter.java:87)
	at org.springframework.boot.context.config.ConfigDataEnvironmentContributors.withProcessedImports(ConfigDataEnvironmentContributors.java:121)
	at org.springframework.boot.context.config.ConfigDataEnvironment.processWithProfiles(ConfigDataEnvironment.java:316)
	at org.springframework.boot.context.config.ConfigDataEnvironment.processAndApply(ConfigDataEnvironment.java:237)
	at org.springframework.boot.context.config.ConfigDataEnvironmentPostProcessor.postProcessEnvironment(ConfigDataEnvironmentPostProcessor.java:96)
	at org.springframework.boot.context.config.ConfigDataEnvironmentPostProcessor.postProcessEnvironment(ConfigDataEnvironmentPostProcessor.java:89)
	at org.springframework.cloud.context.refresh.ConfigDataContextRefresher.updateEnvironment(ConfigDataContextRefresher.java:92)
	at org.springframework.cloud.context.refresh.ContextRefresher.refreshEnvironment(ContextRefresher.java:100)
	at org.springframework.cloud.context.refresh.ContextRefresher.refresh(ContextRefresher.java:93)
	at org.springframework.cloud.endpoint.event.RefreshEventListener.handle(RefreshEventListener.java:72)
	at org.springframework.cloud.endpoint.event.RefreshEventListener.onApplicationEvent(RefreshEventListener.java:61)
	at org.springframework.context.event.SimpleApplicationEventMulticaster.doInvokeListener(SimpleApplicationEventMulticaster.java:185)
	at org.springframework.context.event.SimpleApplicationEventMulticaster.invokeListener(SimpleApplicationEventMulticaster.java:178)
	at org.springframework.context.event.SimpleApplicationEventMulticaster.multicastEvent(SimpleApplicationEventMulticaster.java:156)
	at org.springframework.context.support.AbstractApplicationContext.publishEvent(AbstractApplicationContext.java:454)
	at org.springframework.context.support.AbstractApplicationContext.publishEvent(AbstractApplicationContext.java:387)
	at com.alibaba.cloud.nacos.configdata.NacosConfigRefreshEventListener.onApplicationEvent(NacosConfigRefreshEventListener.java:52)
	at org.springframework.context.event.SimpleApplicationEventMulticaster.doInvokeListener(SimpleApplicationEventMulticaster.java:185)
	at org.springframework.context.event.SimpleApplicationEventMulticaster.invokeListener(SimpleApplicationEventMulticaster.java:178)
	at org.springframework.context.event.SimpleApplicationEventMulticaster.multicastEvent(SimpleApplicationEventMulticaster.java:156)
	at org.springframework.context.support.AbstractApplicationContext.publishEvent(AbstractApplicationContext.java:454)
	at org.springframework.context.support.AbstractApplicationContext.publishEvent(AbstractApplicationContext.java:387)
	at com.alibaba.cloud.nacos.refresh.NacosContextRefresher$1.innerReceive(NacosContextRefresher.java:131)
	at com.alibaba.nacos.api.config.listener.AbstractSharedListener.receiveConfigInfo(AbstractSharedListener.java:40)
	at com.alibaba.nacos.client.config.impl.CacheData$1.run(CacheData.java:440)
	at com.alibaba.nacos.client.config.impl.CacheData.safeNotifyListener(CacheData.java:483)
	at com.alibaba.nacos.client.config.impl.CacheData.checkListenerMd5(CacheData.java:324)
	at com.alibaba.nacos.client.config.impl.ClientWorker$ConfigRpcTransportClient.executeConfigListen(ClientWorker.java:819)
	at com.alibaba.nacos.client.config.impl.ClientWorker$ConfigRpcTransportClient.lambda$startInternal$2(ClientWorker.java:779)
	at java.base/java.util.concurrent.Executors$RunnableAdapter.call(Executors.java:572)
	at java.base/java.util.concurrent.FutureTask.run$$$capture(FutureTask.java:317)
	at java.base/java.util.concurrent.FutureTask.run(FutureTask.java)
	at java.base/java.util.concurrent.ScheduledThreadPoolExecutor$ScheduledFutureTask.run(ScheduledThreadPoolExecutor.java:304)
	at java.base/java.util.concurrent.ThreadPoolExecutor.runWorker(ThreadPoolExecutor.java:1144)
	at java.base/java.util.concurrent.ThreadPoolExecutor$Worker.run(ThreadPoolExecutor.java:642)
	at java.base/java.lang.Thread.run(Thread.java:1583)
:2025-08-12 11:25:52.483  INFO com.alibaba.nacos.client.Worker.0 c.a.c.n.r.NacosContextRefresher: [Nacos Config] Receive Nacos config change: dataId=application-dev.yml, group=DEFAULT_GROUP
:2025-08-12 11:25:52.513  INFO com.alibaba.nacos.client.Worker.0 c.a.c.n.c.NacosConfigDataLoader: [Nacos Config] Load config[dataId=pig-monitor-dev.yml, group=DEFAULT_GROUP] success
:2025-08-12 11:25:52.516  INFO com.alibaba.nacos.client.Worker.0 c.a.c.n.c.NacosConfigDataLoader: [Nacos Config] Load config[dataId=application-dev.yml, group=DEFAULT_GROUP] success
:2025-08-12 11:25:52.517 ERROR com.alibaba.nacos.client.Worker.0 c.a.c.n.c.NacosConfigDataLoader: Error getting properties from nacos: NacosConfigDataResource{properties=NacosConfigProperties{serverAddr='192.168.0.201:8848', encode='null', group='DEFAULT_GROUP', prefix='null', fileExtension='properties', timeout=3000, maxRetry='null', configLongPollTimeout='null', configRetryTime='null', enableRemoteSyncConfig=false, endpoint='null', namespace='5d42b64c-af69-4a94-8189-c7e890784c35', accessKey='null', secretKey='null', ramRoleName='null', contextPath='null', clusterName='null', name='null'', shares=null, extensions=null, refreshEnabled=true}, optional=false, profiles=[Profiles@7e1b4131 active = '[]', default = '[default]', accepted = '[default]'], config=NacosItemConfig{group='DEFAULT_GROUP', dataId='application-dev.yml', suffix='yml', refreshEnabled=true, preference=null}}
org.yaml.snakeyaml.constructor.DuplicateKeyException: while constructing a mapping
 in 'reader', line 2, column 1:
    jasypt:
    ^
found duplicate key spring
 in 'reader', line 73, column 1:
    spring:
    ^

	at org.yaml.snakeyaml.constructor.SafeConstructor.processDuplicateKeys(SafeConstructor.java:126)
	at org.yaml.snakeyaml.constructor.SafeConstructor.flattenMapping(SafeConstructor.java:78)
	at org.yaml.snakeyaml.constructor.SafeConstructor.flattenMapping(SafeConstructor.java:73)
	at org.yaml.snakeyaml.constructor.SafeConstructor.constructMapping2ndStep(SafeConstructor.java:209)
	at org.yaml.snakeyaml.constructor.BaseConstructor.constructMapping(BaseConstructor.java:552)
	at org.yaml.snakeyaml.constructor.SafeConstructor$ConstructYamlMap.construct(SafeConstructor.java:597)
	at org.yaml.snakeyaml.constructor.BaseConstructor.constructObjectNoCheck(BaseConstructor.java:264)
	at org.yaml.snakeyaml.constructor.BaseConstructor.constructObject(BaseConstructor.java:247)
	at org.springframework.boot.env.OriginTrackedYamlLoader$OriginTrackingConstructor.constructObject(OriginTrackedYamlLoader.java:119)
	at org.yaml.snakeyaml.constructor.BaseConstructor.constructDocument(BaseConstructor.java:201)
	at org.yaml.snakeyaml.constructor.BaseConstructor.getData(BaseConstructor.java:166)
	at org.springframework.boot.env.OriginTrackedYamlLoader$OriginTrackingConstructor.getData(OriginTrackedYamlLoader.java:99)
	at org.yaml.snakeyaml.Yaml$1.next(Yaml.java:529)
	at org.springframework.beans.factory.config.YamlProcessor.process(YamlProcessor.java:203)
	at org.springframework.beans.factory.config.YamlProcessor.process(YamlProcessor.java:169)
	at org.springframework.boot.env.OriginTrackedYamlLoader.load(OriginTrackedYamlLoader.java:84)
	at org.springframework.boot.env.YamlPropertySourceLoader.load(YamlPropertySourceLoader.java:50)
	at com.alibaba.cloud.nacos.parser.NacosDataParserHandler.parseNacosData(NacosDataParserHandler.java:92)
	at com.alibaba.cloud.nacos.configdata.NacosConfigDataLoader.pullConfig(NacosConfigDataLoader.java:146)
	at com.alibaba.cloud.nacos.configdata.NacosConfigDataLoader.doLoad(NacosConfigDataLoader.java:80)
	at com.alibaba.cloud.nacos.configdata.NacosConfigDataLoader.load(NacosConfigDataLoader.java:67)
	at com.alibaba.cloud.nacos.configdata.NacosConfigDataLoader.load(NacosConfigDataLoader.java:56)
	at org.springframework.boot.context.config.ConfigDataLoaders.load(ConfigDataLoaders.java:96)
	at org.springframework.boot.context.config.ConfigDataImporter.load(ConfigDataImporter.java:132)
	at org.springframework.boot.context.config.ConfigDataImporter.resolveAndLoad(ConfigDataImporter.java:87)
	at org.springframework.boot.context.config.ConfigDataEnvironmentContributors.withProcessedImports(ConfigDataEnvironmentContributors.java:121)
	at org.springframework.boot.context.config.ConfigDataEnvironment.processWithProfiles(ConfigDataEnvironment.java:316)
	at org.springframework.boot.context.config.ConfigDataEnvironment.processAndApply(ConfigDataEnvironment.java:237)
	at org.springframework.boot.context.config.ConfigDataEnvironmentPostProcessor.postProcessEnvironment(ConfigDataEnvironmentPostProcessor.java:96)
	at org.springframework.boot.context.config.ConfigDataEnvironmentPostProcessor.postProcessEnvironment(ConfigDataEnvironmentPostProcessor.java:89)
	at org.springframework.cloud.context.refresh.ConfigDataContextRefresher.updateEnvironment(ConfigDataContextRefresher.java:92)
	at org.springframework.cloud.context.refresh.ContextRefresher.refreshEnvironment(ContextRefresher.java:100)
	at org.springframework.cloud.context.refresh.ContextRefresher.refresh(ContextRefresher.java:93)
	at org.springframework.cloud.endpoint.event.RefreshEventListener.handle(RefreshEventListener.java:72)
	at org.springframework.cloud.endpoint.event.RefreshEventListener.onApplicationEvent(RefreshEventListener.java:61)
	at org.springframework.context.event.SimpleApplicationEventMulticaster.doInvokeListener(SimpleApplicationEventMulticaster.java:185)
	at org.springframework.context.event.SimpleApplicationEventMulticaster.invokeListener(SimpleApplicationEventMulticaster.java:178)
	at org.springframework.context.event.SimpleApplicationEventMulticaster.multicastEvent(SimpleApplicationEventMulticaster.java:156)
	at org.springframework.context.support.AbstractApplicationContext.publishEvent(AbstractApplicationContext.java:454)
	at org.springframework.context.support.AbstractApplicationContext.publishEvent(AbstractApplicationContext.java:387)
	at com.alibaba.cloud.nacos.configdata.NacosConfigRefreshEventListener.onApplicationEvent(NacosConfigRefreshEventListener.java:52)
	at org.springframework.context.event.SimpleApplicationEventMulticaster.doInvokeListener(SimpleApplicationEventMulticaster.java:185)
	at org.springframework.context.event.SimpleApplicationEventMulticaster.invokeListener(SimpleApplicationEventMulticaster.java:178)
	at org.springframework.context.event.SimpleApplicationEventMulticaster.multicastEvent(SimpleApplicationEventMulticaster.java:156)
	at org.springframework.context.support.AbstractApplicationContext.publishEvent(AbstractApplicationContext.java:454)
	at org.springframework.context.support.AbstractApplicationContext.publishEvent(AbstractApplicationContext.java:387)
	at com.alibaba.cloud.nacos.refresh.NacosContextRefresher$1.innerReceive(NacosContextRefresher.java:131)
	at com.alibaba.nacos.api.config.listener.AbstractSharedListener.receiveConfigInfo(AbstractSharedListener.java:40)
	at com.alibaba.nacos.client.config.impl.CacheData$1.run(CacheData.java:440)
	at com.alibaba.nacos.client.config.impl.CacheData.safeNotifyListener(CacheData.java:483)
	at com.alibaba.nacos.client.config.impl.CacheData.checkListenerMd5(CacheData.java:324)
	at com.alibaba.nacos.client.config.impl.ClientWorker$ConfigRpcTransportClient.executeConfigListen(ClientWorker.java:819)
	at com.alibaba.nacos.client.config.impl.ClientWorker$ConfigRpcTransportClient.lambda$startInternal$2(ClientWorker.java:779)
	at java.base/java.util.concurrent.Executors$RunnableAdapter.call(Executors.java:572)
	at java.base/java.util.concurrent.FutureTask.run$$$capture(FutureTask.java:317)
	at java.base/java.util.concurrent.FutureTask.run(FutureTask.java)
	at java.base/java.util.concurrent.ScheduledThreadPoolExecutor$ScheduledFutureTask.run(ScheduledThreadPoolExecutor.java:304)
	at java.base/java.util.concurrent.ThreadPoolExecutor.runWorker(ThreadPoolExecutor.java:1144)
	at java.base/java.util.concurrent.ThreadPoolExecutor$Worker.run(ThreadPoolExecutor.java:642)
	at java.base/java.lang.Thread.run(Thread.java:1583)
:2025-08-12 11:25:57.525  INFO com.alibaba.nacos.client.Worker.0 c.a.c.n.r.NacosContextRefresher: [Nacos Config] Receive Nacos config change: dataId=application-dev.yml, group=DEFAULT_GROUP
:2025-08-12 11:25:57.554  INFO com.alibaba.nacos.client.Worker.0 c.a.c.n.c.NacosConfigDataLoader: [Nacos Config] Load config[dataId=pig-monitor-dev.yml, group=DEFAULT_GROUP] success
:2025-08-12 11:25:57.557  INFO com.alibaba.nacos.client.Worker.0 c.a.c.n.c.NacosConfigDataLoader: [Nacos Config] Load config[dataId=application-dev.yml, group=DEFAULT_GROUP] success
:2025-08-12 11:25:57.558 ERROR com.alibaba.nacos.client.Worker.0 c.a.c.n.c.NacosConfigDataLoader: Error getting properties from nacos: NacosConfigDataResource{properties=NacosConfigProperties{serverAddr='192.168.0.201:8848', encode='null', group='DEFAULT_GROUP', prefix='null', fileExtension='properties', timeout=3000, maxRetry='null', configLongPollTimeout='null', configRetryTime='null', enableRemoteSyncConfig=false, endpoint='null', namespace='5d42b64c-af69-4a94-8189-c7e890784c35', accessKey='null', secretKey='null', ramRoleName='null', contextPath='null', clusterName='null', name='null'', shares=null, extensions=null, refreshEnabled=true}, optional=false, profiles=[Profiles@110dd7fe active = '[]', default = '[default]', accepted = '[default]'], config=NacosItemConfig{group='DEFAULT_GROUP', dataId='application-dev.yml', suffix='yml', refreshEnabled=true, preference=null}}
org.yaml.snakeyaml.constructor.DuplicateKeyException: while constructing a mapping
 in 'reader', line 2, column 1:
    jasypt:
    ^
found duplicate key spring
 in 'reader', line 73, column 1:
    spring:
    ^

	at org.yaml.snakeyaml.constructor.SafeConstructor.processDuplicateKeys(SafeConstructor.java:126)
	at org.yaml.snakeyaml.constructor.SafeConstructor.flattenMapping(SafeConstructor.java:78)
	at org.yaml.snakeyaml.constructor.SafeConstructor.flattenMapping(SafeConstructor.java:73)
	at org.yaml.snakeyaml.constructor.SafeConstructor.constructMapping2ndStep(SafeConstructor.java:209)
	at org.yaml.snakeyaml.constructor.BaseConstructor.constructMapping(BaseConstructor.java:552)
	at org.yaml.snakeyaml.constructor.SafeConstructor$ConstructYamlMap.construct(SafeConstructor.java:597)
	at org.yaml.snakeyaml.constructor.BaseConstructor.constructObjectNoCheck(BaseConstructor.java:264)
	at org.yaml.snakeyaml.constructor.BaseConstructor.constructObject(BaseConstructor.java:247)
	at org.springframework.boot.env.OriginTrackedYamlLoader$OriginTrackingConstructor.constructObject(OriginTrackedYamlLoader.java:119)
	at org.yaml.snakeyaml.constructor.BaseConstructor.constructDocument(BaseConstructor.java:201)
	at org.yaml.snakeyaml.constructor.BaseConstructor.getData(BaseConstructor.java:166)
	at org.springframework.boot.env.OriginTrackedYamlLoader$OriginTrackingConstructor.getData(OriginTrackedYamlLoader.java:99)
	at org.yaml.snakeyaml.Yaml$1.next(Yaml.java:529)
	at org.springframework.beans.factory.config.YamlProcessor.process(YamlProcessor.java:203)
	at org.springframework.beans.factory.config.YamlProcessor.process(YamlProcessor.java:169)
	at org.springframework.boot.env.OriginTrackedYamlLoader.load(OriginTrackedYamlLoader.java:84)
	at org.springframework.boot.env.YamlPropertySourceLoader.load(YamlPropertySourceLoader.java:50)
	at com.alibaba.cloud.nacos.parser.NacosDataParserHandler.parseNacosData(NacosDataParserHandler.java:92)
	at com.alibaba.cloud.nacos.configdata.NacosConfigDataLoader.pullConfig(NacosConfigDataLoader.java:146)
	at com.alibaba.cloud.nacos.configdata.NacosConfigDataLoader.doLoad(NacosConfigDataLoader.java:80)
	at com.alibaba.cloud.nacos.configdata.NacosConfigDataLoader.load(NacosConfigDataLoader.java:67)
	at com.alibaba.cloud.nacos.configdata.NacosConfigDataLoader.load(NacosConfigDataLoader.java:56)
	at org.springframework.boot.context.config.ConfigDataLoaders.load(ConfigDataLoaders.java:96)
	at org.springframework.boot.context.config.ConfigDataImporter.load(ConfigDataImporter.java:132)
	at org.springframework.boot.context.config.ConfigDataImporter.resolveAndLoad(ConfigDataImporter.java:87)
	at org.springframework.boot.context.config.ConfigDataEnvironmentContributors.withProcessedImports(ConfigDataEnvironmentContributors.java:121)
	at org.springframework.boot.context.config.ConfigDataEnvironment.processWithProfiles(ConfigDataEnvironment.java:316)
	at org.springframework.boot.context.config.ConfigDataEnvironment.processAndApply(ConfigDataEnvironment.java:237)
	at org.springframework.boot.context.config.ConfigDataEnvironmentPostProcessor.postProcessEnvironment(ConfigDataEnvironmentPostProcessor.java:96)
	at org.springframework.boot.context.config.ConfigDataEnvironmentPostProcessor.postProcessEnvironment(ConfigDataEnvironmentPostProcessor.java:89)
	at org.springframework.cloud.context.refresh.ConfigDataContextRefresher.updateEnvironment(ConfigDataContextRefresher.java:92)
	at org.springframework.cloud.context.refresh.ContextRefresher.refreshEnvironment(ContextRefresher.java:100)
	at org.springframework.cloud.context.refresh.ContextRefresher.refresh(ContextRefresher.java:93)
	at org.springframework.cloud.endpoint.event.RefreshEventListener.handle(RefreshEventListener.java:72)
	at org.springframework.cloud.endpoint.event.RefreshEventListener.onApplicationEvent(RefreshEventListener.java:61)
	at org.springframework.context.event.SimpleApplicationEventMulticaster.doInvokeListener(SimpleApplicationEventMulticaster.java:185)
	at org.springframework.context.event.SimpleApplicationEventMulticaster.invokeListener(SimpleApplicationEventMulticaster.java:178)
	at org.springframework.context.event.SimpleApplicationEventMulticaster.multicastEvent(SimpleApplicationEventMulticaster.java:156)
	at org.springframework.context.support.AbstractApplicationContext.publishEvent(AbstractApplicationContext.java:454)
	at org.springframework.context.support.AbstractApplicationContext.publishEvent(AbstractApplicationContext.java:387)
	at com.alibaba.cloud.nacos.configdata.NacosConfigRefreshEventListener.onApplicationEvent(NacosConfigRefreshEventListener.java:52)
	at org.springframework.context.event.SimpleApplicationEventMulticaster.doInvokeListener(SimpleApplicationEventMulticaster.java:185)
	at org.springframework.context.event.SimpleApplicationEventMulticaster.invokeListener(SimpleApplicationEventMulticaster.java:178)
	at org.springframework.context.event.SimpleApplicationEventMulticaster.multicastEvent(SimpleApplicationEventMulticaster.java:156)
	at org.springframework.context.support.AbstractApplicationContext.publishEvent(AbstractApplicationContext.java:454)
	at org.springframework.context.support.AbstractApplicationContext.publishEvent(AbstractApplicationContext.java:387)
	at com.alibaba.cloud.nacos.refresh.NacosContextRefresher$1.innerReceive(NacosContextRefresher.java:131)
	at com.alibaba.nacos.api.config.listener.AbstractSharedListener.receiveConfigInfo(AbstractSharedListener.java:40)
	at com.alibaba.nacos.client.config.impl.CacheData$1.run(CacheData.java:440)
	at com.alibaba.nacos.client.config.impl.CacheData.safeNotifyListener(CacheData.java:483)
	at com.alibaba.nacos.client.config.impl.CacheData.checkListenerMd5(CacheData.java:324)
	at com.alibaba.nacos.client.config.impl.ClientWorker$ConfigRpcTransportClient.executeConfigListen(ClientWorker.java:819)
	at com.alibaba.nacos.client.config.impl.ClientWorker$ConfigRpcTransportClient.lambda$startInternal$2(ClientWorker.java:779)
	at java.base/java.util.concurrent.Executors$RunnableAdapter.call(Executors.java:572)
	at java.base/java.util.concurrent.FutureTask.run$$$capture(FutureTask.java:317)
	at java.base/java.util.concurrent.FutureTask.run(FutureTask.java)
	at java.base/java.util.concurrent.ScheduledThreadPoolExecutor$ScheduledFutureTask.run(ScheduledThreadPoolExecutor.java:304)
	at java.base/java.util.concurrent.ThreadPoolExecutor.runWorker(ThreadPoolExecutor.java:1144)
	at java.base/java.util.concurrent.ThreadPoolExecutor$Worker.run(ThreadPoolExecutor.java:642)
	at java.base/java.lang.Thread.run(Thread.java:1583)
:2025-08-12 11:26:02.564  INFO com.alibaba.nacos.client.Worker.0 c.a.c.n.r.NacosContextRefresher: [Nacos Config] Receive Nacos config change: dataId=application-dev.yml, group=DEFAULT_GROUP
:2025-08-12 11:26:02.593  INFO com.alibaba.nacos.client.Worker.0 c.a.c.n.c.NacosConfigDataLoader: [Nacos Config] Load config[dataId=pig-monitor-dev.yml, group=DEFAULT_GROUP] success
:2025-08-12 11:26:02.596  INFO com.alibaba.nacos.client.Worker.0 c.a.c.n.c.NacosConfigDataLoader: [Nacos Config] Load config[dataId=application-dev.yml, group=DEFAULT_GROUP] success
:2025-08-12 11:26:02.597 ERROR com.alibaba.nacos.client.Worker.0 c.a.c.n.c.NacosConfigDataLoader: Error getting properties from nacos: NacosConfigDataResource{properties=NacosConfigProperties{serverAddr='192.168.0.201:8848', encode='null', group='DEFAULT_GROUP', prefix='null', fileExtension='properties', timeout=3000, maxRetry='null', configLongPollTimeout='null', configRetryTime='null', enableRemoteSyncConfig=false, endpoint='null', namespace='5d42b64c-af69-4a94-8189-c7e890784c35', accessKey='null', secretKey='null', ramRoleName='null', contextPath='null', clusterName='null', name='null'', shares=null, extensions=null, refreshEnabled=true}, optional=false, profiles=[Profiles@5620f43c active = '[]', default = '[default]', accepted = '[default]'], config=NacosItemConfig{group='DEFAULT_GROUP', dataId='application-dev.yml', suffix='yml', refreshEnabled=true, preference=null}}
org.yaml.snakeyaml.constructor.DuplicateKeyException: while constructing a mapping
 in 'reader', line 2, column 1:
    jasypt:
    ^
found duplicate key spring
 in 'reader', line 73, column 1:
    spring:
    ^

	at org.yaml.snakeyaml.constructor.SafeConstructor.processDuplicateKeys(SafeConstructor.java:126)
	at org.yaml.snakeyaml.constructor.SafeConstructor.flattenMapping(SafeConstructor.java:78)
	at org.yaml.snakeyaml.constructor.SafeConstructor.flattenMapping(SafeConstructor.java:73)
	at org.yaml.snakeyaml.constructor.SafeConstructor.constructMapping2ndStep(SafeConstructor.java:209)
	at org.yaml.snakeyaml.constructor.BaseConstructor.constructMapping(BaseConstructor.java:552)
	at org.yaml.snakeyaml.constructor.SafeConstructor$ConstructYamlMap.construct(SafeConstructor.java:597)
	at org.yaml.snakeyaml.constructor.BaseConstructor.constructObjectNoCheck(BaseConstructor.java:264)
	at org.yaml.snakeyaml.constructor.BaseConstructor.constructObject(BaseConstructor.java:247)
	at org.springframework.boot.env.OriginTrackedYamlLoader$OriginTrackingConstructor.constructObject(OriginTrackedYamlLoader.java:119)
	at org.yaml.snakeyaml.constructor.BaseConstructor.constructDocument(BaseConstructor.java:201)
	at org.yaml.snakeyaml.constructor.BaseConstructor.getData(BaseConstructor.java:166)
	at org.springframework.boot.env.OriginTrackedYamlLoader$OriginTrackingConstructor.getData(OriginTrackedYamlLoader.java:99)
	at org.yaml.snakeyaml.Yaml$1.next(Yaml.java:529)
	at org.springframework.beans.factory.config.YamlProcessor.process(YamlProcessor.java:203)
	at org.springframework.beans.factory.config.YamlProcessor.process(YamlProcessor.java:169)
	at org.springframework.boot.env.OriginTrackedYamlLoader.load(OriginTrackedYamlLoader.java:84)
	at org.springframework.boot.env.YamlPropertySourceLoader.load(YamlPropertySourceLoader.java:50)
	at com.alibaba.cloud.nacos.parser.NacosDataParserHandler.parseNacosData(NacosDataParserHandler.java:92)
	at com.alibaba.cloud.nacos.configdata.NacosConfigDataLoader.pullConfig(NacosConfigDataLoader.java:146)
	at com.alibaba.cloud.nacos.configdata.NacosConfigDataLoader.doLoad(NacosConfigDataLoader.java:80)
	at com.alibaba.cloud.nacos.configdata.NacosConfigDataLoader.load(NacosConfigDataLoader.java:67)
	at com.alibaba.cloud.nacos.configdata.NacosConfigDataLoader.load(NacosConfigDataLoader.java:56)
	at org.springframework.boot.context.config.ConfigDataLoaders.load(ConfigDataLoaders.java:96)
	at org.springframework.boot.context.config.ConfigDataImporter.load(ConfigDataImporter.java:132)
	at org.springframework.boot.context.config.ConfigDataImporter.resolveAndLoad(ConfigDataImporter.java:87)
	at org.springframework.boot.context.config.ConfigDataEnvironmentContributors.withProcessedImports(ConfigDataEnvironmentContributors.java:121)
	at org.springframework.boot.context.config.ConfigDataEnvironment.processWithProfiles(ConfigDataEnvironment.java:316)
	at org.springframework.boot.context.config.ConfigDataEnvironment.processAndApply(ConfigDataEnvironment.java:237)
	at org.springframework.boot.context.config.ConfigDataEnvironmentPostProcessor.postProcessEnvironment(ConfigDataEnvironmentPostProcessor.java:96)
	at org.springframework.boot.context.config.ConfigDataEnvironmentPostProcessor.postProcessEnvironment(ConfigDataEnvironmentPostProcessor.java:89)
	at org.springframework.cloud.context.refresh.ConfigDataContextRefresher.updateEnvironment(ConfigDataContextRefresher.java:92)
	at org.springframework.cloud.context.refresh.ContextRefresher.refreshEnvironment(ContextRefresher.java:100)
	at org.springframework.cloud.context.refresh.ContextRefresher.refresh(ContextRefresher.java:93)
	at org.springframework.cloud.endpoint.event.RefreshEventListener.handle(RefreshEventListener.java:72)
	at org.springframework.cloud.endpoint.event.RefreshEventListener.onApplicationEvent(RefreshEventListener.java:61)
	at org.springframework.context.event.SimpleApplicationEventMulticaster.doInvokeListener(SimpleApplicationEventMulticaster.java:185)
	at org.springframework.context.event.SimpleApplicationEventMulticaster.invokeListener(SimpleApplicationEventMulticaster.java:178)
	at org.springframework.context.event.SimpleApplicationEventMulticaster.multicastEvent(SimpleApplicationEventMulticaster.java:156)
	at org.springframework.context.support.AbstractApplicationContext.publishEvent(AbstractApplicationContext.java:454)
	at org.springframework.context.support.AbstractApplicationContext.publishEvent(AbstractApplicationContext.java:387)
	at com.alibaba.cloud.nacos.configdata.NacosConfigRefreshEventListener.onApplicationEvent(NacosConfigRefreshEventListener.java:52)
	at org.springframework.context.event.SimpleApplicationEventMulticaster.doInvokeListener(SimpleApplicationEventMulticaster.java:185)
	at org.springframework.context.event.SimpleApplicationEventMulticaster.invokeListener(SimpleApplicationEventMulticaster.java:178)
	at org.springframework.context.event.SimpleApplicationEventMulticaster.multicastEvent(SimpleApplicationEventMulticaster.java:156)
	at org.springframework.context.support.AbstractApplicationContext.publishEvent(AbstractApplicationContext.java:454)
	at org.springframework.context.support.AbstractApplicationContext.publishEvent(AbstractApplicationContext.java:387)
	at com.alibaba.cloud.nacos.refresh.NacosContextRefresher$1.innerReceive(NacosContextRefresher.java:131)
	at com.alibaba.nacos.api.config.listener.AbstractSharedListener.receiveConfigInfo(AbstractSharedListener.java:40)
	at com.alibaba.nacos.client.config.impl.CacheData$1.run(CacheData.java:440)
	at com.alibaba.nacos.client.config.impl.CacheData.safeNotifyListener(CacheData.java:483)
	at com.alibaba.nacos.client.config.impl.CacheData.checkListenerMd5(CacheData.java:324)
	at com.alibaba.nacos.client.config.impl.ClientWorker$ConfigRpcTransportClient.executeConfigListen(ClientWorker.java:819)
	at com.alibaba.nacos.client.config.impl.ClientWorker$ConfigRpcTransportClient.lambda$startInternal$2(ClientWorker.java:779)
	at java.base/java.util.concurrent.Executors$RunnableAdapter.call(Executors.java:572)
	at java.base/java.util.concurrent.FutureTask.run$$$capture(FutureTask.java:317)
	at java.base/java.util.concurrent.FutureTask.run(FutureTask.java)
	at java.base/java.util.concurrent.ScheduledThreadPoolExecutor$ScheduledFutureTask.run(ScheduledThreadPoolExecutor.java:304)
	at java.base/java.util.concurrent.ThreadPoolExecutor.runWorker(ThreadPoolExecutor.java:1144)
	at java.base/java.util.concurrent.ThreadPoolExecutor$Worker.run(ThreadPoolExecutor.java:642)
	at java.base/java.lang.Thread.run(Thread.java:1583)
:2025-08-12 11:26:07.604  INFO com.alibaba.nacos.client.Worker.0 c.a.c.n.r.NacosContextRefresher: [Nacos Config] Receive Nacos config change: dataId=application-dev.yml, group=DEFAULT_GROUP
:2025-08-12 11:26:07.634  INFO com.alibaba.nacos.client.Worker.0 c.a.c.n.c.NacosConfigDataLoader: [Nacos Config] Load config[dataId=pig-monitor-dev.yml, group=DEFAULT_GROUP] success
:2025-08-12 11:26:07.637  INFO com.alibaba.nacos.client.Worker.0 c.a.c.n.c.NacosConfigDataLoader: [Nacos Config] Load config[dataId=application-dev.yml, group=DEFAULT_GROUP] success
:2025-08-12 11:26:07.639 ERROR com.alibaba.nacos.client.Worker.0 c.a.c.n.c.NacosConfigDataLoader: Error getting properties from nacos: NacosConfigDataResource{properties=NacosConfigProperties{serverAddr='192.168.0.201:8848', encode='null', group='DEFAULT_GROUP', prefix='null', fileExtension='properties', timeout=3000, maxRetry='null', configLongPollTimeout='null', configRetryTime='null', enableRemoteSyncConfig=false, endpoint='null', namespace='5d42b64c-af69-4a94-8189-c7e890784c35', accessKey='null', secretKey='null', ramRoleName='null', contextPath='null', clusterName='null', name='null'', shares=null, extensions=null, refreshEnabled=true}, optional=false, profiles=[Profiles@21051d48 active = '[]', default = '[default]', accepted = '[default]'], config=NacosItemConfig{group='DEFAULT_GROUP', dataId='application-dev.yml', suffix='yml', refreshEnabled=true, preference=null}}
org.yaml.snakeyaml.constructor.DuplicateKeyException: while constructing a mapping
 in 'reader', line 2, column 1:
    jasypt:
    ^
found duplicate key spring
 in 'reader', line 73, column 1:
    spring:
    ^

	at org.yaml.snakeyaml.constructor.SafeConstructor.processDuplicateKeys(SafeConstructor.java:126)
	at org.yaml.snakeyaml.constructor.SafeConstructor.flattenMapping(SafeConstructor.java:78)
	at org.yaml.snakeyaml.constructor.SafeConstructor.flattenMapping(SafeConstructor.java:73)
	at org.yaml.snakeyaml.constructor.SafeConstructor.constructMapping2ndStep(SafeConstructor.java:209)
	at org.yaml.snakeyaml.constructor.BaseConstructor.constructMapping(BaseConstructor.java:552)
	at org.yaml.snakeyaml.constructor.SafeConstructor$ConstructYamlMap.construct(SafeConstructor.java:597)
	at org.yaml.snakeyaml.constructor.BaseConstructor.constructObjectNoCheck(BaseConstructor.java:264)
	at org.yaml.snakeyaml.constructor.BaseConstructor.constructObject(BaseConstructor.java:247)
	at org.springframework.boot.env.OriginTrackedYamlLoader$OriginTrackingConstructor.constructObject(OriginTrackedYamlLoader.java:119)
	at org.yaml.snakeyaml.constructor.BaseConstructor.constructDocument(BaseConstructor.java:201)
	at org.yaml.snakeyaml.constructor.BaseConstructor.getData(BaseConstructor.java:166)
	at org.springframework.boot.env.OriginTrackedYamlLoader$OriginTrackingConstructor.getData(OriginTrackedYamlLoader.java:99)
	at org.yaml.snakeyaml.Yaml$1.next(Yaml.java:529)
	at org.springframework.beans.factory.config.YamlProcessor.process(YamlProcessor.java:203)
	at org.springframework.beans.factory.config.YamlProcessor.process(YamlProcessor.java:169)
	at org.springframework.boot.env.OriginTrackedYamlLoader.load(OriginTrackedYamlLoader.java:84)
	at org.springframework.boot.env.YamlPropertySourceLoader.load(YamlPropertySourceLoader.java:50)
	at com.alibaba.cloud.nacos.parser.NacosDataParserHandler.parseNacosData(NacosDataParserHandler.java:92)
	at com.alibaba.cloud.nacos.configdata.NacosConfigDataLoader.pullConfig(NacosConfigDataLoader.java:146)
	at com.alibaba.cloud.nacos.configdata.NacosConfigDataLoader.doLoad(NacosConfigDataLoader.java:80)
	at com.alibaba.cloud.nacos.configdata.NacosConfigDataLoader.load(NacosConfigDataLoader.java:67)
	at com.alibaba.cloud.nacos.configdata.NacosConfigDataLoader.load(NacosConfigDataLoader.java:56)
	at org.springframework.boot.context.config.ConfigDataLoaders.load(ConfigDataLoaders.java:96)
	at org.springframework.boot.context.config.ConfigDataImporter.load(ConfigDataImporter.java:132)
	at org.springframework.boot.context.config.ConfigDataImporter.resolveAndLoad(ConfigDataImporter.java:87)
	at org.springframework.boot.context.config.ConfigDataEnvironmentContributors.withProcessedImports(ConfigDataEnvironmentContributors.java:121)
	at org.springframework.boot.context.config.ConfigDataEnvironment.processWithProfiles(ConfigDataEnvironment.java:316)
	at org.springframework.boot.context.config.ConfigDataEnvironment.processAndApply(ConfigDataEnvironment.java:237)
	at org.springframework.boot.context.config.ConfigDataEnvironmentPostProcessor.postProcessEnvironment(ConfigDataEnvironmentPostProcessor.java:96)
	at org.springframework.boot.context.config.ConfigDataEnvironmentPostProcessor.postProcessEnvironment(ConfigDataEnvironmentPostProcessor.java:89)
	at org.springframework.cloud.context.refresh.ConfigDataContextRefresher.updateEnvironment(ConfigDataContextRefresher.java:92)
	at org.springframework.cloud.context.refresh.ContextRefresher.refreshEnvironment(ContextRefresher.java:100)
	at org.springframework.cloud.context.refresh.ContextRefresher.refresh(ContextRefresher.java:93)
	at org.springframework.cloud.endpoint.event.RefreshEventListener.handle(RefreshEventListener.java:72)
	at org.springframework.cloud.endpoint.event.RefreshEventListener.onApplicationEvent(RefreshEventListener.java:61)
	at org.springframework.context.event.SimpleApplicationEventMulticaster.doInvokeListener(SimpleApplicationEventMulticaster.java:185)
	at org.springframework.context.event.SimpleApplicationEventMulticaster.invokeListener(SimpleApplicationEventMulticaster.java:178)
	at org.springframework.context.event.SimpleApplicationEventMulticaster.multicastEvent(SimpleApplicationEventMulticaster.java:156)
	at org.springframework.context.support.AbstractApplicationContext.publishEvent(AbstractApplicationContext.java:454)
	at org.springframework.context.support.AbstractApplicationContext.publishEvent(AbstractApplicationContext.java:387)
	at com.alibaba.cloud.nacos.configdata.NacosConfigRefreshEventListener.onApplicationEvent(NacosConfigRefreshEventListener.java:52)
	at org.springframework.context.event.SimpleApplicationEventMulticaster.doInvokeListener(SimpleApplicationEventMulticaster.java:185)
	at org.springframework.context.event.SimpleApplicationEventMulticaster.invokeListener(SimpleApplicationEventMulticaster.java:178)
	at org.springframework.context.event.SimpleApplicationEventMulticaster.multicastEvent(SimpleApplicationEventMulticaster.java:156)
	at org.springframework.context.support.AbstractApplicationContext.publishEvent(AbstractApplicationContext.java:454)
	at org.springframework.context.support.AbstractApplicationContext.publishEvent(AbstractApplicationContext.java:387)
	at com.alibaba.cloud.nacos.refresh.NacosContextRefresher$1.innerReceive(NacosContextRefresher.java:131)
	at com.alibaba.nacos.api.config.listener.AbstractSharedListener.receiveConfigInfo(AbstractSharedListener.java:40)
	at com.alibaba.nacos.client.config.impl.CacheData$1.run(CacheData.java:440)
	at com.alibaba.nacos.client.config.impl.CacheData.safeNotifyListener(CacheData.java:483)
	at com.alibaba.nacos.client.config.impl.CacheData.checkListenerMd5(CacheData.java:324)
	at com.alibaba.nacos.client.config.impl.ClientWorker$ConfigRpcTransportClient.executeConfigListen(ClientWorker.java:819)
	at com.alibaba.nacos.client.config.impl.ClientWorker$ConfigRpcTransportClient.lambda$startInternal$2(ClientWorker.java:779)
	at java.base/java.util.concurrent.Executors$RunnableAdapter.call(Executors.java:572)
	at java.base/java.util.concurrent.FutureTask.run$$$capture(FutureTask.java:317)
	at java.base/java.util.concurrent.FutureTask.run(FutureTask.java)
	at java.base/java.util.concurrent.ScheduledThreadPoolExecutor$ScheduledFutureTask.run(ScheduledThreadPoolExecutor.java:304)
	at java.base/java.util.concurrent.ThreadPoolExecutor.runWorker(ThreadPoolExecutor.java:1144)
	at java.base/java.util.concurrent.ThreadPoolExecutor$Worker.run(ThreadPoolExecutor.java:642)
	at java.base/java.lang.Thread.run(Thread.java:1583)
:2025-08-12 11:26:12.645  INFO com.alibaba.nacos.client.Worker.0 c.a.c.n.r.NacosContextRefresher: [Nacos Config] Receive Nacos config change: dataId=application-dev.yml, group=DEFAULT_GROUP
:2025-08-12 11:26:12.672  INFO com.alibaba.nacos.client.Worker.0 c.a.c.n.c.NacosConfigDataLoader: [Nacos Config] Load config[dataId=pig-monitor-dev.yml, group=DEFAULT_GROUP] success
:2025-08-12 11:26:12.675  INFO com.alibaba.nacos.client.Worker.0 c.a.c.n.c.NacosConfigDataLoader: [Nacos Config] Load config[dataId=application-dev.yml, group=DEFAULT_GROUP] success
:2025-08-12 11:26:12.675 ERROR com.alibaba.nacos.client.Worker.0 c.a.c.n.c.NacosConfigDataLoader: Error getting properties from nacos: NacosConfigDataResource{properties=NacosConfigProperties{serverAddr='192.168.0.201:8848', encode='null', group='DEFAULT_GROUP', prefix='null', fileExtension='properties', timeout=3000, maxRetry='null', configLongPollTimeout='null', configRetryTime='null', enableRemoteSyncConfig=false, endpoint='null', namespace='5d42b64c-af69-4a94-8189-c7e890784c35', accessKey='null', secretKey='null', ramRoleName='null', contextPath='null', clusterName='null', name='null'', shares=null, extensions=null, refreshEnabled=true}, optional=false, profiles=[Profiles@7ccd6587 active = '[]', default = '[default]', accepted = '[default]'], config=NacosItemConfig{group='DEFAULT_GROUP', dataId='application-dev.yml', suffix='yml', refreshEnabled=true, preference=null}}
org.yaml.snakeyaml.constructor.DuplicateKeyException: while constructing a mapping
 in 'reader', line 2, column 1:
    jasypt:
    ^
found duplicate key spring
 in 'reader', line 73, column 1:
    spring:
    ^

	at org.yaml.snakeyaml.constructor.SafeConstructor.processDuplicateKeys(SafeConstructor.java:126)
	at org.yaml.snakeyaml.constructor.SafeConstructor.flattenMapping(SafeConstructor.java:78)
	at org.yaml.snakeyaml.constructor.SafeConstructor.flattenMapping(SafeConstructor.java:73)
	at org.yaml.snakeyaml.constructor.SafeConstructor.constructMapping2ndStep(SafeConstructor.java:209)
	at org.yaml.snakeyaml.constructor.BaseConstructor.constructMapping(BaseConstructor.java:552)
	at org.yaml.snakeyaml.constructor.SafeConstructor$ConstructYamlMap.construct(SafeConstructor.java:597)
	at org.yaml.snakeyaml.constructor.BaseConstructor.constructObjectNoCheck(BaseConstructor.java:264)
	at org.yaml.snakeyaml.constructor.BaseConstructor.constructObject(BaseConstructor.java:247)
	at org.springframework.boot.env.OriginTrackedYamlLoader$OriginTrackingConstructor.constructObject(OriginTrackedYamlLoader.java:119)
	at org.yaml.snakeyaml.constructor.BaseConstructor.constructDocument(BaseConstructor.java:201)
	at org.yaml.snakeyaml.constructor.BaseConstructor.getData(BaseConstructor.java:166)
	at org.springframework.boot.env.OriginTrackedYamlLoader$OriginTrackingConstructor.getData(OriginTrackedYamlLoader.java:99)
	at org.yaml.snakeyaml.Yaml$1.next(Yaml.java:529)
	at org.springframework.beans.factory.config.YamlProcessor.process(YamlProcessor.java:203)
	at org.springframework.beans.factory.config.YamlProcessor.process(YamlProcessor.java:169)
	at org.springframework.boot.env.OriginTrackedYamlLoader.load(OriginTrackedYamlLoader.java:84)
	at org.springframework.boot.env.YamlPropertySourceLoader.load(YamlPropertySourceLoader.java:50)
	at com.alibaba.cloud.nacos.parser.NacosDataParserHandler.parseNacosData(NacosDataParserHandler.java:92)
	at com.alibaba.cloud.nacos.configdata.NacosConfigDataLoader.pullConfig(NacosConfigDataLoader.java:146)
	at com.alibaba.cloud.nacos.configdata.NacosConfigDataLoader.doLoad(NacosConfigDataLoader.java:80)
	at com.alibaba.cloud.nacos.configdata.NacosConfigDataLoader.load(NacosConfigDataLoader.java:67)
	at com.alibaba.cloud.nacos.configdata.NacosConfigDataLoader.load(NacosConfigDataLoader.java:56)
	at org.springframework.boot.context.config.ConfigDataLoaders.load(ConfigDataLoaders.java:96)
	at org.springframework.boot.context.config.ConfigDataImporter.load(ConfigDataImporter.java:132)
	at org.springframework.boot.context.config.ConfigDataImporter.resolveAndLoad(ConfigDataImporter.java:87)
	at org.springframework.boot.context.config.ConfigDataEnvironmentContributors.withProcessedImports(ConfigDataEnvironmentContributors.java:121)
	at org.springframework.boot.context.config.ConfigDataEnvironment.processWithProfiles(ConfigDataEnvironment.java:316)
	at org.springframework.boot.context.config.ConfigDataEnvironment.processAndApply(ConfigDataEnvironment.java:237)
	at org.springframework.boot.context.config.ConfigDataEnvironmentPostProcessor.postProcessEnvironment(ConfigDataEnvironmentPostProcessor.java:96)
	at org.springframework.boot.context.config.ConfigDataEnvironmentPostProcessor.postProcessEnvironment(ConfigDataEnvironmentPostProcessor.java:89)
	at org.springframework.cloud.context.refresh.ConfigDataContextRefresher.updateEnvironment(ConfigDataContextRefresher.java:92)
	at org.springframework.cloud.context.refresh.ContextRefresher.refreshEnvironment(ContextRefresher.java:100)
	at org.springframework.cloud.context.refresh.ContextRefresher.refresh(ContextRefresher.java:93)
	at org.springframework.cloud.endpoint.event.RefreshEventListener.handle(RefreshEventListener.java:72)
	at org.springframework.cloud.endpoint.event.RefreshEventListener.onApplicationEvent(RefreshEventListener.java:61)
	at org.springframework.context.event.SimpleApplicationEventMulticaster.doInvokeListener(SimpleApplicationEventMulticaster.java:185)
	at org.springframework.context.event.SimpleApplicationEventMulticaster.invokeListener(SimpleApplicationEventMulticaster.java:178)
	at org.springframework.context.event.SimpleApplicationEventMulticaster.multicastEvent(SimpleApplicationEventMulticaster.java:156)
	at org.springframework.context.support.AbstractApplicationContext.publishEvent(AbstractApplicationContext.java:454)
	at org.springframework.context.support.AbstractApplicationContext.publishEvent(AbstractApplicationContext.java:387)
	at com.alibaba.cloud.nacos.configdata.NacosConfigRefreshEventListener.onApplicationEvent(NacosConfigRefreshEventListener.java:52)
	at org.springframework.context.event.SimpleApplicationEventMulticaster.doInvokeListener(SimpleApplicationEventMulticaster.java:185)
	at org.springframework.context.event.SimpleApplicationEventMulticaster.invokeListener(SimpleApplicationEventMulticaster.java:178)
	at org.springframework.context.event.SimpleApplicationEventMulticaster.multicastEvent(SimpleApplicationEventMulticaster.java:156)
	at org.springframework.context.support.AbstractApplicationContext.publishEvent(AbstractApplicationContext.java:454)
	at org.springframework.context.support.AbstractApplicationContext.publishEvent(AbstractApplicationContext.java:387)
	at com.alibaba.cloud.nacos.refresh.NacosContextRefresher$1.innerReceive(NacosContextRefresher.java:131)
	at com.alibaba.nacos.api.config.listener.AbstractSharedListener.receiveConfigInfo(AbstractSharedListener.java:40)
	at com.alibaba.nacos.client.config.impl.CacheData$1.run(CacheData.java:440)
	at com.alibaba.nacos.client.config.impl.CacheData.safeNotifyListener(CacheData.java:483)
	at com.alibaba.nacos.client.config.impl.CacheData.checkListenerMd5(CacheData.java:324)
	at com.alibaba.nacos.client.config.impl.ClientWorker$ConfigRpcTransportClient.executeConfigListen(ClientWorker.java:819)
	at com.alibaba.nacos.client.config.impl.ClientWorker$ConfigRpcTransportClient.lambda$startInternal$2(ClientWorker.java:779)
	at java.base/java.util.concurrent.Executors$RunnableAdapter.call(Executors.java:572)
	at java.base/java.util.concurrent.FutureTask.run$$$capture(FutureTask.java:317)
	at java.base/java.util.concurrent.FutureTask.run(FutureTask.java)
	at java.base/java.util.concurrent.ScheduledThreadPoolExecutor$ScheduledFutureTask.run(ScheduledThreadPoolExecutor.java:304)
	at java.base/java.util.concurrent.ThreadPoolExecutor.runWorker(ThreadPoolExecutor.java:1144)
	at java.base/java.util.concurrent.ThreadPoolExecutor$Worker.run(ThreadPoolExecutor.java:642)
	at java.base/java.lang.Thread.run(Thread.java:1583)
:2025-08-12 11:26:17.689  INFO com.alibaba.nacos.client.Worker.0 c.a.c.n.r.NacosContextRefresher: [Nacos Config] Receive Nacos config change: dataId=application-dev.yml, group=DEFAULT_GROUP
:2025-08-12 11:26:17.705  INFO com.alibaba.nacos.client.Worker.0 c.a.c.n.c.NacosConfigDataLoader: [Nacos Config] Load config[dataId=pig-monitor-dev.yml, group=DEFAULT_GROUP] success
:2025-08-12 11:26:17.707  INFO com.alibaba.nacos.client.Worker.0 c.a.c.n.c.NacosConfigDataLoader: [Nacos Config] Load config[dataId=application-dev.yml, group=DEFAULT_GROUP] success
:2025-08-12 11:26:17.708 ERROR com.alibaba.nacos.client.Worker.0 c.a.c.n.c.NacosConfigDataLoader: Error getting properties from nacos: NacosConfigDataResource{properties=NacosConfigProperties{serverAddr='192.168.0.201:8848', encode='null', group='DEFAULT_GROUP', prefix='null', fileExtension='properties', timeout=3000, maxRetry='null', configLongPollTimeout='null', configRetryTime='null', enableRemoteSyncConfig=false, endpoint='null', namespace='5d42b64c-af69-4a94-8189-c7e890784c35', accessKey='null', secretKey='null', ramRoleName='null', contextPath='null', clusterName='null', name='null'', shares=null, extensions=null, refreshEnabled=true}, optional=false, profiles=[Profiles@68234a20 active = '[]', default = '[default]', accepted = '[default]'], config=NacosItemConfig{group='DEFAULT_GROUP', dataId='application-dev.yml', suffix='yml', refreshEnabled=true, preference=null}}
org.yaml.snakeyaml.constructor.DuplicateKeyException: while constructing a mapping
 in 'reader', line 2, column 1:
    jasypt:
    ^
found duplicate key spring
 in 'reader', line 73, column 1:
    spring:
    ^

	at org.yaml.snakeyaml.constructor.SafeConstructor.processDuplicateKeys(SafeConstructor.java:126)
	at org.yaml.snakeyaml.constructor.SafeConstructor.flattenMapping(SafeConstructor.java:78)
	at org.yaml.snakeyaml.constructor.SafeConstructor.flattenMapping(SafeConstructor.java:73)
	at org.yaml.snakeyaml.constructor.SafeConstructor.constructMapping2ndStep(SafeConstructor.java:209)
	at org.yaml.snakeyaml.constructor.BaseConstructor.constructMapping(BaseConstructor.java:552)
	at org.yaml.snakeyaml.constructor.SafeConstructor$ConstructYamlMap.construct(SafeConstructor.java:597)
	at org.yaml.snakeyaml.constructor.BaseConstructor.constructObjectNoCheck(BaseConstructor.java:264)
	at org.yaml.snakeyaml.constructor.BaseConstructor.constructObject(BaseConstructor.java:247)
	at org.springframework.boot.env.OriginTrackedYamlLoader$OriginTrackingConstructor.constructObject(OriginTrackedYamlLoader.java:119)
	at org.yaml.snakeyaml.constructor.BaseConstructor.constructDocument(BaseConstructor.java:201)
	at org.yaml.snakeyaml.constructor.BaseConstructor.getData(BaseConstructor.java:166)
	at org.springframework.boot.env.OriginTrackedYamlLoader$OriginTrackingConstructor.getData(OriginTrackedYamlLoader.java:99)
	at org.yaml.snakeyaml.Yaml$1.next(Yaml.java:529)
	at org.springframework.beans.factory.config.YamlProcessor.process(YamlProcessor.java:203)
	at org.springframework.beans.factory.config.YamlProcessor.process(YamlProcessor.java:169)
	at org.springframework.boot.env.OriginTrackedYamlLoader.load(OriginTrackedYamlLoader.java:84)
	at org.springframework.boot.env.YamlPropertySourceLoader.load(YamlPropertySourceLoader.java:50)
	at com.alibaba.cloud.nacos.parser.NacosDataParserHandler.parseNacosData(NacosDataParserHandler.java:92)
	at com.alibaba.cloud.nacos.configdata.NacosConfigDataLoader.pullConfig(NacosConfigDataLoader.java:146)
	at com.alibaba.cloud.nacos.configdata.NacosConfigDataLoader.doLoad(NacosConfigDataLoader.java:80)
	at com.alibaba.cloud.nacos.configdata.NacosConfigDataLoader.load(NacosConfigDataLoader.java:67)
	at com.alibaba.cloud.nacos.configdata.NacosConfigDataLoader.load(NacosConfigDataLoader.java:56)
	at org.springframework.boot.context.config.ConfigDataLoaders.load(ConfigDataLoaders.java:96)
	at org.springframework.boot.context.config.ConfigDataImporter.load(ConfigDataImporter.java:132)
	at org.springframework.boot.context.config.ConfigDataImporter.resolveAndLoad(ConfigDataImporter.java:87)
	at org.springframework.boot.context.config.ConfigDataEnvironmentContributors.withProcessedImports(ConfigDataEnvironmentContributors.java:121)
	at org.springframework.boot.context.config.ConfigDataEnvironment.processWithProfiles(ConfigDataEnvironment.java:316)
	at org.springframework.boot.context.config.ConfigDataEnvironment.processAndApply(ConfigDataEnvironment.java:237)
	at org.springframework.boot.context.config.ConfigDataEnvironmentPostProcessor.postProcessEnvironment(ConfigDataEnvironmentPostProcessor.java:96)
	at org.springframework.boot.context.config.ConfigDataEnvironmentPostProcessor.postProcessEnvironment(ConfigDataEnvironmentPostProcessor.java:89)
	at org.springframework.cloud.context.refresh.ConfigDataContextRefresher.updateEnvironment(ConfigDataContextRefresher.java:92)
	at org.springframework.cloud.context.refresh.ContextRefresher.refreshEnvironment(ContextRefresher.java:100)
	at org.springframework.cloud.context.refresh.ContextRefresher.refresh(ContextRefresher.java:93)
	at org.springframework.cloud.endpoint.event.RefreshEventListener.handle(RefreshEventListener.java:72)
	at org.springframework.cloud.endpoint.event.RefreshEventListener.onApplicationEvent(RefreshEventListener.java:61)
	at org.springframework.context.event.SimpleApplicationEventMulticaster.doInvokeListener(SimpleApplicationEventMulticaster.java:185)
	at org.springframework.context.event.SimpleApplicationEventMulticaster.invokeListener(SimpleApplicationEventMulticaster.java:178)
	at org.springframework.context.event.SimpleApplicationEventMulticaster.multicastEvent(SimpleApplicationEventMulticaster.java:156)
	at org.springframework.context.support.AbstractApplicationContext.publishEvent(AbstractApplicationContext.java:454)
	at org.springframework.context.support.AbstractApplicationContext.publishEvent(AbstractApplicationContext.java:387)
	at com.alibaba.cloud.nacos.configdata.NacosConfigRefreshEventListener.onApplicationEvent(NacosConfigRefreshEventListener.java:52)
	at org.springframework.context.event.SimpleApplicationEventMulticaster.doInvokeListener(SimpleApplicationEventMulticaster.java:185)
	at org.springframework.context.event.SimpleApplicationEventMulticaster.invokeListener(SimpleApplicationEventMulticaster.java:178)
	at org.springframework.context.event.SimpleApplicationEventMulticaster.multicastEvent(SimpleApplicationEventMulticaster.java:156)
	at org.springframework.context.support.AbstractApplicationContext.publishEvent(AbstractApplicationContext.java:454)
	at org.springframework.context.support.AbstractApplicationContext.publishEvent(AbstractApplicationContext.java:387)
	at com.alibaba.cloud.nacos.refresh.NacosContextRefresher$1.innerReceive(NacosContextRefresher.java:131)
	at com.alibaba.nacos.api.config.listener.AbstractSharedListener.receiveConfigInfo(AbstractSharedListener.java:40)
	at com.alibaba.nacos.client.config.impl.CacheData$1.run(CacheData.java:440)
	at com.alibaba.nacos.client.config.impl.CacheData.safeNotifyListener(CacheData.java:483)
	at com.alibaba.nacos.client.config.impl.CacheData.checkListenerMd5(CacheData.java:324)
	at com.alibaba.nacos.client.config.impl.ClientWorker$ConfigRpcTransportClient.executeConfigListen(ClientWorker.java:819)
	at com.alibaba.nacos.client.config.impl.ClientWorker$ConfigRpcTransportClient.lambda$startInternal$2(ClientWorker.java:779)
	at java.base/java.util.concurrent.Executors$RunnableAdapter.call(Executors.java:572)
	at java.base/java.util.concurrent.FutureTask.run$$$capture(FutureTask.java:317)
	at java.base/java.util.concurrent.FutureTask.run(FutureTask.java)
	at java.base/java.util.concurrent.ScheduledThreadPoolExecutor$ScheduledFutureTask.run(ScheduledThreadPoolExecutor.java:304)
	at java.base/java.util.concurrent.ThreadPoolExecutor.runWorker(ThreadPoolExecutor.java:1144)
	at java.base/java.util.concurrent.ThreadPoolExecutor$Worker.run(ThreadPoolExecutor.java:642)
	at java.base/java.lang.Thread.run(Thread.java:1583)
:2025-08-12 11:26:22.716  INFO com.alibaba.nacos.client.Worker.0 c.a.c.n.r.NacosContextRefresher: [Nacos Config] Receive Nacos config change: dataId=application-dev.yml, group=DEFAULT_GROUP
:2025-08-12 11:26:22.729  INFO com.alibaba.nacos.client.Worker.0 c.a.c.n.c.NacosConfigDataLoader: [Nacos Config] Load config[dataId=pig-monitor-dev.yml, group=DEFAULT_GROUP] success
:2025-08-12 11:26:22.751  INFO com.alibaba.nacos.client.Worker.0 c.a.c.n.c.NacosConfigDataLoader: [Nacos Config] Load config[dataId=application-dev.yml, group=DEFAULT_GROUP] success
:2025-08-12 11:26:22.753 ERROR com.alibaba.nacos.client.Worker.0 c.a.c.n.c.NacosConfigDataLoader: Error getting properties from nacos: NacosConfigDataResource{properties=NacosConfigProperties{serverAddr='192.168.0.201:8848', encode='null', group='DEFAULT_GROUP', prefix='null', fileExtension='properties', timeout=3000, maxRetry='null', configLongPollTimeout='null', configRetryTime='null', enableRemoteSyncConfig=false, endpoint='null', namespace='5d42b64c-af69-4a94-8189-c7e890784c35', accessKey='null', secretKey='null', ramRoleName='null', contextPath='null', clusterName='null', name='null'', shares=null, extensions=null, refreshEnabled=true}, optional=false, profiles=[Profiles@65f0e0cb active = '[]', default = '[default]', accepted = '[default]'], config=NacosItemConfig{group='DEFAULT_GROUP', dataId='application-dev.yml', suffix='yml', refreshEnabled=true, preference=null}}
org.yaml.snakeyaml.constructor.DuplicateKeyException: while constructing a mapping
 in 'reader', line 2, column 1:
    jasypt:
    ^
found duplicate key spring
 in 'reader', line 73, column 1:
    spring:
    ^

	at org.yaml.snakeyaml.constructor.SafeConstructor.processDuplicateKeys(SafeConstructor.java:126)
	at org.yaml.snakeyaml.constructor.SafeConstructor.flattenMapping(SafeConstructor.java:78)
	at org.yaml.snakeyaml.constructor.SafeConstructor.flattenMapping(SafeConstructor.java:73)
	at org.yaml.snakeyaml.constructor.SafeConstructor.constructMapping2ndStep(SafeConstructor.java:209)
	at org.yaml.snakeyaml.constructor.BaseConstructor.constructMapping(BaseConstructor.java:552)
	at org.yaml.snakeyaml.constructor.SafeConstructor$ConstructYamlMap.construct(SafeConstructor.java:597)
	at org.yaml.snakeyaml.constructor.BaseConstructor.constructObjectNoCheck(BaseConstructor.java:264)
	at org.yaml.snakeyaml.constructor.BaseConstructor.constructObject(BaseConstructor.java:247)
	at org.springframework.boot.env.OriginTrackedYamlLoader$OriginTrackingConstructor.constructObject(OriginTrackedYamlLoader.java:119)
	at org.yaml.snakeyaml.constructor.BaseConstructor.constructDocument(BaseConstructor.java:201)
	at org.yaml.snakeyaml.constructor.BaseConstructor.getData(BaseConstructor.java:166)
	at org.springframework.boot.env.OriginTrackedYamlLoader$OriginTrackingConstructor.getData(OriginTrackedYamlLoader.java:99)
	at org.yaml.snakeyaml.Yaml$1.next(Yaml.java:529)
	at org.springframework.beans.factory.config.YamlProcessor.process(YamlProcessor.java:203)
	at org.springframework.beans.factory.config.YamlProcessor.process(YamlProcessor.java:169)
	at org.springframework.boot.env.OriginTrackedYamlLoader.load(OriginTrackedYamlLoader.java:84)
	at org.springframework.boot.env.YamlPropertySourceLoader.load(YamlPropertySourceLoader.java:50)
	at com.alibaba.cloud.nacos.parser.NacosDataParserHandler.parseNacosData(NacosDataParserHandler.java:92)
	at com.alibaba.cloud.nacos.configdata.NacosConfigDataLoader.pullConfig(NacosConfigDataLoader.java:146)
	at com.alibaba.cloud.nacos.configdata.NacosConfigDataLoader.doLoad(NacosConfigDataLoader.java:80)
	at com.alibaba.cloud.nacos.configdata.NacosConfigDataLoader.load(NacosConfigDataLoader.java:67)
	at com.alibaba.cloud.nacos.configdata.NacosConfigDataLoader.load(NacosConfigDataLoader.java:56)
	at org.springframework.boot.context.config.ConfigDataLoaders.load(ConfigDataLoaders.java:96)
	at org.springframework.boot.context.config.ConfigDataImporter.load(ConfigDataImporter.java:132)
	at org.springframework.boot.context.config.ConfigDataImporter.resolveAndLoad(ConfigDataImporter.java:87)
	at org.springframework.boot.context.config.ConfigDataEnvironmentContributors.withProcessedImports(ConfigDataEnvironmentContributors.java:121)
	at org.springframework.boot.context.config.ConfigDataEnvironment.processWithProfiles(ConfigDataEnvironment.java:316)
	at org.springframework.boot.context.config.ConfigDataEnvironment.processAndApply(ConfigDataEnvironment.java:237)
	at org.springframework.boot.context.config.ConfigDataEnvironmentPostProcessor.postProcessEnvironment(ConfigDataEnvironmentPostProcessor.java:96)
	at org.springframework.boot.context.config.ConfigDataEnvironmentPostProcessor.postProcessEnvironment(ConfigDataEnvironmentPostProcessor.java:89)
	at org.springframework.cloud.context.refresh.ConfigDataContextRefresher.updateEnvironment(ConfigDataContextRefresher.java:92)
	at org.springframework.cloud.context.refresh.ContextRefresher.refreshEnvironment(ContextRefresher.java:100)
	at org.springframework.cloud.context.refresh.ContextRefresher.refresh(ContextRefresher.java:93)
	at org.springframework.cloud.endpoint.event.RefreshEventListener.handle(RefreshEventListener.java:72)
	at org.springframework.cloud.endpoint.event.RefreshEventListener.onApplicationEvent(RefreshEventListener.java:61)
	at org.springframework.context.event.SimpleApplicationEventMulticaster.doInvokeListener(SimpleApplicationEventMulticaster.java:185)
	at org.springframework.context.event.SimpleApplicationEventMulticaster.invokeListener(SimpleApplicationEventMulticaster.java:178)
	at org.springframework.context.event.SimpleApplicationEventMulticaster.multicastEvent(SimpleApplicationEventMulticaster.java:156)
	at org.springframework.context.support.AbstractApplicationContext.publishEvent(AbstractApplicationContext.java:454)
	at org.springframework.context.support.AbstractApplicationContext.publishEvent(AbstractApplicationContext.java:387)
	at com.alibaba.cloud.nacos.configdata.NacosConfigRefreshEventListener.onApplicationEvent(NacosConfigRefreshEventListener.java:52)
	at org.springframework.context.event.SimpleApplicationEventMulticaster.doInvokeListener(SimpleApplicationEventMulticaster.java:185)
	at org.springframework.context.event.SimpleApplicationEventMulticaster.invokeListener(SimpleApplicationEventMulticaster.java:178)
	at org.springframework.context.event.SimpleApplicationEventMulticaster.multicastEvent(SimpleApplicationEventMulticaster.java:156)
	at org.springframework.context.support.AbstractApplicationContext.publishEvent(AbstractApplicationContext.java:454)
	at org.springframework.context.support.AbstractApplicationContext.publishEvent(AbstractApplicationContext.java:387)
	at com.alibaba.cloud.nacos.refresh.NacosContextRefresher$1.innerReceive(NacosContextRefresher.java:131)
	at com.alibaba.nacos.api.config.listener.AbstractSharedListener.receiveConfigInfo(AbstractSharedListener.java:40)
	at com.alibaba.nacos.client.config.impl.CacheData$1.run(CacheData.java:440)
	at com.alibaba.nacos.client.config.impl.CacheData.safeNotifyListener(CacheData.java:483)
	at com.alibaba.nacos.client.config.impl.CacheData.checkListenerMd5(CacheData.java:324)
	at com.alibaba.nacos.client.config.impl.ClientWorker$ConfigRpcTransportClient.executeConfigListen(ClientWorker.java:819)
	at com.alibaba.nacos.client.config.impl.ClientWorker$ConfigRpcTransportClient.lambda$startInternal$2(ClientWorker.java:779)
	at java.base/java.util.concurrent.Executors$RunnableAdapter.call(Executors.java:572)
	at java.base/java.util.concurrent.FutureTask.run$$$capture(FutureTask.java:317)
	at java.base/java.util.concurrent.FutureTask.run(FutureTask.java)
	at java.base/java.util.concurrent.ScheduledThreadPoolExecutor$ScheduledFutureTask.run(ScheduledThreadPoolExecutor.java:304)
	at java.base/java.util.concurrent.ThreadPoolExecutor.runWorker(ThreadPoolExecutor.java:1144)
	at java.base/java.util.concurrent.ThreadPoolExecutor$Worker.run(ThreadPoolExecutor.java:642)
	at java.base/java.lang.Thread.run(Thread.java:1583)
:2025-08-12 11:26:27.755  INFO com.alibaba.nacos.client.Worker.0 c.a.c.n.r.NacosContextRefresher: [Nacos Config] Receive Nacos config change: dataId=application-dev.yml, group=DEFAULT_GROUP
:2025-08-12 11:26:27.776  INFO com.alibaba.nacos.client.Worker.0 c.a.c.n.c.NacosConfigDataLoader: [Nacos Config] Load config[dataId=pig-monitor-dev.yml, group=DEFAULT_GROUP] success
:2025-08-12 11:26:27.779  INFO com.alibaba.nacos.client.Worker.0 c.a.c.n.c.NacosConfigDataLoader: [Nacos Config] Load config[dataId=application-dev.yml, group=DEFAULT_GROUP] success
:2025-08-12 11:26:27.780 ERROR com.alibaba.nacos.client.Worker.0 c.a.c.n.c.NacosConfigDataLoader: Error getting properties from nacos: NacosConfigDataResource{properties=NacosConfigProperties{serverAddr='192.168.0.201:8848', encode='null', group='DEFAULT_GROUP', prefix='null', fileExtension='properties', timeout=3000, maxRetry='null', configLongPollTimeout='null', configRetryTime='null', enableRemoteSyncConfig=false, endpoint='null', namespace='5d42b64c-af69-4a94-8189-c7e890784c35', accessKey='null', secretKey='null', ramRoleName='null', contextPath='null', clusterName='null', name='null'', shares=null, extensions=null, refreshEnabled=true}, optional=false, profiles=[Profiles@2bc17739 active = '[]', default = '[default]', accepted = '[default]'], config=NacosItemConfig{group='DEFAULT_GROUP', dataId='application-dev.yml', suffix='yml', refreshEnabled=true, preference=null}}
org.yaml.snakeyaml.constructor.DuplicateKeyException: while constructing a mapping
 in 'reader', line 2, column 1:
    jasypt:
    ^
found duplicate key spring
 in 'reader', line 73, column 1:
    spring:
    ^

	at org.yaml.snakeyaml.constructor.SafeConstructor.processDuplicateKeys(SafeConstructor.java:126)
	at org.yaml.snakeyaml.constructor.SafeConstructor.flattenMapping(SafeConstructor.java:78)
	at org.yaml.snakeyaml.constructor.SafeConstructor.flattenMapping(SafeConstructor.java:73)
	at org.yaml.snakeyaml.constructor.SafeConstructor.constructMapping2ndStep(SafeConstructor.java:209)
	at org.yaml.snakeyaml.constructor.BaseConstructor.constructMapping(BaseConstructor.java:552)
	at org.yaml.snakeyaml.constructor.SafeConstructor$ConstructYamlMap.construct(SafeConstructor.java:597)
	at org.yaml.snakeyaml.constructor.BaseConstructor.constructObjectNoCheck(BaseConstructor.java:264)
	at org.yaml.snakeyaml.constructor.BaseConstructor.constructObject(BaseConstructor.java:247)
	at org.springframework.boot.env.OriginTrackedYamlLoader$OriginTrackingConstructor.constructObject(OriginTrackedYamlLoader.java:119)
	at org.yaml.snakeyaml.constructor.BaseConstructor.constructDocument(BaseConstructor.java:201)
	at org.yaml.snakeyaml.constructor.BaseConstructor.getData(BaseConstructor.java:166)
	at org.springframework.boot.env.OriginTrackedYamlLoader$OriginTrackingConstructor.getData(OriginTrackedYamlLoader.java:99)
	at org.yaml.snakeyaml.Yaml$1.next(Yaml.java:529)
	at org.springframework.beans.factory.config.YamlProcessor.process(YamlProcessor.java:203)
	at org.springframework.beans.factory.config.YamlProcessor.process(YamlProcessor.java:169)
	at org.springframework.boot.env.OriginTrackedYamlLoader.load(OriginTrackedYamlLoader.java:84)
	at org.springframework.boot.env.YamlPropertySourceLoader.load(YamlPropertySourceLoader.java:50)
	at com.alibaba.cloud.nacos.parser.NacosDataParserHandler.parseNacosData(NacosDataParserHandler.java:92)
	at com.alibaba.cloud.nacos.configdata.NacosConfigDataLoader.pullConfig(NacosConfigDataLoader.java:146)
	at com.alibaba.cloud.nacos.configdata.NacosConfigDataLoader.doLoad(NacosConfigDataLoader.java:80)
	at com.alibaba.cloud.nacos.configdata.NacosConfigDataLoader.load(NacosConfigDataLoader.java:67)
	at com.alibaba.cloud.nacos.configdata.NacosConfigDataLoader.load(NacosConfigDataLoader.java:56)
	at org.springframework.boot.context.config.ConfigDataLoaders.load(ConfigDataLoaders.java:96)
	at org.springframework.boot.context.config.ConfigDataImporter.load(ConfigDataImporter.java:132)
	at org.springframework.boot.context.config.ConfigDataImporter.resolveAndLoad(ConfigDataImporter.java:87)
	at org.springframework.boot.context.config.ConfigDataEnvironmentContributors.withProcessedImports(ConfigDataEnvironmentContributors.java:121)
	at org.springframework.boot.context.config.ConfigDataEnvironment.processWithProfiles(ConfigDataEnvironment.java:316)
	at org.springframework.boot.context.config.ConfigDataEnvironment.processAndApply(ConfigDataEnvironment.java:237)
	at org.springframework.boot.context.config.ConfigDataEnvironmentPostProcessor.postProcessEnvironment(ConfigDataEnvironmentPostProcessor.java:96)
	at org.springframework.boot.context.config.ConfigDataEnvironmentPostProcessor.postProcessEnvironment(ConfigDataEnvironmentPostProcessor.java:89)
	at org.springframework.cloud.context.refresh.ConfigDataContextRefresher.updateEnvironment(ConfigDataContextRefresher.java:92)
	at org.springframework.cloud.context.refresh.ContextRefresher.refreshEnvironment(ContextRefresher.java:100)
	at org.springframework.cloud.context.refresh.ContextRefresher.refresh(ContextRefresher.java:93)
	at org.springframework.cloud.endpoint.event.RefreshEventListener.handle(RefreshEventListener.java:72)
	at org.springframework.cloud.endpoint.event.RefreshEventListener.onApplicationEvent(RefreshEventListener.java:61)
	at org.springframework.context.event.SimpleApplicationEventMulticaster.doInvokeListener(SimpleApplicationEventMulticaster.java:185)
	at org.springframework.context.event.SimpleApplicationEventMulticaster.invokeListener(SimpleApplicationEventMulticaster.java:178)
	at org.springframework.context.event.SimpleApplicationEventMulticaster.multicastEvent(SimpleApplicationEventMulticaster.java:156)
	at org.springframework.context.support.AbstractApplicationContext.publishEvent(AbstractApplicationContext.java:454)
	at org.springframework.context.support.AbstractApplicationContext.publishEvent(AbstractApplicationContext.java:387)
	at com.alibaba.cloud.nacos.configdata.NacosConfigRefreshEventListener.onApplicationEvent(NacosConfigRefreshEventListener.java:52)
	at org.springframework.context.event.SimpleApplicationEventMulticaster.doInvokeListener(SimpleApplicationEventMulticaster.java:185)
	at org.springframework.context.event.SimpleApplicationEventMulticaster.invokeListener(SimpleApplicationEventMulticaster.java:178)
	at org.springframework.context.event.SimpleApplicationEventMulticaster.multicastEvent(SimpleApplicationEventMulticaster.java:156)
	at org.springframework.context.support.AbstractApplicationContext.publishEvent(AbstractApplicationContext.java:454)
	at org.springframework.context.support.AbstractApplicationContext.publishEvent(AbstractApplicationContext.java:387)
	at com.alibaba.cloud.nacos.refresh.NacosContextRefresher$1.innerReceive(NacosContextRefresher.java:131)
	at com.alibaba.nacos.api.config.listener.AbstractSharedListener.receiveConfigInfo(AbstractSharedListener.java:40)
	at com.alibaba.nacos.client.config.impl.CacheData$1.run(CacheData.java:440)
	at com.alibaba.nacos.client.config.impl.CacheData.safeNotifyListener(CacheData.java:483)
	at com.alibaba.nacos.client.config.impl.CacheData.checkListenerMd5(CacheData.java:324)
	at com.alibaba.nacos.client.config.impl.ClientWorker$ConfigRpcTransportClient.executeConfigListen(ClientWorker.java:819)
	at com.alibaba.nacos.client.config.impl.ClientWorker$ConfigRpcTransportClient.lambda$startInternal$2(ClientWorker.java:779)
	at java.base/java.util.concurrent.Executors$RunnableAdapter.call(Executors.java:572)
	at java.base/java.util.concurrent.FutureTask.run$$$capture(FutureTask.java:317)
	at java.base/java.util.concurrent.FutureTask.run(FutureTask.java)
	at java.base/java.util.concurrent.ScheduledThreadPoolExecutor$ScheduledFutureTask.run(ScheduledThreadPoolExecutor.java:304)
	at java.base/java.util.concurrent.ThreadPoolExecutor.runWorker(ThreadPoolExecutor.java:1144)
	at java.base/java.util.concurrent.ThreadPoolExecutor$Worker.run(ThreadPoolExecutor.java:642)
	at java.base/java.lang.Thread.run(Thread.java:1583)
:2025-08-12 11:26:32.782  INFO com.alibaba.nacos.client.Worker.0 c.a.c.n.r.NacosContextRefresher: [Nacos Config] Receive Nacos config change: dataId=application-dev.yml, group=DEFAULT_GROUP
:2025-08-12 11:26:32.797  INFO com.alibaba.nacos.client.Worker.0 c.a.c.n.c.NacosConfigDataLoader: [Nacos Config] Load config[dataId=pig-monitor-dev.yml, group=DEFAULT_GROUP] success
:2025-08-12 11:26:32.799  INFO com.alibaba.nacos.client.Worker.0 c.a.c.n.c.NacosConfigDataLoader: [Nacos Config] Load config[dataId=application-dev.yml, group=DEFAULT_GROUP] success
:2025-08-12 11:26:32.800 ERROR com.alibaba.nacos.client.Worker.0 c.a.c.n.c.NacosConfigDataLoader: Error getting properties from nacos: NacosConfigDataResource{properties=NacosConfigProperties{serverAddr='192.168.0.201:8848', encode='null', group='DEFAULT_GROUP', prefix='null', fileExtension='properties', timeout=3000, maxRetry='null', configLongPollTimeout='null', configRetryTime='null', enableRemoteSyncConfig=false, endpoint='null', namespace='5d42b64c-af69-4a94-8189-c7e890784c35', accessKey='null', secretKey='null', ramRoleName='null', contextPath='null', clusterName='null', name='null'', shares=null, extensions=null, refreshEnabled=true}, optional=false, profiles=[Profiles@2bcd936 active = '[]', default = '[default]', accepted = '[default]'], config=NacosItemConfig{group='DEFAULT_GROUP', dataId='application-dev.yml', suffix='yml', refreshEnabled=true, preference=null}}
org.yaml.snakeyaml.constructor.DuplicateKeyException: while constructing a mapping
 in 'reader', line 2, column 1:
    jasypt:
    ^
found duplicate key spring
 in 'reader', line 73, column 1:
    spring:
    ^

	at org.yaml.snakeyaml.constructor.SafeConstructor.processDuplicateKeys(SafeConstructor.java:126)
	at org.yaml.snakeyaml.constructor.SafeConstructor.flattenMapping(SafeConstructor.java:78)
	at org.yaml.snakeyaml.constructor.SafeConstructor.flattenMapping(SafeConstructor.java:73)
	at org.yaml.snakeyaml.constructor.SafeConstructor.constructMapping2ndStep(SafeConstructor.java:209)
	at org.yaml.snakeyaml.constructor.BaseConstructor.constructMapping(BaseConstructor.java:552)
	at org.yaml.snakeyaml.constructor.SafeConstructor$ConstructYamlMap.construct(SafeConstructor.java:597)
	at org.yaml.snakeyaml.constructor.BaseConstructor.constructObjectNoCheck(BaseConstructor.java:264)
	at org.yaml.snakeyaml.constructor.BaseConstructor.constructObject(BaseConstructor.java:247)
	at org.springframework.boot.env.OriginTrackedYamlLoader$OriginTrackingConstructor.constructObject(OriginTrackedYamlLoader.java:119)
	at org.yaml.snakeyaml.constructor.BaseConstructor.constructDocument(BaseConstructor.java:201)
	at org.yaml.snakeyaml.constructor.BaseConstructor.getData(BaseConstructor.java:166)
	at org.springframework.boot.env.OriginTrackedYamlLoader$OriginTrackingConstructor.getData(OriginTrackedYamlLoader.java:99)
	at org.yaml.snakeyaml.Yaml$1.next(Yaml.java:529)
	at org.springframework.beans.factory.config.YamlProcessor.process(YamlProcessor.java:203)
	at org.springframework.beans.factory.config.YamlProcessor.process(YamlProcessor.java:169)
	at org.springframework.boot.env.OriginTrackedYamlLoader.load(OriginTrackedYamlLoader.java:84)
	at org.springframework.boot.env.YamlPropertySourceLoader.load(YamlPropertySourceLoader.java:50)
	at com.alibaba.cloud.nacos.parser.NacosDataParserHandler.parseNacosData(NacosDataParserHandler.java:92)
	at com.alibaba.cloud.nacos.configdata.NacosConfigDataLoader.pullConfig(NacosConfigDataLoader.java:146)
	at com.alibaba.cloud.nacos.configdata.NacosConfigDataLoader.doLoad(NacosConfigDataLoader.java:80)
	at com.alibaba.cloud.nacos.configdata.NacosConfigDataLoader.load(NacosConfigDataLoader.java:67)
	at com.alibaba.cloud.nacos.configdata.NacosConfigDataLoader.load(NacosConfigDataLoader.java:56)
	at org.springframework.boot.context.config.ConfigDataLoaders.load(ConfigDataLoaders.java:96)
	at org.springframework.boot.context.config.ConfigDataImporter.load(ConfigDataImporter.java:132)
	at org.springframework.boot.context.config.ConfigDataImporter.resolveAndLoad(ConfigDataImporter.java:87)
	at org.springframework.boot.context.config.ConfigDataEnvironmentContributors.withProcessedImports(ConfigDataEnvironmentContributors.java:121)
	at org.springframework.boot.context.config.ConfigDataEnvironment.processWithProfiles(ConfigDataEnvironment.java:316)
	at org.springframework.boot.context.config.ConfigDataEnvironment.processAndApply(ConfigDataEnvironment.java:237)
	at org.springframework.boot.context.config.ConfigDataEnvironmentPostProcessor.postProcessEnvironment(ConfigDataEnvironmentPostProcessor.java:96)
	at org.springframework.boot.context.config.ConfigDataEnvironmentPostProcessor.postProcessEnvironment(ConfigDataEnvironmentPostProcessor.java:89)
	at org.springframework.cloud.context.refresh.ConfigDataContextRefresher.updateEnvironment(ConfigDataContextRefresher.java:92)
	at org.springframework.cloud.context.refresh.ContextRefresher.refreshEnvironment(ContextRefresher.java:100)
	at org.springframework.cloud.context.refresh.ContextRefresher.refresh(ContextRefresher.java:93)
	at org.springframework.cloud.endpoint.event.RefreshEventListener.handle(RefreshEventListener.java:72)
	at org.springframework.cloud.endpoint.event.RefreshEventListener.onApplicationEvent(RefreshEventListener.java:61)
	at org.springframework.context.event.SimpleApplicationEventMulticaster.doInvokeListener(SimpleApplicationEventMulticaster.java:185)
	at org.springframework.context.event.SimpleApplicationEventMulticaster.invokeListener(SimpleApplicationEventMulticaster.java:178)
	at org.springframework.context.event.SimpleApplicationEventMulticaster.multicastEvent(SimpleApplicationEventMulticaster.java:156)
	at org.springframework.context.support.AbstractApplicationContext.publishEvent(AbstractApplicationContext.java:454)
	at org.springframework.context.support.AbstractApplicationContext.publishEvent(AbstractApplicationContext.java:387)
	at com.alibaba.cloud.nacos.configdata.NacosConfigRefreshEventListener.onApplicationEvent(NacosConfigRefreshEventListener.java:52)
	at org.springframework.context.event.SimpleApplicationEventMulticaster.doInvokeListener(SimpleApplicationEventMulticaster.java:185)
	at org.springframework.context.event.SimpleApplicationEventMulticaster.invokeListener(SimpleApplicationEventMulticaster.java:178)
	at org.springframework.context.event.SimpleApplicationEventMulticaster.multicastEvent(SimpleApplicationEventMulticaster.java:156)
	at org.springframework.context.support.AbstractApplicationContext.publishEvent(AbstractApplicationContext.java:454)
	at org.springframework.context.support.AbstractApplicationContext.publishEvent(AbstractApplicationContext.java:387)
	at com.alibaba.cloud.nacos.refresh.NacosContextRefresher$1.innerReceive(NacosContextRefresher.java:131)
	at com.alibaba.nacos.api.config.listener.AbstractSharedListener.receiveConfigInfo(AbstractSharedListener.java:40)
	at com.alibaba.nacos.client.config.impl.CacheData$1.run(CacheData.java:440)
	at com.alibaba.nacos.client.config.impl.CacheData.safeNotifyListener(CacheData.java:483)
	at com.alibaba.nacos.client.config.impl.CacheData.checkListenerMd5(CacheData.java:324)
	at com.alibaba.nacos.client.config.impl.ClientWorker$ConfigRpcTransportClient.executeConfigListen(ClientWorker.java:819)
	at com.alibaba.nacos.client.config.impl.ClientWorker$ConfigRpcTransportClient.lambda$startInternal$2(ClientWorker.java:779)
	at java.base/java.util.concurrent.Executors$RunnableAdapter.call(Executors.java:572)
	at java.base/java.util.concurrent.FutureTask.run$$$capture(FutureTask.java:317)
	at java.base/java.util.concurrent.FutureTask.run(FutureTask.java)
	at java.base/java.util.concurrent.ScheduledThreadPoolExecutor$ScheduledFutureTask.run(ScheduledThreadPoolExecutor.java:304)
	at java.base/java.util.concurrent.ThreadPoolExecutor.runWorker(ThreadPoolExecutor.java:1144)
	at java.base/java.util.concurrent.ThreadPoolExecutor$Worker.run(ThreadPoolExecutor.java:642)
	at java.base/java.lang.Thread.run(Thread.java:1583)
:2025-08-12 11:26:37.803  INFO com.alibaba.nacos.client.Worker.0 c.a.c.n.r.NacosContextRefresher: [Nacos Config] Receive Nacos config change: dataId=application-dev.yml, group=DEFAULT_GROUP
:2025-08-12 11:26:37.818  INFO com.alibaba.nacos.client.Worker.0 c.a.c.n.c.NacosConfigDataLoader: [Nacos Config] Load config[dataId=pig-monitor-dev.yml, group=DEFAULT_GROUP] success
:2025-08-12 11:26:37.821  INFO com.alibaba.nacos.client.Worker.0 c.a.c.n.c.NacosConfigDataLoader: [Nacos Config] Load config[dataId=application-dev.yml, group=DEFAULT_GROUP] success
:2025-08-12 11:26:37.821 ERROR com.alibaba.nacos.client.Worker.0 c.a.c.n.c.NacosConfigDataLoader: Error getting properties from nacos: NacosConfigDataResource{properties=NacosConfigProperties{serverAddr='192.168.0.201:8848', encode='null', group='DEFAULT_GROUP', prefix='null', fileExtension='properties', timeout=3000, maxRetry='null', configLongPollTimeout='null', configRetryTime='null', enableRemoteSyncConfig=false, endpoint='null', namespace='5d42b64c-af69-4a94-8189-c7e890784c35', accessKey='null', secretKey='null', ramRoleName='null', contextPath='null', clusterName='null', name='null'', shares=null, extensions=null, refreshEnabled=true}, optional=false, profiles=[Profiles@159031ed active = '[]', default = '[default]', accepted = '[default]'], config=NacosItemConfig{group='DEFAULT_GROUP', dataId='application-dev.yml', suffix='yml', refreshEnabled=true, preference=null}}
org.yaml.snakeyaml.constructor.DuplicateKeyException: while constructing a mapping
 in 'reader', line 2, column 1:
    jasypt:
    ^
found duplicate key spring
 in 'reader', line 73, column 1:
    spring:
    ^

	at org.yaml.snakeyaml.constructor.SafeConstructor.processDuplicateKeys(SafeConstructor.java:126)
	at org.yaml.snakeyaml.constructor.SafeConstructor.flattenMapping(SafeConstructor.java:78)
	at org.yaml.snakeyaml.constructor.SafeConstructor.flattenMapping(SafeConstructor.java:73)
	at org.yaml.snakeyaml.constructor.SafeConstructor.constructMapping2ndStep(SafeConstructor.java:209)
	at org.yaml.snakeyaml.constructor.BaseConstructor.constructMapping(BaseConstructor.java:552)
	at org.yaml.snakeyaml.constructor.SafeConstructor$ConstructYamlMap.construct(SafeConstructor.java:597)
	at org.yaml.snakeyaml.constructor.BaseConstructor.constructObjectNoCheck(BaseConstructor.java:264)
	at org.yaml.snakeyaml.constructor.BaseConstructor.constructObject(BaseConstructor.java:247)
	at org.springframework.boot.env.OriginTrackedYamlLoader$OriginTrackingConstructor.constructObject(OriginTrackedYamlLoader.java:119)
	at org.yaml.snakeyaml.constructor.BaseConstructor.constructDocument(BaseConstructor.java:201)
	at org.yaml.snakeyaml.constructor.BaseConstructor.getData(BaseConstructor.java:166)
	at org.springframework.boot.env.OriginTrackedYamlLoader$OriginTrackingConstructor.getData(OriginTrackedYamlLoader.java:99)
	at org.yaml.snakeyaml.Yaml$1.next(Yaml.java:529)
	at org.springframework.beans.factory.config.YamlProcessor.process(YamlProcessor.java:203)
	at org.springframework.beans.factory.config.YamlProcessor.process(YamlProcessor.java:169)
	at org.springframework.boot.env.OriginTrackedYamlLoader.load(OriginTrackedYamlLoader.java:84)
	at org.springframework.boot.env.YamlPropertySourceLoader.load(YamlPropertySourceLoader.java:50)
	at com.alibaba.cloud.nacos.parser.NacosDataParserHandler.parseNacosData(NacosDataParserHandler.java:92)
	at com.alibaba.cloud.nacos.configdata.NacosConfigDataLoader.pullConfig(NacosConfigDataLoader.java:146)
	at com.alibaba.cloud.nacos.configdata.NacosConfigDataLoader.doLoad(NacosConfigDataLoader.java:80)
	at com.alibaba.cloud.nacos.configdata.NacosConfigDataLoader.load(NacosConfigDataLoader.java:67)
	at com.alibaba.cloud.nacos.configdata.NacosConfigDataLoader.load(NacosConfigDataLoader.java:56)
	at org.springframework.boot.context.config.ConfigDataLoaders.load(ConfigDataLoaders.java:96)
	at org.springframework.boot.context.config.ConfigDataImporter.load(ConfigDataImporter.java:132)
	at org.springframework.boot.context.config.ConfigDataImporter.resolveAndLoad(ConfigDataImporter.java:87)
	at org.springframework.boot.context.config.ConfigDataEnvironmentContributors.withProcessedImports(ConfigDataEnvironmentContributors.java:121)
	at org.springframework.boot.context.config.ConfigDataEnvironment.processWithProfiles(ConfigDataEnvironment.java:316)
	at org.springframework.boot.context.config.ConfigDataEnvironment.processAndApply(ConfigDataEnvironment.java:237)
	at org.springframework.boot.context.config.ConfigDataEnvironmentPostProcessor.postProcessEnvironment(ConfigDataEnvironmentPostProcessor.java:96)
	at org.springframework.boot.context.config.ConfigDataEnvironmentPostProcessor.postProcessEnvironment(ConfigDataEnvironmentPostProcessor.java:89)
	at org.springframework.cloud.context.refresh.ConfigDataContextRefresher.updateEnvironment(ConfigDataContextRefresher.java:92)
	at org.springframework.cloud.context.refresh.ContextRefresher.refreshEnvironment(ContextRefresher.java:100)
	at org.springframework.cloud.context.refresh.ContextRefresher.refresh(ContextRefresher.java:93)
	at org.springframework.cloud.endpoint.event.RefreshEventListener.handle(RefreshEventListener.java:72)
	at org.springframework.cloud.endpoint.event.RefreshEventListener.onApplicationEvent(RefreshEventListener.java:61)
	at org.springframework.context.event.SimpleApplicationEventMulticaster.doInvokeListener(SimpleApplicationEventMulticaster.java:185)
	at org.springframework.context.event.SimpleApplicationEventMulticaster.invokeListener(SimpleApplicationEventMulticaster.java:178)
	at org.springframework.context.event.SimpleApplicationEventMulticaster.multicastEvent(SimpleApplicationEventMulticaster.java:156)
	at org.springframework.context.support.AbstractApplicationContext.publishEvent(AbstractApplicationContext.java:454)
	at org.springframework.context.support.AbstractApplicationContext.publishEvent(AbstractApplicationContext.java:387)
	at com.alibaba.cloud.nacos.configdata.NacosConfigRefreshEventListener.onApplicationEvent(NacosConfigRefreshEventListener.java:52)
	at org.springframework.context.event.SimpleApplicationEventMulticaster.doInvokeListener(SimpleApplicationEventMulticaster.java:185)
	at org.springframework.context.event.SimpleApplicationEventMulticaster.invokeListener(SimpleApplicationEventMulticaster.java:178)
	at org.springframework.context.event.SimpleApplicationEventMulticaster.multicastEvent(SimpleApplicationEventMulticaster.java:156)
	at org.springframework.context.support.AbstractApplicationContext.publishEvent(AbstractApplicationContext.java:454)
	at org.springframework.context.support.AbstractApplicationContext.publishEvent(AbstractApplicationContext.java:387)
	at com.alibaba.cloud.nacos.refresh.NacosContextRefresher$1.innerReceive(NacosContextRefresher.java:131)
	at com.alibaba.nacos.api.config.listener.AbstractSharedListener.receiveConfigInfo(AbstractSharedListener.java:40)
	at com.alibaba.nacos.client.config.impl.CacheData$1.run(CacheData.java:440)
	at com.alibaba.nacos.client.config.impl.CacheData.safeNotifyListener(CacheData.java:483)
	at com.alibaba.nacos.client.config.impl.CacheData.checkListenerMd5(CacheData.java:324)
	at com.alibaba.nacos.client.config.impl.ClientWorker$ConfigRpcTransportClient.executeConfigListen(ClientWorker.java:819)
	at com.alibaba.nacos.client.config.impl.ClientWorker$ConfigRpcTransportClient.lambda$startInternal$2(ClientWorker.java:779)
	at java.base/java.util.concurrent.Executors$RunnableAdapter.call(Executors.java:572)
	at java.base/java.util.concurrent.FutureTask.run$$$capture(FutureTask.java:317)
	at java.base/java.util.concurrent.FutureTask.run(FutureTask.java)
	at java.base/java.util.concurrent.ScheduledThreadPoolExecutor$ScheduledFutureTask.run(ScheduledThreadPoolExecutor.java:304)
	at java.base/java.util.concurrent.ThreadPoolExecutor.runWorker(ThreadPoolExecutor.java:1144)
	at java.base/java.util.concurrent.ThreadPoolExecutor$Worker.run(ThreadPoolExecutor.java:642)
	at java.base/java.lang.Thread.run(Thread.java:1583)
:2025-08-12 11:26:42.834  INFO com.alibaba.nacos.client.Worker.0 c.a.c.n.r.NacosContextRefresher: [Nacos Config] Receive Nacos config change: dataId=application-dev.yml, group=DEFAULT_GROUP
:2025-08-12 11:26:42.853  INFO com.alibaba.nacos.client.Worker.0 c.a.c.n.c.NacosConfigDataLoader: [Nacos Config] Load config[dataId=pig-monitor-dev.yml, group=DEFAULT_GROUP] success
:2025-08-12 11:26:42.858  INFO com.alibaba.nacos.client.Worker.0 c.a.c.n.c.NacosConfigDataLoader: [Nacos Config] Load config[dataId=application-dev.yml, group=DEFAULT_GROUP] success
:2025-08-12 11:26:42.859 ERROR com.alibaba.nacos.client.Worker.0 c.a.c.n.c.NacosConfigDataLoader: Error getting properties from nacos: NacosConfigDataResource{properties=NacosConfigProperties{serverAddr='192.168.0.201:8848', encode='null', group='DEFAULT_GROUP', prefix='null', fileExtension='properties', timeout=3000, maxRetry='null', configLongPollTimeout='null', configRetryTime='null', enableRemoteSyncConfig=false, endpoint='null', namespace='5d42b64c-af69-4a94-8189-c7e890784c35', accessKey='null', secretKey='null', ramRoleName='null', contextPath='null', clusterName='null', name='null'', shares=null, extensions=null, refreshEnabled=true}, optional=false, profiles=[Profiles@793ebfba active = '[]', default = '[default]', accepted = '[default]'], config=NacosItemConfig{group='DEFAULT_GROUP', dataId='application-dev.yml', suffix='yml', refreshEnabled=true, preference=null}}
org.yaml.snakeyaml.constructor.DuplicateKeyException: while constructing a mapping
 in 'reader', line 2, column 1:
    jasypt:
    ^
found duplicate key spring
 in 'reader', line 73, column 1:
    spring:
    ^

	at org.yaml.snakeyaml.constructor.SafeConstructor.processDuplicateKeys(SafeConstructor.java:126)
	at org.yaml.snakeyaml.constructor.SafeConstructor.flattenMapping(SafeConstructor.java:78)
	at org.yaml.snakeyaml.constructor.SafeConstructor.flattenMapping(SafeConstructor.java:73)
	at org.yaml.snakeyaml.constructor.SafeConstructor.constructMapping2ndStep(SafeConstructor.java:209)
	at org.yaml.snakeyaml.constructor.BaseConstructor.constructMapping(BaseConstructor.java:552)
	at org.yaml.snakeyaml.constructor.SafeConstructor$ConstructYamlMap.construct(SafeConstructor.java:597)
	at org.yaml.snakeyaml.constructor.BaseConstructor.constructObjectNoCheck(BaseConstructor.java:264)
	at org.yaml.snakeyaml.constructor.BaseConstructor.constructObject(BaseConstructor.java:247)
	at org.springframework.boot.env.OriginTrackedYamlLoader$OriginTrackingConstructor.constructObject(OriginTrackedYamlLoader.java:119)
	at org.yaml.snakeyaml.constructor.BaseConstructor.constructDocument(BaseConstructor.java:201)
	at org.yaml.snakeyaml.constructor.BaseConstructor.getData(BaseConstructor.java:166)
	at org.springframework.boot.env.OriginTrackedYamlLoader$OriginTrackingConstructor.getData(OriginTrackedYamlLoader.java:99)
	at org.yaml.snakeyaml.Yaml$1.next(Yaml.java:529)
	at org.springframework.beans.factory.config.YamlProcessor.process(YamlProcessor.java:203)
	at org.springframework.beans.factory.config.YamlProcessor.process(YamlProcessor.java:169)
	at org.springframework.boot.env.OriginTrackedYamlLoader.load(OriginTrackedYamlLoader.java:84)
	at org.springframework.boot.env.YamlPropertySourceLoader.load(YamlPropertySourceLoader.java:50)
	at com.alibaba.cloud.nacos.parser.NacosDataParserHandler.parseNacosData(NacosDataParserHandler.java:92)
	at com.alibaba.cloud.nacos.configdata.NacosConfigDataLoader.pullConfig(NacosConfigDataLoader.java:146)
	at com.alibaba.cloud.nacos.configdata.NacosConfigDataLoader.doLoad(NacosConfigDataLoader.java:80)
	at com.alibaba.cloud.nacos.configdata.NacosConfigDataLoader.load(NacosConfigDataLoader.java:67)
	at com.alibaba.cloud.nacos.configdata.NacosConfigDataLoader.load(NacosConfigDataLoader.java:56)
	at org.springframework.boot.context.config.ConfigDataLoaders.load(ConfigDataLoaders.java:96)
	at org.springframework.boot.context.config.ConfigDataImporter.load(ConfigDataImporter.java:132)
	at org.springframework.boot.context.config.ConfigDataImporter.resolveAndLoad(ConfigDataImporter.java:87)
	at org.springframework.boot.context.config.ConfigDataEnvironmentContributors.withProcessedImports(ConfigDataEnvironmentContributors.java:121)
	at org.springframework.boot.context.config.ConfigDataEnvironment.processWithProfiles(ConfigDataEnvironment.java:316)
	at org.springframework.boot.context.config.ConfigDataEnvironment.processAndApply(ConfigDataEnvironment.java:237)
	at org.springframework.boot.context.config.ConfigDataEnvironmentPostProcessor.postProcessEnvironment(ConfigDataEnvironmentPostProcessor.java:96)
	at org.springframework.boot.context.config.ConfigDataEnvironmentPostProcessor.postProcessEnvironment(ConfigDataEnvironmentPostProcessor.java:89)
	at org.springframework.cloud.context.refresh.ConfigDataContextRefresher.updateEnvironment(ConfigDataContextRefresher.java:92)
	at org.springframework.cloud.context.refresh.ContextRefresher.refreshEnvironment(ContextRefresher.java:100)
	at org.springframework.cloud.context.refresh.ContextRefresher.refresh(ContextRefresher.java:93)
	at org.springframework.cloud.endpoint.event.RefreshEventListener.handle(RefreshEventListener.java:72)
	at org.springframework.cloud.endpoint.event.RefreshEventListener.onApplicationEvent(RefreshEventListener.java:61)
	at org.springframework.context.event.SimpleApplicationEventMulticaster.doInvokeListener(SimpleApplicationEventMulticaster.java:185)
	at org.springframework.context.event.SimpleApplicationEventMulticaster.invokeListener(SimpleApplicationEventMulticaster.java:178)
	at org.springframework.context.event.SimpleApplicationEventMulticaster.multicastEvent(SimpleApplicationEventMulticaster.java:156)
	at org.springframework.context.support.AbstractApplicationContext.publishEvent(AbstractApplicationContext.java:454)
	at org.springframework.context.support.AbstractApplicationContext.publishEvent(AbstractApplicationContext.java:387)
	at com.alibaba.cloud.nacos.configdata.NacosConfigRefreshEventListener.onApplicationEvent(NacosConfigRefreshEventListener.java:52)
	at org.springframework.context.event.SimpleApplicationEventMulticaster.doInvokeListener(SimpleApplicationEventMulticaster.java:185)
	at org.springframework.context.event.SimpleApplicationEventMulticaster.invokeListener(SimpleApplicationEventMulticaster.java:178)
	at org.springframework.context.event.SimpleApplicationEventMulticaster.multicastEvent(SimpleApplicationEventMulticaster.java:156)
	at org.springframework.context.support.AbstractApplicationContext.publishEvent(AbstractApplicationContext.java:454)
	at org.springframework.context.support.AbstractApplicationContext.publishEvent(AbstractApplicationContext.java:387)
	at com.alibaba.cloud.nacos.refresh.NacosContextRefresher$1.innerReceive(NacosContextRefresher.java:131)
	at com.alibaba.nacos.api.config.listener.AbstractSharedListener.receiveConfigInfo(AbstractSharedListener.java:40)
	at com.alibaba.nacos.client.config.impl.CacheData$1.run(CacheData.java:440)
	at com.alibaba.nacos.client.config.impl.CacheData.safeNotifyListener(CacheData.java:483)
	at com.alibaba.nacos.client.config.impl.CacheData.checkListenerMd5(CacheData.java:324)
	at com.alibaba.nacos.client.config.impl.ClientWorker$ConfigRpcTransportClient.executeConfigListen(ClientWorker.java:819)
	at com.alibaba.nacos.client.config.impl.ClientWorker$ConfigRpcTransportClient.lambda$startInternal$2(ClientWorker.java:779)
	at java.base/java.util.concurrent.Executors$RunnableAdapter.call(Executors.java:572)
	at java.base/java.util.concurrent.FutureTask.run$$$capture(FutureTask.java:317)
	at java.base/java.util.concurrent.FutureTask.run(FutureTask.java)
	at java.base/java.util.concurrent.ScheduledThreadPoolExecutor$ScheduledFutureTask.run(ScheduledThreadPoolExecutor.java:304)
	at java.base/java.util.concurrent.ThreadPoolExecutor.runWorker(ThreadPoolExecutor.java:1144)
	at java.base/java.util.concurrent.ThreadPoolExecutor$Worker.run(ThreadPoolExecutor.java:642)
	at java.base/java.lang.Thread.run(Thread.java:1583)
:2025-08-12 11:26:47.863  INFO com.alibaba.nacos.client.Worker.0 c.a.c.n.r.NacosContextRefresher: [Nacos Config] Receive Nacos config change: dataId=application-dev.yml, group=DEFAULT_GROUP
:2025-08-12 11:26:47.879  INFO com.alibaba.nacos.client.Worker.0 c.a.c.n.c.NacosConfigDataLoader: [Nacos Config] Load config[dataId=pig-monitor-dev.yml, group=DEFAULT_GROUP] success
:2025-08-12 11:26:47.883  INFO com.alibaba.nacos.client.Worker.0 c.a.c.n.c.NacosConfigDataLoader: [Nacos Config] Load config[dataId=application-dev.yml, group=DEFAULT_GROUP] success
:2025-08-12 11:26:47.883 ERROR com.alibaba.nacos.client.Worker.0 c.a.c.n.c.NacosConfigDataLoader: Error getting properties from nacos: NacosConfigDataResource{properties=NacosConfigProperties{serverAddr='192.168.0.201:8848', encode='null', group='DEFAULT_GROUP', prefix='null', fileExtension='properties', timeout=3000, maxRetry='null', configLongPollTimeout='null', configRetryTime='null', enableRemoteSyncConfig=false, endpoint='null', namespace='5d42b64c-af69-4a94-8189-c7e890784c35', accessKey='null', secretKey='null', ramRoleName='null', contextPath='null', clusterName='null', name='null'', shares=null, extensions=null, refreshEnabled=true}, optional=false, profiles=[Profiles@2b9ca7bb active = '[]', default = '[default]', accepted = '[default]'], config=NacosItemConfig{group='DEFAULT_GROUP', dataId='application-dev.yml', suffix='yml', refreshEnabled=true, preference=null}}
org.yaml.snakeyaml.constructor.DuplicateKeyException: while constructing a mapping
 in 'reader', line 2, column 1:
    jasypt:
    ^
found duplicate key spring
 in 'reader', line 73, column 1:
    spring:
    ^

	at org.yaml.snakeyaml.constructor.SafeConstructor.processDuplicateKeys(SafeConstructor.java:126)
	at org.yaml.snakeyaml.constructor.SafeConstructor.flattenMapping(SafeConstructor.java:78)
	at org.yaml.snakeyaml.constructor.SafeConstructor.flattenMapping(SafeConstructor.java:73)
	at org.yaml.snakeyaml.constructor.SafeConstructor.constructMapping2ndStep(SafeConstructor.java:209)
	at org.yaml.snakeyaml.constructor.BaseConstructor.constructMapping(BaseConstructor.java:552)
	at org.yaml.snakeyaml.constructor.SafeConstructor$ConstructYamlMap.construct(SafeConstructor.java:597)
	at org.yaml.snakeyaml.constructor.BaseConstructor.constructObjectNoCheck(BaseConstructor.java:264)
	at org.yaml.snakeyaml.constructor.BaseConstructor.constructObject(BaseConstructor.java:247)
	at org.springframework.boot.env.OriginTrackedYamlLoader$OriginTrackingConstructor.constructObject(OriginTrackedYamlLoader.java:119)
	at org.yaml.snakeyaml.constructor.BaseConstructor.constructDocument(BaseConstructor.java:201)
	at org.yaml.snakeyaml.constructor.BaseConstructor.getData(BaseConstructor.java:166)
	at org.springframework.boot.env.OriginTrackedYamlLoader$OriginTrackingConstructor.getData(OriginTrackedYamlLoader.java:99)
	at org.yaml.snakeyaml.Yaml$1.next(Yaml.java:529)
	at org.springframework.beans.factory.config.YamlProcessor.process(YamlProcessor.java:203)
	at org.springframework.beans.factory.config.YamlProcessor.process(YamlProcessor.java:169)
	at org.springframework.boot.env.OriginTrackedYamlLoader.load(OriginTrackedYamlLoader.java:84)
	at org.springframework.boot.env.YamlPropertySourceLoader.load(YamlPropertySourceLoader.java:50)
	at com.alibaba.cloud.nacos.parser.NacosDataParserHandler.parseNacosData(NacosDataParserHandler.java:92)
	at com.alibaba.cloud.nacos.configdata.NacosConfigDataLoader.pullConfig(NacosConfigDataLoader.java:146)
	at com.alibaba.cloud.nacos.configdata.NacosConfigDataLoader.doLoad(NacosConfigDataLoader.java:80)
	at com.alibaba.cloud.nacos.configdata.NacosConfigDataLoader.load(NacosConfigDataLoader.java:67)
	at com.alibaba.cloud.nacos.configdata.NacosConfigDataLoader.load(NacosConfigDataLoader.java:56)
	at org.springframework.boot.context.config.ConfigDataLoaders.load(ConfigDataLoaders.java:96)
	at org.springframework.boot.context.config.ConfigDataImporter.load(ConfigDataImporter.java:132)
	at org.springframework.boot.context.config.ConfigDataImporter.resolveAndLoad(ConfigDataImporter.java:87)
	at org.springframework.boot.context.config.ConfigDataEnvironmentContributors.withProcessedImports(ConfigDataEnvironmentContributors.java:121)
	at org.springframework.boot.context.config.ConfigDataEnvironment.processWithProfiles(ConfigDataEnvironment.java:316)
	at org.springframework.boot.context.config.ConfigDataEnvironment.processAndApply(ConfigDataEnvironment.java:237)
	at org.springframework.boot.context.config.ConfigDataEnvironmentPostProcessor.postProcessEnvironment(ConfigDataEnvironmentPostProcessor.java:96)
	at org.springframework.boot.context.config.ConfigDataEnvironmentPostProcessor.postProcessEnvironment(ConfigDataEnvironmentPostProcessor.java:89)
	at org.springframework.cloud.context.refresh.ConfigDataContextRefresher.updateEnvironment(ConfigDataContextRefresher.java:92)
	at org.springframework.cloud.context.refresh.ContextRefresher.refreshEnvironment(ContextRefresher.java:100)
	at org.springframework.cloud.context.refresh.ContextRefresher.refresh(ContextRefresher.java:93)
	at org.springframework.cloud.endpoint.event.RefreshEventListener.handle(RefreshEventListener.java:72)
	at org.springframework.cloud.endpoint.event.RefreshEventListener.onApplicationEvent(RefreshEventListener.java:61)
	at org.springframework.context.event.SimpleApplicationEventMulticaster.doInvokeListener(SimpleApplicationEventMulticaster.java:185)
	at org.springframework.context.event.SimpleApplicationEventMulticaster.invokeListener(SimpleApplicationEventMulticaster.java:178)
	at org.springframework.context.event.SimpleApplicationEventMulticaster.multicastEvent(SimpleApplicationEventMulticaster.java:156)
	at org.springframework.context.support.AbstractApplicationContext.publishEvent(AbstractApplicationContext.java:454)
	at org.springframework.context.support.AbstractApplicationContext.publishEvent(AbstractApplicationContext.java:387)
	at com.alibaba.cloud.nacos.configdata.NacosConfigRefreshEventListener.onApplicationEvent(NacosConfigRefreshEventListener.java:52)
	at org.springframework.context.event.SimpleApplicationEventMulticaster.doInvokeListener(SimpleApplicationEventMulticaster.java:185)
	at org.springframework.context.event.SimpleApplicationEventMulticaster.invokeListener(SimpleApplicationEventMulticaster.java:178)
	at org.springframework.context.event.SimpleApplicationEventMulticaster.multicastEvent(SimpleApplicationEventMulticaster.java:156)
	at org.springframework.context.support.AbstractApplicationContext.publishEvent(AbstractApplicationContext.java:454)
	at org.springframework.context.support.AbstractApplicationContext.publishEvent(AbstractApplicationContext.java:387)
	at com.alibaba.cloud.nacos.refresh.NacosContextRefresher$1.innerReceive(NacosContextRefresher.java:131)
	at com.alibaba.nacos.api.config.listener.AbstractSharedListener.receiveConfigInfo(AbstractSharedListener.java:40)
	at com.alibaba.nacos.client.config.impl.CacheData$1.run(CacheData.java:440)
	at com.alibaba.nacos.client.config.impl.CacheData.safeNotifyListener(CacheData.java:483)
	at com.alibaba.nacos.client.config.impl.CacheData.checkListenerMd5(CacheData.java:324)
	at com.alibaba.nacos.client.config.impl.ClientWorker$ConfigRpcTransportClient.executeConfigListen(ClientWorker.java:819)
	at com.alibaba.nacos.client.config.impl.ClientWorker$ConfigRpcTransportClient.lambda$startInternal$2(ClientWorker.java:779)
	at java.base/java.util.concurrent.Executors$RunnableAdapter.call(Executors.java:572)
	at java.base/java.util.concurrent.FutureTask.run$$$capture(FutureTask.java:317)
	at java.base/java.util.concurrent.FutureTask.run(FutureTask.java)
	at java.base/java.util.concurrent.ScheduledThreadPoolExecutor$ScheduledFutureTask.run(ScheduledThreadPoolExecutor.java:304)
	at java.base/java.util.concurrent.ThreadPoolExecutor.runWorker(ThreadPoolExecutor.java:1144)
	at java.base/java.util.concurrent.ThreadPoolExecutor$Worker.run(ThreadPoolExecutor.java:642)
	at java.base/java.lang.Thread.run(Thread.java:1583)
:2025-08-12 11:26:52.886  INFO com.alibaba.nacos.client.Worker.0 c.a.c.n.r.NacosContextRefresher: [Nacos Config] Receive Nacos config change: dataId=application-dev.yml, group=DEFAULT_GROUP
:2025-08-12 11:26:52.906  INFO com.alibaba.nacos.client.Worker.0 c.a.c.n.c.NacosConfigDataLoader: [Nacos Config] Load config[dataId=pig-monitor-dev.yml, group=DEFAULT_GROUP] success
:2025-08-12 11:26:52.909  INFO com.alibaba.nacos.client.Worker.0 c.a.c.n.c.NacosConfigDataLoader: [Nacos Config] Load config[dataId=application-dev.yml, group=DEFAULT_GROUP] success
:2025-08-12 11:26:52.909 ERROR com.alibaba.nacos.client.Worker.0 c.a.c.n.c.NacosConfigDataLoader: Error getting properties from nacos: NacosConfigDataResource{properties=NacosConfigProperties{serverAddr='192.168.0.201:8848', encode='null', group='DEFAULT_GROUP', prefix='null', fileExtension='properties', timeout=3000, maxRetry='null', configLongPollTimeout='null', configRetryTime='null', enableRemoteSyncConfig=false, endpoint='null', namespace='5d42b64c-af69-4a94-8189-c7e890784c35', accessKey='null', secretKey='null', ramRoleName='null', contextPath='null', clusterName='null', name='null'', shares=null, extensions=null, refreshEnabled=true}, optional=false, profiles=[Profiles@289fbd7c active = '[]', default = '[default]', accepted = '[default]'], config=NacosItemConfig{group='DEFAULT_GROUP', dataId='application-dev.yml', suffix='yml', refreshEnabled=true, preference=null}}
org.yaml.snakeyaml.constructor.DuplicateKeyException: while constructing a mapping
 in 'reader', line 2, column 1:
    jasypt:
    ^
found duplicate key spring
 in 'reader', line 73, column 1:
    spring:
    ^

	at org.yaml.snakeyaml.constructor.SafeConstructor.processDuplicateKeys(SafeConstructor.java:126)
	at org.yaml.snakeyaml.constructor.SafeConstructor.flattenMapping(SafeConstructor.java:78)
	at org.yaml.snakeyaml.constructor.SafeConstructor.flattenMapping(SafeConstructor.java:73)
	at org.yaml.snakeyaml.constructor.SafeConstructor.constructMapping2ndStep(SafeConstructor.java:209)
	at org.yaml.snakeyaml.constructor.BaseConstructor.constructMapping(BaseConstructor.java:552)
	at org.yaml.snakeyaml.constructor.SafeConstructor$ConstructYamlMap.construct(SafeConstructor.java:597)
	at org.yaml.snakeyaml.constructor.BaseConstructor.constructObjectNoCheck(BaseConstructor.java:264)
	at org.yaml.snakeyaml.constructor.BaseConstructor.constructObject(BaseConstructor.java:247)
	at org.springframework.boot.env.OriginTrackedYamlLoader$OriginTrackingConstructor.constructObject(OriginTrackedYamlLoader.java:119)
	at org.yaml.snakeyaml.constructor.BaseConstructor.constructDocument(BaseConstructor.java:201)
	at org.yaml.snakeyaml.constructor.BaseConstructor.getData(BaseConstructor.java:166)
	at org.springframework.boot.env.OriginTrackedYamlLoader$OriginTrackingConstructor.getData(OriginTrackedYamlLoader.java:99)
	at org.yaml.snakeyaml.Yaml$1.next(Yaml.java:529)
	at org.springframework.beans.factory.config.YamlProcessor.process(YamlProcessor.java:203)
	at org.springframework.beans.factory.config.YamlProcessor.process(YamlProcessor.java:169)
	at org.springframework.boot.env.OriginTrackedYamlLoader.load(OriginTrackedYamlLoader.java:84)
	at org.springframework.boot.env.YamlPropertySourceLoader.load(YamlPropertySourceLoader.java:50)
	at com.alibaba.cloud.nacos.parser.NacosDataParserHandler.parseNacosData(NacosDataParserHandler.java:92)
	at com.alibaba.cloud.nacos.configdata.NacosConfigDataLoader.pullConfig(NacosConfigDataLoader.java:146)
	at com.alibaba.cloud.nacos.configdata.NacosConfigDataLoader.doLoad(NacosConfigDataLoader.java:80)
	at com.alibaba.cloud.nacos.configdata.NacosConfigDataLoader.load(NacosConfigDataLoader.java:67)
	at com.alibaba.cloud.nacos.configdata.NacosConfigDataLoader.load(NacosConfigDataLoader.java:56)
	at org.springframework.boot.context.config.ConfigDataLoaders.load(ConfigDataLoaders.java:96)
	at org.springframework.boot.context.config.ConfigDataImporter.load(ConfigDataImporter.java:132)
	at org.springframework.boot.context.config.ConfigDataImporter.resolveAndLoad(ConfigDataImporter.java:87)
	at org.springframework.boot.context.config.ConfigDataEnvironmentContributors.withProcessedImports(ConfigDataEnvironmentContributors.java:121)
	at org.springframework.boot.context.config.ConfigDataEnvironment.processWithProfiles(ConfigDataEnvironment.java:316)
	at org.springframework.boot.context.config.ConfigDataEnvironment.processAndApply(ConfigDataEnvironment.java:237)
	at org.springframework.boot.context.config.ConfigDataEnvironmentPostProcessor.postProcessEnvironment(ConfigDataEnvironmentPostProcessor.java:96)
	at org.springframework.boot.context.config.ConfigDataEnvironmentPostProcessor.postProcessEnvironment(ConfigDataEnvironmentPostProcessor.java:89)
	at org.springframework.cloud.context.refresh.ConfigDataContextRefresher.updateEnvironment(ConfigDataContextRefresher.java:92)
	at org.springframework.cloud.context.refresh.ContextRefresher.refreshEnvironment(ContextRefresher.java:100)
	at org.springframework.cloud.context.refresh.ContextRefresher.refresh(ContextRefresher.java:93)
	at org.springframework.cloud.endpoint.event.RefreshEventListener.handle(RefreshEventListener.java:72)
	at org.springframework.cloud.endpoint.event.RefreshEventListener.onApplicationEvent(RefreshEventListener.java:61)
	at org.springframework.context.event.SimpleApplicationEventMulticaster.doInvokeListener(SimpleApplicationEventMulticaster.java:185)
	at org.springframework.context.event.SimpleApplicationEventMulticaster.invokeListener(SimpleApplicationEventMulticaster.java:178)
	at org.springframework.context.event.SimpleApplicationEventMulticaster.multicastEvent(SimpleApplicationEventMulticaster.java:156)
	at org.springframework.context.support.AbstractApplicationContext.publishEvent(AbstractApplicationContext.java:454)
	at org.springframework.context.support.AbstractApplicationContext.publishEvent(AbstractApplicationContext.java:387)
	at com.alibaba.cloud.nacos.configdata.NacosConfigRefreshEventListener.onApplicationEvent(NacosConfigRefreshEventListener.java:52)
	at org.springframework.context.event.SimpleApplicationEventMulticaster.doInvokeListener(SimpleApplicationEventMulticaster.java:185)
	at org.springframework.context.event.SimpleApplicationEventMulticaster.invokeListener(SimpleApplicationEventMulticaster.java:178)
	at org.springframework.context.event.SimpleApplicationEventMulticaster.multicastEvent(SimpleApplicationEventMulticaster.java:156)
	at org.springframework.context.support.AbstractApplicationContext.publishEvent(AbstractApplicationContext.java:454)
	at org.springframework.context.support.AbstractApplicationContext.publishEvent(AbstractApplicationContext.java:387)
	at com.alibaba.cloud.nacos.refresh.NacosContextRefresher$1.innerReceive(NacosContextRefresher.java:131)
	at com.alibaba.nacos.api.config.listener.AbstractSharedListener.receiveConfigInfo(AbstractSharedListener.java:40)
	at com.alibaba.nacos.client.config.impl.CacheData$1.run(CacheData.java:440)
	at com.alibaba.nacos.client.config.impl.CacheData.safeNotifyListener(CacheData.java:483)
	at com.alibaba.nacos.client.config.impl.CacheData.checkListenerMd5(CacheData.java:324)
	at com.alibaba.nacos.client.config.impl.ClientWorker$ConfigRpcTransportClient.executeConfigListen(ClientWorker.java:819)
	at com.alibaba.nacos.client.config.impl.ClientWorker$ConfigRpcTransportClient.lambda$startInternal$2(ClientWorker.java:779)
	at java.base/java.util.concurrent.Executors$RunnableAdapter.call(Executors.java:572)
	at java.base/java.util.concurrent.FutureTask.run$$$capture(FutureTask.java:317)
	at java.base/java.util.concurrent.FutureTask.run(FutureTask.java)
	at java.base/java.util.concurrent.ScheduledThreadPoolExecutor$ScheduledFutureTask.run(ScheduledThreadPoolExecutor.java:304)
	at java.base/java.util.concurrent.ThreadPoolExecutor.runWorker(ThreadPoolExecutor.java:1144)
	at java.base/java.util.concurrent.ThreadPoolExecutor$Worker.run(ThreadPoolExecutor.java:642)
	at java.base/java.lang.Thread.run(Thread.java:1583)
:2025-08-12 11:26:55.518  INFO nacos.client.config.listener.task-0 c.a.c.n.r.NacosContextRefresher: [Nacos Config] Receive Nacos config change: dataId=application-dev.yml, group=DEFAULT_GROUP
:2025-08-12 11:26:55.532  INFO nacos.client.config.listener.task-0 c.a.c.n.c.NacosConfigDataLoader: [Nacos Config] Load config[dataId=pig-monitor-dev.yml, group=DEFAULT_GROUP] success
:2025-08-12 11:26:55.536  INFO nacos.client.config.listener.task-0 c.a.c.n.c.NacosConfigDataLoader: [Nacos Config] Load config[dataId=application-dev.yml, group=DEFAULT_GROUP] success
:2025-08-12 11:26:55.545  INFO nacos.client.config.listener.task-0 c.u.j.c.RefreshScopeRefreshedEventListener: Refreshing cached encryptable property sources on EnvironmentChangeEvent
:2025-08-12 11:26:55.545  INFO nacos.client.config.listener.task-0 c.u.j.c.CachingDelegateEncryptablePropertySource: Property Source servletContextInitParams refreshed
:2025-08-12 11:26:55.545  INFO nacos.client.config.listener.task-0 c.u.j.c.CachingDelegateEncryptablePropertySource: Property Source systemProperties refreshed
:2025-08-12 11:26:55.545  INFO nacos.client.config.listener.task-0 c.u.j.c.CachingDelegateEncryptablePropertySource: Property Source systemEnvironment refreshed
:2025-08-12 11:26:55.545  INFO nacos.client.config.listener.task-0 c.u.j.c.CachingDelegateEncryptablePropertySource: Property Source applicationInfo refreshed
:2025-08-12 11:26:55.545  INFO nacos.client.config.listener.task-0 c.u.j.c.CachingDelegateEncryptablePropertySource: Property Source Management Server refreshed
:2025-08-12 11:26:55.545  INFO nacos.client.config.listener.task-0 c.u.j.EncryptablePropertySourceConverter: Converting PropertySource server.ports [org.springframework.core.env.MapPropertySource] to EncryptableMapPropertySourceWrapper
:2025-08-12 11:26:55.545  INFO nacos.client.config.listener.task-0 c.u.j.EncryptablePropertySourceConverter: Skipping PropertySource configurationProperties [class org.springframework.boot.context.properties.source.ConfigurationPropertySourcesPropertySource
:2025-08-12 11:26:55.545  INFO nacos.client.config.listener.task-0 c.u.j.EncryptablePropertySourceConverter: Skipping PropertySource servletConfigInitParams [class org.springframework.core.env.PropertySource$StubPropertySource
:2025-08-12 11:26:55.545  INFO nacos.client.config.listener.task-0 c.u.j.EncryptablePropertySourceConverter: Converting PropertySource random [org.springframework.boot.env.RandomValuePropertySource] to EncryptablePropertySourceWrapper
:2025-08-12 11:26:55.545  INFO nacos.client.config.listener.task-0 c.u.j.EncryptablePropertySourceConverter: Converting PropertySource cachedrandom [org.springframework.cloud.util.random.CachedRandomPropertySource] to EncryptablePropertySourceWrapper
:2025-08-12 11:26:55.545  INFO nacos.client.config.listener.task-0 c.u.j.EncryptablePropertySourceConverter: Converting PropertySource DEFAULT_GROUP@pig-monitor-dev.yml [org.springframework.boot.env.OriginTrackedMapPropertySource] to EncryptableMapPropertySourceWrapper
:2025-08-12 11:26:55.545  INFO nacos.client.config.listener.task-0 c.u.j.EncryptablePropertySourceConverter: Converting PropertySource DEFAULT_GROUP@application-dev.yml [org.springframework.boot.env.OriginTrackedMapPropertySource] to EncryptableMapPropertySourceWrapper
:2025-08-12 11:26:55.545  INFO nacos.client.config.listener.task-0 c.u.j.EncryptablePropertySourceConverter: Converting PropertySource Config resource 'class path resource [application.yml]' via location 'optional:classpath:/' [org.springframework.boot.env.OriginTrackedMapPropertySource] to EncryptableMapPropertySourceWrapper
:2025-08-12 11:26:55.545  INFO nacos.client.config.listener.task-0 c.u.j.EncryptablePropertySourceConverter: Converting PropertySource springCloudClientHostInfo [org.springframework.core.env.MapPropertySource] to EncryptableMapPropertySourceWrapper
:2025-08-12 11:26:55.672  INFO nacos.client.config.listener.task-0 c.u.j.c.RefreshScopeRefreshedEventListener: Refreshing cached encryptable property sources on RefreshScopeRefreshedEvent
:2025-08-12 11:26:55.672  INFO nacos.client.config.listener.task-0 c.u.j.c.CachingDelegateEncryptablePropertySource: Property Source server.ports refreshed
:2025-08-12 11:26:55.672  INFO nacos.client.config.listener.task-0 c.u.j.c.CachingDelegateEncryptablePropertySource: Property Source servletContextInitParams refreshed
:2025-08-12 11:26:55.673  INFO nacos.client.config.listener.task-0 c.u.j.c.CachingDelegateEncryptablePropertySource: Property Source systemProperties refreshed
:2025-08-12 11:26:55.673  INFO nacos.client.config.listener.task-0 c.u.j.c.CachingDelegateEncryptablePropertySource: Property Source systemEnvironment refreshed
:2025-08-12 11:26:55.673  INFO nacos.client.config.listener.task-0 c.u.j.c.CachingDelegateEncryptablePropertySource: Property Source random refreshed
:2025-08-12 11:26:55.673  INFO nacos.client.config.listener.task-0 c.u.j.c.CachingDelegateEncryptablePropertySource: Property Source cachedrandom refreshed
:2025-08-12 11:26:55.673  INFO nacos.client.config.listener.task-0 c.u.j.c.CachingDelegateEncryptablePropertySource: Property Source DEFAULT_GROUP@pig-monitor-dev.yml refreshed
:2025-08-12 11:26:55.673  INFO nacos.client.config.listener.task-0 c.u.j.c.CachingDelegateEncryptablePropertySource: Property Source DEFAULT_GROUP@application-dev.yml refreshed
:2025-08-12 11:26:55.673  INFO nacos.client.config.listener.task-0 c.u.j.c.CachingDelegateEncryptablePropertySource: Property Source Config resource 'class path resource [application.yml]' via location 'optional:classpath:/' refreshed
:2025-08-12 11:26:55.673  INFO nacos.client.config.listener.task-0 c.u.j.c.CachingDelegateEncryptablePropertySource: Property Source springCloudClientHostInfo refreshed
:2025-08-12 11:26:55.673  INFO nacos.client.config.listener.task-0 c.u.j.c.CachingDelegateEncryptablePropertySource: Property Source applicationInfo refreshed
:2025-08-12 11:26:55.673  INFO nacos.client.config.listener.task-0 c.u.j.c.CachingDelegateEncryptablePropertySource: Property Source Management Server refreshed
:2025-08-12 11:26:55.673  INFO nacos.client.config.listener.task-0 c.u.j.EncryptablePropertySourceConverter: Skipping PropertySource configurationProperties [class org.springframework.boot.context.properties.source.ConfigurationPropertySourcesPropertySource
:2025-08-12 11:26:55.673  INFO nacos.client.config.listener.task-0 c.u.j.EncryptablePropertySourceConverter: Skipping PropertySource servletConfigInitParams [class org.springframework.core.env.PropertySource$StubPropertySource
:2025-08-12 11:26:55.673  INFO nacos.client.config.listener.task-0 o.s.c.e.e.RefreshEventListener: Refresh keys changed: [swagger.datasource.driver-class-name, swagger.datasource.password, spring.security.user.name, swagger.datasource.type, swagger.resources.static-locations, swagger.datasource.username, swagger.datasource.url, spring.security.user.password]
:2025-08-12 11:29:31.374  INFO nacos.client.config.listener.task-0 c.a.c.n.r.NacosContextRefresher: [Nacos Config] Receive Nacos config change: dataId=application-dev.yml, group=DEFAULT_GROUP
:2025-08-12 11:29:31.437  INFO nacos.client.config.listener.task-0 c.a.c.n.c.NacosConfigDataLoader: [Nacos Config] Load config[dataId=pig-monitor-dev.yml, group=DEFAULT_GROUP] success
:2025-08-12 11:29:31.575  INFO nacos.client.config.listener.task-0 c.a.c.n.c.NacosConfigDataLoader: [Nacos Config] Load config[dataId=application-dev.yml, group=DEFAULT_GROUP] success
:2025-08-12 11:29:31.635  INFO nacos.client.config.listener.task-0 c.u.j.c.RefreshScopeRefreshedEventListener: Refreshing cached encryptable property sources on EnvironmentChangeEvent
:2025-08-12 11:29:31.635  INFO nacos.client.config.listener.task-0 c.u.j.c.CachingDelegateEncryptablePropertySource: Property Source server.ports refreshed
:2025-08-12 11:29:31.635  INFO nacos.client.config.listener.task-0 c.u.j.c.CachingDelegateEncryptablePropertySource: Property Source servletContextInitParams refreshed
:2025-08-12 11:29:31.635  INFO nacos.client.config.listener.task-0 c.u.j.c.CachingDelegateEncryptablePropertySource: Property Source systemProperties refreshed
:2025-08-12 11:29:31.635  INFO nacos.client.config.listener.task-0 c.u.j.c.CachingDelegateEncryptablePropertySource: Property Source systemEnvironment refreshed
:2025-08-12 11:29:31.635  INFO nacos.client.config.listener.task-0 c.u.j.c.CachingDelegateEncryptablePropertySource: Property Source applicationInfo refreshed
:2025-08-12 11:29:31.635  INFO nacos.client.config.listener.task-0 c.u.j.c.CachingDelegateEncryptablePropertySource: Property Source Management Server refreshed
:2025-08-12 11:29:31.635  INFO nacos.client.config.listener.task-0 c.u.j.EncryptablePropertySourceConverter: Skipping PropertySource configurationProperties [class org.springframework.boot.context.properties.source.ConfigurationPropertySourcesPropertySource
:2025-08-12 11:29:31.635  INFO nacos.client.config.listener.task-0 c.u.j.EncryptablePropertySourceConverter: Skipping PropertySource servletConfigInitParams [class org.springframework.core.env.PropertySource$StubPropertySource
:2025-08-12 11:29:31.635  INFO nacos.client.config.listener.task-0 c.u.j.EncryptablePropertySourceConverter: Converting PropertySource random [org.springframework.boot.env.RandomValuePropertySource] to EncryptablePropertySourceWrapper
:2025-08-12 11:29:31.635  INFO nacos.client.config.listener.task-0 c.u.j.EncryptablePropertySourceConverter: Converting PropertySource cachedrandom [org.springframework.cloud.util.random.CachedRandomPropertySource] to EncryptablePropertySourceWrapper
:2025-08-12 11:29:31.635  INFO nacos.client.config.listener.task-0 c.u.j.EncryptablePropertySourceConverter: Converting PropertySource DEFAULT_GROUP@pig-monitor-dev.yml [org.springframework.boot.env.OriginTrackedMapPropertySource] to EncryptableMapPropertySourceWrapper
:2025-08-12 11:29:31.635  INFO nacos.client.config.listener.task-0 c.u.j.EncryptablePropertySourceConverter: Converting PropertySource DEFAULT_GROUP@application-dev.yml [org.springframework.boot.env.OriginTrackedMapPropertySource] to EncryptableMapPropertySourceWrapper
:2025-08-12 11:29:31.635  INFO nacos.client.config.listener.task-0 c.u.j.EncryptablePropertySourceConverter: Converting PropertySource Config resource 'class path resource [application.yml]' via location 'optional:classpath:/' [org.springframework.boot.env.OriginTrackedMapPropertySource] to EncryptableMapPropertySourceWrapper
:2025-08-12 11:29:31.635  INFO nacos.client.config.listener.task-0 c.u.j.EncryptablePropertySourceConverter: Converting PropertySource springCloudClientHostInfo [org.springframework.core.env.MapPropertySource] to EncryptableMapPropertySourceWrapper
:2025-08-12 11:29:31.870  INFO nacos.client.config.listener.task-0 c.u.j.c.RefreshScopeRefreshedEventListener: Refreshing cached encryptable property sources on RefreshScopeRefreshedEvent
:2025-08-12 11:29:31.870  INFO nacos.client.config.listener.task-0 c.u.j.c.CachingDelegateEncryptablePropertySource: Property Source server.ports refreshed
:2025-08-12 11:29:31.870  INFO nacos.client.config.listener.task-0 c.u.j.c.CachingDelegateEncryptablePropertySource: Property Source servletContextInitParams refreshed
:2025-08-12 11:29:31.870  INFO nacos.client.config.listener.task-0 c.u.j.c.CachingDelegateEncryptablePropertySource: Property Source systemProperties refreshed
:2025-08-12 11:29:31.870  INFO nacos.client.config.listener.task-0 c.u.j.c.CachingDelegateEncryptablePropertySource: Property Source systemEnvironment refreshed
:2025-08-12 11:29:31.870  INFO nacos.client.config.listener.task-0 c.u.j.c.CachingDelegateEncryptablePropertySource: Property Source random refreshed
:2025-08-12 11:29:31.870  INFO nacos.client.config.listener.task-0 c.u.j.c.CachingDelegateEncryptablePropertySource: Property Source cachedrandom refreshed
:2025-08-12 11:29:31.870  INFO nacos.client.config.listener.task-0 c.u.j.c.CachingDelegateEncryptablePropertySource: Property Source DEFAULT_GROUP@pig-monitor-dev.yml refreshed
:2025-08-12 11:29:31.870  INFO nacos.client.config.listener.task-0 c.u.j.c.CachingDelegateEncryptablePropertySource: Property Source DEFAULT_GROUP@application-dev.yml refreshed
:2025-08-12 11:29:31.870  INFO nacos.client.config.listener.task-0 c.u.j.c.CachingDelegateEncryptablePropertySource: Property Source Config resource 'class path resource [application.yml]' via location 'optional:classpath:/' refreshed
:2025-08-12 11:29:31.870  INFO nacos.client.config.listener.task-0 c.u.j.c.CachingDelegateEncryptablePropertySource: Property Source springCloudClientHostInfo refreshed
:2025-08-12 11:29:31.870  INFO nacos.client.config.listener.task-0 c.u.j.c.CachingDelegateEncryptablePropertySource: Property Source applicationInfo refreshed
:2025-08-12 11:29:31.870  INFO nacos.client.config.listener.task-0 c.u.j.c.CachingDelegateEncryptablePropertySource: Property Source Management Server refreshed
:2025-08-12 11:29:31.870  INFO nacos.client.config.listener.task-0 c.u.j.EncryptablePropertySourceConverter: Skipping PropertySource configurationProperties [class org.springframework.boot.context.properties.source.ConfigurationPropertySourcesPropertySource
:2025-08-12 11:29:31.870  INFO nacos.client.config.listener.task-0 c.u.j.EncryptablePropertySourceConverter: Skipping PropertySource servletConfigInitParams [class org.springframework.core.env.PropertySource$StubPropertySource
:2025-08-12 11:29:31.870  INFO nacos.client.config.listener.task-0 o.s.c.e.e.RefreshEventListener: Refresh keys changed: [swagger.datasource.driver-class-name, swagger.datasource.password, spring.security.user.name, swagger.datasource.type, swagger.resources.static-locations, swagger.datasource.username, swagger.datasource.url, spring.security.user.password]
:2025-08-12 11:29:40.750  INFO HeartBeat-Task-Scheduler-1 d.c.b.a.s.c.d.InstanceDiscoveryListener: Instance '6c5174ebe48d' missing in DiscoveryClient services and will be removed.
:2025-08-12 11:29:41.547  INFO reactor-http-nio-12 d.c.b.a.s.s.StatusUpdater: Couldn't retrieve status for Instance(id=6c5174ebe48d, version=11, registration=Registration(name=pig-upms-biz, managementUrl=http://192.168.0.135:4000/actuator, healthUrl=http://192.168.0.135:4000/actuator/health, serviceUrl=http://192.168.0.135:4000, source=discovery), registered=true, statusInfo=StatusInfo(status=DOWN, details={nacosConfig={status=UP}, diskSpace={status=UP, details={total=285023932416, free=225717014528, threshold=10485760, path=D:\Loans\lending-framework\., exists=true}}, ping={status=UP}, discoveryComposite={status=UP, components={discoveryClient={status=UP, details={services=[pig-gateway, pig-monitor, pig-upms-biz, pig-auth]}}}}, refreshScope={status=UP}, nacosDiscovery={status=UP}, ssl={status=UP, details={validChains=[], invalidChains=[]}}, db={status=DOWN, details={error=org.springframework.jdbc.CannotGetJdbcConnectionException: Failed to obtain JDBC Connection}}, redis={status=UP, details={version=7.2.4}}}), statusTimestamp=2025-08-12T02:27:41.859920Z, info=Info(values={}), endpoints=Endpoints(endpoints={sentinel=Endpoint(id=sentinel, url=http://192.168.0.135:4000/actuator/sentinel), caches=Endpoint(id=caches, url=http://192.168.0.135:4000/actuator/caches), loggers=Endpoint(id=loggers, url=http://192.168.0.135:4000/actuator/loggers), logfile=Endpoint(id=logfile, url=http://192.168.0.135:4000/actuator/logfile), nacosconfig=Endpoint(id=nacosconfig, url=http://192.168.0.135:4000/actuator/nacosconfig), health=Endpoint(id=health, url=http://192.168.0.135:4000/actuator/health), refresh=Endpoint(id=refresh, url=http://192.168.0.135:4000/actuator/refresh), env=Endpoint(id=env, url=http://192.168.0.135:4000/actuator/env), nacosdiscovery=Endpoint(id=nacosdiscovery, url=http://192.168.0.135:4000/actuator/nacosdiscovery), serviceregistry=Endpoint(id=serviceregistry, url=http://192.168.0.135:4000/actuator/serviceregistry), heapdump=Endpoint(id=heapdump, url=http://192.168.0.135:4000/actuator/heapdump), features=Endpoint(id=features, url=http://192.168.0.135:4000/actuator/features), scheduledtasks=Endpoint(id=scheduledtasks, url=http://192.168.0.135:4000/actuator/scheduledtasks), mappings=Endpoint(id=mappings, url=http://192.168.0.135:4000/actuator/mappings), beans=Endpoint(id=beans, url=http://192.168.0.135:4000/actuator/beans), configprops=Endpoint(id=configprops, url=http://192.168.0.135:4000/actuator/configprops), threaddump=Endpoint(id=threaddump, url=http://192.168.0.135:4000/actuator/threaddump), sbom=Endpoint(id=sbom, url=http://192.168.0.135:4000/actuator/sbom), metrics=Endpoint(id=metrics, url=http://192.168.0.135:4000/actuator/metrics), conditions=Endpoint(id=conditions, url=http://192.168.0.135:4000/actuator/conditions), info=Endpoint(id=info, url=http://192.168.0.135:4000/actuator/info)}), buildVersion=null, tags=Tags(values={}))
org.springframework.web.reactive.function.client.WebClientRequestException: Connection refused: getsockopt: /192.168.0.135:4000
	at org.springframework.web.reactive.function.client.ExchangeFunctions$DefaultExchangeFunction.lambda$wrapException$9(ExchangeFunctions.java:137)
	Suppressed: reactor.core.publisher.FluxOnAssembly$OnAssemblyException: 
Assembly trace from producer [reactor.core.publisher.MonoErrorSupplied] :
	reactor.core.publisher.Mono.error(Mono.java:315)
	org.springframework.web.reactive.function.client.ExchangeFunctions$DefaultExchangeFunction.wrapException(ExchangeFunctions.java:137)
Error has been observed at the following site(s):
	*____________Mono.error ⇢ at org.springframework.web.reactive.function.client.ExchangeFunctions$DefaultExchangeFunction.wrapException(ExchangeFunctions.java:137)
	*____Mono.onErrorResume ⇢ at org.springframework.web.reactive.function.client.ExchangeFunctions$DefaultExchangeFunction.exchange(ExchangeFunctions.java:106)
	|_             Mono.map ⇢ at org.springframework.web.reactive.function.client.ExchangeFunctions$DefaultExchangeFunction.exchange(ExchangeFunctions.java:107)
	|_        Mono.doOnNext ⇢ at org.springframework.web.reactive.function.client.DefaultWebClient$ObservationFilterFunction.filter(DefaultWebClient.java:745)
	|_         Mono.timeout ⇢ at de.codecentric.boot.admin.server.web.client.InstanceExchangeFilterFunctions.lambda$timeout$14(InstanceExchangeFilterFunctions.java:201)
	|_           Mono.retry ⇢ at de.codecentric.boot.admin.server.web.client.InstanceExchangeFilterFunctions.lambda$retry$13(InstanceExchangeFilterFunctions.java:191)
	|_             Mono.map ⇢ at de.codecentric.boot.admin.server.web.client.InstanceExchangeFilterFunctions.lambda$handleCookies$18(InstanceExchangeFilterFunctions.java:230)
	|_             Mono.map ⇢ at de.codecentric.boot.admin.server.web.client.InstanceExchangeFilterFunctions.lambda$convertLegacyEndpoints$8(InstanceExchangeFilterFunctions.java:143)
	*__________Mono.flatMap ⇢ at de.codecentric.boot.admin.server.web.client.InstanceWebClient.lambda$setInstance$3(InstanceWebClient.java:61)
	*____________Mono.defer ⇢ at org.springframework.web.reactive.function.client.DefaultWebClient$DefaultRequestBodyUriSpec.lambda$exchange$12(DefaultWebClient.java:467)
	|_           checkpoint ⇢ Request to GET health [DefaultWebClient]
	|_   Mono.switchIfEmpty ⇢ at org.springframework.web.reactive.function.client.DefaultWebClient$DefaultRequestBodyUriSpec.lambda$exchange$12(DefaultWebClient.java:472)
	|_        Mono.doOnNext ⇢ at org.springframework.web.reactive.function.client.DefaultWebClient$DefaultRequestBodyUriSpec.lambda$exchange$12(DefaultWebClient.java:478)
	|_       Mono.doOnError ⇢ at org.springframework.web.reactive.function.client.DefaultWebClient$DefaultRequestBodyUriSpec.lambda$exchange$12(DefaultWebClient.java:479)
	|_       Mono.doFinally ⇢ at org.springframework.web.reactive.function.client.DefaultWebClient$DefaultRequestBodyUriSpec.lambda$exchange$12(DefaultWebClient.java:480)
	|_    Mono.contextWrite ⇢ at org.springframework.web.reactive.function.client.DefaultWebClient$DefaultRequestBodyUriSpec.lambda$exchange$12(DefaultWebClient.java:486)
	*__Mono.deferContextual ⇢ at org.springframework.web.reactive.function.client.DefaultWebClient$DefaultRequestBodyUriSpec.exchange(DefaultWebClient.java:453)
	|_         Mono.flatMap ⇢ at org.springframework.web.reactive.function.client.DefaultWebClient$DefaultRequestBodyUriSpec.exchangeToMono(DefaultWebClient.java:421)
	|_             Mono.log ⇢ at de.codecentric.boot.admin.server.services.StatusUpdater.doUpdateStatus(StatusUpdater.java:84)
	|_         Mono.timeout ⇢ at de.codecentric.boot.admin.server.services.StatusUpdater.doUpdateStatus(StatusUpdater.java:85)
Original Stack Trace:
		at org.springframework.web.reactive.function.client.ExchangeFunctions$DefaultExchangeFunction.lambda$wrapException$9(ExchangeFunctions.java:137)
		at reactor.core.publisher.MonoErrorSupplied.subscribe(MonoErrorSupplied.java:55)
		at reactor.core.publisher.Mono.subscribe(Mono.java:4576)
		at reactor.core.publisher.FluxOnErrorResume$ResumeSubscriber.onError(FluxOnErrorResume.java:103)
		at reactor.core.publisher.FluxPeekFuseable$PeekFuseableSubscriber.onError(FluxPeekFuseable.java:234)
		at reactor.core.publisher.FluxPeekFuseable$PeekFuseableSubscriber.onError(FluxPeekFuseable.java:234)
		at reactor.core.publisher.FluxPeekFuseable$PeekFuseableSubscriber.onError(FluxPeekFuseable.java:234)
		at reactor.core.publisher.MonoNext$NextSubscriber.onError(MonoNext.java:93)
		at reactor.core.publisher.MonoFlatMapMany$FlatMapManyMain.onError(MonoFlatMapMany.java:205)
		at reactor.core.publisher.SerializedSubscriber.onError(SerializedSubscriber.java:124)
		at reactor.core.publisher.FluxRetryWhen$RetryWhenMainSubscriber.whenError(FluxRetryWhen.java:229)
		at reactor.core.publisher.FluxRetryWhen$RetryWhenOtherSubscriber.onError(FluxRetryWhen.java:279)
		at reactor.core.publisher.FluxContextWrite$ContextWriteSubscriber.onError(FluxContextWrite.java:121)
		at reactor.core.publisher.FluxConcatMapNoPrefetch$FluxConcatMapNoPrefetchSubscriber.maybeOnError(FluxConcatMapNoPrefetch.java:327)
		at reactor.core.publisher.FluxConcatMapNoPrefetch$FluxConcatMapNoPrefetchSubscriber.onNext(FluxConcatMapNoPrefetch.java:212)
		at reactor.core.publisher.FluxContextWrite$ContextWriteSubscriber.onNext(FluxContextWrite.java:107)
		at reactor.core.publisher.SinkManyEmitterProcessor.drain(SinkManyEmitterProcessor.java:476)
		at reactor.core.publisher.SinkManyEmitterProcessor$EmitterInner.drainParent(SinkManyEmitterProcessor.java:620)
		at reactor.core.publisher.FluxPublish$PubSubInner.request(FluxPublish.java:874)
		at reactor.core.publisher.FluxContextWrite$ContextWriteSubscriber.request(FluxContextWrite.java:136)
		at reactor.core.publisher.FluxConcatMapNoPrefetch$FluxConcatMapNoPrefetchSubscriber.request(FluxConcatMapNoPrefetch.java:337)
		at reactor.core.publisher.FluxContextWrite$ContextWriteSubscriber.request(FluxContextWrite.java:136)
		at reactor.core.publisher.Operators$DeferredSubscription.request(Operators.java:1743)
		at reactor.core.publisher.FluxRetryWhen$RetryWhenMainSubscriber.onError(FluxRetryWhen.java:196)
		at reactor.core.publisher.MonoCreate$DefaultMonoSink.error(MonoCreate.java:205)
		at reactor.netty.http.client.HttpClientConnect$MonoHttpConnect$ClientTransportSubscriber.onError(HttpClientConnect.java:323)
		at reactor.core.publisher.MonoCreate$DefaultMonoSink.error(MonoCreate.java:205)
		at reactor.netty.resources.DefaultPooledConnectionProvider$DisposableAcquire.onError(DefaultPooledConnectionProvider.java:174)
		at reactor.netty.internal.shaded.reactor.pool.AbstractPool$Borrower.fail(AbstractPool.java:479)
		at reactor.netty.internal.shaded.reactor.pool.SimpleDequePool.lambda$drainLoop$9(SimpleDequePool.java:443)
		at reactor.core.publisher.FluxDoOnEach$DoOnEachSubscriber.onError(FluxDoOnEach.java:186)
		at reactor.core.publisher.MonoCreate$DefaultMonoSink.error(MonoCreate.java:205)
		at reactor.netty.resources.DefaultPooledConnectionProvider$PooledConnectionAllocator$PooledConnectionInitializer.onError(DefaultPooledConnectionProvider.java:593)
		at reactor.core.publisher.MonoFlatMap$FlatMapMain.secondError(MonoFlatMap.java:241)
		at reactor.core.publisher.MonoFlatMap$FlatMapInner.onError(MonoFlatMap.java:315)
		at reactor.core.publisher.FluxOnErrorResume$ResumeSubscriber.onError(FluxOnErrorResume.java:106)
		at reactor.core.publisher.Operators.error(Operators.java:198)
		at reactor.core.publisher.MonoError.subscribe(MonoError.java:53)
		at reactor.core.publisher.Mono.subscribe(Mono.java:4576)
		at reactor.core.publisher.FluxOnErrorResume$ResumeSubscriber.onError(FluxOnErrorResume.java:103)
		at reactor.netty.transport.TransportConnector$MonoChannelPromise.tryFailure(TransportConnector.java:576)
		at reactor.netty.transport.TransportConnector$MonoChannelPromise.setFailure(TransportConnector.java:522)
		at reactor.netty.transport.TransportConnector.lambda$doConnect$7(TransportConnector.java:261)
		at io.netty.util.concurrent.DefaultPromise.notifyListener0(DefaultPromise.java:590)
		at io.netty.util.concurrent.DefaultPromise.notifyListeners0(DefaultPromise.java:583)
		at io.netty.util.concurrent.DefaultPromise.notifyListenersNow(DefaultPromise.java:559)
		at io.netty.util.concurrent.DefaultPromise.notifyListeners(DefaultPromise.java:492)
		at io.netty.util.concurrent.DefaultPromise.setValue0(DefaultPromise.java:636)
		at io.netty.util.concurrent.DefaultPromise.setFailure0(DefaultPromise.java:629)
		at io.netty.util.concurrent.DefaultPromise.tryFailure(DefaultPromise.java:118)
		at io.netty.channel.nio.AbstractNioChannel$AbstractNioUnsafe.fulfillConnectPromise(AbstractNioChannel.java:326)
		at io.netty.channel.nio.AbstractNioChannel$AbstractNioUnsafe.finishConnect(AbstractNioChannel.java:342)
		at io.netty.channel.nio.NioEventLoop.processSelectedKey(NioEventLoop.java:784)
		at io.netty.channel.nio.NioEventLoop.processSelectedKeysOptimized(NioEventLoop.java:732)
		at io.netty.channel.nio.NioEventLoop.processSelectedKeys(NioEventLoop.java:658)
		at io.netty.channel.nio.NioEventLoop.run(NioEventLoop.java:562)
		at io.netty.util.concurrent.SingleThreadEventExecutor$4.run(SingleThreadEventExecutor.java:998)
		at io.netty.util.internal.ThreadExecutorMap$2.run(ThreadExecutorMap.java:74)
		at io.netty.util.concurrent.FastThreadLocalRunnable.run(FastThreadLocalRunnable.java:30)
		at java.base/java.lang.Thread.run(Thread.java:1583)
Caused by: io.netty.channel.AbstractChannel$AnnotatedConnectException: Connection refused: getsockopt: /192.168.0.135:4000
	Suppressed: reactor.core.publisher.FluxOnAssembly$OnAssemblyException: 
Assembly trace from producer [reactor.core.publisher.MonoError] :
	reactor.core.publisher.FluxOnErrorResume$ResumeSubscriber.onError(FluxOnErrorResume.java:94)
	reactor.netty.transport.TransportConnector$MonoChannelPromise.tryFailure(TransportConnector.java:576)
Error has been observed at the following site(s):
	*__FluxOnErrorResume$ResumeSubscriber.onError ⇢ at reactor.netty.transport.TransportConnector$MonoChannelPromise.tryFailure(TransportConnector.java:576)
	*__________________________Mono.onErrorResume ⇢ at reactor.netty.transport.TransportConnector.lambda$connect$6(TransportConnector.java:166)
	*________________________________Mono.flatMap ⇢ at reactor.netty.transport.TransportConnector.connect(TransportConnector.java:165)
	*_________________________________Mono.create ⇢ at reactor.netty.resources.DefaultPooledConnectionProvider$PooledConnectionAllocator.connectChannel(DefaultPooledConnectionProvider.java:537)
	*_________________________________Mono.create ⇢ at reactor.netty.resources.PooledConnectionProvider.acquire(PooledConnectionProvider.java:130)
	*_________________________________Mono.create ⇢ at reactor.netty.http.client.HttpClientConnect$MonoHttpConnect.subscribe(HttpClientConnect.java:213)
	|_                             Mono.retryWhen ⇢ at reactor.netty.http.client.HttpClientConnect$MonoHttpConnect.subscribe(HttpClientConnect.java:287)
	*______________________________Flux.concatMap ⇢ at reactor.util.retry.RetrySpec.lambda$generateCompanion$6(RetrySpec.java:360)
	|_                           Flux.onErrorStop ⇢ at reactor.util.retry.RetrySpec.lambda$generateCompanion$6(RetrySpec.java:379)
	*________________________Flux.deferContextual ⇢ at reactor.util.retry.RetrySpec.generateCompanion(RetrySpec.java:357)
	*____________________________Mono.flatMapMany ⇢ at reactor.netty.http.client.HttpClientFinalizer.responseConnection(HttpClientFinalizer.java:102)
	|_                                  Flux.next ⇢ at org.springframework.http.client.reactive.ReactorClientHttpConnector.connect(ReactorClientHttpConnector.java:174)
	|_                            Mono.doOnCancel ⇢ at org.springframework.http.client.reactive.ReactorClientHttpConnector.connect(ReactorClientHttpConnector.java:175)
	|_                           Mono.doOnRequest ⇢ at org.springframework.web.reactive.function.client.ExchangeFunctions$DefaultExchangeFunction.exchange(ExchangeFunctions.java:104)
	|_                            Mono.doOnCancel ⇢ at org.springframework.web.reactive.function.client.ExchangeFunctions$DefaultExchangeFunction.exchange(ExchangeFunctions.java:105)
Original Stack Trace:
Caused by: java.net.ConnectException: Connection refused: getsockopt
	at java.base/sun.nio.ch.Net.pollConnect(Native Method)
	at java.base/sun.nio.ch.Net.pollConnectNow(Net.java:682)
	at java.base/sun.nio.ch.SocketChannelImpl.finishConnect(SocketChannelImpl.java:973)
	at io.netty.channel.socket.nio.NioSocketChannel.doFinishConnect(NioSocketChannel.java:336)
	at io.netty.channel.nio.AbstractNioChannel$AbstractNioUnsafe.finishConnect(AbstractNioChannel.java:339)
	at io.netty.channel.nio.NioEventLoop.processSelectedKey(NioEventLoop.java:784)
	at io.netty.channel.nio.NioEventLoop.processSelectedKeysOptimized(NioEventLoop.java:732)
	at io.netty.channel.nio.NioEventLoop.processSelectedKeys(NioEventLoop.java:658)
	at io.netty.channel.nio.NioEventLoop.run(NioEventLoop.java:562)
	at io.netty.util.concurrent.SingleThreadEventExecutor$4.run(SingleThreadEventExecutor.java:998)
	at io.netty.util.internal.ThreadExecutorMap$2.run(ThreadExecutorMap.java:74)
	at io.netty.util.concurrent.FastThreadLocalRunnable.run(FastThreadLocalRunnable.java:30)
	at java.base/java.lang.Thread.run(Thread.java:1583)
:2025-08-12 11:29:41.562  WARN reactor-http-nio-13 d.c.b.a.s.s.InfoUpdater: Couldn't retrieve info for Instance(id=6c5174ebe48d, version=11, registration=Registration(name=pig-upms-biz, managementUrl=http://192.168.0.135:4000/actuator, healthUrl=http://192.168.0.135:4000/actuator/health, serviceUrl=http://192.168.0.135:4000, source=discovery), registered=true, statusInfo=StatusInfo(status=DOWN, details={nacosConfig={status=UP}, diskSpace={status=UP, details={total=285023932416, free=225717014528, threshold=10485760, path=D:\Loans\lending-framework\., exists=true}}, ping={status=UP}, discoveryComposite={status=UP, components={discoveryClient={status=UP, details={services=[pig-gateway, pig-monitor, pig-upms-biz, pig-auth]}}}}, refreshScope={status=UP}, nacosDiscovery={status=UP}, ssl={status=UP, details={validChains=[], invalidChains=[]}}, db={status=DOWN, details={error=org.springframework.jdbc.CannotGetJdbcConnectionException: Failed to obtain JDBC Connection}}, redis={status=UP, details={version=7.2.4}}}), statusTimestamp=2025-08-12T02:27:41.859920Z, info=Info(values={}), endpoints=Endpoints(endpoints={sentinel=Endpoint(id=sentinel, url=http://192.168.0.135:4000/actuator/sentinel), caches=Endpoint(id=caches, url=http://192.168.0.135:4000/actuator/caches), loggers=Endpoint(id=loggers, url=http://192.168.0.135:4000/actuator/loggers), logfile=Endpoint(id=logfile, url=http://192.168.0.135:4000/actuator/logfile), nacosconfig=Endpoint(id=nacosconfig, url=http://192.168.0.135:4000/actuator/nacosconfig), health=Endpoint(id=health, url=http://192.168.0.135:4000/actuator/health), refresh=Endpoint(id=refresh, url=http://192.168.0.135:4000/actuator/refresh), env=Endpoint(id=env, url=http://192.168.0.135:4000/actuator/env), nacosdiscovery=Endpoint(id=nacosdiscovery, url=http://192.168.0.135:4000/actuator/nacosdiscovery), serviceregistry=Endpoint(id=serviceregistry, url=http://192.168.0.135:4000/actuator/serviceregistry), heapdump=Endpoint(id=heapdump, url=http://192.168.0.135:4000/actuator/heapdump), features=Endpoint(id=features, url=http://192.168.0.135:4000/actuator/features), scheduledtasks=Endpoint(id=scheduledtasks, url=http://192.168.0.135:4000/actuator/scheduledtasks), mappings=Endpoint(id=mappings, url=http://192.168.0.135:4000/actuator/mappings), beans=Endpoint(id=beans, url=http://192.168.0.135:4000/actuator/beans), configprops=Endpoint(id=configprops, url=http://192.168.0.135:4000/actuator/configprops), threaddump=Endpoint(id=threaddump, url=http://192.168.0.135:4000/actuator/threaddump), sbom=Endpoint(id=sbom, url=http://192.168.0.135:4000/actuator/sbom), metrics=Endpoint(id=metrics, url=http://192.168.0.135:4000/actuator/metrics), conditions=Endpoint(id=conditions, url=http://192.168.0.135:4000/actuator/conditions), info=Endpoint(id=info, url=http://192.168.0.135:4000/actuator/info)}), buildVersion=null, tags=Tags(values={}))
org.springframework.web.reactive.function.client.WebClientRequestException: Connection refused: getsockopt: /192.168.0.135:4000
	at org.springframework.web.reactive.function.client.ExchangeFunctions$DefaultExchangeFunction.lambda$wrapException$9(ExchangeFunctions.java:137)
	Suppressed: reactor.core.publisher.FluxOnAssembly$OnAssemblyException: 
Assembly trace from producer [reactor.core.publisher.MonoErrorSupplied] :
	reactor.core.publisher.Mono.error(Mono.java:315)
	org.springframework.web.reactive.function.client.ExchangeFunctions$DefaultExchangeFunction.wrapException(ExchangeFunctions.java:137)
Error has been observed at the following site(s):
	*____________Mono.error ⇢ at org.springframework.web.reactive.function.client.ExchangeFunctions$DefaultExchangeFunction.wrapException(ExchangeFunctions.java:137)
	*____Mono.onErrorResume ⇢ at org.springframework.web.reactive.function.client.ExchangeFunctions$DefaultExchangeFunction.exchange(ExchangeFunctions.java:106)
	|_             Mono.map ⇢ at org.springframework.web.reactive.function.client.ExchangeFunctions$DefaultExchangeFunction.exchange(ExchangeFunctions.java:107)
	|_        Mono.doOnNext ⇢ at org.springframework.web.reactive.function.client.DefaultWebClient$ObservationFilterFunction.filter(DefaultWebClient.java:745)
	|_         Mono.timeout ⇢ at de.codecentric.boot.admin.server.web.client.InstanceExchangeFilterFunctions.lambda$timeout$14(InstanceExchangeFilterFunctions.java:201)
	|_           Mono.retry ⇢ at de.codecentric.boot.admin.server.web.client.InstanceExchangeFilterFunctions.lambda$retry$13(InstanceExchangeFilterFunctions.java:191)
	|_             Mono.map ⇢ at de.codecentric.boot.admin.server.web.client.InstanceExchangeFilterFunctions.lambda$handleCookies$18(InstanceExchangeFilterFunctions.java:230)
	|_             Mono.map ⇢ at de.codecentric.boot.admin.server.web.client.InstanceExchangeFilterFunctions.lambda$convertLegacyEndpoints$8(InstanceExchangeFilterFunctions.java:143)
	*__________Mono.flatMap ⇢ at de.codecentric.boot.admin.server.web.client.InstanceWebClient.lambda$setInstance$3(InstanceWebClient.java:61)
	*____________Mono.defer ⇢ at org.springframework.web.reactive.function.client.DefaultWebClient$DefaultRequestBodyUriSpec.lambda$exchange$12(DefaultWebClient.java:467)
	|_           checkpoint ⇢ Request to GET info [DefaultWebClient]
	|_   Mono.switchIfEmpty ⇢ at org.springframework.web.reactive.function.client.DefaultWebClient$DefaultRequestBodyUriSpec.lambda$exchange$12(DefaultWebClient.java:472)
	|_        Mono.doOnNext ⇢ at org.springframework.web.reactive.function.client.DefaultWebClient$DefaultRequestBodyUriSpec.lambda$exchange$12(DefaultWebClient.java:478)
	|_       Mono.doOnError ⇢ at org.springframework.web.reactive.function.client.DefaultWebClient$DefaultRequestBodyUriSpec.lambda$exchange$12(DefaultWebClient.java:479)
	|_       Mono.doFinally ⇢ at org.springframework.web.reactive.function.client.DefaultWebClient$DefaultRequestBodyUriSpec.lambda$exchange$12(DefaultWebClient.java:480)
	|_    Mono.contextWrite ⇢ at org.springframework.web.reactive.function.client.DefaultWebClient$DefaultRequestBodyUriSpec.lambda$exchange$12(DefaultWebClient.java:486)
	*__Mono.deferContextual ⇢ at org.springframework.web.reactive.function.client.DefaultWebClient$DefaultRequestBodyUriSpec.exchange(DefaultWebClient.java:453)
	|_         Mono.flatMap ⇢ at org.springframework.web.reactive.function.client.DefaultWebClient$DefaultRequestBodyUriSpec.exchangeToMono(DefaultWebClient.java:421)
	|_             Mono.log ⇢ at de.codecentric.boot.admin.server.services.InfoUpdater.doUpdateInfo(InfoUpdater.java:79)
Original Stack Trace:
		at org.springframework.web.reactive.function.client.ExchangeFunctions$DefaultExchangeFunction.lambda$wrapException$9(ExchangeFunctions.java:137)
		at reactor.core.publisher.MonoErrorSupplied.subscribe(MonoErrorSupplied.java:55)
		at reactor.core.publisher.Mono.subscribe(Mono.java:4576)
		at reactor.core.publisher.FluxOnErrorResume$ResumeSubscriber.onError(FluxOnErrorResume.java:103)
		at reactor.core.publisher.FluxPeekFuseable$PeekFuseableSubscriber.onError(FluxPeekFuseable.java:234)
		at reactor.core.publisher.FluxPeekFuseable$PeekFuseableSubscriber.onError(FluxPeekFuseable.java:234)
		at reactor.core.publisher.FluxPeekFuseable$PeekFuseableSubscriber.onError(FluxPeekFuseable.java:234)
		at reactor.core.publisher.MonoNext$NextSubscriber.onError(MonoNext.java:93)
		at reactor.core.publisher.MonoFlatMapMany$FlatMapManyMain.onError(MonoFlatMapMany.java:205)
		at reactor.core.publisher.SerializedSubscriber.onError(SerializedSubscriber.java:124)
		at reactor.core.publisher.FluxRetryWhen$RetryWhenMainSubscriber.whenError(FluxRetryWhen.java:229)
		at reactor.core.publisher.FluxRetryWhen$RetryWhenOtherSubscriber.onError(FluxRetryWhen.java:279)
		at reactor.core.publisher.FluxContextWrite$ContextWriteSubscriber.onError(FluxContextWrite.java:121)
		at reactor.core.publisher.FluxConcatMapNoPrefetch$FluxConcatMapNoPrefetchSubscriber.maybeOnError(FluxConcatMapNoPrefetch.java:327)
		at reactor.core.publisher.FluxConcatMapNoPrefetch$FluxConcatMapNoPrefetchSubscriber.onNext(FluxConcatMapNoPrefetch.java:212)
		at reactor.core.publisher.FluxContextWrite$ContextWriteSubscriber.onNext(FluxContextWrite.java:107)
		at reactor.core.publisher.SinkManyEmitterProcessor.drain(SinkManyEmitterProcessor.java:476)
		at reactor.core.publisher.SinkManyEmitterProcessor$EmitterInner.drainParent(SinkManyEmitterProcessor.java:620)
		at reactor.core.publisher.FluxPublish$PubSubInner.request(FluxPublish.java:874)
		at reactor.core.publisher.FluxContextWrite$ContextWriteSubscriber.request(FluxContextWrite.java:136)
		at reactor.core.publisher.FluxConcatMapNoPrefetch$FluxConcatMapNoPrefetchSubscriber.request(FluxConcatMapNoPrefetch.java:337)
		at reactor.core.publisher.FluxContextWrite$ContextWriteSubscriber.request(FluxContextWrite.java:136)
		at reactor.core.publisher.Operators$DeferredSubscription.request(Operators.java:1743)
		at reactor.core.publisher.FluxRetryWhen$RetryWhenMainSubscriber.onError(FluxRetryWhen.java:196)
		at reactor.core.publisher.MonoCreate$DefaultMonoSink.error(MonoCreate.java:205)
		at reactor.netty.http.client.HttpClientConnect$MonoHttpConnect$ClientTransportSubscriber.onError(HttpClientConnect.java:323)
		at reactor.core.publisher.MonoCreate$DefaultMonoSink.error(MonoCreate.java:205)
		at reactor.netty.resources.DefaultPooledConnectionProvider$DisposableAcquire.onError(DefaultPooledConnectionProvider.java:174)
		at reactor.netty.internal.shaded.reactor.pool.AbstractPool$Borrower.fail(AbstractPool.java:479)
		at reactor.netty.internal.shaded.reactor.pool.SimpleDequePool.lambda$drainLoop$9(SimpleDequePool.java:443)
		at reactor.core.publisher.FluxDoOnEach$DoOnEachSubscriber.onError(FluxDoOnEach.java:186)
		at reactor.core.publisher.MonoCreate$DefaultMonoSink.error(MonoCreate.java:205)
		at reactor.netty.resources.DefaultPooledConnectionProvider$PooledConnectionAllocator$PooledConnectionInitializer.onError(DefaultPooledConnectionProvider.java:593)
		at reactor.core.publisher.MonoFlatMap$FlatMapMain.secondError(MonoFlatMap.java:241)
		at reactor.core.publisher.MonoFlatMap$FlatMapInner.onError(MonoFlatMap.java:315)
		at reactor.core.publisher.FluxOnErrorResume$ResumeSubscriber.onError(FluxOnErrorResume.java:106)
		at reactor.core.publisher.Operators.error(Operators.java:198)
		at reactor.core.publisher.MonoError.subscribe(MonoError.java:53)
		at reactor.core.publisher.Mono.subscribe(Mono.java:4576)
		at reactor.core.publisher.FluxOnErrorResume$ResumeSubscriber.onError(FluxOnErrorResume.java:103)
		at reactor.netty.transport.TransportConnector$MonoChannelPromise.tryFailure(TransportConnector.java:576)
		at reactor.netty.transport.TransportConnector$MonoChannelPromise.setFailure(TransportConnector.java:522)
		at reactor.netty.transport.TransportConnector.lambda$doConnect$7(TransportConnector.java:261)
		at io.netty.util.concurrent.DefaultPromise.notifyListener0(DefaultPromise.java:590)
		at io.netty.util.concurrent.DefaultPromise.notifyListeners0(DefaultPromise.java:583)
		at io.netty.util.concurrent.DefaultPromise.notifyListenersNow(DefaultPromise.java:559)
		at io.netty.util.concurrent.DefaultPromise.notifyListeners(DefaultPromise.java:492)
		at io.netty.util.concurrent.DefaultPromise.setValue0(DefaultPromise.java:636)
		at io.netty.util.concurrent.DefaultPromise.setFailure0(DefaultPromise.java:629)
		at io.netty.util.concurrent.DefaultPromise.tryFailure(DefaultPromise.java:118)
		at io.netty.channel.nio.AbstractNioChannel$AbstractNioUnsafe.fulfillConnectPromise(AbstractNioChannel.java:326)
		at io.netty.channel.nio.AbstractNioChannel$AbstractNioUnsafe.finishConnect(AbstractNioChannel.java:342)
		at io.netty.channel.nio.NioEventLoop.processSelectedKey(NioEventLoop.java:784)
		at io.netty.channel.nio.NioEventLoop.processSelectedKeysOptimized(NioEventLoop.java:732)
		at io.netty.channel.nio.NioEventLoop.processSelectedKeys(NioEventLoop.java:658)
		at io.netty.channel.nio.NioEventLoop.run(NioEventLoop.java:562)
		at io.netty.util.concurrent.SingleThreadEventExecutor$4.run(SingleThreadEventExecutor.java:998)
		at io.netty.util.internal.ThreadExecutorMap$2.run(ThreadExecutorMap.java:74)
		at io.netty.util.concurrent.FastThreadLocalRunnable.run(FastThreadLocalRunnable.java:30)
		at java.base/java.lang.Thread.run(Thread.java:1583)
Caused by: io.netty.channel.AbstractChannel$AnnotatedConnectException: Connection refused: getsockopt: /192.168.0.135:4000
	Suppressed: reactor.core.publisher.FluxOnAssembly$OnAssemblyException: 
Assembly trace from producer [reactor.core.publisher.MonoError] :
	reactor.core.publisher.FluxOnErrorResume$ResumeSubscriber.onError(FluxOnErrorResume.java:94)
	reactor.netty.transport.TransportConnector$MonoChannelPromise.tryFailure(TransportConnector.java:576)
Error has been observed at the following site(s):
	*__FluxOnErrorResume$ResumeSubscriber.onError ⇢ at reactor.netty.transport.TransportConnector$MonoChannelPromise.tryFailure(TransportConnector.java:576)
	*__________________________Mono.onErrorResume ⇢ at reactor.netty.transport.TransportConnector.lambda$connect$6(TransportConnector.java:166)
	*________________________________Mono.flatMap ⇢ at reactor.netty.transport.TransportConnector.connect(TransportConnector.java:165)
	*_________________________________Mono.create ⇢ at reactor.netty.resources.DefaultPooledConnectionProvider$PooledConnectionAllocator.connectChannel(DefaultPooledConnectionProvider.java:537)
	*_________________________________Mono.create ⇢ at reactor.netty.resources.PooledConnectionProvider.acquire(PooledConnectionProvider.java:130)
	*_________________________________Mono.create ⇢ at reactor.netty.http.client.HttpClientConnect$MonoHttpConnect.subscribe(HttpClientConnect.java:213)
	|_                             Mono.retryWhen ⇢ at reactor.netty.http.client.HttpClientConnect$MonoHttpConnect.subscribe(HttpClientConnect.java:287)
	*______________________________Flux.concatMap ⇢ at reactor.util.retry.RetrySpec.lambda$generateCompanion$6(RetrySpec.java:360)
	|_                           Flux.onErrorStop ⇢ at reactor.util.retry.RetrySpec.lambda$generateCompanion$6(RetrySpec.java:379)
	*________________________Flux.deferContextual ⇢ at reactor.util.retry.RetrySpec.generateCompanion(RetrySpec.java:357)
	*____________________________Mono.flatMapMany ⇢ at reactor.netty.http.client.HttpClientFinalizer.responseConnection(HttpClientFinalizer.java:102)
	|_                                  Flux.next ⇢ at org.springframework.http.client.reactive.ReactorClientHttpConnector.connect(ReactorClientHttpConnector.java:174)
	|_                            Mono.doOnCancel ⇢ at org.springframework.http.client.reactive.ReactorClientHttpConnector.connect(ReactorClientHttpConnector.java:175)
	|_                           Mono.doOnRequest ⇢ at org.springframework.web.reactive.function.client.ExchangeFunctions$DefaultExchangeFunction.exchange(ExchangeFunctions.java:104)
	|_                            Mono.doOnCancel ⇢ at org.springframework.web.reactive.function.client.ExchangeFunctions$DefaultExchangeFunction.exchange(ExchangeFunctions.java:105)
Original Stack Trace:
Caused by: java.net.ConnectException: Connection refused: getsockopt
	at java.base/sun.nio.ch.Net.pollConnect(Native Method)
	at java.base/sun.nio.ch.Net.pollConnectNow(Net.java:682)
	at java.base/sun.nio.ch.SocketChannelImpl.finishConnect(SocketChannelImpl.java:973)
	at io.netty.channel.socket.nio.NioSocketChannel.doFinishConnect(NioSocketChannel.java:336)
	at io.netty.channel.nio.AbstractNioChannel$AbstractNioUnsafe.finishConnect(AbstractNioChannel.java:339)
	at io.netty.channel.nio.NioEventLoop.processSelectedKey(NioEventLoop.java:784)
	at io.netty.channel.nio.NioEventLoop.processSelectedKeysOptimized(NioEventLoop.java:732)
	at io.netty.channel.nio.NioEventLoop.processSelectedKeys(NioEventLoop.java:658)
	at io.netty.channel.nio.NioEventLoop.run(NioEventLoop.java:562)
	at io.netty.util.concurrent.SingleThreadEventExecutor$4.run(SingleThreadEventExecutor.java:998)
	at io.netty.util.internal.ThreadExecutorMap$2.run(ThreadExecutorMap.java:74)
	at io.netty.util.concurrent.FastThreadLocalRunnable.run(FastThreadLocalRunnable.java:30)
	at java.base/java.lang.Thread.run(Thread.java:1583)
:2025-08-12 12:20:31.547  INFO reactor-http-nio-18 d.c.b.a.s.s.StatusUpdater: Couldn't retrieve status for Instance(id=2a89a999aad6, version=2, registration=Registration(name=pig-auth, managementUrl=http://192.168.0.135:3000/actuator, healthUrl=http://192.168.0.135:3000/actuator/health, serviceUrl=http://192.168.0.135:3000, source=discovery), registered=true, statusInfo=StatusInfo(status=UP, details={nacosConfig={status=UP}, diskSpace={status=UP, details={total=285023932416, free=225701498880, threshold=10485760, path=D:\Loans\lending-framework\., exists=true}}, ping={status=UP}, discoveryComposite={status=UP, components={discoveryClient={status=UP, details={services=[pig-gateway, pig-monitor, pig-upms-biz, pig-auth]}}}}, refreshScope={status=UP}, nacosDiscovery={status=UP}, ssl={status=UP, details={validChains=[], invalidChains=[]}}, redis={status=UP, details={version=7.2.4}}}), statusTimestamp=2025-08-12T02:13:40.445485200Z, info=Info(values={}), endpoints=Endpoints(endpoints={sentinel=Endpoint(id=sentinel, url=http://192.168.0.135:3000/actuator/sentinel), caches=Endpoint(id=caches, url=http://192.168.0.135:3000/actuator/caches), loggers=Endpoint(id=loggers, url=http://192.168.0.135:3000/actuator/loggers), logfile=Endpoint(id=logfile, url=http://192.168.0.135:3000/actuator/logfile), nacosconfig=Endpoint(id=nacosconfig, url=http://192.168.0.135:3000/actuator/nacosconfig), health=Endpoint(id=health, url=http://192.168.0.135:3000/actuator/health), refresh=Endpoint(id=refresh, url=http://192.168.0.135:3000/actuator/refresh), env=Endpoint(id=env, url=http://192.168.0.135:3000/actuator/env), nacosdiscovery=Endpoint(id=nacosdiscovery, url=http://192.168.0.135:3000/actuator/nacosdiscovery), serviceregistry=Endpoint(id=serviceregistry, url=http://192.168.0.135:3000/actuator/serviceregistry), heapdump=Endpoint(id=heapdump, url=http://192.168.0.135:3000/actuator/heapdump), features=Endpoint(id=features, url=http://192.168.0.135:3000/actuator/features), scheduledtasks=Endpoint(id=scheduledtasks, url=http://192.168.0.135:3000/actuator/scheduledtasks), mappings=Endpoint(id=mappings, url=http://192.168.0.135:3000/actuator/mappings), beans=Endpoint(id=beans, url=http://192.168.0.135:3000/actuator/beans), configprops=Endpoint(id=configprops, url=http://192.168.0.135:3000/actuator/configprops), threaddump=Endpoint(id=threaddump, url=http://192.168.0.135:3000/actuator/threaddump), sbom=Endpoint(id=sbom, url=http://192.168.0.135:3000/actuator/sbom), metrics=Endpoint(id=metrics, url=http://192.168.0.135:3000/actuator/metrics), conditions=Endpoint(id=conditions, url=http://192.168.0.135:3000/actuator/conditions), info=Endpoint(id=info, url=http://192.168.0.135:3000/actuator/info)}), buildVersion=null, tags=Tags(values={}))
org.springframework.web.reactive.function.client.WebClientRequestException: Connection refused: getsockopt: /192.168.0.135:3000
	at org.springframework.web.reactive.function.client.ExchangeFunctions$DefaultExchangeFunction.lambda$wrapException$9(ExchangeFunctions.java:137)
	Suppressed: reactor.core.publisher.FluxOnAssembly$OnAssemblyException: 
Assembly trace from producer [reactor.core.publisher.MonoErrorSupplied] :
	reactor.core.publisher.Mono.error(Mono.java:315)
	org.springframework.web.reactive.function.client.ExchangeFunctions$DefaultExchangeFunction.wrapException(ExchangeFunctions.java:137)
Error has been observed at the following site(s):
	*____________Mono.error ⇢ at org.springframework.web.reactive.function.client.ExchangeFunctions$DefaultExchangeFunction.wrapException(ExchangeFunctions.java:137)
	*____Mono.onErrorResume ⇢ at org.springframework.web.reactive.function.client.ExchangeFunctions$DefaultExchangeFunction.exchange(ExchangeFunctions.java:106)
	|_             Mono.map ⇢ at org.springframework.web.reactive.function.client.ExchangeFunctions$DefaultExchangeFunction.exchange(ExchangeFunctions.java:107)
	|_        Mono.doOnNext ⇢ at org.springframework.web.reactive.function.client.DefaultWebClient$ObservationFilterFunction.filter(DefaultWebClient.java:745)
	|_         Mono.timeout ⇢ at de.codecentric.boot.admin.server.web.client.InstanceExchangeFilterFunctions.lambda$timeout$14(InstanceExchangeFilterFunctions.java:201)
	|_           Mono.retry ⇢ at de.codecentric.boot.admin.server.web.client.InstanceExchangeFilterFunctions.lambda$retry$13(InstanceExchangeFilterFunctions.java:191)
	|_             Mono.map ⇢ at de.codecentric.boot.admin.server.web.client.InstanceExchangeFilterFunctions.lambda$handleCookies$18(InstanceExchangeFilterFunctions.java:230)
	|_             Mono.map ⇢ at de.codecentric.boot.admin.server.web.client.InstanceExchangeFilterFunctions.lambda$convertLegacyEndpoints$8(InstanceExchangeFilterFunctions.java:143)
	*__________Mono.flatMap ⇢ at de.codecentric.boot.admin.server.web.client.InstanceWebClient.lambda$setInstance$3(InstanceWebClient.java:61)
	*____________Mono.defer ⇢ at org.springframework.web.reactive.function.client.DefaultWebClient$DefaultRequestBodyUriSpec.lambda$exchange$12(DefaultWebClient.java:467)
	|_           checkpoint ⇢ Request to GET health [DefaultWebClient]
	|_   Mono.switchIfEmpty ⇢ at org.springframework.web.reactive.function.client.DefaultWebClient$DefaultRequestBodyUriSpec.lambda$exchange$12(DefaultWebClient.java:472)
	|_        Mono.doOnNext ⇢ at org.springframework.web.reactive.function.client.DefaultWebClient$DefaultRequestBodyUriSpec.lambda$exchange$12(DefaultWebClient.java:478)
	|_       Mono.doOnError ⇢ at org.springframework.web.reactive.function.client.DefaultWebClient$DefaultRequestBodyUriSpec.lambda$exchange$12(DefaultWebClient.java:479)
	|_       Mono.doFinally ⇢ at org.springframework.web.reactive.function.client.DefaultWebClient$DefaultRequestBodyUriSpec.lambda$exchange$12(DefaultWebClient.java:480)
	|_    Mono.contextWrite ⇢ at org.springframework.web.reactive.function.client.DefaultWebClient$DefaultRequestBodyUriSpec.lambda$exchange$12(DefaultWebClient.java:486)
	*__Mono.deferContextual ⇢ at org.springframework.web.reactive.function.client.DefaultWebClient$DefaultRequestBodyUriSpec.exchange(DefaultWebClient.java:453)
	|_         Mono.flatMap ⇢ at org.springframework.web.reactive.function.client.DefaultWebClient$DefaultRequestBodyUriSpec.exchangeToMono(DefaultWebClient.java:421)
	|_             Mono.log ⇢ at de.codecentric.boot.admin.server.services.StatusUpdater.doUpdateStatus(StatusUpdater.java:84)
	|_         Mono.timeout ⇢ at de.codecentric.boot.admin.server.services.StatusUpdater.doUpdateStatus(StatusUpdater.java:85)
Original Stack Trace:
		at org.springframework.web.reactive.function.client.ExchangeFunctions$DefaultExchangeFunction.lambda$wrapException$9(ExchangeFunctions.java:137)
		at reactor.core.publisher.MonoErrorSupplied.subscribe(MonoErrorSupplied.java:55)
		at reactor.core.publisher.Mono.subscribe(Mono.java:4576)
		at reactor.core.publisher.FluxOnErrorResume$ResumeSubscriber.onError(FluxOnErrorResume.java:103)
		at reactor.core.publisher.FluxPeekFuseable$PeekFuseableSubscriber.onError(FluxPeekFuseable.java:234)
		at reactor.core.publisher.FluxPeekFuseable$PeekFuseableSubscriber.onError(FluxPeekFuseable.java:234)
		at reactor.core.publisher.FluxPeekFuseable$PeekFuseableSubscriber.onError(FluxPeekFuseable.java:234)
		at reactor.core.publisher.MonoNext$NextSubscriber.onError(MonoNext.java:93)
		at reactor.core.publisher.MonoFlatMapMany$FlatMapManyMain.onError(MonoFlatMapMany.java:205)
		at reactor.core.publisher.SerializedSubscriber.onError(SerializedSubscriber.java:124)
		at reactor.core.publisher.FluxRetryWhen$RetryWhenMainSubscriber.whenError(FluxRetryWhen.java:229)
		at reactor.core.publisher.FluxRetryWhen$RetryWhenOtherSubscriber.onError(FluxRetryWhen.java:279)
		at reactor.core.publisher.FluxContextWrite$ContextWriteSubscriber.onError(FluxContextWrite.java:121)
		at reactor.core.publisher.FluxConcatMapNoPrefetch$FluxConcatMapNoPrefetchSubscriber.maybeOnError(FluxConcatMapNoPrefetch.java:327)
		at reactor.core.publisher.FluxConcatMapNoPrefetch$FluxConcatMapNoPrefetchSubscriber.onNext(FluxConcatMapNoPrefetch.java:212)
		at reactor.core.publisher.FluxContextWrite$ContextWriteSubscriber.onNext(FluxContextWrite.java:107)
		at reactor.core.publisher.SinkManyEmitterProcessor.drain(SinkManyEmitterProcessor.java:476)
		at reactor.core.publisher.SinkManyEmitterProcessor$EmitterInner.drainParent(SinkManyEmitterProcessor.java:620)
		at reactor.core.publisher.FluxPublish$PubSubInner.request(FluxPublish.java:874)
		at reactor.core.publisher.FluxContextWrite$ContextWriteSubscriber.request(FluxContextWrite.java:136)
		at reactor.core.publisher.FluxConcatMapNoPrefetch$FluxConcatMapNoPrefetchSubscriber.request(FluxConcatMapNoPrefetch.java:337)
		at reactor.core.publisher.FluxContextWrite$ContextWriteSubscriber.request(FluxContextWrite.java:136)
		at reactor.core.publisher.Operators$DeferredSubscription.request(Operators.java:1743)
		at reactor.core.publisher.FluxRetryWhen$RetryWhenMainSubscriber.onError(FluxRetryWhen.java:196)
		at reactor.core.publisher.MonoCreate$DefaultMonoSink.error(MonoCreate.java:205)
		at reactor.netty.http.client.HttpClientConnect$MonoHttpConnect$ClientTransportSubscriber.onError(HttpClientConnect.java:323)
		at reactor.core.publisher.MonoCreate$DefaultMonoSink.error(MonoCreate.java:205)
		at reactor.netty.resources.DefaultPooledConnectionProvider$DisposableAcquire.onError(DefaultPooledConnectionProvider.java:174)
		at reactor.netty.internal.shaded.reactor.pool.AbstractPool$Borrower.fail(AbstractPool.java:479)
		at reactor.netty.internal.shaded.reactor.pool.SimpleDequePool.lambda$drainLoop$9(SimpleDequePool.java:443)
		at reactor.core.publisher.FluxDoOnEach$DoOnEachSubscriber.onError(FluxDoOnEach.java:186)
		at reactor.core.publisher.MonoCreate$DefaultMonoSink.error(MonoCreate.java:205)
		at reactor.netty.resources.DefaultPooledConnectionProvider$PooledConnectionAllocator$PooledConnectionInitializer.onError(DefaultPooledConnectionProvider.java:593)
		at reactor.core.publisher.MonoFlatMap$FlatMapMain.secondError(MonoFlatMap.java:241)
		at reactor.core.publisher.MonoFlatMap$FlatMapInner.onError(MonoFlatMap.java:315)
		at reactor.core.publisher.FluxOnErrorResume$ResumeSubscriber.onError(FluxOnErrorResume.java:106)
		at reactor.core.publisher.Operators.error(Operators.java:198)
		at reactor.core.publisher.MonoError.subscribe(MonoError.java:53)
		at reactor.core.publisher.Mono.subscribe(Mono.java:4576)
		at reactor.core.publisher.FluxOnErrorResume$ResumeSubscriber.onError(FluxOnErrorResume.java:103)
		at reactor.netty.transport.TransportConnector$MonoChannelPromise.tryFailure(TransportConnector.java:576)
		at reactor.netty.transport.TransportConnector$MonoChannelPromise.setFailure(TransportConnector.java:522)
		at reactor.netty.transport.TransportConnector.lambda$doConnect$7(TransportConnector.java:261)
		at io.netty.util.concurrent.DefaultPromise.notifyListener0(DefaultPromise.java:590)
		at io.netty.util.concurrent.DefaultPromise.notifyListeners0(DefaultPromise.java:583)
		at io.netty.util.concurrent.DefaultPromise.notifyListenersNow(DefaultPromise.java:559)
		at io.netty.util.concurrent.DefaultPromise.notifyListeners(DefaultPromise.java:492)
		at io.netty.util.concurrent.DefaultPromise.setValue0(DefaultPromise.java:636)
		at io.netty.util.concurrent.DefaultPromise.setFailure0(DefaultPromise.java:629)
		at io.netty.util.concurrent.DefaultPromise.tryFailure(DefaultPromise.java:118)
		at io.netty.channel.nio.AbstractNioChannel$AbstractNioUnsafe.fulfillConnectPromise(AbstractNioChannel.java:326)
		at io.netty.channel.nio.AbstractNioChannel$AbstractNioUnsafe.finishConnect(AbstractNioChannel.java:342)
		at io.netty.channel.nio.NioEventLoop.processSelectedKey(NioEventLoop.java:784)
		at io.netty.channel.nio.NioEventLoop.processSelectedKeysOptimized(NioEventLoop.java:732)
		at io.netty.channel.nio.NioEventLoop.processSelectedKeys(NioEventLoop.java:658)
		at io.netty.channel.nio.NioEventLoop.run(NioEventLoop.java:562)
		at io.netty.util.concurrent.SingleThreadEventExecutor$4.run(SingleThreadEventExecutor.java:998)
		at io.netty.util.internal.ThreadExecutorMap$2.run(ThreadExecutorMap.java:74)
		at io.netty.util.concurrent.FastThreadLocalRunnable.run(FastThreadLocalRunnable.java:30)
		at java.base/java.lang.Thread.run(Thread.java:1583)
Caused by: io.netty.channel.AbstractChannel$AnnotatedConnectException: Connection refused: getsockopt: /192.168.0.135:3000
	Suppressed: reactor.core.publisher.FluxOnAssembly$OnAssemblyException: 
Assembly trace from producer [reactor.core.publisher.MonoError] :
	reactor.core.publisher.FluxOnErrorResume$ResumeSubscriber.onError(FluxOnErrorResume.java:94)
	reactor.netty.transport.TransportConnector$MonoChannelPromise.tryFailure(TransportConnector.java:576)
Error has been observed at the following site(s):
	*__FluxOnErrorResume$ResumeSubscriber.onError ⇢ at reactor.netty.transport.TransportConnector$MonoChannelPromise.tryFailure(TransportConnector.java:576)
	*__________________________Mono.onErrorResume ⇢ at reactor.netty.transport.TransportConnector.lambda$connect$6(TransportConnector.java:166)
	*________________________________Mono.flatMap ⇢ at reactor.netty.transport.TransportConnector.connect(TransportConnector.java:165)
	*_________________________________Mono.create ⇢ at reactor.netty.resources.DefaultPooledConnectionProvider$PooledConnectionAllocator.connectChannel(DefaultPooledConnectionProvider.java:537)
	*_________________________________Mono.create ⇢ at reactor.netty.resources.PooledConnectionProvider.acquire(PooledConnectionProvider.java:130)
	*_________________________________Mono.create ⇢ at reactor.netty.http.client.HttpClientConnect$MonoHttpConnect.subscribe(HttpClientConnect.java:213)
	|_                             Mono.retryWhen ⇢ at reactor.netty.http.client.HttpClientConnect$MonoHttpConnect.subscribe(HttpClientConnect.java:287)
	*______________________________Flux.concatMap ⇢ at reactor.util.retry.RetrySpec.lambda$generateCompanion$6(RetrySpec.java:360)
	|_                           Flux.onErrorStop ⇢ at reactor.util.retry.RetrySpec.lambda$generateCompanion$6(RetrySpec.java:379)
	*________________________Flux.deferContextual ⇢ at reactor.util.retry.RetrySpec.generateCompanion(RetrySpec.java:357)
	*____________________________Mono.flatMapMany ⇢ at reactor.netty.http.client.HttpClientFinalizer.responseConnection(HttpClientFinalizer.java:102)
	|_                                  Flux.next ⇢ at org.springframework.http.client.reactive.ReactorClientHttpConnector.connect(ReactorClientHttpConnector.java:174)
	|_                            Mono.doOnCancel ⇢ at org.springframework.http.client.reactive.ReactorClientHttpConnector.connect(ReactorClientHttpConnector.java:175)
	|_                           Mono.doOnRequest ⇢ at org.springframework.web.reactive.function.client.ExchangeFunctions$DefaultExchangeFunction.exchange(ExchangeFunctions.java:104)
	|_                            Mono.doOnCancel ⇢ at org.springframework.web.reactive.function.client.ExchangeFunctions$DefaultExchangeFunction.exchange(ExchangeFunctions.java:105)
Original Stack Trace:
Caused by: java.net.ConnectException: Connection refused: getsockopt
	at java.base/sun.nio.ch.Net.pollConnect(Native Method)
	at java.base/sun.nio.ch.Net.pollConnectNow(Net.java:682)
	at java.base/sun.nio.ch.SocketChannelImpl.finishConnect(SocketChannelImpl.java:973)
	at io.netty.channel.socket.nio.NioSocketChannel.doFinishConnect(NioSocketChannel.java:336)
	at io.netty.channel.nio.AbstractNioChannel$AbstractNioUnsafe.finishConnect(AbstractNioChannel.java:339)
	at io.netty.channel.nio.NioEventLoop.processSelectedKey(NioEventLoop.java:784)
	at io.netty.channel.nio.NioEventLoop.processSelectedKeysOptimized(NioEventLoop.java:732)
	at io.netty.channel.nio.NioEventLoop.processSelectedKeys(NioEventLoop.java:658)
	at io.netty.channel.nio.NioEventLoop.run(NioEventLoop.java:562)
	at io.netty.util.concurrent.SingleThreadEventExecutor$4.run(SingleThreadEventExecutor.java:998)
	at io.netty.util.internal.ThreadExecutorMap$2.run(ThreadExecutorMap.java:74)
	at io.netty.util.concurrent.FastThreadLocalRunnable.run(FastThreadLocalRunnable.java:30)
	at java.base/java.lang.Thread.run(Thread.java:1583)
:2025-08-12 12:31:49.530  WARN parallel-7 d.c.b.a.s.s.InfoUpdater: Couldn't retrieve info for Instance(id=2a89a999aad6, version=4, registration=Registration(name=pig-auth, managementUrl=http://192.168.0.135:3000/actuator, healthUrl=http://192.168.0.135:3000/actuator/health, serviceUrl=http://192.168.0.135:3000, source=discovery), registered=true, statusInfo=StatusInfo(status=UP, details={nacosConfig={status=UP}, diskSpace={status=UP, details={total=285023932416, free=225721233408, threshold=10485760, path=D:\Loans\lending-framework\., exists=true}}, ping={status=UP}, discoveryComposite={status=UP, components={discoveryClient={status=UP, details={services=[pig-gateway, pig-monitor, pig-upms-biz, pig-auth]}}}}, refreshScope={status=UP}, nacosDiscovery={status=UP}, ssl={status=UP, details={validChains=[], invalidChains=[]}}, redis={status=UP, details={version=7.2.4}}}), statusTimestamp=2025-08-12T03:20:49.694016Z, info=Info(values={}), endpoints=Endpoints(endpoints={sentinel=Endpoint(id=sentinel, url=http://192.168.0.135:3000/actuator/sentinel), caches=Endpoint(id=caches, url=http://192.168.0.135:3000/actuator/caches), loggers=Endpoint(id=loggers, url=http://192.168.0.135:3000/actuator/loggers), logfile=Endpoint(id=logfile, url=http://192.168.0.135:3000/actuator/logfile), nacosconfig=Endpoint(id=nacosconfig, url=http://192.168.0.135:3000/actuator/nacosconfig), health=Endpoint(id=health, url=http://192.168.0.135:3000/actuator/health), refresh=Endpoint(id=refresh, url=http://192.168.0.135:3000/actuator/refresh), env=Endpoint(id=env, url=http://192.168.0.135:3000/actuator/env), nacosdiscovery=Endpoint(id=nacosdiscovery, url=http://192.168.0.135:3000/actuator/nacosdiscovery), serviceregistry=Endpoint(id=serviceregistry, url=http://192.168.0.135:3000/actuator/serviceregistry), heapdump=Endpoint(id=heapdump, url=http://192.168.0.135:3000/actuator/heapdump), features=Endpoint(id=features, url=http://192.168.0.135:3000/actuator/features), scheduledtasks=Endpoint(id=scheduledtasks, url=http://192.168.0.135:3000/actuator/scheduledtasks), mappings=Endpoint(id=mappings, url=http://192.168.0.135:3000/actuator/mappings), beans=Endpoint(id=beans, url=http://192.168.0.135:3000/actuator/beans), configprops=Endpoint(id=configprops, url=http://192.168.0.135:3000/actuator/configprops), threaddump=Endpoint(id=threaddump, url=http://192.168.0.135:3000/actuator/threaddump), sbom=Endpoint(id=sbom, url=http://192.168.0.135:3000/actuator/sbom), metrics=Endpoint(id=metrics, url=http://192.168.0.135:3000/actuator/metrics), conditions=Endpoint(id=conditions, url=http://192.168.0.135:3000/actuator/conditions), info=Endpoint(id=info, url=http://192.168.0.135:3000/actuator/info)}), buildVersion=null, tags=Tags(values={}))
java.util.concurrent.TimeoutException: Did not observe any item or terminal signal within 10000ms in 'Mono.doOnNext ⇢ at org.springframework.web.reactive.function.client.DefaultWebClient$ObservationFilterFunction.filter(DefaultWebClient.java:745)' (and no fallback has been configured)
	at reactor.core.publisher.FluxTimeout$TimeoutMainSubscriber.handleTimeout(FluxTimeout.java:296)
	Suppressed: reactor.core.publisher.FluxOnAssembly$OnAssemblyException: 
Assembly trace from producer [reactor.core.publisher.MonoTimeout] :
	reactor.core.publisher.Mono.timeout(Mono.java:5007)
	de.codecentric.boot.admin.server.web.client.InstanceExchangeFilterFunctions.lambda$timeout$14(InstanceExchangeFilterFunctions.java:201)
Error has been observed at the following site(s):
	*__________Mono.timeout ⇢ at de.codecentric.boot.admin.server.web.client.InstanceExchangeFilterFunctions.lambda$timeout$14(InstanceExchangeFilterFunctions.java:201)
	|_           Mono.retry ⇢ at de.codecentric.boot.admin.server.web.client.InstanceExchangeFilterFunctions.lambda$retry$13(InstanceExchangeFilterFunctions.java:191)
	|_             Mono.map ⇢ at de.codecentric.boot.admin.server.web.client.InstanceExchangeFilterFunctions.lambda$handleCookies$18(InstanceExchangeFilterFunctions.java:230)
	|_             Mono.map ⇢ at de.codecentric.boot.admin.server.web.client.InstanceExchangeFilterFunctions.lambda$convertLegacyEndpoints$8(InstanceExchangeFilterFunctions.java:143)
	*__________Mono.flatMap ⇢ at de.codecentric.boot.admin.server.web.client.InstanceWebClient.lambda$setInstance$3(InstanceWebClient.java:61)
	*____________Mono.defer ⇢ at org.springframework.web.reactive.function.client.DefaultWebClient$DefaultRequestBodyUriSpec.lambda$exchange$12(DefaultWebClient.java:467)
	|_           checkpoint ⇢ Request to GET info [DefaultWebClient]
	|_   Mono.switchIfEmpty ⇢ at org.springframework.web.reactive.function.client.DefaultWebClient$DefaultRequestBodyUriSpec.lambda$exchange$12(DefaultWebClient.java:472)
	|_        Mono.doOnNext ⇢ at org.springframework.web.reactive.function.client.DefaultWebClient$DefaultRequestBodyUriSpec.lambda$exchange$12(DefaultWebClient.java:478)
	|_       Mono.doOnError ⇢ at org.springframework.web.reactive.function.client.DefaultWebClient$DefaultRequestBodyUriSpec.lambda$exchange$12(DefaultWebClient.java:479)
	|_       Mono.doFinally ⇢ at org.springframework.web.reactive.function.client.DefaultWebClient$DefaultRequestBodyUriSpec.lambda$exchange$12(DefaultWebClient.java:480)
	|_    Mono.contextWrite ⇢ at org.springframework.web.reactive.function.client.DefaultWebClient$DefaultRequestBodyUriSpec.lambda$exchange$12(DefaultWebClient.java:486)
	*__Mono.deferContextual ⇢ at org.springframework.web.reactive.function.client.DefaultWebClient$DefaultRequestBodyUriSpec.exchange(DefaultWebClient.java:453)
	|_         Mono.flatMap ⇢ at org.springframework.web.reactive.function.client.DefaultWebClient$DefaultRequestBodyUriSpec.exchangeToMono(DefaultWebClient.java:421)
	|_             Mono.log ⇢ at de.codecentric.boot.admin.server.services.InfoUpdater.doUpdateInfo(InfoUpdater.java:79)
Original Stack Trace:
		at reactor.core.publisher.FluxTimeout$TimeoutMainSubscriber.handleTimeout(FluxTimeout.java:296)
		at reactor.core.publisher.FluxTimeout$TimeoutMainSubscriber.doTimeout(FluxTimeout.java:281)
		at reactor.core.publisher.FluxTimeout$TimeoutTimeoutSubscriber.onNext(FluxTimeout.java:420)
		at reactor.core.publisher.FluxOnErrorReturn$ReturnSubscriber.onNext(FluxOnErrorReturn.java:162)
		at reactor.core.publisher.MonoDelay$MonoDelayRunnable.propagateDelay(MonoDelay.java:270)
		at reactor.core.publisher.MonoDelay$MonoDelayRunnable.run(MonoDelay.java:285)
		at reactor.core.scheduler.SchedulerTask.call(SchedulerTask.java:68)
		at reactor.core.scheduler.SchedulerTask.call(SchedulerTask.java:28)
		at java.base/java.util.concurrent.FutureTask.run$$$capture(FutureTask.java:317)
		at java.base/java.util.concurrent.FutureTask.run(FutureTask.java)
		at java.base/java.util.concurrent.ScheduledThreadPoolExecutor$ScheduledFutureTask.run(ScheduledThreadPoolExecutor.java:304)
		at java.base/java.util.concurrent.ThreadPoolExecutor.runWorker(ThreadPoolExecutor.java:1144)
		at java.base/java.util.concurrent.ThreadPoolExecutor$Worker.run(ThreadPoolExecutor.java:642)
		at java.base/java.lang.Thread.run(Thread.java:1583)
:2025-08-12 12:31:58.521  INFO parallel-12 d.c.b.a.s.s.StatusUpdater: Couldn't retrieve status for Instance(id=2a89a999aad6, version=4, registration=Registration(name=pig-auth, managementUrl=http://192.168.0.135:3000/actuator, healthUrl=http://192.168.0.135:3000/actuator/health, serviceUrl=http://192.168.0.135:3000, source=discovery), registered=true, statusInfo=StatusInfo(status=UP, details={nacosConfig={status=UP}, diskSpace={status=UP, details={total=285023932416, free=225721233408, threshold=10485760, path=D:\Loans\lending-framework\., exists=true}}, ping={status=UP}, discoveryComposite={status=UP, components={discoveryClient={status=UP, details={services=[pig-gateway, pig-monitor, pig-upms-biz, pig-auth]}}}}, refreshScope={status=UP}, nacosDiscovery={status=UP}, ssl={status=UP, details={validChains=[], invalidChains=[]}}, redis={status=UP, details={version=7.2.4}}}), statusTimestamp=2025-08-12T03:20:49.694016Z, info=Info(values={}), endpoints=Endpoints(endpoints={sentinel=Endpoint(id=sentinel, url=http://192.168.0.135:3000/actuator/sentinel), caches=Endpoint(id=caches, url=http://192.168.0.135:3000/actuator/caches), loggers=Endpoint(id=loggers, url=http://192.168.0.135:3000/actuator/loggers), logfile=Endpoint(id=logfile, url=http://192.168.0.135:3000/actuator/logfile), nacosconfig=Endpoint(id=nacosconfig, url=http://192.168.0.135:3000/actuator/nacosconfig), health=Endpoint(id=health, url=http://192.168.0.135:3000/actuator/health), refresh=Endpoint(id=refresh, url=http://192.168.0.135:3000/actuator/refresh), env=Endpoint(id=env, url=http://192.168.0.135:3000/actuator/env), nacosdiscovery=Endpoint(id=nacosdiscovery, url=http://192.168.0.135:3000/actuator/nacosdiscovery), serviceregistry=Endpoint(id=serviceregistry, url=http://192.168.0.135:3000/actuator/serviceregistry), heapdump=Endpoint(id=heapdump, url=http://192.168.0.135:3000/actuator/heapdump), features=Endpoint(id=features, url=http://192.168.0.135:3000/actuator/features), scheduledtasks=Endpoint(id=scheduledtasks, url=http://192.168.0.135:3000/actuator/scheduledtasks), mappings=Endpoint(id=mappings, url=http://192.168.0.135:3000/actuator/mappings), beans=Endpoint(id=beans, url=http://192.168.0.135:3000/actuator/beans), configprops=Endpoint(id=configprops, url=http://192.168.0.135:3000/actuator/configprops), threaddump=Endpoint(id=threaddump, url=http://192.168.0.135:3000/actuator/threaddump), sbom=Endpoint(id=sbom, url=http://192.168.0.135:3000/actuator/sbom), metrics=Endpoint(id=metrics, url=http://192.168.0.135:3000/actuator/metrics), conditions=Endpoint(id=conditions, url=http://192.168.0.135:3000/actuator/conditions), info=Endpoint(id=info, url=http://192.168.0.135:3000/actuator/info)}), buildVersion=null, tags=Tags(values={}))
java.util.concurrent.TimeoutException: Did not observe any item or terminal signal within 9000ms in 'Mono.log ⇢ at de.codecentric.boot.admin.server.services.StatusUpdater.doUpdateStatus(StatusUpdater.java:84)' (and no fallback has been configured)
	at reactor.core.publisher.FluxTimeout$TimeoutMainSubscriber.handleTimeout(FluxTimeout.java:296)
	Suppressed: reactor.core.publisher.FluxOnAssembly$OnAssemblyException: 
Assembly trace from producer [reactor.core.publisher.MonoTimeout] :
	reactor.core.publisher.Mono.timeout(Mono.java:5007)
	de.codecentric.boot.admin.server.services.StatusUpdater.doUpdateStatus(StatusUpdater.java:85)
Error has been observed at the following site(s):
	*__Mono.timeout ⇢ at de.codecentric.boot.admin.server.services.StatusUpdater.doUpdateStatus(StatusUpdater.java:85)
Original Stack Trace:
		at reactor.core.publisher.FluxTimeout$TimeoutMainSubscriber.handleTimeout(FluxTimeout.java:296)
		at reactor.core.publisher.FluxTimeout$TimeoutMainSubscriber.doTimeout(FluxTimeout.java:281)
		at reactor.core.publisher.FluxTimeout$TimeoutTimeoutSubscriber.onNext(FluxTimeout.java:420)
		at reactor.core.publisher.FluxOnErrorReturn$ReturnSubscriber.onNext(FluxOnErrorReturn.java:162)
		at reactor.core.publisher.MonoDelay$MonoDelayRunnable.propagateDelay(MonoDelay.java:270)
		at reactor.core.publisher.MonoDelay$MonoDelayRunnable.run(MonoDelay.java:285)
		at reactor.core.scheduler.SchedulerTask.call(SchedulerTask.java:68)
		at reactor.core.scheduler.SchedulerTask.call(SchedulerTask.java:28)
		at java.base/java.util.concurrent.FutureTask.run$$$capture(FutureTask.java:317)
		at java.base/java.util.concurrent.FutureTask.run(FutureTask.java)
		at java.base/java.util.concurrent.ScheduledThreadPoolExecutor$ScheduledFutureTask.run(ScheduledThreadPoolExecutor.java:304)
		at java.base/java.util.concurrent.ThreadPoolExecutor.runWorker(ThreadPoolExecutor.java:1144)
		at java.base/java.util.concurrent.ThreadPoolExecutor$Worker.run(ThreadPoolExecutor.java:642)
		at java.base/java.lang.Thread.run(Thread.java:1583)
:2025-08-12 12:32:12.205  INFO HeartBeat-Task-Scheduler-1 d.c.b.a.s.c.d.InstanceDiscoveryListener: Instance '2a89a999aad6' missing in DiscoveryClient services and will be removed.
:2025-08-12 12:39:41.553  WARN reactor-http-nio-2 d.c.b.a.s.s.InfoUpdater: Couldn't retrieve info for Instance(id=2a89a999aad6, version=9, registration=Registration(name=pig-auth, managementUrl=http://192.168.0.135:3000/actuator, healthUrl=http://192.168.0.135:3000/actuator/health, serviceUrl=http://192.168.0.135:3000, source=discovery), registered=true, statusInfo=StatusInfo(status=UP, details={nacosConfig={status=UP}, diskSpace={status=UP, details={total=285023932416, free=225720647680, threshold=10485760, path=D:\Loans\lending-framework\., exists=true}}, ping={status=UP}, discoveryComposite={status=UP, components={discoveryClient={status=UP, details={services=[pig-gateway, pig-monitor, pig-upms-biz, pig-auth]}}}}, refreshScope={status=UP}, nacosDiscovery={status=UP}, ssl={status=UP, details={validChains=[], invalidChains=[]}}, redis={status=UP, details={version=7.2.4}}}), statusTimestamp=2025-08-12T03:33:42.255194800Z, info=Info(values={}), endpoints=Endpoints(endpoints={sentinel=Endpoint(id=sentinel, url=http://192.168.0.135:3000/actuator/sentinel), caches=Endpoint(id=caches, url=http://192.168.0.135:3000/actuator/caches), loggers=Endpoint(id=loggers, url=http://192.168.0.135:3000/actuator/loggers), logfile=Endpoint(id=logfile, url=http://192.168.0.135:3000/actuator/logfile), nacosconfig=Endpoint(id=nacosconfig, url=http://192.168.0.135:3000/actuator/nacosconfig), health=Endpoint(id=health, url=http://192.168.0.135:3000/actuator/health), refresh=Endpoint(id=refresh, url=http://192.168.0.135:3000/actuator/refresh), env=Endpoint(id=env, url=http://192.168.0.135:3000/actuator/env), nacosdiscovery=Endpoint(id=nacosdiscovery, url=http://192.168.0.135:3000/actuator/nacosdiscovery), serviceregistry=Endpoint(id=serviceregistry, url=http://192.168.0.135:3000/actuator/serviceregistry), heapdump=Endpoint(id=heapdump, url=http://192.168.0.135:3000/actuator/heapdump), features=Endpoint(id=features, url=http://192.168.0.135:3000/actuator/features), scheduledtasks=Endpoint(id=scheduledtasks, url=http://192.168.0.135:3000/actuator/scheduledtasks), mappings=Endpoint(id=mappings, url=http://192.168.0.135:3000/actuator/mappings), beans=Endpoint(id=beans, url=http://192.168.0.135:3000/actuator/beans), configprops=Endpoint(id=configprops, url=http://192.168.0.135:3000/actuator/configprops), threaddump=Endpoint(id=threaddump, url=http://192.168.0.135:3000/actuator/threaddump), sbom=Endpoint(id=sbom, url=http://192.168.0.135:3000/actuator/sbom), metrics=Endpoint(id=metrics, url=http://192.168.0.135:3000/actuator/metrics), conditions=Endpoint(id=conditions, url=http://192.168.0.135:3000/actuator/conditions), info=Endpoint(id=info, url=http://192.168.0.135:3000/actuator/info)}), buildVersion=null, tags=Tags(values={}))
org.springframework.web.reactive.function.client.WebClientRequestException: Connection refused: getsockopt: /192.168.0.135:3000
	at org.springframework.web.reactive.function.client.ExchangeFunctions$DefaultExchangeFunction.lambda$wrapException$9(ExchangeFunctions.java:137)
	Suppressed: reactor.core.publisher.FluxOnAssembly$OnAssemblyException: 
Assembly trace from producer [reactor.core.publisher.MonoErrorSupplied] :
	reactor.core.publisher.Mono.error(Mono.java:315)
	org.springframework.web.reactive.function.client.ExchangeFunctions$DefaultExchangeFunction.wrapException(ExchangeFunctions.java:137)
Error has been observed at the following site(s):
	*____________Mono.error ⇢ at org.springframework.web.reactive.function.client.ExchangeFunctions$DefaultExchangeFunction.wrapException(ExchangeFunctions.java:137)
	*____Mono.onErrorResume ⇢ at org.springframework.web.reactive.function.client.ExchangeFunctions$DefaultExchangeFunction.exchange(ExchangeFunctions.java:106)
	|_             Mono.map ⇢ at org.springframework.web.reactive.function.client.ExchangeFunctions$DefaultExchangeFunction.exchange(ExchangeFunctions.java:107)
	|_        Mono.doOnNext ⇢ at org.springframework.web.reactive.function.client.DefaultWebClient$ObservationFilterFunction.filter(DefaultWebClient.java:745)
	|_         Mono.timeout ⇢ at de.codecentric.boot.admin.server.web.client.InstanceExchangeFilterFunctions.lambda$timeout$14(InstanceExchangeFilterFunctions.java:201)
	|_           Mono.retry ⇢ at de.codecentric.boot.admin.server.web.client.InstanceExchangeFilterFunctions.lambda$retry$13(InstanceExchangeFilterFunctions.java:191)
	|_             Mono.map ⇢ at de.codecentric.boot.admin.server.web.client.InstanceExchangeFilterFunctions.lambda$handleCookies$18(InstanceExchangeFilterFunctions.java:230)
	|_             Mono.map ⇢ at de.codecentric.boot.admin.server.web.client.InstanceExchangeFilterFunctions.lambda$convertLegacyEndpoints$8(InstanceExchangeFilterFunctions.java:143)
	*__________Mono.flatMap ⇢ at de.codecentric.boot.admin.server.web.client.InstanceWebClient.lambda$setInstance$3(InstanceWebClient.java:61)
	*____________Mono.defer ⇢ at org.springframework.web.reactive.function.client.DefaultWebClient$DefaultRequestBodyUriSpec.lambda$exchange$12(DefaultWebClient.java:467)
	|_           checkpoint ⇢ Request to GET info [DefaultWebClient]
	|_   Mono.switchIfEmpty ⇢ at org.springframework.web.reactive.function.client.DefaultWebClient$DefaultRequestBodyUriSpec.lambda$exchange$12(DefaultWebClient.java:472)
	|_        Mono.doOnNext ⇢ at org.springframework.web.reactive.function.client.DefaultWebClient$DefaultRequestBodyUriSpec.lambda$exchange$12(DefaultWebClient.java:478)
	|_       Mono.doOnError ⇢ at org.springframework.web.reactive.function.client.DefaultWebClient$DefaultRequestBodyUriSpec.lambda$exchange$12(DefaultWebClient.java:479)
	|_       Mono.doFinally ⇢ at org.springframework.web.reactive.function.client.DefaultWebClient$DefaultRequestBodyUriSpec.lambda$exchange$12(DefaultWebClient.java:480)
	|_    Mono.contextWrite ⇢ at org.springframework.web.reactive.function.client.DefaultWebClient$DefaultRequestBodyUriSpec.lambda$exchange$12(DefaultWebClient.java:486)
	*__Mono.deferContextual ⇢ at org.springframework.web.reactive.function.client.DefaultWebClient$DefaultRequestBodyUriSpec.exchange(DefaultWebClient.java:453)
	|_         Mono.flatMap ⇢ at org.springframework.web.reactive.function.client.DefaultWebClient$DefaultRequestBodyUriSpec.exchangeToMono(DefaultWebClient.java:421)
	|_             Mono.log ⇢ at de.codecentric.boot.admin.server.services.InfoUpdater.doUpdateInfo(InfoUpdater.java:79)
Original Stack Trace:
		at org.springframework.web.reactive.function.client.ExchangeFunctions$DefaultExchangeFunction.lambda$wrapException$9(ExchangeFunctions.java:137)
		at reactor.core.publisher.MonoErrorSupplied.subscribe(MonoErrorSupplied.java:55)
		at reactor.core.publisher.Mono.subscribe(Mono.java:4576)
		at reactor.core.publisher.FluxOnErrorResume$ResumeSubscriber.onError(FluxOnErrorResume.java:103)
		at reactor.core.publisher.FluxPeekFuseable$PeekFuseableSubscriber.onError(FluxPeekFuseable.java:234)
		at reactor.core.publisher.FluxPeekFuseable$PeekFuseableSubscriber.onError(FluxPeekFuseable.java:234)
		at reactor.core.publisher.FluxPeekFuseable$PeekFuseableSubscriber.onError(FluxPeekFuseable.java:234)
		at reactor.core.publisher.MonoNext$NextSubscriber.onError(MonoNext.java:93)
		at reactor.core.publisher.MonoFlatMapMany$FlatMapManyMain.onError(MonoFlatMapMany.java:205)
		at reactor.core.publisher.SerializedSubscriber.onError(SerializedSubscriber.java:124)
		at reactor.core.publisher.FluxRetryWhen$RetryWhenMainSubscriber.whenError(FluxRetryWhen.java:229)
		at reactor.core.publisher.FluxRetryWhen$RetryWhenOtherSubscriber.onError(FluxRetryWhen.java:279)
		at reactor.core.publisher.FluxContextWrite$ContextWriteSubscriber.onError(FluxContextWrite.java:121)
		at reactor.core.publisher.FluxConcatMapNoPrefetch$FluxConcatMapNoPrefetchSubscriber.maybeOnError(FluxConcatMapNoPrefetch.java:327)
		at reactor.core.publisher.FluxConcatMapNoPrefetch$FluxConcatMapNoPrefetchSubscriber.onNext(FluxConcatMapNoPrefetch.java:212)
		at reactor.core.publisher.FluxContextWrite$ContextWriteSubscriber.onNext(FluxContextWrite.java:107)
		at reactor.core.publisher.SinkManyEmitterProcessor.drain(SinkManyEmitterProcessor.java:476)
		at reactor.core.publisher.SinkManyEmitterProcessor$EmitterInner.drainParent(SinkManyEmitterProcessor.java:620)
		at reactor.core.publisher.FluxPublish$PubSubInner.request(FluxPublish.java:874)
		at reactor.core.publisher.FluxContextWrite$ContextWriteSubscriber.request(FluxContextWrite.java:136)
		at reactor.core.publisher.FluxConcatMapNoPrefetch$FluxConcatMapNoPrefetchSubscriber.request(FluxConcatMapNoPrefetch.java:337)
		at reactor.core.publisher.FluxContextWrite$ContextWriteSubscriber.request(FluxContextWrite.java:136)
		at reactor.core.publisher.Operators$DeferredSubscription.request(Operators.java:1743)
		at reactor.core.publisher.FluxRetryWhen$RetryWhenMainSubscriber.onError(FluxRetryWhen.java:196)
		at reactor.core.publisher.MonoCreate$DefaultMonoSink.error(MonoCreate.java:205)
		at reactor.netty.http.client.HttpClientConnect$MonoHttpConnect$ClientTransportSubscriber.onError(HttpClientConnect.java:323)
		at reactor.core.publisher.MonoCreate$DefaultMonoSink.error(MonoCreate.java:205)
		at reactor.netty.resources.DefaultPooledConnectionProvider$DisposableAcquire.onError(DefaultPooledConnectionProvider.java:174)
		at reactor.netty.internal.shaded.reactor.pool.AbstractPool$Borrower.fail(AbstractPool.java:479)
		at reactor.netty.internal.shaded.reactor.pool.SimpleDequePool.lambda$drainLoop$9(SimpleDequePool.java:443)
		at reactor.core.publisher.FluxDoOnEach$DoOnEachSubscriber.onError(FluxDoOnEach.java:186)
		at reactor.core.publisher.MonoCreate$DefaultMonoSink.error(MonoCreate.java:205)
		at reactor.netty.resources.DefaultPooledConnectionProvider$PooledConnectionAllocator$PooledConnectionInitializer.onError(DefaultPooledConnectionProvider.java:593)
		at reactor.core.publisher.MonoFlatMap$FlatMapMain.secondError(MonoFlatMap.java:241)
		at reactor.core.publisher.MonoFlatMap$FlatMapInner.onError(MonoFlatMap.java:315)
		at reactor.core.publisher.FluxOnErrorResume$ResumeSubscriber.onError(FluxOnErrorResume.java:106)
		at reactor.core.publisher.Operators.error(Operators.java:198)
		at reactor.core.publisher.MonoError.subscribe(MonoError.java:53)
		at reactor.core.publisher.Mono.subscribe(Mono.java:4576)
		at reactor.core.publisher.FluxOnErrorResume$ResumeSubscriber.onError(FluxOnErrorResume.java:103)
		at reactor.netty.transport.TransportConnector$MonoChannelPromise.tryFailure(TransportConnector.java:576)
		at reactor.netty.transport.TransportConnector$MonoChannelPromise.setFailure(TransportConnector.java:522)
		at reactor.netty.transport.TransportConnector.lambda$doConnect$7(TransportConnector.java:261)
		at io.netty.util.concurrent.DefaultPromise.notifyListener0(DefaultPromise.java:590)
		at io.netty.util.concurrent.DefaultPromise.notifyListeners0(DefaultPromise.java:583)
		at io.netty.util.concurrent.DefaultPromise.notifyListenersNow(DefaultPromise.java:559)
		at io.netty.util.concurrent.DefaultPromise.notifyListeners(DefaultPromise.java:492)
		at io.netty.util.concurrent.DefaultPromise.setValue0(DefaultPromise.java:636)
		at io.netty.util.concurrent.DefaultPromise.setFailure0(DefaultPromise.java:629)
		at io.netty.util.concurrent.DefaultPromise.tryFailure(DefaultPromise.java:118)
		at io.netty.channel.nio.AbstractNioChannel$AbstractNioUnsafe.fulfillConnectPromise(AbstractNioChannel.java:326)
		at io.netty.channel.nio.AbstractNioChannel$AbstractNioUnsafe.finishConnect(AbstractNioChannel.java:342)
		at io.netty.channel.nio.NioEventLoop.processSelectedKey(NioEventLoop.java:784)
		at io.netty.channel.nio.NioEventLoop.processSelectedKeysOptimized(NioEventLoop.java:732)
		at io.netty.channel.nio.NioEventLoop.processSelectedKeys(NioEventLoop.java:658)
		at io.netty.channel.nio.NioEventLoop.run(NioEventLoop.java:562)
		at io.netty.util.concurrent.SingleThreadEventExecutor$4.run(SingleThreadEventExecutor.java:998)
		at io.netty.util.internal.ThreadExecutorMap$2.run(ThreadExecutorMap.java:74)
		at io.netty.util.concurrent.FastThreadLocalRunnable.run(FastThreadLocalRunnable.java:30)
		at java.base/java.lang.Thread.run(Thread.java:1583)
Caused by: io.netty.channel.AbstractChannel$AnnotatedConnectException: Connection refused: getsockopt: /192.168.0.135:3000
	Suppressed: reactor.core.publisher.FluxOnAssembly$OnAssemblyException: 
Assembly trace from producer [reactor.core.publisher.MonoError] :
	reactor.core.publisher.FluxOnErrorResume$ResumeSubscriber.onError(FluxOnErrorResume.java:94)
	reactor.netty.transport.TransportConnector$MonoChannelPromise.tryFailure(TransportConnector.java:576)
Error has been observed at the following site(s):
	*__FluxOnErrorResume$ResumeSubscriber.onError ⇢ at reactor.netty.transport.TransportConnector$MonoChannelPromise.tryFailure(TransportConnector.java:576)
	*__________________________Mono.onErrorResume ⇢ at reactor.netty.transport.TransportConnector.lambda$connect$6(TransportConnector.java:166)
	*________________________________Mono.flatMap ⇢ at reactor.netty.transport.TransportConnector.connect(TransportConnector.java:165)
	*_________________________________Mono.create ⇢ at reactor.netty.resources.DefaultPooledConnectionProvider$PooledConnectionAllocator.connectChannel(DefaultPooledConnectionProvider.java:537)
	*_________________________________Mono.create ⇢ at reactor.netty.resources.PooledConnectionProvider.acquire(PooledConnectionProvider.java:130)
	*_________________________________Mono.create ⇢ at reactor.netty.http.client.HttpClientConnect$MonoHttpConnect.subscribe(HttpClientConnect.java:213)
	|_                             Mono.retryWhen ⇢ at reactor.netty.http.client.HttpClientConnect$MonoHttpConnect.subscribe(HttpClientConnect.java:287)
	*______________________________Flux.concatMap ⇢ at reactor.util.retry.RetrySpec.lambda$generateCompanion$6(RetrySpec.java:360)
	|_                           Flux.onErrorStop ⇢ at reactor.util.retry.RetrySpec.lambda$generateCompanion$6(RetrySpec.java:379)
	*________________________Flux.deferContextual ⇢ at reactor.util.retry.RetrySpec.generateCompanion(RetrySpec.java:357)
	*____________________________Mono.flatMapMany ⇢ at reactor.netty.http.client.HttpClientFinalizer.responseConnection(HttpClientFinalizer.java:102)
	|_                                  Flux.next ⇢ at org.springframework.http.client.reactive.ReactorClientHttpConnector.connect(ReactorClientHttpConnector.java:174)
	|_                            Mono.doOnCancel ⇢ at org.springframework.http.client.reactive.ReactorClientHttpConnector.connect(ReactorClientHttpConnector.java:175)
	|_                           Mono.doOnRequest ⇢ at org.springframework.web.reactive.function.client.ExchangeFunctions$DefaultExchangeFunction.exchange(ExchangeFunctions.java:104)
	|_                            Mono.doOnCancel ⇢ at org.springframework.web.reactive.function.client.ExchangeFunctions$DefaultExchangeFunction.exchange(ExchangeFunctions.java:105)
Original Stack Trace:
Caused by: java.net.ConnectException: Connection refused: getsockopt
	at java.base/sun.nio.ch.Net.pollConnect(Native Method)
	at java.base/sun.nio.ch.Net.pollConnectNow(Net.java:682)
	at java.base/sun.nio.ch.SocketChannelImpl.finishConnect(SocketChannelImpl.java:973)
	at io.netty.channel.socket.nio.NioSocketChannel.doFinishConnect(NioSocketChannel.java:336)
	at io.netty.channel.nio.AbstractNioChannel$AbstractNioUnsafe.finishConnect(AbstractNioChannel.java:339)
	at io.netty.channel.nio.NioEventLoop.processSelectedKey(NioEventLoop.java:784)
	at io.netty.channel.nio.NioEventLoop.processSelectedKeysOptimized(NioEventLoop.java:732)
	at io.netty.channel.nio.NioEventLoop.processSelectedKeys(NioEventLoop.java:658)
	at io.netty.channel.nio.NioEventLoop.run(NioEventLoop.java:562)
	at io.netty.util.concurrent.SingleThreadEventExecutor$4.run(SingleThreadEventExecutor.java:998)
	at io.netty.util.internal.ThreadExecutorMap$2.run(ThreadExecutorMap.java:74)
	at io.netty.util.concurrent.FastThreadLocalRunnable.run(FastThreadLocalRunnable.java:30)
	at java.base/java.lang.Thread.run(Thread.java:1583)
:2025-08-12 12:39:42.378  INFO HeartBeat-Task-Scheduler-1 d.c.b.a.s.c.d.InstanceDiscoveryListener: Instance '2a89a999aad6' missing in DiscoveryClient services and will be removed.
:2025-08-12 12:53:41.549  WARN reactor-http-nio-5 d.c.b.a.s.s.InfoUpdater: Couldn't retrieve info for Instance(id=6c5174ebe48d, version=15, registration=Registration(name=pig-upms-biz, managementUrl=http://192.168.0.135:4000/actuator, healthUrl=http://192.168.0.135:4000/actuator/health, serviceUrl=http://192.168.0.135:4000, source=discovery), registered=true, statusInfo=StatusInfo(status=UP, details={nacosConfig={status=UP}, diskSpace={status=UP, details={total=285023932416, free=225734217728, threshold=10485760, path=D:\Loans\lending-framework\., exists=true}}, ping={status=UP}, discoveryComposite={status=UP, components={discoveryClient={status=UP, details={services=[pig-gateway, pig-monitor, pig-upms-biz, pig-auth]}}}}, refreshScope={status=UP}, nacosDiscovery={status=UP}, ssl={status=UP, details={validChains=[], invalidChains=[]}}, db={status=UP, details={database=MySQL, validationQuery=isValid()}}, redis={status=UP, details={version=7.2.4}}}), statusTimestamp=2025-08-12T02:30:10.881816700Z, info=Info(values={}), endpoints=Endpoints(endpoints={sentinel=Endpoint(id=sentinel, url=http://192.168.0.135:4000/actuator/sentinel), caches=Endpoint(id=caches, url=http://192.168.0.135:4000/actuator/caches), loggers=Endpoint(id=loggers, url=http://192.168.0.135:4000/actuator/loggers), logfile=Endpoint(id=logfile, url=http://192.168.0.135:4000/actuator/logfile), nacosconfig=Endpoint(id=nacosconfig, url=http://192.168.0.135:4000/actuator/nacosconfig), health=Endpoint(id=health, url=http://192.168.0.135:4000/actuator/health), refresh=Endpoint(id=refresh, url=http://192.168.0.135:4000/actuator/refresh), env=Endpoint(id=env, url=http://192.168.0.135:4000/actuator/env), nacosdiscovery=Endpoint(id=nacosdiscovery, url=http://192.168.0.135:4000/actuator/nacosdiscovery), serviceregistry=Endpoint(id=serviceregistry, url=http://192.168.0.135:4000/actuator/serviceregistry), heapdump=Endpoint(id=heapdump, url=http://192.168.0.135:4000/actuator/heapdump), features=Endpoint(id=features, url=http://192.168.0.135:4000/actuator/features), scheduledtasks=Endpoint(id=scheduledtasks, url=http://192.168.0.135:4000/actuator/scheduledtasks), mappings=Endpoint(id=mappings, url=http://192.168.0.135:4000/actuator/mappings), beans=Endpoint(id=beans, url=http://192.168.0.135:4000/actuator/beans), configprops=Endpoint(id=configprops, url=http://192.168.0.135:4000/actuator/configprops), threaddump=Endpoint(id=threaddump, url=http://192.168.0.135:4000/actuator/threaddump), sbom=Endpoint(id=sbom, url=http://192.168.0.135:4000/actuator/sbom), metrics=Endpoint(id=metrics, url=http://192.168.0.135:4000/actuator/metrics), conditions=Endpoint(id=conditions, url=http://192.168.0.135:4000/actuator/conditions), info=Endpoint(id=info, url=http://192.168.0.135:4000/actuator/info)}), buildVersion=null, tags=Tags(values={}))
org.springframework.web.reactive.function.client.WebClientRequestException: Connection refused: getsockopt: /192.168.0.135:4000
	at org.springframework.web.reactive.function.client.ExchangeFunctions$DefaultExchangeFunction.lambda$wrapException$9(ExchangeFunctions.java:137)
	Suppressed: reactor.core.publisher.FluxOnAssembly$OnAssemblyException: 
Assembly trace from producer [reactor.core.publisher.MonoErrorSupplied] :
	reactor.core.publisher.Mono.error(Mono.java:315)
	org.springframework.web.reactive.function.client.ExchangeFunctions$DefaultExchangeFunction.wrapException(ExchangeFunctions.java:137)
Error has been observed at the following site(s):
	*____________Mono.error ⇢ at org.springframework.web.reactive.function.client.ExchangeFunctions$DefaultExchangeFunction.wrapException(ExchangeFunctions.java:137)
	*____Mono.onErrorResume ⇢ at org.springframework.web.reactive.function.client.ExchangeFunctions$DefaultExchangeFunction.exchange(ExchangeFunctions.java:106)
	|_             Mono.map ⇢ at org.springframework.web.reactive.function.client.ExchangeFunctions$DefaultExchangeFunction.exchange(ExchangeFunctions.java:107)
	|_        Mono.doOnNext ⇢ at org.springframework.web.reactive.function.client.DefaultWebClient$ObservationFilterFunction.filter(DefaultWebClient.java:745)
	|_         Mono.timeout ⇢ at de.codecentric.boot.admin.server.web.client.InstanceExchangeFilterFunctions.lambda$timeout$14(InstanceExchangeFilterFunctions.java:201)
	|_           Mono.retry ⇢ at de.codecentric.boot.admin.server.web.client.InstanceExchangeFilterFunctions.lambda$retry$13(InstanceExchangeFilterFunctions.java:191)
	|_             Mono.map ⇢ at de.codecentric.boot.admin.server.web.client.InstanceExchangeFilterFunctions.lambda$handleCookies$18(InstanceExchangeFilterFunctions.java:230)
	|_             Mono.map ⇢ at de.codecentric.boot.admin.server.web.client.InstanceExchangeFilterFunctions.lambda$convertLegacyEndpoints$8(InstanceExchangeFilterFunctions.java:143)
	*__________Mono.flatMap ⇢ at de.codecentric.boot.admin.server.web.client.InstanceWebClient.lambda$setInstance$3(InstanceWebClient.java:61)
	*____________Mono.defer ⇢ at org.springframework.web.reactive.function.client.DefaultWebClient$DefaultRequestBodyUriSpec.lambda$exchange$12(DefaultWebClient.java:467)
	|_           checkpoint ⇢ Request to GET info [DefaultWebClient]
	|_   Mono.switchIfEmpty ⇢ at org.springframework.web.reactive.function.client.DefaultWebClient$DefaultRequestBodyUriSpec.lambda$exchange$12(DefaultWebClient.java:472)
	|_        Mono.doOnNext ⇢ at org.springframework.web.reactive.function.client.DefaultWebClient$DefaultRequestBodyUriSpec.lambda$exchange$12(DefaultWebClient.java:478)
	|_       Mono.doOnError ⇢ at org.springframework.web.reactive.function.client.DefaultWebClient$DefaultRequestBodyUriSpec.lambda$exchange$12(DefaultWebClient.java:479)
	|_       Mono.doFinally ⇢ at org.springframework.web.reactive.function.client.DefaultWebClient$DefaultRequestBodyUriSpec.lambda$exchange$12(DefaultWebClient.java:480)
	|_    Mono.contextWrite ⇢ at org.springframework.web.reactive.function.client.DefaultWebClient$DefaultRequestBodyUriSpec.lambda$exchange$12(DefaultWebClient.java:486)
	*__Mono.deferContextual ⇢ at org.springframework.web.reactive.function.client.DefaultWebClient$DefaultRequestBodyUriSpec.exchange(DefaultWebClient.java:453)
	|_         Mono.flatMap ⇢ at org.springframework.web.reactive.function.client.DefaultWebClient$DefaultRequestBodyUriSpec.exchangeToMono(DefaultWebClient.java:421)
	|_             Mono.log ⇢ at de.codecentric.boot.admin.server.services.InfoUpdater.doUpdateInfo(InfoUpdater.java:79)
Original Stack Trace:
		at org.springframework.web.reactive.function.client.ExchangeFunctions$DefaultExchangeFunction.lambda$wrapException$9(ExchangeFunctions.java:137)
		at reactor.core.publisher.MonoErrorSupplied.subscribe(MonoErrorSupplied.java:55)
		at reactor.core.publisher.Mono.subscribe(Mono.java:4576)
		at reactor.core.publisher.FluxOnErrorResume$ResumeSubscriber.onError(FluxOnErrorResume.java:103)
		at reactor.core.publisher.FluxPeekFuseable$PeekFuseableSubscriber.onError(FluxPeekFuseable.java:234)
		at reactor.core.publisher.FluxPeekFuseable$PeekFuseableSubscriber.onError(FluxPeekFuseable.java:234)
		at reactor.core.publisher.FluxPeekFuseable$PeekFuseableSubscriber.onError(FluxPeekFuseable.java:234)
		at reactor.core.publisher.MonoNext$NextSubscriber.onError(MonoNext.java:93)
		at reactor.core.publisher.MonoFlatMapMany$FlatMapManyMain.onError(MonoFlatMapMany.java:205)
		at reactor.core.publisher.SerializedSubscriber.onError(SerializedSubscriber.java:124)
		at reactor.core.publisher.FluxRetryWhen$RetryWhenMainSubscriber.whenError(FluxRetryWhen.java:229)
		at reactor.core.publisher.FluxRetryWhen$RetryWhenOtherSubscriber.onError(FluxRetryWhen.java:279)
		at reactor.core.publisher.FluxContextWrite$ContextWriteSubscriber.onError(FluxContextWrite.java:121)
		at reactor.core.publisher.FluxConcatMapNoPrefetch$FluxConcatMapNoPrefetchSubscriber.maybeOnError(FluxConcatMapNoPrefetch.java:327)
		at reactor.core.publisher.FluxConcatMapNoPrefetch$FluxConcatMapNoPrefetchSubscriber.onNext(FluxConcatMapNoPrefetch.java:212)
		at reactor.core.publisher.FluxContextWrite$ContextWriteSubscriber.onNext(FluxContextWrite.java:107)
		at reactor.core.publisher.SinkManyEmitterProcessor.drain(SinkManyEmitterProcessor.java:476)
		at reactor.core.publisher.SinkManyEmitterProcessor$EmitterInner.drainParent(SinkManyEmitterProcessor.java:620)
		at reactor.core.publisher.FluxPublish$PubSubInner.request(FluxPublish.java:874)
		at reactor.core.publisher.FluxContextWrite$ContextWriteSubscriber.request(FluxContextWrite.java:136)
		at reactor.core.publisher.FluxConcatMapNoPrefetch$FluxConcatMapNoPrefetchSubscriber.request(FluxConcatMapNoPrefetch.java:337)
		at reactor.core.publisher.FluxContextWrite$ContextWriteSubscriber.request(FluxContextWrite.java:136)
		at reactor.core.publisher.Operators$DeferredSubscription.request(Operators.java:1743)
		at reactor.core.publisher.FluxRetryWhen$RetryWhenMainSubscriber.onError(FluxRetryWhen.java:196)
		at reactor.core.publisher.MonoCreate$DefaultMonoSink.error(MonoCreate.java:205)
		at reactor.netty.http.client.HttpClientConnect$MonoHttpConnect$ClientTransportSubscriber.onError(HttpClientConnect.java:323)
		at reactor.core.publisher.MonoCreate$DefaultMonoSink.error(MonoCreate.java:205)
		at reactor.netty.resources.DefaultPooledConnectionProvider$DisposableAcquire.onError(DefaultPooledConnectionProvider.java:174)
		at reactor.netty.internal.shaded.reactor.pool.AbstractPool$Borrower.fail(AbstractPool.java:479)
		at reactor.netty.internal.shaded.reactor.pool.SimpleDequePool.lambda$drainLoop$9(SimpleDequePool.java:443)
		at reactor.core.publisher.FluxDoOnEach$DoOnEachSubscriber.onError(FluxDoOnEach.java:186)
		at reactor.core.publisher.MonoCreate$DefaultMonoSink.error(MonoCreate.java:205)
		at reactor.netty.resources.DefaultPooledConnectionProvider$PooledConnectionAllocator$PooledConnectionInitializer.onError(DefaultPooledConnectionProvider.java:593)
		at reactor.core.publisher.MonoFlatMap$FlatMapMain.secondError(MonoFlatMap.java:241)
		at reactor.core.publisher.MonoFlatMap$FlatMapInner.onError(MonoFlatMap.java:315)
		at reactor.core.publisher.FluxOnErrorResume$ResumeSubscriber.onError(FluxOnErrorResume.java:106)
		at reactor.core.publisher.Operators.error(Operators.java:198)
		at reactor.core.publisher.MonoError.subscribe(MonoError.java:53)
		at reactor.core.publisher.Mono.subscribe(Mono.java:4576)
		at reactor.core.publisher.FluxOnErrorResume$ResumeSubscriber.onError(FluxOnErrorResume.java:103)
		at reactor.netty.transport.TransportConnector$MonoChannelPromise.tryFailure(TransportConnector.java:576)
		at reactor.netty.transport.TransportConnector$MonoChannelPromise.setFailure(TransportConnector.java:522)
		at reactor.netty.transport.TransportConnector.lambda$doConnect$7(TransportConnector.java:261)
		at io.netty.util.concurrent.DefaultPromise.notifyListener0(DefaultPromise.java:590)
		at io.netty.util.concurrent.DefaultPromise.notifyListeners0(DefaultPromise.java:583)
		at io.netty.util.concurrent.DefaultPromise.notifyListenersNow(DefaultPromise.java:559)
		at io.netty.util.concurrent.DefaultPromise.notifyListeners(DefaultPromise.java:492)
		at io.netty.util.concurrent.DefaultPromise.setValue0(DefaultPromise.java:636)
		at io.netty.util.concurrent.DefaultPromise.setFailure0(DefaultPromise.java:629)
		at io.netty.util.concurrent.DefaultPromise.tryFailure(DefaultPromise.java:118)
		at io.netty.channel.nio.AbstractNioChannel$AbstractNioUnsafe.fulfillConnectPromise(AbstractNioChannel.java:326)
		at io.netty.channel.nio.AbstractNioChannel$AbstractNioUnsafe.finishConnect(AbstractNioChannel.java:342)
		at io.netty.channel.nio.NioEventLoop.processSelectedKey(NioEventLoop.java:784)
		at io.netty.channel.nio.NioEventLoop.processSelectedKeysOptimized(NioEventLoop.java:732)
		at io.netty.channel.nio.NioEventLoop.processSelectedKeys(NioEventLoop.java:658)
		at io.netty.channel.nio.NioEventLoop.run(NioEventLoop.java:562)
		at io.netty.util.concurrent.SingleThreadEventExecutor$4.run(SingleThreadEventExecutor.java:998)
		at io.netty.util.internal.ThreadExecutorMap$2.run(ThreadExecutorMap.java:74)
		at io.netty.util.concurrent.FastThreadLocalRunnable.run(FastThreadLocalRunnable.java:30)
		at java.base/java.lang.Thread.run(Thread.java:1583)
Caused by: io.netty.channel.AbstractChannel$AnnotatedConnectException: Connection refused: getsockopt: /192.168.0.135:4000
	Suppressed: reactor.core.publisher.FluxOnAssembly$OnAssemblyException: 
Assembly trace from producer [reactor.core.publisher.MonoError] :
	reactor.core.publisher.FluxOnErrorResume$ResumeSubscriber.onError(FluxOnErrorResume.java:94)
	reactor.netty.transport.TransportConnector$MonoChannelPromise.tryFailure(TransportConnector.java:576)
Error has been observed at the following site(s):
	*__FluxOnErrorResume$ResumeSubscriber.onError ⇢ at reactor.netty.transport.TransportConnector$MonoChannelPromise.tryFailure(TransportConnector.java:576)
	*__________________________Mono.onErrorResume ⇢ at reactor.netty.transport.TransportConnector.lambda$connect$6(TransportConnector.java:166)
	*________________________________Mono.flatMap ⇢ at reactor.netty.transport.TransportConnector.connect(TransportConnector.java:165)
	*_________________________________Mono.create ⇢ at reactor.netty.resources.DefaultPooledConnectionProvider$PooledConnectionAllocator.connectChannel(DefaultPooledConnectionProvider.java:537)
	*_________________________________Mono.create ⇢ at reactor.netty.resources.PooledConnectionProvider.acquire(PooledConnectionProvider.java:130)
	*_________________________________Mono.create ⇢ at reactor.netty.http.client.HttpClientConnect$MonoHttpConnect.subscribe(HttpClientConnect.java:213)
	|_                             Mono.retryWhen ⇢ at reactor.netty.http.client.HttpClientConnect$MonoHttpConnect.subscribe(HttpClientConnect.java:287)
	*______________________________Flux.concatMap ⇢ at reactor.util.retry.RetrySpec.lambda$generateCompanion$6(RetrySpec.java:360)
	|_                           Flux.onErrorStop ⇢ at reactor.util.retry.RetrySpec.lambda$generateCompanion$6(RetrySpec.java:379)
	*________________________Flux.deferContextual ⇢ at reactor.util.retry.RetrySpec.generateCompanion(RetrySpec.java:357)
	*____________________________Mono.flatMapMany ⇢ at reactor.netty.http.client.HttpClientFinalizer.responseConnection(HttpClientFinalizer.java:102)
	|_                                  Flux.next ⇢ at org.springframework.http.client.reactive.ReactorClientHttpConnector.connect(ReactorClientHttpConnector.java:174)
	|_                            Mono.doOnCancel ⇢ at org.springframework.http.client.reactive.ReactorClientHttpConnector.connect(ReactorClientHttpConnector.java:175)
	|_                           Mono.doOnRequest ⇢ at org.springframework.web.reactive.function.client.ExchangeFunctions$DefaultExchangeFunction.exchange(ExchangeFunctions.java:104)
	|_                            Mono.doOnCancel ⇢ at org.springframework.web.reactive.function.client.ExchangeFunctions$DefaultExchangeFunction.exchange(ExchangeFunctions.java:105)
Original Stack Trace:
Caused by: java.net.ConnectException: Connection refused: getsockopt
	at java.base/sun.nio.ch.Net.pollConnect(Native Method)
	at java.base/sun.nio.ch.Net.pollConnectNow(Net.java:682)
	at java.base/sun.nio.ch.SocketChannelImpl.finishConnect(SocketChannelImpl.java:973)
	at io.netty.channel.socket.nio.NioSocketChannel.doFinishConnect(NioSocketChannel.java:336)
	at io.netty.channel.nio.AbstractNioChannel$AbstractNioUnsafe.finishConnect(AbstractNioChannel.java:339)
	at io.netty.channel.nio.NioEventLoop.processSelectedKey(NioEventLoop.java:784)
	at io.netty.channel.nio.NioEventLoop.processSelectedKeysOptimized(NioEventLoop.java:732)
	at io.netty.channel.nio.NioEventLoop.processSelectedKeys(NioEventLoop.java:658)
	at io.netty.channel.nio.NioEventLoop.run(NioEventLoop.java:562)
	at io.netty.util.concurrent.SingleThreadEventExecutor$4.run(SingleThreadEventExecutor.java:998)
	at io.netty.util.internal.ThreadExecutorMap$2.run(ThreadExecutorMap.java:74)
	at io.netty.util.concurrent.FastThreadLocalRunnable.run(FastThreadLocalRunnable.java:30)
	at java.base/java.lang.Thread.run(Thread.java:1583)
:2025-08-12 12:53:42.607  INFO HeartBeat-Task-Scheduler-1 d.c.b.a.s.c.d.InstanceDiscoveryListener: Instance '6c5174ebe48d' missing in DiscoveryClient services and will be removed.
:2025-08-12 16:37:11.547  INFO reactor-http-nio-9 d.c.b.a.s.s.StatusUpdater: Couldn't retrieve status for Instance(id=6c5174ebe48d, version=19, registration=Registration(name=pig-upms-biz, managementUrl=http://192.168.0.135:4000/actuator, healthUrl=http://192.168.0.135:4000/actuator/health, serviceUrl=http://192.168.0.135:4000, source=discovery), registered=true, statusInfo=StatusInfo(status=UP, details={nacosConfig={status=UP}, diskSpace={status=UP, details={total=285023932416, free=225714458624, threshold=10485760, path=D:\Loans\lending-framework\., exists=true}}, ping={status=UP}, discoveryComposite={status=UP, components={discoveryClient={status=UP, details={services=[pig-gateway, pig-monitor, pig-upms-biz, pig-auth]}}}}, refreshScope={status=UP}, nacosDiscovery={status=UP}, ssl={status=UP, details={validChains=[], invalidChains=[]}}, db={status=UP, details={database=MySQL, validationQuery=isValid()}}, redis={status=UP, details={version=7.2.4}}}), statusTimestamp=2025-08-12T03:54:12.819446Z, info=Info(values={}), endpoints=Endpoints(endpoints={sentinel=Endpoint(id=sentinel, url=http://192.168.0.135:4000/actuator/sentinel), caches=Endpoint(id=caches, url=http://192.168.0.135:4000/actuator/caches), loggers=Endpoint(id=loggers, url=http://192.168.0.135:4000/actuator/loggers), logfile=Endpoint(id=logfile, url=http://192.168.0.135:4000/actuator/logfile), nacosconfig=Endpoint(id=nacosconfig, url=http://192.168.0.135:4000/actuator/nacosconfig), health=Endpoint(id=health, url=http://192.168.0.135:4000/actuator/health), refresh=Endpoint(id=refresh, url=http://192.168.0.135:4000/actuator/refresh), env=Endpoint(id=env, url=http://192.168.0.135:4000/actuator/env), nacosdiscovery=Endpoint(id=nacosdiscovery, url=http://192.168.0.135:4000/actuator/nacosdiscovery), serviceregistry=Endpoint(id=serviceregistry, url=http://192.168.0.135:4000/actuator/serviceregistry), heapdump=Endpoint(id=heapdump, url=http://192.168.0.135:4000/actuator/heapdump), features=Endpoint(id=features, url=http://192.168.0.135:4000/actuator/features), scheduledtasks=Endpoint(id=scheduledtasks, url=http://192.168.0.135:4000/actuator/scheduledtasks), mappings=Endpoint(id=mappings, url=http://192.168.0.135:4000/actuator/mappings), beans=Endpoint(id=beans, url=http://192.168.0.135:4000/actuator/beans), configprops=Endpoint(id=configprops, url=http://192.168.0.135:4000/actuator/configprops), threaddump=Endpoint(id=threaddump, url=http://192.168.0.135:4000/actuator/threaddump), sbom=Endpoint(id=sbom, url=http://192.168.0.135:4000/actuator/sbom), metrics=Endpoint(id=metrics, url=http://192.168.0.135:4000/actuator/metrics), conditions=Endpoint(id=conditions, url=http://192.168.0.135:4000/actuator/conditions), info=Endpoint(id=info, url=http://192.168.0.135:4000/actuator/info)}), buildVersion=null, tags=Tags(values={}))
org.springframework.web.reactive.function.client.WebClientRequestException: Connection refused: getsockopt: /192.168.0.135:4000
	at org.springframework.web.reactive.function.client.ExchangeFunctions$DefaultExchangeFunction.lambda$wrapException$9(ExchangeFunctions.java:137)
	Suppressed: reactor.core.publisher.FluxOnAssembly$OnAssemblyException: 
Assembly trace from producer [reactor.core.publisher.MonoErrorSupplied] :
	reactor.core.publisher.Mono.error(Mono.java:315)
	org.springframework.web.reactive.function.client.ExchangeFunctions$DefaultExchangeFunction.wrapException(ExchangeFunctions.java:137)
Error has been observed at the following site(s):
	*____________Mono.error ⇢ at org.springframework.web.reactive.function.client.ExchangeFunctions$DefaultExchangeFunction.wrapException(ExchangeFunctions.java:137)
	*____Mono.onErrorResume ⇢ at org.springframework.web.reactive.function.client.ExchangeFunctions$DefaultExchangeFunction.exchange(ExchangeFunctions.java:106)
	|_             Mono.map ⇢ at org.springframework.web.reactive.function.client.ExchangeFunctions$DefaultExchangeFunction.exchange(ExchangeFunctions.java:107)
	|_        Mono.doOnNext ⇢ at org.springframework.web.reactive.function.client.DefaultWebClient$ObservationFilterFunction.filter(DefaultWebClient.java:745)
	|_         Mono.timeout ⇢ at de.codecentric.boot.admin.server.web.client.InstanceExchangeFilterFunctions.lambda$timeout$14(InstanceExchangeFilterFunctions.java:201)
	|_           Mono.retry ⇢ at de.codecentric.boot.admin.server.web.client.InstanceExchangeFilterFunctions.lambda$retry$13(InstanceExchangeFilterFunctions.java:191)
	|_             Mono.map ⇢ at de.codecentric.boot.admin.server.web.client.InstanceExchangeFilterFunctions.lambda$handleCookies$18(InstanceExchangeFilterFunctions.java:230)
	|_             Mono.map ⇢ at de.codecentric.boot.admin.server.web.client.InstanceExchangeFilterFunctions.lambda$convertLegacyEndpoints$8(InstanceExchangeFilterFunctions.java:143)
	*__________Mono.flatMap ⇢ at de.codecentric.boot.admin.server.web.client.InstanceWebClient.lambda$setInstance$3(InstanceWebClient.java:61)
	*____________Mono.defer ⇢ at org.springframework.web.reactive.function.client.DefaultWebClient$DefaultRequestBodyUriSpec.lambda$exchange$12(DefaultWebClient.java:467)
	|_           checkpoint ⇢ Request to GET health [DefaultWebClient]
	|_   Mono.switchIfEmpty ⇢ at org.springframework.web.reactive.function.client.DefaultWebClient$DefaultRequestBodyUriSpec.lambda$exchange$12(DefaultWebClient.java:472)
	|_        Mono.doOnNext ⇢ at org.springframework.web.reactive.function.client.DefaultWebClient$DefaultRequestBodyUriSpec.lambda$exchange$12(DefaultWebClient.java:478)
	|_       Mono.doOnError ⇢ at org.springframework.web.reactive.function.client.DefaultWebClient$DefaultRequestBodyUriSpec.lambda$exchange$12(DefaultWebClient.java:479)
	|_       Mono.doFinally ⇢ at org.springframework.web.reactive.function.client.DefaultWebClient$DefaultRequestBodyUriSpec.lambda$exchange$12(DefaultWebClient.java:480)
	|_    Mono.contextWrite ⇢ at org.springframework.web.reactive.function.client.DefaultWebClient$DefaultRequestBodyUriSpec.lambda$exchange$12(DefaultWebClient.java:486)
	*__Mono.deferContextual ⇢ at org.springframework.web.reactive.function.client.DefaultWebClient$DefaultRequestBodyUriSpec.exchange(DefaultWebClient.java:453)
	|_         Mono.flatMap ⇢ at org.springframework.web.reactive.function.client.DefaultWebClient$DefaultRequestBodyUriSpec.exchangeToMono(DefaultWebClient.java:421)
	|_             Mono.log ⇢ at de.codecentric.boot.admin.server.services.StatusUpdater.doUpdateStatus(StatusUpdater.java:84)
	|_         Mono.timeout ⇢ at de.codecentric.boot.admin.server.services.StatusUpdater.doUpdateStatus(StatusUpdater.java:85)
Original Stack Trace:
		at org.springframework.web.reactive.function.client.ExchangeFunctions$DefaultExchangeFunction.lambda$wrapException$9(ExchangeFunctions.java:137)
		at reactor.core.publisher.MonoErrorSupplied.subscribe(MonoErrorSupplied.java:55)
		at reactor.core.publisher.Mono.subscribe(Mono.java:4576)
		at reactor.core.publisher.FluxOnErrorResume$ResumeSubscriber.onError(FluxOnErrorResume.java:103)
		at reactor.core.publisher.FluxPeekFuseable$PeekFuseableSubscriber.onError(FluxPeekFuseable.java:234)
		at reactor.core.publisher.FluxPeekFuseable$PeekFuseableSubscriber.onError(FluxPeekFuseable.java:234)
		at reactor.core.publisher.FluxPeekFuseable$PeekFuseableSubscriber.onError(FluxPeekFuseable.java:234)
		at reactor.core.publisher.MonoNext$NextSubscriber.onError(MonoNext.java:93)
		at reactor.core.publisher.MonoFlatMapMany$FlatMapManyMain.onError(MonoFlatMapMany.java:205)
		at reactor.core.publisher.SerializedSubscriber.onError(SerializedSubscriber.java:124)
		at reactor.core.publisher.FluxRetryWhen$RetryWhenMainSubscriber.whenError(FluxRetryWhen.java:229)
		at reactor.core.publisher.FluxRetryWhen$RetryWhenOtherSubscriber.onError(FluxRetryWhen.java:279)
		at reactor.core.publisher.FluxContextWrite$ContextWriteSubscriber.onError(FluxContextWrite.java:121)
		at reactor.core.publisher.FluxConcatMapNoPrefetch$FluxConcatMapNoPrefetchSubscriber.maybeOnError(FluxConcatMapNoPrefetch.java:327)
		at reactor.core.publisher.FluxConcatMapNoPrefetch$FluxConcatMapNoPrefetchSubscriber.onNext(FluxConcatMapNoPrefetch.java:212)
		at reactor.core.publisher.FluxContextWrite$ContextWriteSubscriber.onNext(FluxContextWrite.java:107)
		at reactor.core.publisher.SinkManyEmitterProcessor.drain(SinkManyEmitterProcessor.java:476)
		at reactor.core.publisher.SinkManyEmitterProcessor$EmitterInner.drainParent(SinkManyEmitterProcessor.java:620)
		at reactor.core.publisher.FluxPublish$PubSubInner.request(FluxPublish.java:874)
		at reactor.core.publisher.FluxContextWrite$ContextWriteSubscriber.request(FluxContextWrite.java:136)
		at reactor.core.publisher.FluxConcatMapNoPrefetch$FluxConcatMapNoPrefetchSubscriber.request(FluxConcatMapNoPrefetch.java:337)
		at reactor.core.publisher.FluxContextWrite$ContextWriteSubscriber.request(FluxContextWrite.java:136)
		at reactor.core.publisher.Operators$DeferredSubscription.request(Operators.java:1743)
		at reactor.core.publisher.FluxRetryWhen$RetryWhenMainSubscriber.onError(FluxRetryWhen.java:196)
		at reactor.core.publisher.MonoCreate$DefaultMonoSink.error(MonoCreate.java:205)
		at reactor.netty.http.client.HttpClientConnect$MonoHttpConnect$ClientTransportSubscriber.onError(HttpClientConnect.java:323)
		at reactor.core.publisher.MonoCreate$DefaultMonoSink.error(MonoCreate.java:205)
		at reactor.netty.resources.DefaultPooledConnectionProvider$DisposableAcquire.onError(DefaultPooledConnectionProvider.java:174)
		at reactor.netty.internal.shaded.reactor.pool.AbstractPool$Borrower.fail(AbstractPool.java:479)
		at reactor.netty.internal.shaded.reactor.pool.SimpleDequePool.lambda$drainLoop$9(SimpleDequePool.java:443)
		at reactor.core.publisher.FluxDoOnEach$DoOnEachSubscriber.onError(FluxDoOnEach.java:186)
		at reactor.core.publisher.MonoCreate$DefaultMonoSink.error(MonoCreate.java:205)
		at reactor.netty.resources.DefaultPooledConnectionProvider$PooledConnectionAllocator$PooledConnectionInitializer.onError(DefaultPooledConnectionProvider.java:593)
		at reactor.core.publisher.MonoFlatMap$FlatMapMain.secondError(MonoFlatMap.java:241)
		at reactor.core.publisher.MonoFlatMap$FlatMapInner.onError(MonoFlatMap.java:315)
		at reactor.core.publisher.FluxOnErrorResume$ResumeSubscriber.onError(FluxOnErrorResume.java:106)
		at reactor.core.publisher.Operators.error(Operators.java:198)
		at reactor.core.publisher.MonoError.subscribe(MonoError.java:53)
		at reactor.core.publisher.Mono.subscribe(Mono.java:4576)
		at reactor.core.publisher.FluxOnErrorResume$ResumeSubscriber.onError(FluxOnErrorResume.java:103)
		at reactor.netty.transport.TransportConnector$MonoChannelPromise.tryFailure(TransportConnector.java:576)
		at reactor.netty.transport.TransportConnector$MonoChannelPromise.setFailure(TransportConnector.java:522)
		at reactor.netty.transport.TransportConnector.lambda$doConnect$7(TransportConnector.java:261)
		at io.netty.util.concurrent.DefaultPromise.notifyListener0(DefaultPromise.java:590)
		at io.netty.util.concurrent.DefaultPromise.notifyListeners0(DefaultPromise.java:583)
		at io.netty.util.concurrent.DefaultPromise.notifyListenersNow(DefaultPromise.java:559)
		at io.netty.util.concurrent.DefaultPromise.notifyListeners(DefaultPromise.java:492)
		at io.netty.util.concurrent.DefaultPromise.setValue0(DefaultPromise.java:636)
		at io.netty.util.concurrent.DefaultPromise.setFailure0(DefaultPromise.java:629)
		at io.netty.util.concurrent.DefaultPromise.tryFailure(DefaultPromise.java:118)
		at io.netty.channel.nio.AbstractNioChannel$AbstractNioUnsafe.fulfillConnectPromise(AbstractNioChannel.java:326)
		at io.netty.channel.nio.AbstractNioChannel$AbstractNioUnsafe.finishConnect(AbstractNioChannel.java:342)
		at io.netty.channel.nio.NioEventLoop.processSelectedKey(NioEventLoop.java:784)
		at io.netty.channel.nio.NioEventLoop.processSelectedKeysOptimized(NioEventLoop.java:732)
		at io.netty.channel.nio.NioEventLoop.processSelectedKeys(NioEventLoop.java:658)
		at io.netty.channel.nio.NioEventLoop.run(NioEventLoop.java:562)
		at io.netty.util.concurrent.SingleThreadEventExecutor$4.run(SingleThreadEventExecutor.java:998)
		at io.netty.util.internal.ThreadExecutorMap$2.run(ThreadExecutorMap.java:74)
		at io.netty.util.concurrent.FastThreadLocalRunnable.run(FastThreadLocalRunnable.java:30)
		at java.base/java.lang.Thread.run(Thread.java:1583)
Caused by: io.netty.channel.AbstractChannel$AnnotatedConnectException: Connection refused: getsockopt: /192.168.0.135:4000
	Suppressed: reactor.core.publisher.FluxOnAssembly$OnAssemblyException: 
Assembly trace from producer [reactor.core.publisher.MonoError] :
	reactor.core.publisher.FluxOnErrorResume$ResumeSubscriber.onError(FluxOnErrorResume.java:94)
	reactor.netty.transport.TransportConnector$MonoChannelPromise.tryFailure(TransportConnector.java:576)
Error has been observed at the following site(s):
	*__FluxOnErrorResume$ResumeSubscriber.onError ⇢ at reactor.netty.transport.TransportConnector$MonoChannelPromise.tryFailure(TransportConnector.java:576)
	*__________________________Mono.onErrorResume ⇢ at reactor.netty.transport.TransportConnector.lambda$connect$6(TransportConnector.java:166)
	*________________________________Mono.flatMap ⇢ at reactor.netty.transport.TransportConnector.connect(TransportConnector.java:165)
	*_________________________________Mono.create ⇢ at reactor.netty.resources.DefaultPooledConnectionProvider$PooledConnectionAllocator.connectChannel(DefaultPooledConnectionProvider.java:537)
	*_________________________________Mono.create ⇢ at reactor.netty.resources.PooledConnectionProvider.acquire(PooledConnectionProvider.java:130)
	*_________________________________Mono.create ⇢ at reactor.netty.http.client.HttpClientConnect$MonoHttpConnect.subscribe(HttpClientConnect.java:213)
	|_                             Mono.retryWhen ⇢ at reactor.netty.http.client.HttpClientConnect$MonoHttpConnect.subscribe(HttpClientConnect.java:287)
	*______________________________Flux.concatMap ⇢ at reactor.util.retry.RetrySpec.lambda$generateCompanion$6(RetrySpec.java:360)
	|_                           Flux.onErrorStop ⇢ at reactor.util.retry.RetrySpec.lambda$generateCompanion$6(RetrySpec.java:379)
	*________________________Flux.deferContextual ⇢ at reactor.util.retry.RetrySpec.generateCompanion(RetrySpec.java:357)
	*____________________________Mono.flatMapMany ⇢ at reactor.netty.http.client.HttpClientFinalizer.responseConnection(HttpClientFinalizer.java:102)
	|_                                  Flux.next ⇢ at org.springframework.http.client.reactive.ReactorClientHttpConnector.connect(ReactorClientHttpConnector.java:174)
	|_                            Mono.doOnCancel ⇢ at org.springframework.http.client.reactive.ReactorClientHttpConnector.connect(ReactorClientHttpConnector.java:175)
	|_                           Mono.doOnRequest ⇢ at org.springframework.web.reactive.function.client.ExchangeFunctions$DefaultExchangeFunction.exchange(ExchangeFunctions.java:104)
	|_                            Mono.doOnCancel ⇢ at org.springframework.web.reactive.function.client.ExchangeFunctions$DefaultExchangeFunction.exchange(ExchangeFunctions.java:105)
Original Stack Trace:
Caused by: java.net.ConnectException: Connection refused: getsockopt
	at java.base/sun.nio.ch.Net.pollConnect(Native Method)
	at java.base/sun.nio.ch.Net.pollConnectNow(Net.java:682)
	at java.base/sun.nio.ch.SocketChannelImpl.finishConnect(SocketChannelImpl.java:973)
	at io.netty.channel.socket.nio.NioSocketChannel.doFinishConnect(NioSocketChannel.java:336)
	at io.netty.channel.nio.AbstractNioChannel$AbstractNioUnsafe.finishConnect(AbstractNioChannel.java:339)
	at io.netty.channel.nio.NioEventLoop.processSelectedKey(NioEventLoop.java:784)
	at io.netty.channel.nio.NioEventLoop.processSelectedKeysOptimized(NioEventLoop.java:732)
	at io.netty.channel.nio.NioEventLoop.processSelectedKeys(NioEventLoop.java:658)
	at io.netty.channel.nio.NioEventLoop.run(NioEventLoop.java:562)
	at io.netty.util.concurrent.SingleThreadEventExecutor$4.run(SingleThreadEventExecutor.java:998)
	at io.netty.util.internal.ThreadExecutorMap$2.run(ThreadExecutorMap.java:74)
	at io.netty.util.concurrent.FastThreadLocalRunnable.run(FastThreadLocalRunnable.java:30)
	at java.base/java.lang.Thread.run(Thread.java:1583)
:2025-08-12 16:37:17.526  INFO HeartBeat-Task-Scheduler-1 d.c.b.a.s.c.d.InstanceDiscoveryListener: Instance '6c5174ebe48d' missing in DiscoveryClient services and will be removed.
:2025-08-12 16:37:41.528  WARN reactor-http-nio-10 d.c.b.a.s.s.InfoUpdater: Couldn't retrieve info for Instance(id=2a89a999aad6, version=13, registration=Registration(name=pig-auth, managementUrl=http://192.168.0.135:3000/actuator, healthUrl=http://192.168.0.135:3000/actuator/health, serviceUrl=http://192.168.0.135:3000, source=discovery), registered=true, statusInfo=StatusInfo(status=UP, details={nacosConfig={status=UP}, diskSpace={status=UP, details={total=285023932416, free=225718476800, threshold=10485760, path=D:\Loans\lending-framework\., exists=true}}, ping={status=UP}, discoveryComposite={status=UP, components={discoveryClient={status=UP, details={services=[pig-gateway, pig-monitor, pig-upms-biz, pig-auth]}}}}, refreshScope={status=UP}, nacosDiscovery={status=UP}, ssl={status=UP, details={validChains=[], invalidChains=[]}}, redis={status=UP, details={version=7.2.4}}}), statusTimestamp=2025-08-12T03:40:12.422902900Z, info=Info(values={}), endpoints=Endpoints(endpoints={sentinel=Endpoint(id=sentinel, url=http://192.168.0.135:3000/actuator/sentinel), caches=Endpoint(id=caches, url=http://192.168.0.135:3000/actuator/caches), loggers=Endpoint(id=loggers, url=http://192.168.0.135:3000/actuator/loggers), logfile=Endpoint(id=logfile, url=http://192.168.0.135:3000/actuator/logfile), nacosconfig=Endpoint(id=nacosconfig, url=http://192.168.0.135:3000/actuator/nacosconfig), health=Endpoint(id=health, url=http://192.168.0.135:3000/actuator/health), refresh=Endpoint(id=refresh, url=http://192.168.0.135:3000/actuator/refresh), env=Endpoint(id=env, url=http://192.168.0.135:3000/actuator/env), nacosdiscovery=Endpoint(id=nacosdiscovery, url=http://192.168.0.135:3000/actuator/nacosdiscovery), serviceregistry=Endpoint(id=serviceregistry, url=http://192.168.0.135:3000/actuator/serviceregistry), heapdump=Endpoint(id=heapdump, url=http://192.168.0.135:3000/actuator/heapdump), features=Endpoint(id=features, url=http://192.168.0.135:3000/actuator/features), scheduledtasks=Endpoint(id=scheduledtasks, url=http://192.168.0.135:3000/actuator/scheduledtasks), mappings=Endpoint(id=mappings, url=http://192.168.0.135:3000/actuator/mappings), beans=Endpoint(id=beans, url=http://192.168.0.135:3000/actuator/beans), configprops=Endpoint(id=configprops, url=http://192.168.0.135:3000/actuator/configprops), threaddump=Endpoint(id=threaddump, url=http://192.168.0.135:3000/actuator/threaddump), sbom=Endpoint(id=sbom, url=http://192.168.0.135:3000/actuator/sbom), metrics=Endpoint(id=metrics, url=http://192.168.0.135:3000/actuator/metrics), conditions=Endpoint(id=conditions, url=http://192.168.0.135:3000/actuator/conditions), info=Endpoint(id=info, url=http://192.168.0.135:3000/actuator/info)}), buildVersion=null, tags=Tags(values={}))
org.springframework.web.reactive.function.client.WebClientRequestException: Connection refused: getsockopt: /192.168.0.135:3000
	at org.springframework.web.reactive.function.client.ExchangeFunctions$DefaultExchangeFunction.lambda$wrapException$9(ExchangeFunctions.java:137)
	Suppressed: reactor.core.publisher.FluxOnAssembly$OnAssemblyException: 
Assembly trace from producer [reactor.core.publisher.MonoErrorSupplied] :
	reactor.core.publisher.Mono.error(Mono.java:315)
	org.springframework.web.reactive.function.client.ExchangeFunctions$DefaultExchangeFunction.wrapException(ExchangeFunctions.java:137)
Error has been observed at the following site(s):
	*____________Mono.error ⇢ at org.springframework.web.reactive.function.client.ExchangeFunctions$DefaultExchangeFunction.wrapException(ExchangeFunctions.java:137)
	*____Mono.onErrorResume ⇢ at org.springframework.web.reactive.function.client.ExchangeFunctions$DefaultExchangeFunction.exchange(ExchangeFunctions.java:106)
	|_             Mono.map ⇢ at org.springframework.web.reactive.function.client.ExchangeFunctions$DefaultExchangeFunction.exchange(ExchangeFunctions.java:107)
	|_        Mono.doOnNext ⇢ at org.springframework.web.reactive.function.client.DefaultWebClient$ObservationFilterFunction.filter(DefaultWebClient.java:745)
	|_         Mono.timeout ⇢ at de.codecentric.boot.admin.server.web.client.InstanceExchangeFilterFunctions.lambda$timeout$14(InstanceExchangeFilterFunctions.java:201)
	|_           Mono.retry ⇢ at de.codecentric.boot.admin.server.web.client.InstanceExchangeFilterFunctions.lambda$retry$13(InstanceExchangeFilterFunctions.java:191)
	|_             Mono.map ⇢ at de.codecentric.boot.admin.server.web.client.InstanceExchangeFilterFunctions.lambda$handleCookies$18(InstanceExchangeFilterFunctions.java:230)
	|_             Mono.map ⇢ at de.codecentric.boot.admin.server.web.client.InstanceExchangeFilterFunctions.lambda$convertLegacyEndpoints$8(InstanceExchangeFilterFunctions.java:143)
	*__________Mono.flatMap ⇢ at de.codecentric.boot.admin.server.web.client.InstanceWebClient.lambda$setInstance$3(InstanceWebClient.java:61)
	*____________Mono.defer ⇢ at org.springframework.web.reactive.function.client.DefaultWebClient$DefaultRequestBodyUriSpec.lambda$exchange$12(DefaultWebClient.java:467)
	|_           checkpoint ⇢ Request to GET info [DefaultWebClient]
	|_   Mono.switchIfEmpty ⇢ at org.springframework.web.reactive.function.client.DefaultWebClient$DefaultRequestBodyUriSpec.lambda$exchange$12(DefaultWebClient.java:472)
	|_        Mono.doOnNext ⇢ at org.springframework.web.reactive.function.client.DefaultWebClient$DefaultRequestBodyUriSpec.lambda$exchange$12(DefaultWebClient.java:478)
	|_       Mono.doOnError ⇢ at org.springframework.web.reactive.function.client.DefaultWebClient$DefaultRequestBodyUriSpec.lambda$exchange$12(DefaultWebClient.java:479)
	|_       Mono.doFinally ⇢ at org.springframework.web.reactive.function.client.DefaultWebClient$DefaultRequestBodyUriSpec.lambda$exchange$12(DefaultWebClient.java:480)
	|_    Mono.contextWrite ⇢ at org.springframework.web.reactive.function.client.DefaultWebClient$DefaultRequestBodyUriSpec.lambda$exchange$12(DefaultWebClient.java:486)
	*__Mono.deferContextual ⇢ at org.springframework.web.reactive.function.client.DefaultWebClient$DefaultRequestBodyUriSpec.exchange(DefaultWebClient.java:453)
	|_         Mono.flatMap ⇢ at org.springframework.web.reactive.function.client.DefaultWebClient$DefaultRequestBodyUriSpec.exchangeToMono(DefaultWebClient.java:421)
	|_             Mono.log ⇢ at de.codecentric.boot.admin.server.services.InfoUpdater.doUpdateInfo(InfoUpdater.java:79)
Original Stack Trace:
		at org.springframework.web.reactive.function.client.ExchangeFunctions$DefaultExchangeFunction.lambda$wrapException$9(ExchangeFunctions.java:137)
		at reactor.core.publisher.MonoErrorSupplied.subscribe(MonoErrorSupplied.java:55)
		at reactor.core.publisher.Mono.subscribe(Mono.java:4576)
		at reactor.core.publisher.FluxOnErrorResume$ResumeSubscriber.onError(FluxOnErrorResume.java:103)
		at reactor.core.publisher.FluxPeekFuseable$PeekFuseableSubscriber.onError(FluxPeekFuseable.java:234)
		at reactor.core.publisher.FluxPeekFuseable$PeekFuseableSubscriber.onError(FluxPeekFuseable.java:234)
		at reactor.core.publisher.FluxPeekFuseable$PeekFuseableSubscriber.onError(FluxPeekFuseable.java:234)
		at reactor.core.publisher.MonoNext$NextSubscriber.onError(MonoNext.java:93)
		at reactor.core.publisher.MonoFlatMapMany$FlatMapManyMain.onError(MonoFlatMapMany.java:205)
		at reactor.core.publisher.SerializedSubscriber.onError(SerializedSubscriber.java:124)
		at reactor.core.publisher.FluxRetryWhen$RetryWhenMainSubscriber.whenError(FluxRetryWhen.java:229)
		at reactor.core.publisher.FluxRetryWhen$RetryWhenOtherSubscriber.onError(FluxRetryWhen.java:279)
		at reactor.core.publisher.FluxContextWrite$ContextWriteSubscriber.onError(FluxContextWrite.java:121)
		at reactor.core.publisher.FluxConcatMapNoPrefetch$FluxConcatMapNoPrefetchSubscriber.maybeOnError(FluxConcatMapNoPrefetch.java:327)
		at reactor.core.publisher.FluxConcatMapNoPrefetch$FluxConcatMapNoPrefetchSubscriber.onNext(FluxConcatMapNoPrefetch.java:212)
		at reactor.core.publisher.FluxContextWrite$ContextWriteSubscriber.onNext(FluxContextWrite.java:107)
		at reactor.core.publisher.SinkManyEmitterProcessor.drain(SinkManyEmitterProcessor.java:476)
		at reactor.core.publisher.SinkManyEmitterProcessor$EmitterInner.drainParent(SinkManyEmitterProcessor.java:620)
		at reactor.core.publisher.FluxPublish$PubSubInner.request(FluxPublish.java:874)
		at reactor.core.publisher.FluxContextWrite$ContextWriteSubscriber.request(FluxContextWrite.java:136)
		at reactor.core.publisher.FluxConcatMapNoPrefetch$FluxConcatMapNoPrefetchSubscriber.request(FluxConcatMapNoPrefetch.java:337)
		at reactor.core.publisher.FluxContextWrite$ContextWriteSubscriber.request(FluxContextWrite.java:136)
		at reactor.core.publisher.Operators$DeferredSubscription.request(Operators.java:1743)
		at reactor.core.publisher.FluxRetryWhen$RetryWhenMainSubscriber.onError(FluxRetryWhen.java:196)
		at reactor.core.publisher.MonoCreate$DefaultMonoSink.error(MonoCreate.java:205)
		at reactor.netty.http.client.HttpClientConnect$MonoHttpConnect$ClientTransportSubscriber.onError(HttpClientConnect.java:323)
		at reactor.core.publisher.MonoCreate$DefaultMonoSink.error(MonoCreate.java:205)
		at reactor.netty.resources.DefaultPooledConnectionProvider$DisposableAcquire.onError(DefaultPooledConnectionProvider.java:174)
		at reactor.netty.internal.shaded.reactor.pool.AbstractPool$Borrower.fail(AbstractPool.java:479)
		at reactor.netty.internal.shaded.reactor.pool.SimpleDequePool.lambda$drainLoop$9(SimpleDequePool.java:443)
		at reactor.core.publisher.FluxDoOnEach$DoOnEachSubscriber.onError(FluxDoOnEach.java:186)
		at reactor.core.publisher.MonoCreate$DefaultMonoSink.error(MonoCreate.java:205)
		at reactor.netty.resources.DefaultPooledConnectionProvider$PooledConnectionAllocator$PooledConnectionInitializer.onError(DefaultPooledConnectionProvider.java:593)
		at reactor.core.publisher.MonoFlatMap$FlatMapMain.secondError(MonoFlatMap.java:241)
		at reactor.core.publisher.MonoFlatMap$FlatMapInner.onError(MonoFlatMap.java:315)
		at reactor.core.publisher.FluxOnErrorResume$ResumeSubscriber.onError(FluxOnErrorResume.java:106)
		at reactor.core.publisher.Operators.error(Operators.java:198)
		at reactor.core.publisher.MonoError.subscribe(MonoError.java:53)
		at reactor.core.publisher.Mono.subscribe(Mono.java:4576)
		at reactor.core.publisher.FluxOnErrorResume$ResumeSubscriber.onError(FluxOnErrorResume.java:103)
		at reactor.netty.transport.TransportConnector$MonoChannelPromise.tryFailure(TransportConnector.java:576)
		at reactor.netty.transport.TransportConnector$MonoChannelPromise.setFailure(TransportConnector.java:522)
		at reactor.netty.transport.TransportConnector.lambda$doConnect$7(TransportConnector.java:261)
		at io.netty.util.concurrent.DefaultPromise.notifyListener0(DefaultPromise.java:590)
		at io.netty.util.concurrent.DefaultPromise.notifyListeners0(DefaultPromise.java:583)
		at io.netty.util.concurrent.DefaultPromise.notifyListenersNow(DefaultPromise.java:559)
		at io.netty.util.concurrent.DefaultPromise.notifyListeners(DefaultPromise.java:492)
		at io.netty.util.concurrent.DefaultPromise.setValue0(DefaultPromise.java:636)
		at io.netty.util.concurrent.DefaultPromise.setFailure0(DefaultPromise.java:629)
		at io.netty.util.concurrent.DefaultPromise.tryFailure(DefaultPromise.java:118)
		at io.netty.channel.nio.AbstractNioChannel$AbstractNioUnsafe.fulfillConnectPromise(AbstractNioChannel.java:326)
		at io.netty.channel.nio.AbstractNioChannel$AbstractNioUnsafe.finishConnect(AbstractNioChannel.java:342)
		at io.netty.channel.nio.NioEventLoop.processSelectedKey(NioEventLoop.java:784)
		at io.netty.channel.nio.NioEventLoop.processSelectedKeysOptimized(NioEventLoop.java:732)
		at io.netty.channel.nio.NioEventLoop.processSelectedKeys(NioEventLoop.java:658)
		at io.netty.channel.nio.NioEventLoop.run(NioEventLoop.java:562)
		at io.netty.util.concurrent.SingleThreadEventExecutor$4.run(SingleThreadEventExecutor.java:998)
		at io.netty.util.internal.ThreadExecutorMap$2.run(ThreadExecutorMap.java:74)
		at io.netty.util.concurrent.FastThreadLocalRunnable.run(FastThreadLocalRunnable.java:30)
		at java.base/java.lang.Thread.run(Thread.java:1583)
Caused by: io.netty.channel.AbstractChannel$AnnotatedConnectException: Connection refused: getsockopt: /192.168.0.135:3000
	Suppressed: reactor.core.publisher.FluxOnAssembly$OnAssemblyException: 
Assembly trace from producer [reactor.core.publisher.MonoError] :
	reactor.core.publisher.FluxOnErrorResume$ResumeSubscriber.onError(FluxOnErrorResume.java:94)
	reactor.netty.transport.TransportConnector$MonoChannelPromise.tryFailure(TransportConnector.java:576)
Error has been observed at the following site(s):
	*__FluxOnErrorResume$ResumeSubscriber.onError ⇢ at reactor.netty.transport.TransportConnector$MonoChannelPromise.tryFailure(TransportConnector.java:576)
	*__________________________Mono.onErrorResume ⇢ at reactor.netty.transport.TransportConnector.lambda$connect$6(TransportConnector.java:166)
	*________________________________Mono.flatMap ⇢ at reactor.netty.transport.TransportConnector.connect(TransportConnector.java:165)
	*_________________________________Mono.create ⇢ at reactor.netty.resources.DefaultPooledConnectionProvider$PooledConnectionAllocator.connectChannel(DefaultPooledConnectionProvider.java:537)
	*_________________________________Mono.create ⇢ at reactor.netty.resources.PooledConnectionProvider.acquire(PooledConnectionProvider.java:130)
	*_________________________________Mono.create ⇢ at reactor.netty.http.client.HttpClientConnect$MonoHttpConnect.subscribe(HttpClientConnect.java:213)
	|_                             Mono.retryWhen ⇢ at reactor.netty.http.client.HttpClientConnect$MonoHttpConnect.subscribe(HttpClientConnect.java:287)
	*______________________________Flux.concatMap ⇢ at reactor.util.retry.RetrySpec.lambda$generateCompanion$6(RetrySpec.java:360)
	|_                           Flux.onErrorStop ⇢ at reactor.util.retry.RetrySpec.lambda$generateCompanion$6(RetrySpec.java:379)
	*________________________Flux.deferContextual ⇢ at reactor.util.retry.RetrySpec.generateCompanion(RetrySpec.java:357)
	*____________________________Mono.flatMapMany ⇢ at reactor.netty.http.client.HttpClientFinalizer.responseConnection(HttpClientFinalizer.java:102)
	|_                                  Flux.next ⇢ at org.springframework.http.client.reactive.ReactorClientHttpConnector.connect(ReactorClientHttpConnector.java:174)
	|_                            Mono.doOnCancel ⇢ at org.springframework.http.client.reactive.ReactorClientHttpConnector.connect(ReactorClientHttpConnector.java:175)
	|_                           Mono.doOnRequest ⇢ at org.springframework.web.reactive.function.client.ExchangeFunctions$DefaultExchangeFunction.exchange(ExchangeFunctions.java:104)
	|_                            Mono.doOnCancel ⇢ at org.springframework.web.reactive.function.client.ExchangeFunctions$DefaultExchangeFunction.exchange(ExchangeFunctions.java:105)
Original Stack Trace:
Caused by: java.net.ConnectException: Connection refused: getsockopt
	at java.base/sun.nio.ch.Net.pollConnect(Native Method)
	at java.base/sun.nio.ch.Net.pollConnectNow(Net.java:682)
	at java.base/sun.nio.ch.SocketChannelImpl.finishConnect(SocketChannelImpl.java:973)
	at io.netty.channel.socket.nio.NioSocketChannel.doFinishConnect(NioSocketChannel.java:336)
	at io.netty.channel.nio.AbstractNioChannel$AbstractNioUnsafe.finishConnect(AbstractNioChannel.java:339)
	at io.netty.channel.nio.NioEventLoop.processSelectedKey(NioEventLoop.java:784)
	at io.netty.channel.nio.NioEventLoop.processSelectedKeysOptimized(NioEventLoop.java:732)
	at io.netty.channel.nio.NioEventLoop.processSelectedKeys(NioEventLoop.java:658)
	at io.netty.channel.nio.NioEventLoop.run(NioEventLoop.java:562)
	at io.netty.util.concurrent.SingleThreadEventExecutor$4.run(SingleThreadEventExecutor.java:998)
	at io.netty.util.internal.ThreadExecutorMap$2.run(ThreadExecutorMap.java:74)
	at io.netty.util.concurrent.FastThreadLocalRunnable.run(FastThreadLocalRunnable.java:30)
	at java.base/java.lang.Thread.run(Thread.java:1583)
:2025-08-12 16:38:11.554  INFO reactor-http-nio-13 d.c.b.a.s.s.StatusUpdater: Couldn't retrieve status for Instance(id=26ff2ea1cf50, version=2, registration=Registration(name=pig-gateway, managementUrl=http://192.168.0.135:9999/actuator, healthUrl=http://192.168.0.135:9999/actuator/health, serviceUrl=http://192.168.0.135:9999, source=discovery), registered=true, statusInfo=StatusInfo(status=UP, details={reactiveDiscoveryClients={status=UP, components={Simple Reactive Discovery Client={status=UP, details={services=[]}}}}, nacosConfig={status=UP}, diskSpace={status=UP, details={total=285023932416, free=225701498880, threshold=10485760, path=D:\Loans\lending-framework\., exists=true}}, ping={status=UP}, discoveryComposite={status=UP, components={discoveryClient={status=UP, details={services=[pig-gateway, pig-monitor, pig-upms-biz, pig-auth]}}}}, refreshScope={status=UP}, nacosDiscovery={status=UP}, ssl={status=UP, details={validChains=[], invalidChains=[]}}, redis={status=UP, details={version=7.2.4}}}), statusTimestamp=2025-08-12T02:13:40.445485200Z, info=Info(values={}), endpoints=Endpoints(endpoints={caches=Endpoint(id=caches, url=http://192.168.0.135:9999/actuator/caches), loggers=Endpoint(id=loggers, url=http://192.168.0.135:9999/actuator/loggers), nacosconfig=Endpoint(id=nacosconfig, url=http://192.168.0.135:9999/actuator/nacosconfig), health=Endpoint(id=health, url=http://192.168.0.135:9999/actuator/health), refresh=Endpoint(id=refresh, url=http://192.168.0.135:9999/actuator/refresh), env=Endpoint(id=env, url=http://192.168.0.135:9999/actuator/env), nacosdiscovery=Endpoint(id=nacosdiscovery, url=http://192.168.0.135:9999/actuator/nacosdiscovery), serviceregistry=Endpoint(id=serviceregistry, url=http://192.168.0.135:9999/actuator/serviceregistry), heapdump=Endpoint(id=heapdump, url=http://192.168.0.135:9999/actuator/heapdump), features=Endpoint(id=features, url=http://192.168.0.135:9999/actuator/features), scheduledtasks=Endpoint(id=scheduledtasks, url=http://192.168.0.135:9999/actuator/scheduledtasks), mappings=Endpoint(id=mappings, url=http://192.168.0.135:9999/actuator/mappings), beans=Endpoint(id=beans, url=http://192.168.0.135:9999/actuator/beans), configprops=Endpoint(id=configprops, url=http://192.168.0.135:9999/actuator/configprops), threaddump=Endpoint(id=threaddump, url=http://192.168.0.135:9999/actuator/threaddump), sbom=Endpoint(id=sbom, url=http://192.168.0.135:9999/actuator/sbom), metrics=Endpoint(id=metrics, url=http://192.168.0.135:9999/actuator/metrics), conditions=Endpoint(id=conditions, url=http://192.168.0.135:9999/actuator/conditions), info=Endpoint(id=info, url=http://192.168.0.135:9999/actuator/info)}), buildVersion=null, tags=Tags(values={}))
org.springframework.web.reactive.function.client.WebClientRequestException: Connection refused: getsockopt: /192.168.0.135:9999
	at org.springframework.web.reactive.function.client.ExchangeFunctions$DefaultExchangeFunction.lambda$wrapException$9(ExchangeFunctions.java:137)
	Suppressed: reactor.core.publisher.FluxOnAssembly$OnAssemblyException: 
Assembly trace from producer [reactor.core.publisher.MonoErrorSupplied] :
	reactor.core.publisher.Mono.error(Mono.java:315)
	org.springframework.web.reactive.function.client.ExchangeFunctions$DefaultExchangeFunction.wrapException(ExchangeFunctions.java:137)
Error has been observed at the following site(s):
	*____________Mono.error ⇢ at org.springframework.web.reactive.function.client.ExchangeFunctions$DefaultExchangeFunction.wrapException(ExchangeFunctions.java:137)
	*____Mono.onErrorResume ⇢ at org.springframework.web.reactive.function.client.ExchangeFunctions$DefaultExchangeFunction.exchange(ExchangeFunctions.java:106)
	|_             Mono.map ⇢ at org.springframework.web.reactive.function.client.ExchangeFunctions$DefaultExchangeFunction.exchange(ExchangeFunctions.java:107)
	|_        Mono.doOnNext ⇢ at org.springframework.web.reactive.function.client.DefaultWebClient$ObservationFilterFunction.filter(DefaultWebClient.java:745)
	|_         Mono.timeout ⇢ at de.codecentric.boot.admin.server.web.client.InstanceExchangeFilterFunctions.lambda$timeout$14(InstanceExchangeFilterFunctions.java:201)
	|_           Mono.retry ⇢ at de.codecentric.boot.admin.server.web.client.InstanceExchangeFilterFunctions.lambda$retry$13(InstanceExchangeFilterFunctions.java:191)
	|_             Mono.map ⇢ at de.codecentric.boot.admin.server.web.client.InstanceExchangeFilterFunctions.lambda$handleCookies$18(InstanceExchangeFilterFunctions.java:230)
	|_             Mono.map ⇢ at de.codecentric.boot.admin.server.web.client.InstanceExchangeFilterFunctions.lambda$convertLegacyEndpoints$8(InstanceExchangeFilterFunctions.java:143)
	*__________Mono.flatMap ⇢ at de.codecentric.boot.admin.server.web.client.InstanceWebClient.lambda$setInstance$3(InstanceWebClient.java:61)
	*____________Mono.defer ⇢ at org.springframework.web.reactive.function.client.DefaultWebClient$DefaultRequestBodyUriSpec.lambda$exchange$12(DefaultWebClient.java:467)
	|_           checkpoint ⇢ Request to GET health [DefaultWebClient]
	|_   Mono.switchIfEmpty ⇢ at org.springframework.web.reactive.function.client.DefaultWebClient$DefaultRequestBodyUriSpec.lambda$exchange$12(DefaultWebClient.java:472)
	|_        Mono.doOnNext ⇢ at org.springframework.web.reactive.function.client.DefaultWebClient$DefaultRequestBodyUriSpec.lambda$exchange$12(DefaultWebClient.java:478)
	|_       Mono.doOnError ⇢ at org.springframework.web.reactive.function.client.DefaultWebClient$DefaultRequestBodyUriSpec.lambda$exchange$12(DefaultWebClient.java:479)
	|_       Mono.doFinally ⇢ at org.springframework.web.reactive.function.client.DefaultWebClient$DefaultRequestBodyUriSpec.lambda$exchange$12(DefaultWebClient.java:480)
	|_    Mono.contextWrite ⇢ at org.springframework.web.reactive.function.client.DefaultWebClient$DefaultRequestBodyUriSpec.lambda$exchange$12(DefaultWebClient.java:486)
	*__Mono.deferContextual ⇢ at org.springframework.web.reactive.function.client.DefaultWebClient$DefaultRequestBodyUriSpec.exchange(DefaultWebClient.java:453)
	|_         Mono.flatMap ⇢ at org.springframework.web.reactive.function.client.DefaultWebClient$DefaultRequestBodyUriSpec.exchangeToMono(DefaultWebClient.java:421)
	|_             Mono.log ⇢ at de.codecentric.boot.admin.server.services.StatusUpdater.doUpdateStatus(StatusUpdater.java:84)
	|_         Mono.timeout ⇢ at de.codecentric.boot.admin.server.services.StatusUpdater.doUpdateStatus(StatusUpdater.java:85)
Original Stack Trace:
		at org.springframework.web.reactive.function.client.ExchangeFunctions$DefaultExchangeFunction.lambda$wrapException$9(ExchangeFunctions.java:137)
		at reactor.core.publisher.MonoErrorSupplied.subscribe(MonoErrorSupplied.java:55)
		at reactor.core.publisher.Mono.subscribe(Mono.java:4576)
		at reactor.core.publisher.FluxOnErrorResume$ResumeSubscriber.onError(FluxOnErrorResume.java:103)
		at reactor.core.publisher.FluxPeekFuseable$PeekFuseableSubscriber.onError(FluxPeekFuseable.java:234)
		at reactor.core.publisher.FluxPeekFuseable$PeekFuseableSubscriber.onError(FluxPeekFuseable.java:234)
		at reactor.core.publisher.FluxPeekFuseable$PeekFuseableSubscriber.onError(FluxPeekFuseable.java:234)
		at reactor.core.publisher.MonoNext$NextSubscriber.onError(MonoNext.java:93)
		at reactor.core.publisher.MonoFlatMapMany$FlatMapManyMain.onError(MonoFlatMapMany.java:205)
		at reactor.core.publisher.SerializedSubscriber.onError(SerializedSubscriber.java:124)
		at reactor.core.publisher.FluxRetryWhen$RetryWhenMainSubscriber.whenError(FluxRetryWhen.java:229)
		at reactor.core.publisher.FluxRetryWhen$RetryWhenOtherSubscriber.onError(FluxRetryWhen.java:279)
		at reactor.core.publisher.FluxContextWrite$ContextWriteSubscriber.onError(FluxContextWrite.java:121)
		at reactor.core.publisher.FluxConcatMapNoPrefetch$FluxConcatMapNoPrefetchSubscriber.maybeOnError(FluxConcatMapNoPrefetch.java:327)
		at reactor.core.publisher.FluxConcatMapNoPrefetch$FluxConcatMapNoPrefetchSubscriber.onNext(FluxConcatMapNoPrefetch.java:212)
		at reactor.core.publisher.FluxContextWrite$ContextWriteSubscriber.onNext(FluxContextWrite.java:107)
		at reactor.core.publisher.SinkManyEmitterProcessor.drain(SinkManyEmitterProcessor.java:476)
		at reactor.core.publisher.SinkManyEmitterProcessor$EmitterInner.drainParent(SinkManyEmitterProcessor.java:620)
		at reactor.core.publisher.FluxPublish$PubSubInner.request(FluxPublish.java:874)
		at reactor.core.publisher.FluxContextWrite$ContextWriteSubscriber.request(FluxContextWrite.java:136)
		at reactor.core.publisher.FluxConcatMapNoPrefetch$FluxConcatMapNoPrefetchSubscriber.request(FluxConcatMapNoPrefetch.java:337)
		at reactor.core.publisher.FluxContextWrite$ContextWriteSubscriber.request(FluxContextWrite.java:136)
		at reactor.core.publisher.Operators$DeferredSubscription.request(Operators.java:1743)
		at reactor.core.publisher.FluxRetryWhen$RetryWhenMainSubscriber.onError(FluxRetryWhen.java:196)
		at reactor.core.publisher.MonoCreate$DefaultMonoSink.error(MonoCreate.java:205)
		at reactor.netty.http.client.HttpClientConnect$MonoHttpConnect$ClientTransportSubscriber.onError(HttpClientConnect.java:323)
		at reactor.core.publisher.MonoCreate$DefaultMonoSink.error(MonoCreate.java:205)
		at reactor.netty.resources.DefaultPooledConnectionProvider$DisposableAcquire.onError(DefaultPooledConnectionProvider.java:174)
		at reactor.netty.internal.shaded.reactor.pool.AbstractPool$Borrower.fail(AbstractPool.java:479)
		at reactor.netty.internal.shaded.reactor.pool.SimpleDequePool.lambda$drainLoop$9(SimpleDequePool.java:443)
		at reactor.core.publisher.FluxDoOnEach$DoOnEachSubscriber.onError(FluxDoOnEach.java:186)
		at reactor.core.publisher.MonoCreate$DefaultMonoSink.error(MonoCreate.java:205)
		at reactor.netty.resources.DefaultPooledConnectionProvider$PooledConnectionAllocator$PooledConnectionInitializer.onError(DefaultPooledConnectionProvider.java:593)
		at reactor.core.publisher.MonoFlatMap$FlatMapMain.secondError(MonoFlatMap.java:241)
		at reactor.core.publisher.MonoFlatMap$FlatMapInner.onError(MonoFlatMap.java:315)
		at reactor.core.publisher.FluxOnErrorResume$ResumeSubscriber.onError(FluxOnErrorResume.java:106)
		at reactor.core.publisher.Operators.error(Operators.java:198)
		at reactor.core.publisher.MonoError.subscribe(MonoError.java:53)
		at reactor.core.publisher.Mono.subscribe(Mono.java:4576)
		at reactor.core.publisher.FluxOnErrorResume$ResumeSubscriber.onError(FluxOnErrorResume.java:103)
		at reactor.netty.transport.TransportConnector$MonoChannelPromise.tryFailure(TransportConnector.java:576)
		at reactor.netty.transport.TransportConnector$MonoChannelPromise.setFailure(TransportConnector.java:522)
		at reactor.netty.transport.TransportConnector.lambda$doConnect$7(TransportConnector.java:261)
		at io.netty.util.concurrent.DefaultPromise.notifyListener0(DefaultPromise.java:590)
		at io.netty.util.concurrent.DefaultPromise.notifyListeners0(DefaultPromise.java:583)
		at io.netty.util.concurrent.DefaultPromise.notifyListenersNow(DefaultPromise.java:559)
		at io.netty.util.concurrent.DefaultPromise.notifyListeners(DefaultPromise.java:492)
		at io.netty.util.concurrent.DefaultPromise.setValue0(DefaultPromise.java:636)
		at io.netty.util.concurrent.DefaultPromise.setFailure0(DefaultPromise.java:629)
		at io.netty.util.concurrent.DefaultPromise.tryFailure(DefaultPromise.java:118)
		at io.netty.channel.nio.AbstractNioChannel$AbstractNioUnsafe.fulfillConnectPromise(AbstractNioChannel.java:326)
		at io.netty.channel.nio.AbstractNioChannel$AbstractNioUnsafe.finishConnect(AbstractNioChannel.java:342)
		at io.netty.channel.nio.NioEventLoop.processSelectedKey(NioEventLoop.java:784)
		at io.netty.channel.nio.NioEventLoop.processSelectedKeysOptimized(NioEventLoop.java:732)
		at io.netty.channel.nio.NioEventLoop.processSelectedKeys(NioEventLoop.java:658)
		at io.netty.channel.nio.NioEventLoop.run(NioEventLoop.java:562)
		at io.netty.util.concurrent.SingleThreadEventExecutor$4.run(SingleThreadEventExecutor.java:998)
		at io.netty.util.internal.ThreadExecutorMap$2.run(ThreadExecutorMap.java:74)
		at io.netty.util.concurrent.FastThreadLocalRunnable.run(FastThreadLocalRunnable.java:30)
		at java.base/java.lang.Thread.run(Thread.java:1583)
Caused by: io.netty.channel.AbstractChannel$AnnotatedConnectException: Connection refused: getsockopt: /192.168.0.135:9999
	Suppressed: reactor.core.publisher.FluxOnAssembly$OnAssemblyException: 
Assembly trace from producer [reactor.core.publisher.MonoError] :
	reactor.core.publisher.FluxOnErrorResume$ResumeSubscriber.onError(FluxOnErrorResume.java:94)
	reactor.netty.transport.TransportConnector$MonoChannelPromise.tryFailure(TransportConnector.java:576)
Error has been observed at the following site(s):
	*__FluxOnErrorResume$ResumeSubscriber.onError ⇢ at reactor.netty.transport.TransportConnector$MonoChannelPromise.tryFailure(TransportConnector.java:576)
	*__________________________Mono.onErrorResume ⇢ at reactor.netty.transport.TransportConnector.lambda$connect$6(TransportConnector.java:166)
	*________________________________Mono.flatMap ⇢ at reactor.netty.transport.TransportConnector.connect(TransportConnector.java:165)
	*_________________________________Mono.create ⇢ at reactor.netty.resources.DefaultPooledConnectionProvider$PooledConnectionAllocator.connectChannel(DefaultPooledConnectionProvider.java:537)
	*_________________________________Mono.create ⇢ at reactor.netty.resources.PooledConnectionProvider.acquire(PooledConnectionProvider.java:130)
	*_________________________________Mono.create ⇢ at reactor.netty.http.client.HttpClientConnect$MonoHttpConnect.subscribe(HttpClientConnect.java:213)
	|_                             Mono.retryWhen ⇢ at reactor.netty.http.client.HttpClientConnect$MonoHttpConnect.subscribe(HttpClientConnect.java:287)
	*______________________________Flux.concatMap ⇢ at reactor.util.retry.RetrySpec.lambda$generateCompanion$6(RetrySpec.java:360)
	|_                           Flux.onErrorStop ⇢ at reactor.util.retry.RetrySpec.lambda$generateCompanion$6(RetrySpec.java:379)
	*________________________Flux.deferContextual ⇢ at reactor.util.retry.RetrySpec.generateCompanion(RetrySpec.java:357)
	*____________________________Mono.flatMapMany ⇢ at reactor.netty.http.client.HttpClientFinalizer.responseConnection(HttpClientFinalizer.java:102)
	|_                                  Flux.next ⇢ at org.springframework.http.client.reactive.ReactorClientHttpConnector.connect(ReactorClientHttpConnector.java:174)
	|_                            Mono.doOnCancel ⇢ at org.springframework.http.client.reactive.ReactorClientHttpConnector.connect(ReactorClientHttpConnector.java:175)
	|_                           Mono.doOnRequest ⇢ at org.springframework.web.reactive.function.client.ExchangeFunctions$DefaultExchangeFunction.exchange(ExchangeFunctions.java:104)
	|_                            Mono.doOnCancel ⇢ at org.springframework.web.reactive.function.client.ExchangeFunctions$DefaultExchangeFunction.exchange(ExchangeFunctions.java:105)
Original Stack Trace:
Caused by: java.net.ConnectException: Connection refused: getsockopt
	at java.base/sun.nio.ch.Net.pollConnect(Native Method)
	at java.base/sun.nio.ch.Net.pollConnectNow(Net.java:682)
	at java.base/sun.nio.ch.SocketChannelImpl.finishConnect(SocketChannelImpl.java:973)
	at io.netty.channel.socket.nio.NioSocketChannel.doFinishConnect(NioSocketChannel.java:336)
	at io.netty.channel.nio.AbstractNioChannel$AbstractNioUnsafe.finishConnect(AbstractNioChannel.java:339)
	at io.netty.channel.nio.NioEventLoop.processSelectedKey(NioEventLoop.java:784)
	at io.netty.channel.nio.NioEventLoop.processSelectedKeysOptimized(NioEventLoop.java:732)
	at io.netty.channel.nio.NioEventLoop.processSelectedKeys(NioEventLoop.java:658)
	at io.netty.channel.nio.NioEventLoop.run(NioEventLoop.java:562)
	at io.netty.util.concurrent.SingleThreadEventExecutor$4.run(SingleThreadEventExecutor.java:998)
	at io.netty.util.internal.ThreadExecutorMap$2.run(ThreadExecutorMap.java:74)
	at io.netty.util.concurrent.FastThreadLocalRunnable.run(FastThreadLocalRunnable.java:30)
	at java.base/java.lang.Thread.run(Thread.java:1583)
:2025-08-12 16:38:41.555  INFO reactor-http-nio-15 d.c.b.a.s.s.StatusUpdater: Couldn't retrieve status for Instance(id=6c5174ebe48d, version=24, registration=Registration(name=pig-upms-biz, managementUrl=http://192.168.0.135:4000/actuator, healthUrl=http://192.168.0.135:4000/actuator/health, serviceUrl=http://192.168.0.135:4000, source=discovery), registered=true, statusInfo=StatusInfo(status=UP, details={nacosConfig={status=UP}, diskSpace={status=UP, details={total=285023932416, free=225202851840, threshold=10485760, path=D:\Loans\lending-framework\., exists=true}}, ping={status=UP}, discoveryComposite={status=UP, components={discoveryClient={status=UP, details={services=[pig-gateway, pig-monitor, pig-upms-biz, pig-auth]}}}}, refreshScope={status=UP}, nacosDiscovery={status=UP}, ssl={status=UP, details={validChains=[], invalidChains=[]}}, db={status=UP, details={database=MySQL, validationQuery=isValid()}}, redis={status=UP, details={version=7.2.4}}}), statusTimestamp=2025-08-12T07:37:48.565947700Z, info=Info(values={}), endpoints=Endpoints(endpoints={sentinel=Endpoint(id=sentinel, url=http://192.168.0.135:4000/actuator/sentinel), caches=Endpoint(id=caches, url=http://192.168.0.135:4000/actuator/caches), loggers=Endpoint(id=loggers, url=http://192.168.0.135:4000/actuator/loggers), logfile=Endpoint(id=logfile, url=http://192.168.0.135:4000/actuator/logfile), nacosconfig=Endpoint(id=nacosconfig, url=http://192.168.0.135:4000/actuator/nacosconfig), health=Endpoint(id=health, url=http://192.168.0.135:4000/actuator/health), refresh=Endpoint(id=refresh, url=http://192.168.0.135:4000/actuator/refresh), env=Endpoint(id=env, url=http://192.168.0.135:4000/actuator/env), nacosdiscovery=Endpoint(id=nacosdiscovery, url=http://192.168.0.135:4000/actuator/nacosdiscovery), serviceregistry=Endpoint(id=serviceregistry, url=http://192.168.0.135:4000/actuator/serviceregistry), heapdump=Endpoint(id=heapdump, url=http://192.168.0.135:4000/actuator/heapdump), features=Endpoint(id=features, url=http://192.168.0.135:4000/actuator/features), scheduledtasks=Endpoint(id=scheduledtasks, url=http://192.168.0.135:4000/actuator/scheduledtasks), mappings=Endpoint(id=mappings, url=http://192.168.0.135:4000/actuator/mappings), beans=Endpoint(id=beans, url=http://192.168.0.135:4000/actuator/beans), configprops=Endpoint(id=configprops, url=http://192.168.0.135:4000/actuator/configprops), threaddump=Endpoint(id=threaddump, url=http://192.168.0.135:4000/actuator/threaddump), sbom=Endpoint(id=sbom, url=http://192.168.0.135:4000/actuator/sbom), metrics=Endpoint(id=metrics, url=http://192.168.0.135:4000/actuator/metrics), conditions=Endpoint(id=conditions, url=http://192.168.0.135:4000/actuator/conditions), info=Endpoint(id=info, url=http://192.168.0.135:4000/actuator/info)}), buildVersion=null, tags=Tags(values={}))
org.springframework.web.reactive.function.client.WebClientRequestException: Connection refused: getsockopt: /192.168.0.135:4000
	at org.springframework.web.reactive.function.client.ExchangeFunctions$DefaultExchangeFunction.lambda$wrapException$9(ExchangeFunctions.java:137)
	Suppressed: reactor.core.publisher.FluxOnAssembly$OnAssemblyException: 
Assembly trace from producer [reactor.core.publisher.MonoErrorSupplied] :
	reactor.core.publisher.Mono.error(Mono.java:315)
	org.springframework.web.reactive.function.client.ExchangeFunctions$DefaultExchangeFunction.wrapException(ExchangeFunctions.java:137)
Error has been observed at the following site(s):
	*____________Mono.error ⇢ at org.springframework.web.reactive.function.client.ExchangeFunctions$DefaultExchangeFunction.wrapException(ExchangeFunctions.java:137)
	*____Mono.onErrorResume ⇢ at org.springframework.web.reactive.function.client.ExchangeFunctions$DefaultExchangeFunction.exchange(ExchangeFunctions.java:106)
	|_             Mono.map ⇢ at org.springframework.web.reactive.function.client.ExchangeFunctions$DefaultExchangeFunction.exchange(ExchangeFunctions.java:107)
	|_        Mono.doOnNext ⇢ at org.springframework.web.reactive.function.client.DefaultWebClient$ObservationFilterFunction.filter(DefaultWebClient.java:745)
	|_         Mono.timeout ⇢ at de.codecentric.boot.admin.server.web.client.InstanceExchangeFilterFunctions.lambda$timeout$14(InstanceExchangeFilterFunctions.java:201)
	|_           Mono.retry ⇢ at de.codecentric.boot.admin.server.web.client.InstanceExchangeFilterFunctions.lambda$retry$13(InstanceExchangeFilterFunctions.java:191)
	|_             Mono.map ⇢ at de.codecentric.boot.admin.server.web.client.InstanceExchangeFilterFunctions.lambda$handleCookies$18(InstanceExchangeFilterFunctions.java:230)
	|_             Mono.map ⇢ at de.codecentric.boot.admin.server.web.client.InstanceExchangeFilterFunctions.lambda$convertLegacyEndpoints$8(InstanceExchangeFilterFunctions.java:143)
	*__________Mono.flatMap ⇢ at de.codecentric.boot.admin.server.web.client.InstanceWebClient.lambda$setInstance$3(InstanceWebClient.java:61)
	*____________Mono.defer ⇢ at org.springframework.web.reactive.function.client.DefaultWebClient$DefaultRequestBodyUriSpec.lambda$exchange$12(DefaultWebClient.java:467)
	|_           checkpoint ⇢ Request to GET health [DefaultWebClient]
	|_   Mono.switchIfEmpty ⇢ at org.springframework.web.reactive.function.client.DefaultWebClient$DefaultRequestBodyUriSpec.lambda$exchange$12(DefaultWebClient.java:472)
	|_        Mono.doOnNext ⇢ at org.springframework.web.reactive.function.client.DefaultWebClient$DefaultRequestBodyUriSpec.lambda$exchange$12(DefaultWebClient.java:478)
	|_       Mono.doOnError ⇢ at org.springframework.web.reactive.function.client.DefaultWebClient$DefaultRequestBodyUriSpec.lambda$exchange$12(DefaultWebClient.java:479)
	|_       Mono.doFinally ⇢ at org.springframework.web.reactive.function.client.DefaultWebClient$DefaultRequestBodyUriSpec.lambda$exchange$12(DefaultWebClient.java:480)
	|_    Mono.contextWrite ⇢ at org.springframework.web.reactive.function.client.DefaultWebClient$DefaultRequestBodyUriSpec.lambda$exchange$12(DefaultWebClient.java:486)
	*__Mono.deferContextual ⇢ at org.springframework.web.reactive.function.client.DefaultWebClient$DefaultRequestBodyUriSpec.exchange(DefaultWebClient.java:453)
	|_         Mono.flatMap ⇢ at org.springframework.web.reactive.function.client.DefaultWebClient$DefaultRequestBodyUriSpec.exchangeToMono(DefaultWebClient.java:421)
	|_             Mono.log ⇢ at de.codecentric.boot.admin.server.services.StatusUpdater.doUpdateStatus(StatusUpdater.java:84)
	|_         Mono.timeout ⇢ at de.codecentric.boot.admin.server.services.StatusUpdater.doUpdateStatus(StatusUpdater.java:85)
Original Stack Trace:
		at org.springframework.web.reactive.function.client.ExchangeFunctions$DefaultExchangeFunction.lambda$wrapException$9(ExchangeFunctions.java:137)
		at reactor.core.publisher.MonoErrorSupplied.subscribe(MonoErrorSupplied.java:55)
		at reactor.core.publisher.Mono.subscribe(Mono.java:4576)
		at reactor.core.publisher.FluxOnErrorResume$ResumeSubscriber.onError(FluxOnErrorResume.java:103)
		at reactor.core.publisher.FluxPeekFuseable$PeekFuseableSubscriber.onError(FluxPeekFuseable.java:234)
		at reactor.core.publisher.FluxPeekFuseable$PeekFuseableSubscriber.onError(FluxPeekFuseable.java:234)
		at reactor.core.publisher.FluxPeekFuseable$PeekFuseableSubscriber.onError(FluxPeekFuseable.java:234)
		at reactor.core.publisher.MonoNext$NextSubscriber.onError(MonoNext.java:93)
		at reactor.core.publisher.MonoFlatMapMany$FlatMapManyMain.onError(MonoFlatMapMany.java:205)
		at reactor.core.publisher.SerializedSubscriber.onError(SerializedSubscriber.java:124)
		at reactor.core.publisher.FluxRetryWhen$RetryWhenMainSubscriber.whenError(FluxRetryWhen.java:229)
		at reactor.core.publisher.FluxRetryWhen$RetryWhenOtherSubscriber.onError(FluxRetryWhen.java:279)
		at reactor.core.publisher.FluxContextWrite$ContextWriteSubscriber.onError(FluxContextWrite.java:121)
		at reactor.core.publisher.FluxConcatMapNoPrefetch$FluxConcatMapNoPrefetchSubscriber.maybeOnError(FluxConcatMapNoPrefetch.java:327)
		at reactor.core.publisher.FluxConcatMapNoPrefetch$FluxConcatMapNoPrefetchSubscriber.onNext(FluxConcatMapNoPrefetch.java:212)
		at reactor.core.publisher.FluxContextWrite$ContextWriteSubscriber.onNext(FluxContextWrite.java:107)
		at reactor.core.publisher.SinkManyEmitterProcessor.drain(SinkManyEmitterProcessor.java:476)
		at reactor.core.publisher.SinkManyEmitterProcessor$EmitterInner.drainParent(SinkManyEmitterProcessor.java:620)
		at reactor.core.publisher.FluxPublish$PubSubInner.request(FluxPublish.java:874)
		at reactor.core.publisher.FluxContextWrite$ContextWriteSubscriber.request(FluxContextWrite.java:136)
		at reactor.core.publisher.FluxConcatMapNoPrefetch$FluxConcatMapNoPrefetchSubscriber.request(FluxConcatMapNoPrefetch.java:337)
		at reactor.core.publisher.FluxContextWrite$ContextWriteSubscriber.request(FluxContextWrite.java:136)
		at reactor.core.publisher.Operators$DeferredSubscription.request(Operators.java:1743)
		at reactor.core.publisher.FluxRetryWhen$RetryWhenMainSubscriber.onError(FluxRetryWhen.java:196)
		at reactor.core.publisher.MonoCreate$DefaultMonoSink.error(MonoCreate.java:205)
		at reactor.netty.http.client.HttpClientConnect$MonoHttpConnect$ClientTransportSubscriber.onError(HttpClientConnect.java:323)
		at reactor.core.publisher.MonoCreate$DefaultMonoSink.error(MonoCreate.java:205)
		at reactor.netty.resources.DefaultPooledConnectionProvider$DisposableAcquire.onError(DefaultPooledConnectionProvider.java:174)
		at reactor.netty.internal.shaded.reactor.pool.AbstractPool$Borrower.fail(AbstractPool.java:479)
		at reactor.netty.internal.shaded.reactor.pool.SimpleDequePool.lambda$drainLoop$9(SimpleDequePool.java:443)
		at reactor.core.publisher.FluxDoOnEach$DoOnEachSubscriber.onError(FluxDoOnEach.java:186)
		at reactor.core.publisher.MonoCreate$DefaultMonoSink.error(MonoCreate.java:205)
		at reactor.netty.resources.DefaultPooledConnectionProvider$PooledConnectionAllocator$PooledConnectionInitializer.onError(DefaultPooledConnectionProvider.java:593)
		at reactor.core.publisher.MonoFlatMap$FlatMapMain.secondError(MonoFlatMap.java:241)
		at reactor.core.publisher.MonoFlatMap$FlatMapInner.onError(MonoFlatMap.java:315)
		at reactor.core.publisher.FluxOnErrorResume$ResumeSubscriber.onError(FluxOnErrorResume.java:106)
		at reactor.core.publisher.Operators.error(Operators.java:198)
		at reactor.core.publisher.MonoError.subscribe(MonoError.java:53)
		at reactor.core.publisher.Mono.subscribe(Mono.java:4576)
		at reactor.core.publisher.FluxOnErrorResume$ResumeSubscriber.onError(FluxOnErrorResume.java:103)
		at reactor.netty.transport.TransportConnector$MonoChannelPromise.tryFailure(TransportConnector.java:576)
		at reactor.netty.transport.TransportConnector$MonoChannelPromise.setFailure(TransportConnector.java:522)
		at reactor.netty.transport.TransportConnector.lambda$doConnect$7(TransportConnector.java:261)
		at io.netty.util.concurrent.DefaultPromise.notifyListener0(DefaultPromise.java:590)
		at io.netty.util.concurrent.DefaultPromise.notifyListeners0(DefaultPromise.java:583)
		at io.netty.util.concurrent.DefaultPromise.notifyListenersNow(DefaultPromise.java:559)
		at io.netty.util.concurrent.DefaultPromise.notifyListeners(DefaultPromise.java:492)
		at io.netty.util.concurrent.DefaultPromise.setValue0(DefaultPromise.java:636)
		at io.netty.util.concurrent.DefaultPromise.setFailure0(DefaultPromise.java:629)
		at io.netty.util.concurrent.DefaultPromise.tryFailure(DefaultPromise.java:118)
		at io.netty.channel.nio.AbstractNioChannel$AbstractNioUnsafe.fulfillConnectPromise(AbstractNioChannel.java:326)
		at io.netty.channel.nio.AbstractNioChannel$AbstractNioUnsafe.finishConnect(AbstractNioChannel.java:342)
		at io.netty.channel.nio.NioEventLoop.processSelectedKey(NioEventLoop.java:784)
		at io.netty.channel.nio.NioEventLoop.processSelectedKeysOptimized(NioEventLoop.java:732)
		at io.netty.channel.nio.NioEventLoop.processSelectedKeys(NioEventLoop.java:658)
		at io.netty.channel.nio.NioEventLoop.run(NioEventLoop.java:562)
		at io.netty.util.concurrent.SingleThreadEventExecutor$4.run(SingleThreadEventExecutor.java:998)
		at io.netty.util.internal.ThreadExecutorMap$2.run(ThreadExecutorMap.java:74)
		at io.netty.util.concurrent.FastThreadLocalRunnable.run(FastThreadLocalRunnable.java:30)
		at java.base/java.lang.Thread.run(Thread.java:1583)
Caused by: io.netty.channel.AbstractChannel$AnnotatedConnectException: Connection refused: getsockopt: /192.168.0.135:4000
	Suppressed: reactor.core.publisher.FluxOnAssembly$OnAssemblyException: 
Assembly trace from producer [reactor.core.publisher.MonoError] :
	reactor.core.publisher.FluxOnErrorResume$ResumeSubscriber.onError(FluxOnErrorResume.java:94)
	reactor.netty.transport.TransportConnector$MonoChannelPromise.tryFailure(TransportConnector.java:576)
Error has been observed at the following site(s):
	*__FluxOnErrorResume$ResumeSubscriber.onError ⇢ at reactor.netty.transport.TransportConnector$MonoChannelPromise.tryFailure(TransportConnector.java:576)
	*__________________________Mono.onErrorResume ⇢ at reactor.netty.transport.TransportConnector.lambda$connect$6(TransportConnector.java:166)
	*________________________________Mono.flatMap ⇢ at reactor.netty.transport.TransportConnector.connect(TransportConnector.java:165)
	*_________________________________Mono.create ⇢ at reactor.netty.resources.DefaultPooledConnectionProvider$PooledConnectionAllocator.connectChannel(DefaultPooledConnectionProvider.java:537)
	*_________________________________Mono.create ⇢ at reactor.netty.resources.PooledConnectionProvider.acquire(PooledConnectionProvider.java:130)
	*_________________________________Mono.create ⇢ at reactor.netty.http.client.HttpClientConnect$MonoHttpConnect.subscribe(HttpClientConnect.java:213)
	|_                             Mono.retryWhen ⇢ at reactor.netty.http.client.HttpClientConnect$MonoHttpConnect.subscribe(HttpClientConnect.java:287)
	*______________________________Flux.concatMap ⇢ at reactor.util.retry.RetrySpec.lambda$generateCompanion$6(RetrySpec.java:360)
	|_                           Flux.onErrorStop ⇢ at reactor.util.retry.RetrySpec.lambda$generateCompanion$6(RetrySpec.java:379)
	*________________________Flux.deferContextual ⇢ at reactor.util.retry.RetrySpec.generateCompanion(RetrySpec.java:357)
	*____________________________Mono.flatMapMany ⇢ at reactor.netty.http.client.HttpClientFinalizer.responseConnection(HttpClientFinalizer.java:102)
	|_                                  Flux.next ⇢ at org.springframework.http.client.reactive.ReactorClientHttpConnector.connect(ReactorClientHttpConnector.java:174)
	|_                            Mono.doOnCancel ⇢ at org.springframework.http.client.reactive.ReactorClientHttpConnector.connect(ReactorClientHttpConnector.java:175)
	|_                           Mono.doOnRequest ⇢ at org.springframework.web.reactive.function.client.ExchangeFunctions$DefaultExchangeFunction.exchange(ExchangeFunctions.java:104)
	|_                            Mono.doOnCancel ⇢ at org.springframework.web.reactive.function.client.ExchangeFunctions$DefaultExchangeFunction.exchange(ExchangeFunctions.java:105)
Original Stack Trace:
Caused by: java.net.ConnectException: Connection refused: getsockopt
	at java.base/sun.nio.ch.Net.pollConnect(Native Method)
	at java.base/sun.nio.ch.Net.pollConnectNow(Net.java:682)
	at java.base/sun.nio.ch.SocketChannelImpl.finishConnect(SocketChannelImpl.java:973)
	at io.netty.channel.socket.nio.NioSocketChannel.doFinishConnect(NioSocketChannel.java:336)
	at io.netty.channel.nio.AbstractNioChannel$AbstractNioUnsafe.finishConnect(AbstractNioChannel.java:339)
	at io.netty.channel.nio.NioEventLoop.processSelectedKey(NioEventLoop.java:784)
	at io.netty.channel.nio.NioEventLoop.processSelectedKeysOptimized(NioEventLoop.java:732)
	at io.netty.channel.nio.NioEventLoop.processSelectedKeys(NioEventLoop.java:658)
	at io.netty.channel.nio.NioEventLoop.run(NioEventLoop.java:562)
	at io.netty.util.concurrent.SingleThreadEventExecutor$4.run(SingleThreadEventExecutor.java:998)
	at io.netty.util.internal.ThreadExecutorMap$2.run(ThreadExecutorMap.java:74)
	at io.netty.util.concurrent.FastThreadLocalRunnable.run(FastThreadLocalRunnable.java:30)
	at java.base/java.lang.Thread.run(Thread.java:1583)
:2025-08-12 16:39:18.537  INFO parallel-7 d.c.b.a.s.s.StatusUpdater: Couldn't retrieve status for Instance(id=2a89a999aad6, version=13, registration=Registration(name=pig-auth, managementUrl=http://192.168.0.135:3000/actuator, healthUrl=http://192.168.0.135:3000/actuator/health, serviceUrl=http://192.168.0.135:3000, source=discovery), registered=true, statusInfo=StatusInfo(status=UP, details={nacosConfig={status=UP}, diskSpace={status=UP, details={total=285023932416, free=225718476800, threshold=10485760, path=D:\Loans\lending-framework\., exists=true}}, ping={status=UP}, discoveryComposite={status=UP, components={discoveryClient={status=UP, details={services=[pig-gateway, pig-monitor, pig-upms-biz, pig-auth]}}}}, refreshScope={status=UP}, nacosDiscovery={status=UP}, ssl={status=UP, details={validChains=[], invalidChains=[]}}, redis={status=UP, details={version=7.2.4}}}), statusTimestamp=2025-08-12T03:40:12.422902900Z, info=Info(values={}), endpoints=Endpoints(endpoints={sentinel=Endpoint(id=sentinel, url=http://192.168.0.135:3000/actuator/sentinel), caches=Endpoint(id=caches, url=http://192.168.0.135:3000/actuator/caches), loggers=Endpoint(id=loggers, url=http://192.168.0.135:3000/actuator/loggers), logfile=Endpoint(id=logfile, url=http://192.168.0.135:3000/actuator/logfile), nacosconfig=Endpoint(id=nacosconfig, url=http://192.168.0.135:3000/actuator/nacosconfig), health=Endpoint(id=health, url=http://192.168.0.135:3000/actuator/health), refresh=Endpoint(id=refresh, url=http://192.168.0.135:3000/actuator/refresh), env=Endpoint(id=env, url=http://192.168.0.135:3000/actuator/env), nacosdiscovery=Endpoint(id=nacosdiscovery, url=http://192.168.0.135:3000/actuator/nacosdiscovery), serviceregistry=Endpoint(id=serviceregistry, url=http://192.168.0.135:3000/actuator/serviceregistry), heapdump=Endpoint(id=heapdump, url=http://192.168.0.135:3000/actuator/heapdump), features=Endpoint(id=features, url=http://192.168.0.135:3000/actuator/features), scheduledtasks=Endpoint(id=scheduledtasks, url=http://192.168.0.135:3000/actuator/scheduledtasks), mappings=Endpoint(id=mappings, url=http://192.168.0.135:3000/actuator/mappings), beans=Endpoint(id=beans, url=http://192.168.0.135:3000/actuator/beans), configprops=Endpoint(id=configprops, url=http://192.168.0.135:3000/actuator/configprops), threaddump=Endpoint(id=threaddump, url=http://192.168.0.135:3000/actuator/threaddump), sbom=Endpoint(id=sbom, url=http://192.168.0.135:3000/actuator/sbom), metrics=Endpoint(id=metrics, url=http://192.168.0.135:3000/actuator/metrics), conditions=Endpoint(id=conditions, url=http://192.168.0.135:3000/actuator/conditions), info=Endpoint(id=info, url=http://192.168.0.135:3000/actuator/info)}), buildVersion=null, tags=Tags(values={}))
java.util.concurrent.TimeoutException: Did not observe any item or terminal signal within 9000ms in 'Mono.log ⇢ at de.codecentric.boot.admin.server.services.StatusUpdater.doUpdateStatus(StatusUpdater.java:84)' (and no fallback has been configured)
	at reactor.core.publisher.FluxTimeout$TimeoutMainSubscriber.handleTimeout(FluxTimeout.java:296)
	Suppressed: reactor.core.publisher.FluxOnAssembly$OnAssemblyException: 
Assembly trace from producer [reactor.core.publisher.MonoTimeout] :
	reactor.core.publisher.Mono.timeout(Mono.java:5007)
	de.codecentric.boot.admin.server.services.StatusUpdater.doUpdateStatus(StatusUpdater.java:85)
Error has been observed at the following site(s):
	*__Mono.timeout ⇢ at de.codecentric.boot.admin.server.services.StatusUpdater.doUpdateStatus(StatusUpdater.java:85)
Original Stack Trace:
		at reactor.core.publisher.FluxTimeout$TimeoutMainSubscriber.handleTimeout(FluxTimeout.java:296)
		at reactor.core.publisher.FluxTimeout$TimeoutMainSubscriber.doTimeout(FluxTimeout.java:281)
		at reactor.core.publisher.FluxTimeout$TimeoutTimeoutSubscriber.onNext(FluxTimeout.java:420)
		at reactor.core.publisher.FluxOnErrorReturn$ReturnSubscriber.onNext(FluxOnErrorReturn.java:162)
		at reactor.core.publisher.MonoDelay$MonoDelayRunnable.propagateDelay(MonoDelay.java:270)
		at reactor.core.publisher.MonoDelay$MonoDelayRunnable.run(MonoDelay.java:285)
		at reactor.core.scheduler.SchedulerTask.call(SchedulerTask.java:68)
		at reactor.core.scheduler.SchedulerTask.call(SchedulerTask.java:28)
		at java.base/java.util.concurrent.FutureTask.run$$$capture(FutureTask.java:317)
		at java.base/java.util.concurrent.FutureTask.run(FutureTask.java)
		at java.base/java.util.concurrent.ScheduledThreadPoolExecutor$ScheduledFutureTask.run(ScheduledThreadPoolExecutor.java:304)
		at java.base/java.util.concurrent.ThreadPoolExecutor.runWorker(ThreadPoolExecutor.java:1144)
		at java.base/java.util.concurrent.ThreadPoolExecutor$Worker.run(ThreadPoolExecutor.java:642)
		at java.base/java.lang.Thread.run(Thread.java:1583)
:2025-08-12 16:39:47.587  INFO HeartBeat-Task-Scheduler-1 d.c.b.a.s.c.d.InstanceDiscoveryListener: Instance '2a89a999aad6' missing in DiscoveryClient services and will be removed.
:2025-08-12 16:41:17.629  INFO HeartBeat-Task-Scheduler-1 d.c.b.a.s.c.d.InstanceDiscoveryListener: Instance '6c5174ebe48d' missing in DiscoveryClient services and will be removed.
:2025-08-12 16:41:31.556  INFO reactor-http-nio-19 d.c.b.a.s.s.StatusUpdater: Couldn't retrieve status for Instance(id=26ff2ea1cf50, version=4, registration=Registration(name=pig-gateway, managementUrl=http://192.168.0.135:9999/actuator, healthUrl=http://192.168.0.135:9999/actuator/health, serviceUrl=http://192.168.0.135:9999, source=discovery), registered=true, statusInfo=StatusInfo(status=UP, details={reactiveDiscoveryClients={status=UP, components={Simple Reactive Discovery Client={status=UP, details={services=[]}}}}, nacosConfig={status=UP}, diskSpace={status=UP, details={total=285023932416, free=225202851840, threshold=10485760, path=D:\Loans\lending-framework\., exists=true}}, ping={status=UP}, discoveryComposite={status=UP, components={discoveryClient={status=UP, details={services=[pig-gateway, pig-monitor, pig-upms-biz, pig-auth]}}}}, refreshScope={status=UP}, nacosDiscovery={status=UP}, ssl={status=UP, details={validChains=[], invalidChains=[]}}, redis={status=UP, details={version=7.2.4}}}), statusTimestamp=2025-08-12T07:38:29.606620900Z, info=Info(values={}), endpoints=Endpoints(endpoints={caches=Endpoint(id=caches, url=http://192.168.0.135:9999/actuator/caches), loggers=Endpoint(id=loggers, url=http://192.168.0.135:9999/actuator/loggers), nacosconfig=Endpoint(id=nacosconfig, url=http://192.168.0.135:9999/actuator/nacosconfig), health=Endpoint(id=health, url=http://192.168.0.135:9999/actuator/health), refresh=Endpoint(id=refresh, url=http://192.168.0.135:9999/actuator/refresh), env=Endpoint(id=env, url=http://192.168.0.135:9999/actuator/env), nacosdiscovery=Endpoint(id=nacosdiscovery, url=http://192.168.0.135:9999/actuator/nacosdiscovery), serviceregistry=Endpoint(id=serviceregistry, url=http://192.168.0.135:9999/actuator/serviceregistry), heapdump=Endpoint(id=heapdump, url=http://192.168.0.135:9999/actuator/heapdump), features=Endpoint(id=features, url=http://192.168.0.135:9999/actuator/features), scheduledtasks=Endpoint(id=scheduledtasks, url=http://192.168.0.135:9999/actuator/scheduledtasks), mappings=Endpoint(id=mappings, url=http://192.168.0.135:9999/actuator/mappings), beans=Endpoint(id=beans, url=http://192.168.0.135:9999/actuator/beans), configprops=Endpoint(id=configprops, url=http://192.168.0.135:9999/actuator/configprops), threaddump=Endpoint(id=threaddump, url=http://192.168.0.135:9999/actuator/threaddump), sbom=Endpoint(id=sbom, url=http://192.168.0.135:9999/actuator/sbom), metrics=Endpoint(id=metrics, url=http://192.168.0.135:9999/actuator/metrics), conditions=Endpoint(id=conditions, url=http://192.168.0.135:9999/actuator/conditions), info=Endpoint(id=info, url=http://192.168.0.135:9999/actuator/info)}), buildVersion=null, tags=Tags(values={}))
org.springframework.web.reactive.function.client.WebClientRequestException: Connection refused: getsockopt: /192.168.0.135:9999
	at org.springframework.web.reactive.function.client.ExchangeFunctions$DefaultExchangeFunction.lambda$wrapException$9(ExchangeFunctions.java:137)
	Suppressed: reactor.core.publisher.FluxOnAssembly$OnAssemblyException: 
Assembly trace from producer [reactor.core.publisher.MonoErrorSupplied] :
	reactor.core.publisher.Mono.error(Mono.java:315)
	org.springframework.web.reactive.function.client.ExchangeFunctions$DefaultExchangeFunction.wrapException(ExchangeFunctions.java:137)
Error has been observed at the following site(s):
	*____________Mono.error ⇢ at org.springframework.web.reactive.function.client.ExchangeFunctions$DefaultExchangeFunction.wrapException(ExchangeFunctions.java:137)
	*____Mono.onErrorResume ⇢ at org.springframework.web.reactive.function.client.ExchangeFunctions$DefaultExchangeFunction.exchange(ExchangeFunctions.java:106)
	|_             Mono.map ⇢ at org.springframework.web.reactive.function.client.ExchangeFunctions$DefaultExchangeFunction.exchange(ExchangeFunctions.java:107)
	|_        Mono.doOnNext ⇢ at org.springframework.web.reactive.function.client.DefaultWebClient$ObservationFilterFunction.filter(DefaultWebClient.java:745)
	|_         Mono.timeout ⇢ at de.codecentric.boot.admin.server.web.client.InstanceExchangeFilterFunctions.lambda$timeout$14(InstanceExchangeFilterFunctions.java:201)
	|_           Mono.retry ⇢ at de.codecentric.boot.admin.server.web.client.InstanceExchangeFilterFunctions.lambda$retry$13(InstanceExchangeFilterFunctions.java:191)
	|_             Mono.map ⇢ at de.codecentric.boot.admin.server.web.client.InstanceExchangeFilterFunctions.lambda$handleCookies$18(InstanceExchangeFilterFunctions.java:230)
	|_             Mono.map ⇢ at de.codecentric.boot.admin.server.web.client.InstanceExchangeFilterFunctions.lambda$convertLegacyEndpoints$8(InstanceExchangeFilterFunctions.java:143)
	*__________Mono.flatMap ⇢ at de.codecentric.boot.admin.server.web.client.InstanceWebClient.lambda$setInstance$3(InstanceWebClient.java:61)
	*____________Mono.defer ⇢ at org.springframework.web.reactive.function.client.DefaultWebClient$DefaultRequestBodyUriSpec.lambda$exchange$12(DefaultWebClient.java:467)
	|_           checkpoint ⇢ Request to GET health [DefaultWebClient]
	|_   Mono.switchIfEmpty ⇢ at org.springframework.web.reactive.function.client.DefaultWebClient$DefaultRequestBodyUriSpec.lambda$exchange$12(DefaultWebClient.java:472)
	|_        Mono.doOnNext ⇢ at org.springframework.web.reactive.function.client.DefaultWebClient$DefaultRequestBodyUriSpec.lambda$exchange$12(DefaultWebClient.java:478)
	|_       Mono.doOnError ⇢ at org.springframework.web.reactive.function.client.DefaultWebClient$DefaultRequestBodyUriSpec.lambda$exchange$12(DefaultWebClient.java:479)
	|_       Mono.doFinally ⇢ at org.springframework.web.reactive.function.client.DefaultWebClient$DefaultRequestBodyUriSpec.lambda$exchange$12(DefaultWebClient.java:480)
	|_    Mono.contextWrite ⇢ at org.springframework.web.reactive.function.client.DefaultWebClient$DefaultRequestBodyUriSpec.lambda$exchange$12(DefaultWebClient.java:486)
	*__Mono.deferContextual ⇢ at org.springframework.web.reactive.function.client.DefaultWebClient$DefaultRequestBodyUriSpec.exchange(DefaultWebClient.java:453)
	|_         Mono.flatMap ⇢ at org.springframework.web.reactive.function.client.DefaultWebClient$DefaultRequestBodyUriSpec.exchangeToMono(DefaultWebClient.java:421)
	|_             Mono.log ⇢ at de.codecentric.boot.admin.server.services.StatusUpdater.doUpdateStatus(StatusUpdater.java:84)
	|_         Mono.timeout ⇢ at de.codecentric.boot.admin.server.services.StatusUpdater.doUpdateStatus(StatusUpdater.java:85)
Original Stack Trace:
		at org.springframework.web.reactive.function.client.ExchangeFunctions$DefaultExchangeFunction.lambda$wrapException$9(ExchangeFunctions.java:137)
		at reactor.core.publisher.MonoErrorSupplied.subscribe(MonoErrorSupplied.java:55)
		at reactor.core.publisher.Mono.subscribe(Mono.java:4576)
		at reactor.core.publisher.FluxOnErrorResume$ResumeSubscriber.onError(FluxOnErrorResume.java:103)
		at reactor.core.publisher.FluxPeekFuseable$PeekFuseableSubscriber.onError(FluxPeekFuseable.java:234)
		at reactor.core.publisher.FluxPeekFuseable$PeekFuseableSubscriber.onError(FluxPeekFuseable.java:234)
		at reactor.core.publisher.FluxPeekFuseable$PeekFuseableSubscriber.onError(FluxPeekFuseable.java:234)
		at reactor.core.publisher.MonoNext$NextSubscriber.onError(MonoNext.java:93)
		at reactor.core.publisher.MonoFlatMapMany$FlatMapManyMain.onError(MonoFlatMapMany.java:205)
		at reactor.core.publisher.SerializedSubscriber.onError(SerializedSubscriber.java:124)
		at reactor.core.publisher.FluxRetryWhen$RetryWhenMainSubscriber.whenError(FluxRetryWhen.java:229)
		at reactor.core.publisher.FluxRetryWhen$RetryWhenOtherSubscriber.onError(FluxRetryWhen.java:279)
		at reactor.core.publisher.FluxContextWrite$ContextWriteSubscriber.onError(FluxContextWrite.java:121)
		at reactor.core.publisher.FluxConcatMapNoPrefetch$FluxConcatMapNoPrefetchSubscriber.maybeOnError(FluxConcatMapNoPrefetch.java:327)
		at reactor.core.publisher.FluxConcatMapNoPrefetch$FluxConcatMapNoPrefetchSubscriber.onNext(FluxConcatMapNoPrefetch.java:212)
		at reactor.core.publisher.FluxContextWrite$ContextWriteSubscriber.onNext(FluxContextWrite.java:107)
		at reactor.core.publisher.SinkManyEmitterProcessor.drain(SinkManyEmitterProcessor.java:476)
		at reactor.core.publisher.SinkManyEmitterProcessor$EmitterInner.drainParent(SinkManyEmitterProcessor.java:620)
		at reactor.core.publisher.FluxPublish$PubSubInner.request(FluxPublish.java:874)
		at reactor.core.publisher.FluxContextWrite$ContextWriteSubscriber.request(FluxContextWrite.java:136)
		at reactor.core.publisher.FluxConcatMapNoPrefetch$FluxConcatMapNoPrefetchSubscriber.request(FluxConcatMapNoPrefetch.java:337)
		at reactor.core.publisher.FluxContextWrite$ContextWriteSubscriber.request(FluxContextWrite.java:136)
		at reactor.core.publisher.Operators$DeferredSubscription.request(Operators.java:1743)
		at reactor.core.publisher.FluxRetryWhen$RetryWhenMainSubscriber.onError(FluxRetryWhen.java:196)
		at reactor.core.publisher.MonoCreate$DefaultMonoSink.error(MonoCreate.java:205)
		at reactor.netty.http.client.HttpClientConnect$MonoHttpConnect$ClientTransportSubscriber.onError(HttpClientConnect.java:323)
		at reactor.core.publisher.MonoCreate$DefaultMonoSink.error(MonoCreate.java:205)
		at reactor.netty.resources.DefaultPooledConnectionProvider$DisposableAcquire.onError(DefaultPooledConnectionProvider.java:174)
		at reactor.netty.internal.shaded.reactor.pool.AbstractPool$Borrower.fail(AbstractPool.java:479)
		at reactor.netty.internal.shaded.reactor.pool.SimpleDequePool.lambda$drainLoop$9(SimpleDequePool.java:443)
		at reactor.core.publisher.FluxDoOnEach$DoOnEachSubscriber.onError(FluxDoOnEach.java:186)
		at reactor.core.publisher.MonoCreate$DefaultMonoSink.error(MonoCreate.java:205)
		at reactor.netty.resources.DefaultPooledConnectionProvider$PooledConnectionAllocator$PooledConnectionInitializer.onError(DefaultPooledConnectionProvider.java:593)
		at reactor.core.publisher.MonoFlatMap$FlatMapMain.secondError(MonoFlatMap.java:241)
		at reactor.core.publisher.MonoFlatMap$FlatMapInner.onError(MonoFlatMap.java:315)
		at reactor.core.publisher.FluxOnErrorResume$ResumeSubscriber.onError(FluxOnErrorResume.java:106)
		at reactor.core.publisher.Operators.error(Operators.java:198)
		at reactor.core.publisher.MonoError.subscribe(MonoError.java:53)
		at reactor.core.publisher.Mono.subscribe(Mono.java:4576)
		at reactor.core.publisher.FluxOnErrorResume$ResumeSubscriber.onError(FluxOnErrorResume.java:103)
		at reactor.netty.transport.TransportConnector$MonoChannelPromise.tryFailure(TransportConnector.java:576)
		at reactor.netty.transport.TransportConnector$MonoChannelPromise.setFailure(TransportConnector.java:522)
		at reactor.netty.transport.TransportConnector.lambda$doConnect$7(TransportConnector.java:261)
		at io.netty.util.concurrent.DefaultPromise.notifyListener0(DefaultPromise.java:590)
		at io.netty.util.concurrent.DefaultPromise.notifyListeners0(DefaultPromise.java:583)
		at io.netty.util.concurrent.DefaultPromise.notifyListenersNow(DefaultPromise.java:559)
		at io.netty.util.concurrent.DefaultPromise.notifyListeners(DefaultPromise.java:492)
		at io.netty.util.concurrent.DefaultPromise.setValue0(DefaultPromise.java:636)
		at io.netty.util.concurrent.DefaultPromise.setFailure0(DefaultPromise.java:629)
		at io.netty.util.concurrent.DefaultPromise.tryFailure(DefaultPromise.java:118)
		at io.netty.channel.nio.AbstractNioChannel$AbstractNioUnsafe.fulfillConnectPromise(AbstractNioChannel.java:326)
		at io.netty.channel.nio.AbstractNioChannel$AbstractNioUnsafe.finishConnect(AbstractNioChannel.java:342)
		at io.netty.channel.nio.NioEventLoop.processSelectedKey(NioEventLoop.java:784)
		at io.netty.channel.nio.NioEventLoop.processSelectedKeysOptimized(NioEventLoop.java:732)
		at io.netty.channel.nio.NioEventLoop.processSelectedKeys(NioEventLoop.java:658)
		at io.netty.channel.nio.NioEventLoop.run(NioEventLoop.java:562)
		at io.netty.util.concurrent.SingleThreadEventExecutor$4.run(SingleThreadEventExecutor.java:998)
		at io.netty.util.internal.ThreadExecutorMap$2.run(ThreadExecutorMap.java:74)
		at io.netty.util.concurrent.FastThreadLocalRunnable.run(FastThreadLocalRunnable.java:30)
		at java.base/java.lang.Thread.run(Thread.java:1583)
Caused by: io.netty.channel.AbstractChannel$AnnotatedConnectException: Connection refused: getsockopt: /192.168.0.135:9999
	Suppressed: reactor.core.publisher.FluxOnAssembly$OnAssemblyException: 
Assembly trace from producer [reactor.core.publisher.MonoError] :
	reactor.core.publisher.FluxOnErrorResume$ResumeSubscriber.onError(FluxOnErrorResume.java:94)
	reactor.netty.transport.TransportConnector$MonoChannelPromise.tryFailure(TransportConnector.java:576)
Error has been observed at the following site(s):
	*__FluxOnErrorResume$ResumeSubscriber.onError ⇢ at reactor.netty.transport.TransportConnector$MonoChannelPromise.tryFailure(TransportConnector.java:576)
	*__________________________Mono.onErrorResume ⇢ at reactor.netty.transport.TransportConnector.lambda$connect$6(TransportConnector.java:166)
	*________________________________Mono.flatMap ⇢ at reactor.netty.transport.TransportConnector.connect(TransportConnector.java:165)
	*_________________________________Mono.create ⇢ at reactor.netty.resources.DefaultPooledConnectionProvider$PooledConnectionAllocator.connectChannel(DefaultPooledConnectionProvider.java:537)
	*_________________________________Mono.create ⇢ at reactor.netty.resources.PooledConnectionProvider.acquire(PooledConnectionProvider.java:130)
	*_________________________________Mono.create ⇢ at reactor.netty.http.client.HttpClientConnect$MonoHttpConnect.subscribe(HttpClientConnect.java:213)
	|_                             Mono.retryWhen ⇢ at reactor.netty.http.client.HttpClientConnect$MonoHttpConnect.subscribe(HttpClientConnect.java:287)
	*______________________________Flux.concatMap ⇢ at reactor.util.retry.RetrySpec.lambda$generateCompanion$6(RetrySpec.java:360)
	|_                           Flux.onErrorStop ⇢ at reactor.util.retry.RetrySpec.lambda$generateCompanion$6(RetrySpec.java:379)
	*________________________Flux.deferContextual ⇢ at reactor.util.retry.RetrySpec.generateCompanion(RetrySpec.java:357)
	*____________________________Mono.flatMapMany ⇢ at reactor.netty.http.client.HttpClientFinalizer.responseConnection(HttpClientFinalizer.java:102)
	|_                                  Flux.next ⇢ at org.springframework.http.client.reactive.ReactorClientHttpConnector.connect(ReactorClientHttpConnector.java:174)
	|_                            Mono.doOnCancel ⇢ at org.springframework.http.client.reactive.ReactorClientHttpConnector.connect(ReactorClientHttpConnector.java:175)
	|_                           Mono.doOnRequest ⇢ at org.springframework.web.reactive.function.client.ExchangeFunctions$DefaultExchangeFunction.exchange(ExchangeFunctions.java:104)
	|_                            Mono.doOnCancel ⇢ at org.springframework.web.reactive.function.client.ExchangeFunctions$DefaultExchangeFunction.exchange(ExchangeFunctions.java:105)
Original Stack Trace:
Caused by: java.net.ConnectException: Connection refused: getsockopt
	at java.base/sun.nio.ch.Net.pollConnect(Native Method)
	at java.base/sun.nio.ch.Net.pollConnectNow(Net.java:682)
	at java.base/sun.nio.ch.SocketChannelImpl.finishConnect(SocketChannelImpl.java:973)
	at io.netty.channel.socket.nio.NioSocketChannel.doFinishConnect(NioSocketChannel.java:336)
	at io.netty.channel.nio.AbstractNioChannel$AbstractNioUnsafe.finishConnect(AbstractNioChannel.java:339)
	at io.netty.channel.nio.NioEventLoop.processSelectedKey(NioEventLoop.java:784)
	at io.netty.channel.nio.NioEventLoop.processSelectedKeysOptimized(NioEventLoop.java:732)
	at io.netty.channel.nio.NioEventLoop.processSelectedKeys(NioEventLoop.java:658)
	at io.netty.channel.nio.NioEventLoop.run(NioEventLoop.java:562)
	at io.netty.util.concurrent.SingleThreadEventExecutor$4.run(SingleThreadEventExecutor.java:998)
	at io.netty.util.internal.ThreadExecutorMap$2.run(ThreadExecutorMap.java:74)
	at io.netty.util.concurrent.FastThreadLocalRunnable.run(FastThreadLocalRunnable.java:30)
	at java.base/java.lang.Thread.run(Thread.java:1583)
:2025-08-12 16:41:41.557  WARN reactor-http-nio-20 d.c.b.a.s.s.InfoUpdater: Couldn't retrieve info for Instance(id=2a89a999aad6, version=18, registration=Registration(name=pig-auth, managementUrl=http://192.168.0.135:3000/actuator, healthUrl=http://192.168.0.135:3000/actuator/health, serviceUrl=http://192.168.0.135:3000, source=discovery), registered=true, statusInfo=StatusInfo(status=UP, details={nacosConfig={status=UP}, diskSpace={status=UP, details={total=285023932416, free=225203372032, threshold=10485760, path=D:\Loans\lending-framework\., exists=true}}, ping={status=UP}, discoveryComposite={status=UP, components={discoveryClient={status=UP, details={services=[pig-gateway, pig-monitor, pig-upms-biz, pig-auth]}}}}, refreshScope={status=UP}, nacosDiscovery={status=UP}, ssl={status=UP, details={validChains=[], invalidChains=[]}}, redis={status=UP, details={version=7.2.4}}}), statusTimestamp=2025-08-12T07:40:17.609404800Z, info=Info(values={}), endpoints=Endpoints(endpoints={sentinel=Endpoint(id=sentinel, url=http://192.168.0.135:3000/actuator/sentinel), caches=Endpoint(id=caches, url=http://192.168.0.135:3000/actuator/caches), loggers=Endpoint(id=loggers, url=http://192.168.0.135:3000/actuator/loggers), logfile=Endpoint(id=logfile, url=http://192.168.0.135:3000/actuator/logfile), nacosconfig=Endpoint(id=nacosconfig, url=http://192.168.0.135:3000/actuator/nacosconfig), health=Endpoint(id=health, url=http://192.168.0.135:3000/actuator/health), refresh=Endpoint(id=refresh, url=http://192.168.0.135:3000/actuator/refresh), env=Endpoint(id=env, url=http://192.168.0.135:3000/actuator/env), nacosdiscovery=Endpoint(id=nacosdiscovery, url=http://192.168.0.135:3000/actuator/nacosdiscovery), serviceregistry=Endpoint(id=serviceregistry, url=http://192.168.0.135:3000/actuator/serviceregistry), heapdump=Endpoint(id=heapdump, url=http://192.168.0.135:3000/actuator/heapdump), features=Endpoint(id=features, url=http://192.168.0.135:3000/actuator/features), scheduledtasks=Endpoint(id=scheduledtasks, url=http://192.168.0.135:3000/actuator/scheduledtasks), mappings=Endpoint(id=mappings, url=http://192.168.0.135:3000/actuator/mappings), beans=Endpoint(id=beans, url=http://192.168.0.135:3000/actuator/beans), configprops=Endpoint(id=configprops, url=http://192.168.0.135:3000/actuator/configprops), threaddump=Endpoint(id=threaddump, url=http://192.168.0.135:3000/actuator/threaddump), sbom=Endpoint(id=sbom, url=http://192.168.0.135:3000/actuator/sbom), metrics=Endpoint(id=metrics, url=http://192.168.0.135:3000/actuator/metrics), conditions=Endpoint(id=conditions, url=http://192.168.0.135:3000/actuator/conditions), info=Endpoint(id=info, url=http://192.168.0.135:3000/actuator/info)}), buildVersion=null, tags=Tags(values={}))
org.springframework.web.reactive.function.client.WebClientRequestException: Connection refused: getsockopt: /192.168.0.135:3000
	at org.springframework.web.reactive.function.client.ExchangeFunctions$DefaultExchangeFunction.lambda$wrapException$9(ExchangeFunctions.java:137)
	Suppressed: reactor.core.publisher.FluxOnAssembly$OnAssemblyException: 
Assembly trace from producer [reactor.core.publisher.MonoErrorSupplied] :
	reactor.core.publisher.Mono.error(Mono.java:315)
	org.springframework.web.reactive.function.client.ExchangeFunctions$DefaultExchangeFunction.wrapException(ExchangeFunctions.java:137)
Error has been observed at the following site(s):
	*____________Mono.error ⇢ at org.springframework.web.reactive.function.client.ExchangeFunctions$DefaultExchangeFunction.wrapException(ExchangeFunctions.java:137)
	*____Mono.onErrorResume ⇢ at org.springframework.web.reactive.function.client.ExchangeFunctions$DefaultExchangeFunction.exchange(ExchangeFunctions.java:106)
	|_             Mono.map ⇢ at org.springframework.web.reactive.function.client.ExchangeFunctions$DefaultExchangeFunction.exchange(ExchangeFunctions.java:107)
	|_        Mono.doOnNext ⇢ at org.springframework.web.reactive.function.client.DefaultWebClient$ObservationFilterFunction.filter(DefaultWebClient.java:745)
	|_         Mono.timeout ⇢ at de.codecentric.boot.admin.server.web.client.InstanceExchangeFilterFunctions.lambda$timeout$14(InstanceExchangeFilterFunctions.java:201)
	|_           Mono.retry ⇢ at de.codecentric.boot.admin.server.web.client.InstanceExchangeFilterFunctions.lambda$retry$13(InstanceExchangeFilterFunctions.java:191)
	|_             Mono.map ⇢ at de.codecentric.boot.admin.server.web.client.InstanceExchangeFilterFunctions.lambda$handleCookies$18(InstanceExchangeFilterFunctions.java:230)
	|_             Mono.map ⇢ at de.codecentric.boot.admin.server.web.client.InstanceExchangeFilterFunctions.lambda$convertLegacyEndpoints$8(InstanceExchangeFilterFunctions.java:143)
	*__________Mono.flatMap ⇢ at de.codecentric.boot.admin.server.web.client.InstanceWebClient.lambda$setInstance$3(InstanceWebClient.java:61)
	*____________Mono.defer ⇢ at org.springframework.web.reactive.function.client.DefaultWebClient$DefaultRequestBodyUriSpec.lambda$exchange$12(DefaultWebClient.java:467)
	|_           checkpoint ⇢ Request to GET info [DefaultWebClient]
	|_   Mono.switchIfEmpty ⇢ at org.springframework.web.reactive.function.client.DefaultWebClient$DefaultRequestBodyUriSpec.lambda$exchange$12(DefaultWebClient.java:472)
	|_        Mono.doOnNext ⇢ at org.springframework.web.reactive.function.client.DefaultWebClient$DefaultRequestBodyUriSpec.lambda$exchange$12(DefaultWebClient.java:478)
	|_       Mono.doOnError ⇢ at org.springframework.web.reactive.function.client.DefaultWebClient$DefaultRequestBodyUriSpec.lambda$exchange$12(DefaultWebClient.java:479)
	|_       Mono.doFinally ⇢ at org.springframework.web.reactive.function.client.DefaultWebClient$DefaultRequestBodyUriSpec.lambda$exchange$12(DefaultWebClient.java:480)
	|_    Mono.contextWrite ⇢ at org.springframework.web.reactive.function.client.DefaultWebClient$DefaultRequestBodyUriSpec.lambda$exchange$12(DefaultWebClient.java:486)
	*__Mono.deferContextual ⇢ at org.springframework.web.reactive.function.client.DefaultWebClient$DefaultRequestBodyUriSpec.exchange(DefaultWebClient.java:453)
	|_         Mono.flatMap ⇢ at org.springframework.web.reactive.function.client.DefaultWebClient$DefaultRequestBodyUriSpec.exchangeToMono(DefaultWebClient.java:421)
	|_             Mono.log ⇢ at de.codecentric.boot.admin.server.services.InfoUpdater.doUpdateInfo(InfoUpdater.java:79)
Original Stack Trace:
		at org.springframework.web.reactive.function.client.ExchangeFunctions$DefaultExchangeFunction.lambda$wrapException$9(ExchangeFunctions.java:137)
		at reactor.core.publisher.MonoErrorSupplied.subscribe(MonoErrorSupplied.java:55)
		at reactor.core.publisher.Mono.subscribe(Mono.java:4576)
		at reactor.core.publisher.FluxOnErrorResume$ResumeSubscriber.onError(FluxOnErrorResume.java:103)
		at reactor.core.publisher.FluxPeekFuseable$PeekFuseableSubscriber.onError(FluxPeekFuseable.java:234)
		at reactor.core.publisher.FluxPeekFuseable$PeekFuseableSubscriber.onError(FluxPeekFuseable.java:234)
		at reactor.core.publisher.FluxPeekFuseable$PeekFuseableSubscriber.onError(FluxPeekFuseable.java:234)
		at reactor.core.publisher.MonoNext$NextSubscriber.onError(MonoNext.java:93)
		at reactor.core.publisher.MonoFlatMapMany$FlatMapManyMain.onError(MonoFlatMapMany.java:205)
		at reactor.core.publisher.SerializedSubscriber.onError(SerializedSubscriber.java:124)
		at reactor.core.publisher.FluxRetryWhen$RetryWhenMainSubscriber.whenError(FluxRetryWhen.java:229)
		at reactor.core.publisher.FluxRetryWhen$RetryWhenOtherSubscriber.onError(FluxRetryWhen.java:279)
		at reactor.core.publisher.FluxContextWrite$ContextWriteSubscriber.onError(FluxContextWrite.java:121)
		at reactor.core.publisher.FluxConcatMapNoPrefetch$FluxConcatMapNoPrefetchSubscriber.maybeOnError(FluxConcatMapNoPrefetch.java:327)
		at reactor.core.publisher.FluxConcatMapNoPrefetch$FluxConcatMapNoPrefetchSubscriber.onNext(FluxConcatMapNoPrefetch.java:212)
		at reactor.core.publisher.FluxContextWrite$ContextWriteSubscriber.onNext(FluxContextWrite.java:107)
		at reactor.core.publisher.SinkManyEmitterProcessor.drain(SinkManyEmitterProcessor.java:476)
		at reactor.core.publisher.SinkManyEmitterProcessor$EmitterInner.drainParent(SinkManyEmitterProcessor.java:620)
		at reactor.core.publisher.FluxPublish$PubSubInner.request(FluxPublish.java:874)
		at reactor.core.publisher.FluxContextWrite$ContextWriteSubscriber.request(FluxContextWrite.java:136)
		at reactor.core.publisher.FluxConcatMapNoPrefetch$FluxConcatMapNoPrefetchSubscriber.request(FluxConcatMapNoPrefetch.java:337)
		at reactor.core.publisher.FluxContextWrite$ContextWriteSubscriber.request(FluxContextWrite.java:136)
		at reactor.core.publisher.Operators$DeferredSubscription.request(Operators.java:1743)
		at reactor.core.publisher.FluxRetryWhen$RetryWhenMainSubscriber.onError(FluxRetryWhen.java:196)
		at reactor.core.publisher.MonoCreate$DefaultMonoSink.error(MonoCreate.java:205)
		at reactor.netty.http.client.HttpClientConnect$MonoHttpConnect$ClientTransportSubscriber.onError(HttpClientConnect.java:323)
		at reactor.core.publisher.MonoCreate$DefaultMonoSink.error(MonoCreate.java:205)
		at reactor.netty.resources.DefaultPooledConnectionProvider$DisposableAcquire.onError(DefaultPooledConnectionProvider.java:174)
		at reactor.netty.internal.shaded.reactor.pool.AbstractPool$Borrower.fail(AbstractPool.java:479)
		at reactor.netty.internal.shaded.reactor.pool.SimpleDequePool.lambda$drainLoop$9(SimpleDequePool.java:443)
		at reactor.core.publisher.FluxDoOnEach$DoOnEachSubscriber.onError(FluxDoOnEach.java:186)
		at reactor.core.publisher.MonoCreate$DefaultMonoSink.error(MonoCreate.java:205)
		at reactor.netty.resources.DefaultPooledConnectionProvider$PooledConnectionAllocator$PooledConnectionInitializer.onError(DefaultPooledConnectionProvider.java:593)
		at reactor.core.publisher.MonoFlatMap$FlatMapMain.secondError(MonoFlatMap.java:241)
		at reactor.core.publisher.MonoFlatMap$FlatMapInner.onError(MonoFlatMap.java:315)
		at reactor.core.publisher.FluxOnErrorResume$ResumeSubscriber.onError(FluxOnErrorResume.java:106)
		at reactor.core.publisher.Operators.error(Operators.java:198)
		at reactor.core.publisher.MonoError.subscribe(MonoError.java:53)
		at reactor.core.publisher.Mono.subscribe(Mono.java:4576)
		at reactor.core.publisher.FluxOnErrorResume$ResumeSubscriber.onError(FluxOnErrorResume.java:103)
		at reactor.netty.transport.TransportConnector$MonoChannelPromise.tryFailure(TransportConnector.java:576)
		at reactor.netty.transport.TransportConnector$MonoChannelPromise.setFailure(TransportConnector.java:522)
		at reactor.netty.transport.TransportConnector.lambda$doConnect$7(TransportConnector.java:261)
		at io.netty.util.concurrent.DefaultPromise.notifyListener0(DefaultPromise.java:590)
		at io.netty.util.concurrent.DefaultPromise.notifyListeners0(DefaultPromise.java:583)
		at io.netty.util.concurrent.DefaultPromise.notifyListenersNow(DefaultPromise.java:559)
		at io.netty.util.concurrent.DefaultPromise.notifyListeners(DefaultPromise.java:492)
		at io.netty.util.concurrent.DefaultPromise.setValue0(DefaultPromise.java:636)
		at io.netty.util.concurrent.DefaultPromise.setFailure0(DefaultPromise.java:629)
		at io.netty.util.concurrent.DefaultPromise.tryFailure(DefaultPromise.java:118)
		at io.netty.channel.nio.AbstractNioChannel$AbstractNioUnsafe.fulfillConnectPromise(AbstractNioChannel.java:326)
		at io.netty.channel.nio.AbstractNioChannel$AbstractNioUnsafe.finishConnect(AbstractNioChannel.java:342)
		at io.netty.channel.nio.NioEventLoop.processSelectedKey(NioEventLoop.java:784)
		at io.netty.channel.nio.NioEventLoop.processSelectedKeysOptimized(NioEventLoop.java:732)
		at io.netty.channel.nio.NioEventLoop.processSelectedKeys(NioEventLoop.java:658)
		at io.netty.channel.nio.NioEventLoop.run(NioEventLoop.java:562)
		at io.netty.util.concurrent.SingleThreadEventExecutor$4.run(SingleThreadEventExecutor.java:998)
		at io.netty.util.internal.ThreadExecutorMap$2.run(ThreadExecutorMap.java:74)
		at io.netty.util.concurrent.FastThreadLocalRunnable.run(FastThreadLocalRunnable.java:30)
		at java.base/java.lang.Thread.run(Thread.java:1583)
Caused by: io.netty.channel.AbstractChannel$AnnotatedConnectException: Connection refused: getsockopt: /192.168.0.135:3000
	Suppressed: reactor.core.publisher.FluxOnAssembly$OnAssemblyException: 
Assembly trace from producer [reactor.core.publisher.MonoError] :
	reactor.core.publisher.FluxOnErrorResume$ResumeSubscriber.onError(FluxOnErrorResume.java:94)
	reactor.netty.transport.TransportConnector$MonoChannelPromise.tryFailure(TransportConnector.java:576)
Error has been observed at the following site(s):
	*__FluxOnErrorResume$ResumeSubscriber.onError ⇢ at reactor.netty.transport.TransportConnector$MonoChannelPromise.tryFailure(TransportConnector.java:576)
	*__________________________Mono.onErrorResume ⇢ at reactor.netty.transport.TransportConnector.lambda$connect$6(TransportConnector.java:166)
	*________________________________Mono.flatMap ⇢ at reactor.netty.transport.TransportConnector.connect(TransportConnector.java:165)
	*_________________________________Mono.create ⇢ at reactor.netty.resources.DefaultPooledConnectionProvider$PooledConnectionAllocator.connectChannel(DefaultPooledConnectionProvider.java:537)
	*_________________________________Mono.create ⇢ at reactor.netty.resources.PooledConnectionProvider.acquire(PooledConnectionProvider.java:130)
	*_________________________________Mono.create ⇢ at reactor.netty.http.client.HttpClientConnect$MonoHttpConnect.subscribe(HttpClientConnect.java:213)
	|_                             Mono.retryWhen ⇢ at reactor.netty.http.client.HttpClientConnect$MonoHttpConnect.subscribe(HttpClientConnect.java:287)
	*______________________________Flux.concatMap ⇢ at reactor.util.retry.RetrySpec.lambda$generateCompanion$6(RetrySpec.java:360)
	|_                           Flux.onErrorStop ⇢ at reactor.util.retry.RetrySpec.lambda$generateCompanion$6(RetrySpec.java:379)
	*________________________Flux.deferContextual ⇢ at reactor.util.retry.RetrySpec.generateCompanion(RetrySpec.java:357)
	*____________________________Mono.flatMapMany ⇢ at reactor.netty.http.client.HttpClientFinalizer.responseConnection(HttpClientFinalizer.java:102)
	|_                                  Flux.next ⇢ at org.springframework.http.client.reactive.ReactorClientHttpConnector.connect(ReactorClientHttpConnector.java:174)
	|_                            Mono.doOnCancel ⇢ at org.springframework.http.client.reactive.ReactorClientHttpConnector.connect(ReactorClientHttpConnector.java:175)
	|_                           Mono.doOnRequest ⇢ at org.springframework.web.reactive.function.client.ExchangeFunctions$DefaultExchangeFunction.exchange(ExchangeFunctions.java:104)
	|_                            Mono.doOnCancel ⇢ at org.springframework.web.reactive.function.client.ExchangeFunctions$DefaultExchangeFunction.exchange(ExchangeFunctions.java:105)
Original Stack Trace:
Caused by: java.net.ConnectException: Connection refused: getsockopt
	at java.base/sun.nio.ch.Net.pollConnect(Native Method)
	at java.base/sun.nio.ch.Net.pollConnectNow(Net.java:682)
	at java.base/sun.nio.ch.SocketChannelImpl.finishConnect(SocketChannelImpl.java:973)
	at io.netty.channel.socket.nio.NioSocketChannel.doFinishConnect(NioSocketChannel.java:336)
	at io.netty.channel.nio.AbstractNioChannel$AbstractNioUnsafe.finishConnect(AbstractNioChannel.java:339)
	at io.netty.channel.nio.NioEventLoop.processSelectedKey(NioEventLoop.java:784)
	at io.netty.channel.nio.NioEventLoop.processSelectedKeysOptimized(NioEventLoop.java:732)
	at io.netty.channel.nio.NioEventLoop.processSelectedKeys(NioEventLoop.java:658)
	at io.netty.channel.nio.NioEventLoop.run(NioEventLoop.java:562)
	at io.netty.util.concurrent.SingleThreadEventExecutor$4.run(SingleThreadEventExecutor.java:998)
	at io.netty.util.internal.ThreadExecutorMap$2.run(ThreadExecutorMap.java:74)
	at io.netty.util.concurrent.FastThreadLocalRunnable.run(FastThreadLocalRunnable.java:30)
	at java.base/java.lang.Thread.run(Thread.java:1583)
:2025-08-12 16:41:47.645  INFO HeartBeat-Task-Scheduler-1 d.c.b.a.s.c.d.InstanceDiscoveryListener: Instance '2a89a999aad6' missing in DiscoveryClient services and will be removed.
:2025-08-12 16:42:26.665  INFO parallel-9 d.c.b.a.s.s.StatusUpdater: Couldn't retrieve status for Instance(id=2a89a999aad6, version=20, registration=Registration(name=pig-auth, managementUrl=http://192.168.0.135:3000/actuator, healthUrl=http://192.168.0.135:3000/actuator/health, serviceUrl=http://192.168.0.135:3000, source=discovery), registered=true, statusInfo=StatusInfo(status=UNKNOWN, details={}), statusTimestamp=2025-08-12T07:42:17.660288800Z, info=Info(values={}), endpoints=Endpoints(endpoints={health=Endpoint(id=health, url=http://192.168.0.135:3000/actuator/health)}), buildVersion=null, tags=Tags(values={}))
java.util.concurrent.TimeoutException: Did not observe any item or terminal signal within 9000ms in 'Mono.log ⇢ at de.codecentric.boot.admin.server.services.StatusUpdater.doUpdateStatus(StatusUpdater.java:84)' (and no fallback has been configured)
	at reactor.core.publisher.FluxTimeout$TimeoutMainSubscriber.handleTimeout(FluxTimeout.java:296)
	Suppressed: reactor.core.publisher.FluxOnAssembly$OnAssemblyException: 
Assembly trace from producer [reactor.core.publisher.MonoTimeout] :
	reactor.core.publisher.Mono.timeout(Mono.java:5007)
	de.codecentric.boot.admin.server.services.StatusUpdater.doUpdateStatus(StatusUpdater.java:85)
Error has been observed at the following site(s):
	*__Mono.timeout ⇢ at de.codecentric.boot.admin.server.services.StatusUpdater.doUpdateStatus(StatusUpdater.java:85)
Original Stack Trace:
		at reactor.core.publisher.FluxTimeout$TimeoutMainSubscriber.handleTimeout(FluxTimeout.java:296)
		at reactor.core.publisher.FluxTimeout$TimeoutMainSubscriber.doTimeout(FluxTimeout.java:281)
		at reactor.core.publisher.FluxTimeout$TimeoutTimeoutSubscriber.onNext(FluxTimeout.java:420)
		at reactor.core.publisher.FluxOnErrorReturn$ReturnSubscriber.onNext(FluxOnErrorReturn.java:162)
		at reactor.core.publisher.MonoDelay$MonoDelayRunnable.propagateDelay(MonoDelay.java:270)
		at reactor.core.publisher.MonoDelay$MonoDelayRunnable.run(MonoDelay.java:285)
		at reactor.core.scheduler.SchedulerTask.call(SchedulerTask.java:68)
		at reactor.core.scheduler.SchedulerTask.call(SchedulerTask.java:28)
		at java.base/java.util.concurrent.FutureTask.run$$$capture(FutureTask.java:317)
		at java.base/java.util.concurrent.FutureTask.run(FutureTask.java)
		at java.base/java.util.concurrent.ScheduledThreadPoolExecutor$ScheduledFutureTask.run(ScheduledThreadPoolExecutor.java:304)
		at java.base/java.util.concurrent.ThreadPoolExecutor.runWorker(ThreadPoolExecutor.java:1144)
		at java.base/java.util.concurrent.ThreadPoolExecutor$Worker.run(ThreadPoolExecutor.java:642)
		at java.base/java.lang.Thread.run(Thread.java:1583)
:2025-08-12 16:43:01.544  INFO reactor-http-nio-5 d.c.b.a.s.s.StatusUpdater: Couldn't retrieve status for Instance(id=2a89a999aad6, version=23, registration=Registration(name=pig-auth, managementUrl=http://192.168.0.135:3000/actuator, healthUrl=http://192.168.0.135:3000/actuator/health, serviceUrl=http://192.168.0.135:3000, source=discovery), registered=true, statusInfo=StatusInfo(status=UP, details={nacosConfig={status=UP}, diskSpace={status=UP, details={total=285023932416, free=225204502528, threshold=10485760, path=D:\Loans\lending-framework\., exists=true}}, ping={status=UP}, discoveryComposite={status=UP, components={discoveryClient={status=UP, details={services=[pig-gateway, pig-monitor, pig-upms-biz, pig-auth]}}}}, refreshScope={status=UP}, nacosDiscovery={status=UP}, ssl={status=UP, details={validChains=[], invalidChains=[]}}, redis={status=UP, details={version=7.2.4}}}), statusTimestamp=2025-08-12T07:42:39.526468100Z, info=Info(values={}), endpoints=Endpoints(endpoints={sentinel=Endpoint(id=sentinel, url=http://192.168.0.135:3000/actuator/sentinel), caches=Endpoint(id=caches, url=http://192.168.0.135:3000/actuator/caches), loggers=Endpoint(id=loggers, url=http://192.168.0.135:3000/actuator/loggers), logfile=Endpoint(id=logfile, url=http://192.168.0.135:3000/actuator/logfile), nacosconfig=Endpoint(id=nacosconfig, url=http://192.168.0.135:3000/actuator/nacosconfig), health=Endpoint(id=health, url=http://192.168.0.135:3000/actuator/health), refresh=Endpoint(id=refresh, url=http://192.168.0.135:3000/actuator/refresh), env=Endpoint(id=env, url=http://192.168.0.135:3000/actuator/env), nacosdiscovery=Endpoint(id=nacosdiscovery, url=http://192.168.0.135:3000/actuator/nacosdiscovery), serviceregistry=Endpoint(id=serviceregistry, url=http://192.168.0.135:3000/actuator/serviceregistry), heapdump=Endpoint(id=heapdump, url=http://192.168.0.135:3000/actuator/heapdump), features=Endpoint(id=features, url=http://192.168.0.135:3000/actuator/features), scheduledtasks=Endpoint(id=scheduledtasks, url=http://192.168.0.135:3000/actuator/scheduledtasks), mappings=Endpoint(id=mappings, url=http://192.168.0.135:3000/actuator/mappings), beans=Endpoint(id=beans, url=http://192.168.0.135:3000/actuator/beans), configprops=Endpoint(id=configprops, url=http://192.168.0.135:3000/actuator/configprops), threaddump=Endpoint(id=threaddump, url=http://192.168.0.135:3000/actuator/threaddump), sbom=Endpoint(id=sbom, url=http://192.168.0.135:3000/actuator/sbom), metrics=Endpoint(id=metrics, url=http://192.168.0.135:3000/actuator/metrics), conditions=Endpoint(id=conditions, url=http://192.168.0.135:3000/actuator/conditions), info=Endpoint(id=info, url=http://192.168.0.135:3000/actuator/info)}), buildVersion=null, tags=Tags(values={}))
org.springframework.web.reactive.function.client.WebClientRequestException: Connection refused: getsockopt: /192.168.0.135:3000
	at org.springframework.web.reactive.function.client.ExchangeFunctions$DefaultExchangeFunction.lambda$wrapException$9(ExchangeFunctions.java:137)
	Suppressed: reactor.core.publisher.FluxOnAssembly$OnAssemblyException: 
Assembly trace from producer [reactor.core.publisher.MonoErrorSupplied] :
	reactor.core.publisher.Mono.error(Mono.java:315)
	org.springframework.web.reactive.function.client.ExchangeFunctions$DefaultExchangeFunction.wrapException(ExchangeFunctions.java:137)
Error has been observed at the following site(s):
	*____________Mono.error ⇢ at org.springframework.web.reactive.function.client.ExchangeFunctions$DefaultExchangeFunction.wrapException(ExchangeFunctions.java:137)
	*____Mono.onErrorResume ⇢ at org.springframework.web.reactive.function.client.ExchangeFunctions$DefaultExchangeFunction.exchange(ExchangeFunctions.java:106)
	|_             Mono.map ⇢ at org.springframework.web.reactive.function.client.ExchangeFunctions$DefaultExchangeFunction.exchange(ExchangeFunctions.java:107)
	|_        Mono.doOnNext ⇢ at org.springframework.web.reactive.function.client.DefaultWebClient$ObservationFilterFunction.filter(DefaultWebClient.java:745)
	|_         Mono.timeout ⇢ at de.codecentric.boot.admin.server.web.client.InstanceExchangeFilterFunctions.lambda$timeout$14(InstanceExchangeFilterFunctions.java:201)
	|_           Mono.retry ⇢ at de.codecentric.boot.admin.server.web.client.InstanceExchangeFilterFunctions.lambda$retry$13(InstanceExchangeFilterFunctions.java:191)
	|_             Mono.map ⇢ at de.codecentric.boot.admin.server.web.client.InstanceExchangeFilterFunctions.lambda$handleCookies$18(InstanceExchangeFilterFunctions.java:230)
	|_             Mono.map ⇢ at de.codecentric.boot.admin.server.web.client.InstanceExchangeFilterFunctions.lambda$convertLegacyEndpoints$8(InstanceExchangeFilterFunctions.java:143)
	*__________Mono.flatMap ⇢ at de.codecentric.boot.admin.server.web.client.InstanceWebClient.lambda$setInstance$3(InstanceWebClient.java:61)
	*____________Mono.defer ⇢ at org.springframework.web.reactive.function.client.DefaultWebClient$DefaultRequestBodyUriSpec.lambda$exchange$12(DefaultWebClient.java:467)
	|_           checkpoint ⇢ Request to GET health [DefaultWebClient]
	|_   Mono.switchIfEmpty ⇢ at org.springframework.web.reactive.function.client.DefaultWebClient$DefaultRequestBodyUriSpec.lambda$exchange$12(DefaultWebClient.java:472)
	|_        Mono.doOnNext ⇢ at org.springframework.web.reactive.function.client.DefaultWebClient$DefaultRequestBodyUriSpec.lambda$exchange$12(DefaultWebClient.java:478)
	|_       Mono.doOnError ⇢ at org.springframework.web.reactive.function.client.DefaultWebClient$DefaultRequestBodyUriSpec.lambda$exchange$12(DefaultWebClient.java:479)
	|_       Mono.doFinally ⇢ at org.springframework.web.reactive.function.client.DefaultWebClient$DefaultRequestBodyUriSpec.lambda$exchange$12(DefaultWebClient.java:480)
	|_    Mono.contextWrite ⇢ at org.springframework.web.reactive.function.client.DefaultWebClient$DefaultRequestBodyUriSpec.lambda$exchange$12(DefaultWebClient.java:486)
	*__Mono.deferContextual ⇢ at org.springframework.web.reactive.function.client.DefaultWebClient$DefaultRequestBodyUriSpec.exchange(DefaultWebClient.java:453)
	|_         Mono.flatMap ⇢ at org.springframework.web.reactive.function.client.DefaultWebClient$DefaultRequestBodyUriSpec.exchangeToMono(DefaultWebClient.java:421)
	|_             Mono.log ⇢ at de.codecentric.boot.admin.server.services.StatusUpdater.doUpdateStatus(StatusUpdater.java:84)
	|_         Mono.timeout ⇢ at de.codecentric.boot.admin.server.services.StatusUpdater.doUpdateStatus(StatusUpdater.java:85)
Original Stack Trace:
		at org.springframework.web.reactive.function.client.ExchangeFunctions$DefaultExchangeFunction.lambda$wrapException$9(ExchangeFunctions.java:137)
		at reactor.core.publisher.MonoErrorSupplied.subscribe(MonoErrorSupplied.java:55)
		at reactor.core.publisher.Mono.subscribe(Mono.java:4576)
		at reactor.core.publisher.FluxOnErrorResume$ResumeSubscriber.onError(FluxOnErrorResume.java:103)
		at reactor.core.publisher.FluxPeekFuseable$PeekFuseableSubscriber.onError(FluxPeekFuseable.java:234)
		at reactor.core.publisher.FluxPeekFuseable$PeekFuseableSubscriber.onError(FluxPeekFuseable.java:234)
		at reactor.core.publisher.FluxPeekFuseable$PeekFuseableSubscriber.onError(FluxPeekFuseable.java:234)
		at reactor.core.publisher.MonoNext$NextSubscriber.onError(MonoNext.java:93)
		at reactor.core.publisher.MonoFlatMapMany$FlatMapManyMain.onError(MonoFlatMapMany.java:205)
		at reactor.core.publisher.SerializedSubscriber.onError(SerializedSubscriber.java:124)
		at reactor.core.publisher.FluxRetryWhen$RetryWhenMainSubscriber.whenError(FluxRetryWhen.java:229)
		at reactor.core.publisher.FluxRetryWhen$RetryWhenOtherSubscriber.onError(FluxRetryWhen.java:279)
		at reactor.core.publisher.FluxContextWrite$ContextWriteSubscriber.onError(FluxContextWrite.java:121)
		at reactor.core.publisher.FluxConcatMapNoPrefetch$FluxConcatMapNoPrefetchSubscriber.maybeOnError(FluxConcatMapNoPrefetch.java:327)
		at reactor.core.publisher.FluxConcatMapNoPrefetch$FluxConcatMapNoPrefetchSubscriber.onNext(FluxConcatMapNoPrefetch.java:212)
		at reactor.core.publisher.FluxContextWrite$ContextWriteSubscriber.onNext(FluxContextWrite.java:107)
		at reactor.core.publisher.SinkManyEmitterProcessor.drain(SinkManyEmitterProcessor.java:476)
		at reactor.core.publisher.SinkManyEmitterProcessor$EmitterInner.drainParent(SinkManyEmitterProcessor.java:620)
		at reactor.core.publisher.FluxPublish$PubSubInner.request(FluxPublish.java:874)
		at reactor.core.publisher.FluxContextWrite$ContextWriteSubscriber.request(FluxContextWrite.java:136)
		at reactor.core.publisher.FluxConcatMapNoPrefetch$FluxConcatMapNoPrefetchSubscriber.request(FluxConcatMapNoPrefetch.java:337)
		at reactor.core.publisher.FluxContextWrite$ContextWriteSubscriber.request(FluxContextWrite.java:136)
		at reactor.core.publisher.Operators$DeferredSubscription.request(Operators.java:1743)
		at reactor.core.publisher.FluxRetryWhen$RetryWhenMainSubscriber.onError(FluxRetryWhen.java:196)
		at reactor.core.publisher.MonoCreate$DefaultMonoSink.error(MonoCreate.java:205)
		at reactor.netty.http.client.HttpClientConnect$MonoHttpConnect$ClientTransportSubscriber.onError(HttpClientConnect.java:323)
		at reactor.core.publisher.MonoCreate$DefaultMonoSink.error(MonoCreate.java:205)
		at reactor.netty.resources.DefaultPooledConnectionProvider$DisposableAcquire.onError(DefaultPooledConnectionProvider.java:174)
		at reactor.netty.internal.shaded.reactor.pool.AbstractPool$Borrower.fail(AbstractPool.java:479)
		at reactor.netty.internal.shaded.reactor.pool.SimpleDequePool.lambda$drainLoop$9(SimpleDequePool.java:443)
		at reactor.core.publisher.FluxDoOnEach$DoOnEachSubscriber.onError(FluxDoOnEach.java:186)
		at reactor.core.publisher.MonoCreate$DefaultMonoSink.error(MonoCreate.java:205)
		at reactor.netty.resources.DefaultPooledConnectionProvider$PooledConnectionAllocator$PooledConnectionInitializer.onError(DefaultPooledConnectionProvider.java:593)
		at reactor.core.publisher.MonoFlatMap$FlatMapMain.secondError(MonoFlatMap.java:241)
		at reactor.core.publisher.MonoFlatMap$FlatMapInner.onError(MonoFlatMap.java:315)
		at reactor.core.publisher.FluxOnErrorResume$ResumeSubscriber.onError(FluxOnErrorResume.java:106)
		at reactor.core.publisher.Operators.error(Operators.java:198)
		at reactor.core.publisher.MonoError.subscribe(MonoError.java:53)
		at reactor.core.publisher.Mono.subscribe(Mono.java:4576)
		at reactor.core.publisher.FluxOnErrorResume$ResumeSubscriber.onError(FluxOnErrorResume.java:103)
		at reactor.netty.transport.TransportConnector$MonoChannelPromise.tryFailure(TransportConnector.java:576)
		at reactor.netty.transport.TransportConnector$MonoChannelPromise.setFailure(TransportConnector.java:522)
		at reactor.netty.transport.TransportConnector.lambda$doConnect$7(TransportConnector.java:261)
		at io.netty.util.concurrent.DefaultPromise.notifyListener0(DefaultPromise.java:590)
		at io.netty.util.concurrent.DefaultPromise.notifyListeners0(DefaultPromise.java:583)
		at io.netty.util.concurrent.DefaultPromise.notifyListenersNow(DefaultPromise.java:559)
		at io.netty.util.concurrent.DefaultPromise.notifyListeners(DefaultPromise.java:492)
		at io.netty.util.concurrent.DefaultPromise.setValue0(DefaultPromise.java:636)
		at io.netty.util.concurrent.DefaultPromise.setFailure0(DefaultPromise.java:629)
		at io.netty.util.concurrent.DefaultPromise.tryFailure(DefaultPromise.java:118)
		at io.netty.channel.nio.AbstractNioChannel$AbstractNioUnsafe.fulfillConnectPromise(AbstractNioChannel.java:326)
		at io.netty.channel.nio.AbstractNioChannel$AbstractNioUnsafe.finishConnect(AbstractNioChannel.java:342)
		at io.netty.channel.nio.NioEventLoop.processSelectedKey(NioEventLoop.java:784)
		at io.netty.channel.nio.NioEventLoop.processSelectedKeysOptimized(NioEventLoop.java:732)
		at io.netty.channel.nio.NioEventLoop.processSelectedKeys(NioEventLoop.java:658)
		at io.netty.channel.nio.NioEventLoop.run(NioEventLoop.java:562)
		at io.netty.util.concurrent.SingleThreadEventExecutor$4.run(SingleThreadEventExecutor.java:998)
		at io.netty.util.internal.ThreadExecutorMap$2.run(ThreadExecutorMap.java:74)
		at io.netty.util.concurrent.FastThreadLocalRunnable.run(FastThreadLocalRunnable.java:30)
		at java.base/java.lang.Thread.run(Thread.java:1583)
Caused by: io.netty.channel.AbstractChannel$AnnotatedConnectException: Connection refused: getsockopt: /192.168.0.135:3000
	Suppressed: reactor.core.publisher.FluxOnAssembly$OnAssemblyException: 
Assembly trace from producer [reactor.core.publisher.MonoError] :
	reactor.core.publisher.FluxOnErrorResume$ResumeSubscriber.onError(FluxOnErrorResume.java:94)
	reactor.netty.transport.TransportConnector$MonoChannelPromise.tryFailure(TransportConnector.java:576)
Error has been observed at the following site(s):
	*__FluxOnErrorResume$ResumeSubscriber.onError ⇢ at reactor.netty.transport.TransportConnector$MonoChannelPromise.tryFailure(TransportConnector.java:576)
	*__________________________Mono.onErrorResume ⇢ at reactor.netty.transport.TransportConnector.lambda$connect$6(TransportConnector.java:166)
	*________________________________Mono.flatMap ⇢ at reactor.netty.transport.TransportConnector.connect(TransportConnector.java:165)
	*_________________________________Mono.create ⇢ at reactor.netty.resources.DefaultPooledConnectionProvider$PooledConnectionAllocator.connectChannel(DefaultPooledConnectionProvider.java:537)
	*_________________________________Mono.create ⇢ at reactor.netty.resources.PooledConnectionProvider.acquire(PooledConnectionProvider.java:130)
	*_________________________________Mono.create ⇢ at reactor.netty.http.client.HttpClientConnect$MonoHttpConnect.subscribe(HttpClientConnect.java:213)
	|_                             Mono.retryWhen ⇢ at reactor.netty.http.client.HttpClientConnect$MonoHttpConnect.subscribe(HttpClientConnect.java:287)
	*______________________________Flux.concatMap ⇢ at reactor.util.retry.RetrySpec.lambda$generateCompanion$6(RetrySpec.java:360)
	|_                           Flux.onErrorStop ⇢ at reactor.util.retry.RetrySpec.lambda$generateCompanion$6(RetrySpec.java:379)
	*________________________Flux.deferContextual ⇢ at reactor.util.retry.RetrySpec.generateCompanion(RetrySpec.java:357)
	*____________________________Mono.flatMapMany ⇢ at reactor.netty.http.client.HttpClientFinalizer.responseConnection(HttpClientFinalizer.java:102)
	|_                                  Flux.next ⇢ at org.springframework.http.client.reactive.ReactorClientHttpConnector.connect(ReactorClientHttpConnector.java:174)
	|_                            Mono.doOnCancel ⇢ at org.springframework.http.client.reactive.ReactorClientHttpConnector.connect(ReactorClientHttpConnector.java:175)
	|_                           Mono.doOnRequest ⇢ at org.springframework.web.reactive.function.client.ExchangeFunctions$DefaultExchangeFunction.exchange(ExchangeFunctions.java:104)
	|_                            Mono.doOnCancel ⇢ at org.springframework.web.reactive.function.client.ExchangeFunctions$DefaultExchangeFunction.exchange(ExchangeFunctions.java:105)
Original Stack Trace:
Caused by: java.net.ConnectException: Connection refused: getsockopt
	at java.base/sun.nio.ch.Net.pollConnect(Native Method)
	at java.base/sun.nio.ch.Net.pollConnectNow(Net.java:682)
	at java.base/sun.nio.ch.SocketChannelImpl.finishConnect(SocketChannelImpl.java:973)
	at io.netty.channel.socket.nio.NioSocketChannel.doFinishConnect(NioSocketChannel.java:336)
	at io.netty.channel.nio.AbstractNioChannel$AbstractNioUnsafe.finishConnect(AbstractNioChannel.java:339)
	at io.netty.channel.nio.NioEventLoop.processSelectedKey(NioEventLoop.java:784)
	at io.netty.channel.nio.NioEventLoop.processSelectedKeysOptimized(NioEventLoop.java:732)
	at io.netty.channel.nio.NioEventLoop.processSelectedKeys(NioEventLoop.java:658)
	at io.netty.channel.nio.NioEventLoop.run(NioEventLoop.java:562)
	at io.netty.util.concurrent.SingleThreadEventExecutor$4.run(SingleThreadEventExecutor.java:998)
	at io.netty.util.internal.ThreadExecutorMap$2.run(ThreadExecutorMap.java:74)
	at io.netty.util.concurrent.FastThreadLocalRunnable.run(FastThreadLocalRunnable.java:30)
	at java.base/java.lang.Thread.run(Thread.java:1583)
:2025-08-12 16:45:08.533  INFO parallel-4 d.c.b.a.s.s.StatusUpdater: Couldn't retrieve status for Instance(id=2a89a999aad6, version=25, registration=Registration(name=pig-auth, managementUrl=http://192.168.0.135:3000/actuator, healthUrl=http://192.168.0.135:3000/actuator/health, serviceUrl=http://192.168.0.135:3000, source=discovery), registered=true, statusInfo=StatusInfo(status=UP, details={nacosConfig={status=UP}, diskSpace={status=UP, details={total=285023932416, free=225204543488, threshold=10485760, path=D:\Loans\lending-framework\., exists=true}}, ping={status=UP}, discoveryComposite={status=UP, components={discoveryClient={status=UP, details={services=[pig-gateway, pig-monitor, pig-upms-biz, pig-auth]}}}}, refreshScope={status=UP}, nacosDiscovery={status=UP}, ssl={status=UP, details={validChains=[], invalidChains=[]}}, redis={status=UP, details={version=7.2.4}}}), statusTimestamp=2025-08-12T07:43:19.610654300Z, info=Info(values={}), endpoints=Endpoints(endpoints={sentinel=Endpoint(id=sentinel, url=http://192.168.0.135:3000/actuator/sentinel), caches=Endpoint(id=caches, url=http://192.168.0.135:3000/actuator/caches), loggers=Endpoint(id=loggers, url=http://192.168.0.135:3000/actuator/loggers), logfile=Endpoint(id=logfile, url=http://192.168.0.135:3000/actuator/logfile), nacosconfig=Endpoint(id=nacosconfig, url=http://192.168.0.135:3000/actuator/nacosconfig), health=Endpoint(id=health, url=http://192.168.0.135:3000/actuator/health), refresh=Endpoint(id=refresh, url=http://192.168.0.135:3000/actuator/refresh), env=Endpoint(id=env, url=http://192.168.0.135:3000/actuator/env), nacosdiscovery=Endpoint(id=nacosdiscovery, url=http://192.168.0.135:3000/actuator/nacosdiscovery), serviceregistry=Endpoint(id=serviceregistry, url=http://192.168.0.135:3000/actuator/serviceregistry), heapdump=Endpoint(id=heapdump, url=http://192.168.0.135:3000/actuator/heapdump), features=Endpoint(id=features, url=http://192.168.0.135:3000/actuator/features), scheduledtasks=Endpoint(id=scheduledtasks, url=http://192.168.0.135:3000/actuator/scheduledtasks), mappings=Endpoint(id=mappings, url=http://192.168.0.135:3000/actuator/mappings), beans=Endpoint(id=beans, url=http://192.168.0.135:3000/actuator/beans), configprops=Endpoint(id=configprops, url=http://192.168.0.135:3000/actuator/configprops), threaddump=Endpoint(id=threaddump, url=http://192.168.0.135:3000/actuator/threaddump), sbom=Endpoint(id=sbom, url=http://192.168.0.135:3000/actuator/sbom), metrics=Endpoint(id=metrics, url=http://192.168.0.135:3000/actuator/metrics), conditions=Endpoint(id=conditions, url=http://192.168.0.135:3000/actuator/conditions), info=Endpoint(id=info, url=http://192.168.0.135:3000/actuator/info)}), buildVersion=null, tags=Tags(values={}))
java.util.concurrent.TimeoutException: Did not observe any item or terminal signal within 9000ms in 'Mono.log ⇢ at de.codecentric.boot.admin.server.services.StatusUpdater.doUpdateStatus(StatusUpdater.java:84)' (and no fallback has been configured)
	at reactor.core.publisher.FluxTimeout$TimeoutMainSubscriber.handleTimeout(FluxTimeout.java:296)
	Suppressed: reactor.core.publisher.FluxOnAssembly$OnAssemblyException: 
Assembly trace from producer [reactor.core.publisher.MonoTimeout] :
	reactor.core.publisher.Mono.timeout(Mono.java:5007)
	de.codecentric.boot.admin.server.services.StatusUpdater.doUpdateStatus(StatusUpdater.java:85)
Error has been observed at the following site(s):
	*__Mono.timeout ⇢ at de.codecentric.boot.admin.server.services.StatusUpdater.doUpdateStatus(StatusUpdater.java:85)
Original Stack Trace:
		at reactor.core.publisher.FluxTimeout$TimeoutMainSubscriber.handleTimeout(FluxTimeout.java:296)
		at reactor.core.publisher.FluxTimeout$TimeoutMainSubscriber.doTimeout(FluxTimeout.java:281)
		at reactor.core.publisher.FluxTimeout$TimeoutTimeoutSubscriber.onNext(FluxTimeout.java:420)
		at reactor.core.publisher.FluxOnErrorReturn$ReturnSubscriber.onNext(FluxOnErrorReturn.java:162)
		at reactor.core.publisher.MonoDelay$MonoDelayRunnable.propagateDelay(MonoDelay.java:270)
		at reactor.core.publisher.MonoDelay$MonoDelayRunnable.run(MonoDelay.java:285)
		at reactor.core.scheduler.SchedulerTask.call(SchedulerTask.java:68)
		at reactor.core.scheduler.SchedulerTask.call(SchedulerTask.java:28)
		at java.base/java.util.concurrent.FutureTask.run$$$capture(FutureTask.java:317)
		at java.base/java.util.concurrent.FutureTask.run(FutureTask.java)
		at java.base/java.util.concurrent.ScheduledThreadPoolExecutor$ScheduledFutureTask.run(ScheduledThreadPoolExecutor.java:304)
		at java.base/java.util.concurrent.ThreadPoolExecutor.runWorker(ThreadPoolExecutor.java:1144)
		at java.base/java.util.concurrent.ThreadPoolExecutor$Worker.run(ThreadPoolExecutor.java:642)
		at java.base/java.lang.Thread.run(Thread.java:1583)
:2025-08-12 16:45:17.716  INFO HeartBeat-Task-Scheduler-1 d.c.b.a.s.c.d.InstanceDiscoveryListener: Instance '2a89a999aad6' missing in DiscoveryClient services and will be removed.
:2025-08-12 16:50:56.839  INFO parallel-5 d.c.b.a.s.s.StatusUpdater: Couldn't retrieve status for Instance(id=2a89a999aad6, version=28, registration=Registration(name=pig-auth, managementUrl=http://192.168.0.135:3000/actuator, healthUrl=http://192.168.0.135:3000/actuator/health, serviceUrl=http://192.168.0.135:3000, source=discovery), registered=true, statusInfo=StatusInfo(status=UNKNOWN, details={}), statusTimestamp=2025-08-12T07:50:47.830987400Z, info=Info(values={}), endpoints=Endpoints(endpoints={health=Endpoint(id=health, url=http://192.168.0.135:3000/actuator/health)}), buildVersion=null, tags=Tags(values={}))
java.util.concurrent.TimeoutException: Did not observe any item or terminal signal within 9000ms in 'Mono.log ⇢ at de.codecentric.boot.admin.server.services.StatusUpdater.doUpdateStatus(StatusUpdater.java:84)' (and no fallback has been configured)
	at reactor.core.publisher.FluxTimeout$TimeoutMainSubscriber.handleTimeout(FluxTimeout.java:296)
	Suppressed: reactor.core.publisher.FluxOnAssembly$OnAssemblyException: 
Assembly trace from producer [reactor.core.publisher.MonoTimeout] :
	reactor.core.publisher.Mono.timeout(Mono.java:5007)
	de.codecentric.boot.admin.server.services.StatusUpdater.doUpdateStatus(StatusUpdater.java:85)
Error has been observed at the following site(s):
	*__Mono.timeout ⇢ at de.codecentric.boot.admin.server.services.StatusUpdater.doUpdateStatus(StatusUpdater.java:85)
Original Stack Trace:
		at reactor.core.publisher.FluxTimeout$TimeoutMainSubscriber.handleTimeout(FluxTimeout.java:296)
		at reactor.core.publisher.FluxTimeout$TimeoutMainSubscriber.doTimeout(FluxTimeout.java:281)
		at reactor.core.publisher.FluxTimeout$TimeoutTimeoutSubscriber.onNext(FluxTimeout.java:420)
		at reactor.core.publisher.FluxOnErrorReturn$ReturnSubscriber.onNext(FluxOnErrorReturn.java:162)
		at reactor.core.publisher.MonoDelay$MonoDelayRunnable.propagateDelay(MonoDelay.java:270)
		at reactor.core.publisher.MonoDelay$MonoDelayRunnable.run(MonoDelay.java:285)
		at reactor.core.scheduler.SchedulerTask.call(SchedulerTask.java:68)
		at reactor.core.scheduler.SchedulerTask.call(SchedulerTask.java:28)
		at java.base/java.util.concurrent.FutureTask.run$$$capture(FutureTask.java:317)
		at java.base/java.util.concurrent.FutureTask.run(FutureTask.java)
		at java.base/java.util.concurrent.ScheduledThreadPoolExecutor$ScheduledFutureTask.run(ScheduledThreadPoolExecutor.java:304)
		at java.base/java.util.concurrent.ThreadPoolExecutor.runWorker(ThreadPoolExecutor.java:1144)
		at java.base/java.util.concurrent.ThreadPoolExecutor$Worker.run(ThreadPoolExecutor.java:642)
		at java.base/java.lang.Thread.run(Thread.java:1583)
:2025-08-12 16:51:17.840  INFO HeartBeat-Task-Scheduler-1 d.c.b.a.s.c.d.InstanceDiscoveryListener: Instance '2a89a999aad6' missing in DiscoveryClient services and will be removed.
:2025-08-12 16:54:08.524  INFO parallel-19 d.c.b.a.s.s.StatusUpdater: Couldn't retrieve status for Instance(id=2a89a999aad6, version=33, registration=Registration(name=pig-auth, managementUrl=http://192.168.0.135:3000/actuator, healthUrl=http://192.168.0.135:3000/actuator/health, serviceUrl=http://192.168.0.135:3000, source=discovery), registered=true, statusInfo=StatusInfo(status=UP, details={nacosConfig={status=UP}, diskSpace={status=UP, details={total=285023932416, free=225201270784, threshold=10485760, path=D:\Loans\lending-framework\., exists=true}}, ping={status=UP}, discoveryComposite={status=UP, components={discoveryClient={status=UP, details={services=[pig-gateway, pig-monitor, pig-upms-biz, pig-auth]}}}}, refreshScope={status=UP}, nacosDiscovery={status=UP}, ssl={status=UP, details={validChains=[], invalidChains=[]}}, redis={status=UP, details={version=7.2.4}}}), statusTimestamp=2025-08-12T07:53:47.930239600Z, info=Info(values={}), endpoints=Endpoints(endpoints={sentinel=Endpoint(id=sentinel, url=http://192.168.0.135:3000/actuator/sentinel), caches=Endpoint(id=caches, url=http://192.168.0.135:3000/actuator/caches), loggers=Endpoint(id=loggers, url=http://192.168.0.135:3000/actuator/loggers), logfile=Endpoint(id=logfile, url=http://192.168.0.135:3000/actuator/logfile), nacosconfig=Endpoint(id=nacosconfig, url=http://192.168.0.135:3000/actuator/nacosconfig), health=Endpoint(id=health, url=http://192.168.0.135:3000/actuator/health), refresh=Endpoint(id=refresh, url=http://192.168.0.135:3000/actuator/refresh), env=Endpoint(id=env, url=http://192.168.0.135:3000/actuator/env), nacosdiscovery=Endpoint(id=nacosdiscovery, url=http://192.168.0.135:3000/actuator/nacosdiscovery), serviceregistry=Endpoint(id=serviceregistry, url=http://192.168.0.135:3000/actuator/serviceregistry), heapdump=Endpoint(id=heapdump, url=http://192.168.0.135:3000/actuator/heapdump), features=Endpoint(id=features, url=http://192.168.0.135:3000/actuator/features), scheduledtasks=Endpoint(id=scheduledtasks, url=http://192.168.0.135:3000/actuator/scheduledtasks), mappings=Endpoint(id=mappings, url=http://192.168.0.135:3000/actuator/mappings), beans=Endpoint(id=beans, url=http://192.168.0.135:3000/actuator/beans), configprops=Endpoint(id=configprops, url=http://192.168.0.135:3000/actuator/configprops), threaddump=Endpoint(id=threaddump, url=http://192.168.0.135:3000/actuator/threaddump), sbom=Endpoint(id=sbom, url=http://192.168.0.135:3000/actuator/sbom), metrics=Endpoint(id=metrics, url=http://192.168.0.135:3000/actuator/metrics), conditions=Endpoint(id=conditions, url=http://192.168.0.135:3000/actuator/conditions), info=Endpoint(id=info, url=http://192.168.0.135:3000/actuator/info)}), buildVersion=null, tags=Tags(values={}))
java.util.concurrent.TimeoutException: Did not observe any item or terminal signal within 9000ms in 'Mono.log ⇢ at de.codecentric.boot.admin.server.services.StatusUpdater.doUpdateStatus(StatusUpdater.java:84)' (and no fallback has been configured)
	at reactor.core.publisher.FluxTimeout$TimeoutMainSubscriber.handleTimeout(FluxTimeout.java:296)
	Suppressed: reactor.core.publisher.FluxOnAssembly$OnAssemblyException: 
Assembly trace from producer [reactor.core.publisher.MonoTimeout] :
	reactor.core.publisher.Mono.timeout(Mono.java:5007)
	de.codecentric.boot.admin.server.services.StatusUpdater.doUpdateStatus(StatusUpdater.java:85)
Error has been observed at the following site(s):
	*__Mono.timeout ⇢ at de.codecentric.boot.admin.server.services.StatusUpdater.doUpdateStatus(StatusUpdater.java:85)
Original Stack Trace:
		at reactor.core.publisher.FluxTimeout$TimeoutMainSubscriber.handleTimeout(FluxTimeout.java:296)
		at reactor.core.publisher.FluxTimeout$TimeoutMainSubscriber.doTimeout(FluxTimeout.java:281)
		at reactor.core.publisher.FluxTimeout$TimeoutTimeoutSubscriber.onNext(FluxTimeout.java:420)
		at reactor.core.publisher.FluxOnErrorReturn$ReturnSubscriber.onNext(FluxOnErrorReturn.java:162)
		at reactor.core.publisher.MonoDelay$MonoDelayRunnable.propagateDelay(MonoDelay.java:270)
		at reactor.core.publisher.MonoDelay$MonoDelayRunnable.run(MonoDelay.java:285)
		at reactor.core.scheduler.SchedulerTask.call(SchedulerTask.java:68)
		at reactor.core.scheduler.SchedulerTask.call(SchedulerTask.java:28)
		at java.base/java.util.concurrent.FutureTask.run$$$capture(FutureTask.java:317)
		at java.base/java.util.concurrent.FutureTask.run(FutureTask.java)
		at java.base/java.util.concurrent.ScheduledThreadPoolExecutor$ScheduledFutureTask.run(ScheduledThreadPoolExecutor.java:304)
		at java.base/java.util.concurrent.ThreadPoolExecutor.runWorker(ThreadPoolExecutor.java:1144)
		at java.base/java.util.concurrent.ThreadPoolExecutor$Worker.run(ThreadPoolExecutor.java:642)
		at java.base/java.lang.Thread.run(Thread.java:1583)
:2025-08-12 16:55:08.533  INFO parallel-9 d.c.b.a.s.s.StatusUpdater: Couldn't retrieve status for Instance(id=2a89a999aad6, version=35, registration=Registration(name=pig-auth, managementUrl=http://192.168.0.135:3000/actuator, healthUrl=http://192.168.0.135:3000/actuator/health, serviceUrl=http://192.168.0.135:3000, source=discovery), registered=true, statusInfo=StatusInfo(status=UP, details={nacosConfig={status=UP}, diskSpace={status=UP, details={total=285023932416, free=225201225728, threshold=10485760, path=D:\Loans\lending-framework\., exists=true}}, ping={status=UP}, discoveryComposite={status=UP, components={discoveryClient={status=UP, details={services=[pig-gateway, pig-monitor, pig-upms-biz, pig-auth]}}}}, refreshScope={status=UP}, nacosDiscovery={status=UP}, ssl={status=UP, details={validChains=[], invalidChains=[]}}, redis={status=UP, details={version=7.2.4}}}), statusTimestamp=2025-08-12T07:54:41.250286400Z, info=Info(values={}), endpoints=Endpoints(endpoints={sentinel=Endpoint(id=sentinel, url=http://192.168.0.135:3000/actuator/sentinel), caches=Endpoint(id=caches, url=http://192.168.0.135:3000/actuator/caches), loggers=Endpoint(id=loggers, url=http://192.168.0.135:3000/actuator/loggers), logfile=Endpoint(id=logfile, url=http://192.168.0.135:3000/actuator/logfile), nacosconfig=Endpoint(id=nacosconfig, url=http://192.168.0.135:3000/actuator/nacosconfig), health=Endpoint(id=health, url=http://192.168.0.135:3000/actuator/health), refresh=Endpoint(id=refresh, url=http://192.168.0.135:3000/actuator/refresh), env=Endpoint(id=env, url=http://192.168.0.135:3000/actuator/env), nacosdiscovery=Endpoint(id=nacosdiscovery, url=http://192.168.0.135:3000/actuator/nacosdiscovery), serviceregistry=Endpoint(id=serviceregistry, url=http://192.168.0.135:3000/actuator/serviceregistry), heapdump=Endpoint(id=heapdump, url=http://192.168.0.135:3000/actuator/heapdump), features=Endpoint(id=features, url=http://192.168.0.135:3000/actuator/features), scheduledtasks=Endpoint(id=scheduledtasks, url=http://192.168.0.135:3000/actuator/scheduledtasks), mappings=Endpoint(id=mappings, url=http://192.168.0.135:3000/actuator/mappings), beans=Endpoint(id=beans, url=http://192.168.0.135:3000/actuator/beans), configprops=Endpoint(id=configprops, url=http://192.168.0.135:3000/actuator/configprops), threaddump=Endpoint(id=threaddump, url=http://192.168.0.135:3000/actuator/threaddump), sbom=Endpoint(id=sbom, url=http://192.168.0.135:3000/actuator/sbom), metrics=Endpoint(id=metrics, url=http://192.168.0.135:3000/actuator/metrics), conditions=Endpoint(id=conditions, url=http://192.168.0.135:3000/actuator/conditions), info=Endpoint(id=info, url=http://192.168.0.135:3000/actuator/info)}), buildVersion=null, tags=Tags(values={}))
java.util.concurrent.TimeoutException: Did not observe any item or terminal signal within 9000ms in 'Mono.log ⇢ at de.codecentric.boot.admin.server.services.StatusUpdater.doUpdateStatus(StatusUpdater.java:84)' (and no fallback has been configured)
	at reactor.core.publisher.FluxTimeout$TimeoutMainSubscriber.handleTimeout(FluxTimeout.java:296)
	Suppressed: reactor.core.publisher.FluxOnAssembly$OnAssemblyException: 
Assembly trace from producer [reactor.core.publisher.MonoTimeout] :
	reactor.core.publisher.Mono.timeout(Mono.java:5007)
	de.codecentric.boot.admin.server.services.StatusUpdater.doUpdateStatus(StatusUpdater.java:85)
Error has been observed at the following site(s):
	*__Mono.timeout ⇢ at de.codecentric.boot.admin.server.services.StatusUpdater.doUpdateStatus(StatusUpdater.java:85)
Original Stack Trace:
		at reactor.core.publisher.FluxTimeout$TimeoutMainSubscriber.handleTimeout(FluxTimeout.java:296)
		at reactor.core.publisher.FluxTimeout$TimeoutMainSubscriber.doTimeout(FluxTimeout.java:281)
		at reactor.core.publisher.FluxTimeout$TimeoutTimeoutSubscriber.onNext(FluxTimeout.java:420)
		at reactor.core.publisher.FluxOnErrorReturn$ReturnSubscriber.onNext(FluxOnErrorReturn.java:162)
		at reactor.core.publisher.MonoDelay$MonoDelayRunnable.propagateDelay(MonoDelay.java:270)
		at reactor.core.publisher.MonoDelay$MonoDelayRunnable.run(MonoDelay.java:285)
		at reactor.core.scheduler.SchedulerTask.call(SchedulerTask.java:68)
		at reactor.core.scheduler.SchedulerTask.call(SchedulerTask.java:28)
		at java.base/java.util.concurrent.FutureTask.run$$$capture(FutureTask.java:317)
		at java.base/java.util.concurrent.FutureTask.run(FutureTask.java)
		at java.base/java.util.concurrent.ScheduledThreadPoolExecutor$ScheduledFutureTask.run(ScheduledThreadPoolExecutor.java:304)
		at java.base/java.util.concurrent.ThreadPoolExecutor.runWorker(ThreadPoolExecutor.java:1144)
		at java.base/java.util.concurrent.ThreadPoolExecutor$Worker.run(ThreadPoolExecutor.java:642)
		at java.base/java.lang.Thread.run(Thread.java:1583)
:2025-08-12 16:55:47.928  INFO HeartBeat-Task-Scheduler-1 d.c.b.a.s.c.d.InstanceDiscoveryListener: Instance '2a89a999aad6' missing in DiscoveryClient services and will be removed.
:2025-08-12 16:56:26.935  INFO parallel-2 d.c.b.a.s.s.StatusUpdater: Couldn't retrieve status for Instance(id=2a89a999aad6, version=38, registration=Registration(name=pig-auth, managementUrl=http://192.168.0.135:3000/actuator, healthUrl=http://192.168.0.135:3000/actuator/health, serviceUrl=http://192.168.0.135:3000, source=discovery), registered=true, statusInfo=StatusInfo(status=UNKNOWN, details={}), statusTimestamp=2025-08-12T07:56:17.931926500Z, info=Info(values={}), endpoints=Endpoints(endpoints={health=Endpoint(id=health, url=http://192.168.0.135:3000/actuator/health)}), buildVersion=null, tags=Tags(values={}))
java.util.concurrent.TimeoutException: Did not observe any item or terminal signal within 9000ms in 'Mono.log ⇢ at de.codecentric.boot.admin.server.services.StatusUpdater.doUpdateStatus(StatusUpdater.java:84)' (and no fallback has been configured)
	at reactor.core.publisher.FluxTimeout$TimeoutMainSubscriber.handleTimeout(FluxTimeout.java:296)
	Suppressed: reactor.core.publisher.FluxOnAssembly$OnAssemblyException: 
Assembly trace from producer [reactor.core.publisher.MonoTimeout] :
	reactor.core.publisher.Mono.timeout(Mono.java:5007)
	de.codecentric.boot.admin.server.services.StatusUpdater.doUpdateStatus(StatusUpdater.java:85)
Error has been observed at the following site(s):
	*__Mono.timeout ⇢ at de.codecentric.boot.admin.server.services.StatusUpdater.doUpdateStatus(StatusUpdater.java:85)
Original Stack Trace:
		at reactor.core.publisher.FluxTimeout$TimeoutMainSubscriber.handleTimeout(FluxTimeout.java:296)
		at reactor.core.publisher.FluxTimeout$TimeoutMainSubscriber.doTimeout(FluxTimeout.java:281)
		at reactor.core.publisher.FluxTimeout$TimeoutTimeoutSubscriber.onNext(FluxTimeout.java:420)
		at reactor.core.publisher.FluxOnErrorReturn$ReturnSubscriber.onNext(FluxOnErrorReturn.java:162)
		at reactor.core.publisher.MonoDelay$MonoDelayRunnable.propagateDelay(MonoDelay.java:270)
		at reactor.core.publisher.MonoDelay$MonoDelayRunnable.run(MonoDelay.java:285)
		at reactor.core.scheduler.SchedulerTask.call(SchedulerTask.java:68)
		at reactor.core.scheduler.SchedulerTask.call(SchedulerTask.java:28)
		at java.base/java.util.concurrent.FutureTask.run$$$capture(FutureTask.java:317)
		at java.base/java.util.concurrent.FutureTask.run(FutureTask.java)
		at java.base/java.util.concurrent.ScheduledThreadPoolExecutor$ScheduledFutureTask.run(ScheduledThreadPoolExecutor.java:304)
		at java.base/java.util.concurrent.ThreadPoolExecutor.runWorker(ThreadPoolExecutor.java:1144)
		at java.base/java.util.concurrent.ThreadPoolExecutor$Worker.run(ThreadPoolExecutor.java:642)
		at java.base/java.lang.Thread.run(Thread.java:1583)
:2025-08-12 16:56:28.533  INFO parallel-4 d.c.b.a.s.s.StatusUpdater: Couldn't retrieve status for Instance(id=2a89a999aad6, version=38, registration=Registration(name=pig-auth, managementUrl=http://192.168.0.135:3000/actuator, healthUrl=http://192.168.0.135:3000/actuator/health, serviceUrl=http://192.168.0.135:3000, source=discovery), registered=true, statusInfo=StatusInfo(status=UNKNOWN, details={}), statusTimestamp=2025-08-12T07:56:17.931926500Z, info=Info(values={}), endpoints=Endpoints(endpoints={health=Endpoint(id=health, url=http://192.168.0.135:3000/actuator/health)}), buildVersion=null, tags=Tags(values={}))
java.util.concurrent.TimeoutException: Did not observe any item or terminal signal within 9000ms in 'Mono.log ⇢ at de.codecentric.boot.admin.server.services.StatusUpdater.doUpdateStatus(StatusUpdater.java:84)' (and no fallback has been configured)
	at reactor.core.publisher.FluxTimeout$TimeoutMainSubscriber.handleTimeout(FluxTimeout.java:296)
	Suppressed: reactor.core.publisher.FluxOnAssembly$OnAssemblyException: 
Assembly trace from producer [reactor.core.publisher.MonoTimeout] :
	reactor.core.publisher.Mono.timeout(Mono.java:5007)
	de.codecentric.boot.admin.server.services.StatusUpdater.doUpdateStatus(StatusUpdater.java:85)
Error has been observed at the following site(s):
	*__Mono.timeout ⇢ at de.codecentric.boot.admin.server.services.StatusUpdater.doUpdateStatus(StatusUpdater.java:85)
Original Stack Trace:
		at reactor.core.publisher.FluxTimeout$TimeoutMainSubscriber.handleTimeout(FluxTimeout.java:296)
		at reactor.core.publisher.FluxTimeout$TimeoutMainSubscriber.doTimeout(FluxTimeout.java:281)
		at reactor.core.publisher.FluxTimeout$TimeoutTimeoutSubscriber.onNext(FluxTimeout.java:420)
		at reactor.core.publisher.FluxOnErrorReturn$ReturnSubscriber.onNext(FluxOnErrorReturn.java:162)
		at reactor.core.publisher.MonoDelay$MonoDelayRunnable.propagateDelay(MonoDelay.java:270)
		at reactor.core.publisher.MonoDelay$MonoDelayRunnable.run(MonoDelay.java:285)
		at reactor.core.scheduler.SchedulerTask.call(SchedulerTask.java:68)
		at reactor.core.scheduler.SchedulerTask.call(SchedulerTask.java:28)
		at java.base/java.util.concurrent.FutureTask.run$$$capture(FutureTask.java:317)
		at java.base/java.util.concurrent.FutureTask.run(FutureTask.java)
		at java.base/java.util.concurrent.ScheduledThreadPoolExecutor$ScheduledFutureTask.run(ScheduledThreadPoolExecutor.java:304)
		at java.base/java.util.concurrent.ThreadPoolExecutor.runWorker(ThreadPoolExecutor.java:1144)
		at java.base/java.util.concurrent.ThreadPoolExecutor$Worker.run(ThreadPoolExecutor.java:642)
		at java.base/java.lang.Thread.run(Thread.java:1583)
:2025-08-12 16:56:29.515  WARN parallel-1 d.c.b.a.s.s.IntervalCheck: Unexpected error in status-check
reactor.core.Exceptions$OverflowException: Could not emit tick 2056 due to lack of requests (interval doesn't support small downstream requests that replenish slower than the ticks)
	at reactor.core.Exceptions.failWithOverflow(Exceptions.java:251)
	Suppressed: reactor.core.publisher.FluxOnAssembly$OnAssemblyException: 
Assembly trace from producer [reactor.core.publisher.FluxInterval] :
	reactor.core.publisher.Flux.interval(Flux.java:1243)
	de.codecentric.boot.admin.server.services.IntervalCheck.start(IntervalCheck.java:82)
Error has been observed at the following site(s):
	*_______Flux.interval ⇢ at de.codecentric.boot.admin.server.services.IntervalCheck.start(IntervalCheck.java:82)
	|_ Flux.doOnSubscribe ⇢ at de.codecentric.boot.admin.server.services.IntervalCheck.start(IntervalCheck.java:83)
	|_           Flux.log ⇢ at de.codecentric.boot.admin.server.services.IntervalCheck.start(IntervalCheck.java:84)
	|_   Flux.subscribeOn ⇢ at de.codecentric.boot.admin.server.services.IntervalCheck.start(IntervalCheck.java:85)
	|_     Flux.concatMap ⇢ at de.codecentric.boot.admin.server.services.IntervalCheck.start(IntervalCheck.java:86)
Original Stack Trace:
		at reactor.core.Exceptions.failWithOverflow(Exceptions.java:251)
		at reactor.core.publisher.FluxInterval$IntervalRunnable.run(FluxInterval.java:131)
		at reactor.core.scheduler.PeriodicWorkerTask.call(PeriodicWorkerTask.java:59)
		at reactor.core.scheduler.PeriodicWorkerTask.run(PeriodicWorkerTask.java:73)
		at java.base/java.util.concurrent.Executors$RunnableAdapter.call(Executors.java:572)
		at java.base/java.util.concurrent.FutureTask.runAndReset$$$capture(FutureTask.java:358)
		at java.base/java.util.concurrent.FutureTask.runAndReset(FutureTask.java)
		at java.base/java.util.concurrent.ScheduledThreadPoolExecutor$ScheduledFutureTask.run(ScheduledThreadPoolExecutor.java:305)
		at java.base/java.util.concurrent.ThreadPoolExecutor.runWorker(ThreadPoolExecutor.java:1144)
		at java.base/java.util.concurrent.ThreadPoolExecutor$Worker.run(ThreadPoolExecutor.java:642)
		at java.base/java.lang.Thread.run(Thread.java:1583)
:2025-08-12 16:57:17.945  INFO HeartBeat-Task-Scheduler-1 d.c.b.a.s.c.d.InstanceDiscoveryListener: Instance '2a89a999aad6' missing in DiscoveryClient services and will be removed.
:2025-08-12 17:02:09.544  INFO parallel-9 d.c.b.a.s.s.StatusUpdater: Couldn't retrieve status for Instance(id=2a89a999aad6, version=43, registration=Registration(name=pig-auth, managementUrl=http://192.168.0.135:3000/actuator, healthUrl=http://192.168.0.135:3000/actuator/health, serviceUrl=http://192.168.0.135:3000, source=discovery), registered=true, statusInfo=StatusInfo(status=UP, details={nacosConfig={status=UP}, diskSpace={status=UP, details={total=285023932416, free=225201496064, threshold=10485760, path=D:\Loans\lending-framework\., exists=true}}, ping={status=UP}, discoveryComposite={status=UP, components={discoveryClient={status=UP, details={services=[pig-gateway, pig-monitor, pig-upms-biz, pig-auth]}}}}, refreshScope={status=UP}, nacosDiscovery={status=UP}, ssl={status=UP, details={validChains=[], invalidChains=[]}}, redis={status=UP, details={version=7.2.4}}}), statusTimestamp=2025-08-12T08:01:48.078442Z, info=Info(values={}), endpoints=Endpoints(endpoints={sentinel=Endpoint(id=sentinel, url=http://192.168.0.135:3000/actuator/sentinel), caches=Endpoint(id=caches, url=http://192.168.0.135:3000/actuator/caches), loggers=Endpoint(id=loggers, url=http://192.168.0.135:3000/actuator/loggers), logfile=Endpoint(id=logfile, url=http://192.168.0.135:3000/actuator/logfile), nacosconfig=Endpoint(id=nacosconfig, url=http://192.168.0.135:3000/actuator/nacosconfig), health=Endpoint(id=health, url=http://192.168.0.135:3000/actuator/health), refresh=Endpoint(id=refresh, url=http://192.168.0.135:3000/actuator/refresh), env=Endpoint(id=env, url=http://192.168.0.135:3000/actuator/env), nacosdiscovery=Endpoint(id=nacosdiscovery, url=http://192.168.0.135:3000/actuator/nacosdiscovery), serviceregistry=Endpoint(id=serviceregistry, url=http://192.168.0.135:3000/actuator/serviceregistry), heapdump=Endpoint(id=heapdump, url=http://192.168.0.135:3000/actuator/heapdump), features=Endpoint(id=features, url=http://192.168.0.135:3000/actuator/features), scheduledtasks=Endpoint(id=scheduledtasks, url=http://192.168.0.135:3000/actuator/scheduledtasks), mappings=Endpoint(id=mappings, url=http://192.168.0.135:3000/actuator/mappings), beans=Endpoint(id=beans, url=http://192.168.0.135:3000/actuator/beans), configprops=Endpoint(id=configprops, url=http://192.168.0.135:3000/actuator/configprops), threaddump=Endpoint(id=threaddump, url=http://192.168.0.135:3000/actuator/threaddump), sbom=Endpoint(id=sbom, url=http://192.168.0.135:3000/actuator/sbom), metrics=Endpoint(id=metrics, url=http://192.168.0.135:3000/actuator/metrics), conditions=Endpoint(id=conditions, url=http://192.168.0.135:3000/actuator/conditions), info=Endpoint(id=info, url=http://192.168.0.135:3000/actuator/info)}), buildVersion=null, tags=Tags(values={}))
java.util.concurrent.TimeoutException: Did not observe any item or terminal signal within 9000ms in 'Mono.log ⇢ at de.codecentric.boot.admin.server.services.StatusUpdater.doUpdateStatus(StatusUpdater.java:84)' (and no fallback has been configured)
	at reactor.core.publisher.FluxTimeout$TimeoutMainSubscriber.handleTimeout(FluxTimeout.java:296)
	Suppressed: reactor.core.publisher.FluxOnAssembly$OnAssemblyException: 
Assembly trace from producer [reactor.core.publisher.MonoTimeout] :
	reactor.core.publisher.Mono.timeout(Mono.java:5007)
	de.codecentric.boot.admin.server.services.StatusUpdater.doUpdateStatus(StatusUpdater.java:85)
Error has been observed at the following site(s):
	*__Mono.timeout ⇢ at de.codecentric.boot.admin.server.services.StatusUpdater.doUpdateStatus(StatusUpdater.java:85)
Original Stack Trace:
		at reactor.core.publisher.FluxTimeout$TimeoutMainSubscriber.handleTimeout(FluxTimeout.java:296)
		at reactor.core.publisher.FluxTimeout$TimeoutMainSubscriber.doTimeout(FluxTimeout.java:281)
		at reactor.core.publisher.FluxTimeout$TimeoutTimeoutSubscriber.onNext(FluxTimeout.java:420)
		at reactor.core.publisher.FluxOnErrorReturn$ReturnSubscriber.onNext(FluxOnErrorReturn.java:162)
		at reactor.core.publisher.MonoDelay$MonoDelayRunnable.propagateDelay(MonoDelay.java:270)
		at reactor.core.publisher.MonoDelay$MonoDelayRunnable.run(MonoDelay.java:285)
		at reactor.core.scheduler.SchedulerTask.call(SchedulerTask.java:68)
		at reactor.core.scheduler.SchedulerTask.call(SchedulerTask.java:28)
		at java.base/java.util.concurrent.FutureTask.run$$$capture(FutureTask.java:317)
		at java.base/java.util.concurrent.FutureTask.run(FutureTask.java)
		at java.base/java.util.concurrent.ScheduledThreadPoolExecutor$ScheduledFutureTask.run(ScheduledThreadPoolExecutor.java:304)
		at java.base/java.util.concurrent.ThreadPoolExecutor.runWorker(ThreadPoolExecutor.java:1144)
		at java.base/java.util.concurrent.ThreadPoolExecutor$Worker.run(ThreadPoolExecutor.java:642)
		at java.base/java.lang.Thread.run(Thread.java:1583)
:2025-08-12 17:02:18.046  INFO HeartBeat-Task-Scheduler-1 d.c.b.a.s.c.d.InstanceDiscoveryListener: Instance '2a89a999aad6' missing in DiscoveryClient services and will be removed.
:2025-08-12 17:13:12.587  INFO reactor-http-nio-18 d.c.b.a.s.s.StatusUpdater: Couldn't retrieve status for Instance(id=2a89a999aad6, version=48, registration=Registration(name=pig-auth, managementUrl=http://192.168.0.135:3000/actuator, healthUrl=http://192.168.0.135:3000/actuator/health, serviceUrl=http://192.168.0.135:3000, source=discovery), registered=true, statusInfo=StatusInfo(status=UP, details={nacosConfig={status=UP}, diskSpace={status=UP, details={total=285023932416, free=225201053696, threshold=10485760, path=D:\Loans\lending-framework\., exists=true}}, ping={status=UP}, discoveryComposite={status=UP, components={discoveryClient={status=UP, details={services=[pig-gateway, pig-monitor, pig-upms-biz, pig-auth]}}}}, refreshScope={status=UP}, nacosDiscovery={status=UP}, ssl={status=UP, details={validChains=[], invalidChains=[]}}, redis={status=UP, details={version=7.2.4}}}), statusTimestamp=2025-08-12T08:11:18.343702300Z, info=Info(values={}), endpoints=Endpoints(endpoints={sentinel=Endpoint(id=sentinel, url=http://192.168.0.135:3000/actuator/sentinel), caches=Endpoint(id=caches, url=http://192.168.0.135:3000/actuator/caches), loggers=Endpoint(id=loggers, url=http://192.168.0.135:3000/actuator/loggers), logfile=Endpoint(id=logfile, url=http://192.168.0.135:3000/actuator/logfile), nacosconfig=Endpoint(id=nacosconfig, url=http://192.168.0.135:3000/actuator/nacosconfig), health=Endpoint(id=health, url=http://192.168.0.135:3000/actuator/health), refresh=Endpoint(id=refresh, url=http://192.168.0.135:3000/actuator/refresh), env=Endpoint(id=env, url=http://192.168.0.135:3000/actuator/env), nacosdiscovery=Endpoint(id=nacosdiscovery, url=http://192.168.0.135:3000/actuator/nacosdiscovery), serviceregistry=Endpoint(id=serviceregistry, url=http://192.168.0.135:3000/actuator/serviceregistry), heapdump=Endpoint(id=heapdump, url=http://192.168.0.135:3000/actuator/heapdump), features=Endpoint(id=features, url=http://192.168.0.135:3000/actuator/features), scheduledtasks=Endpoint(id=scheduledtasks, url=http://192.168.0.135:3000/actuator/scheduledtasks), mappings=Endpoint(id=mappings, url=http://192.168.0.135:3000/actuator/mappings), beans=Endpoint(id=beans, url=http://192.168.0.135:3000/actuator/beans), configprops=Endpoint(id=configprops, url=http://192.168.0.135:3000/actuator/configprops), threaddump=Endpoint(id=threaddump, url=http://192.168.0.135:3000/actuator/threaddump), sbom=Endpoint(id=sbom, url=http://192.168.0.135:3000/actuator/sbom), metrics=Endpoint(id=metrics, url=http://192.168.0.135:3000/actuator/metrics), conditions=Endpoint(id=conditions, url=http://192.168.0.135:3000/actuator/conditions), info=Endpoint(id=info, url=http://192.168.0.135:3000/actuator/info)}), buildVersion=null, tags=Tags(values={}))
org.springframework.web.reactive.function.client.WebClientRequestException: Connection refused: getsockopt: /192.168.0.135:3000
	at org.springframework.web.reactive.function.client.ExchangeFunctions$DefaultExchangeFunction.lambda$wrapException$9(ExchangeFunctions.java:137)
	Suppressed: reactor.core.publisher.FluxOnAssembly$OnAssemblyException: 
Assembly trace from producer [reactor.core.publisher.MonoErrorSupplied] :
	reactor.core.publisher.Mono.error(Mono.java:315)
	org.springframework.web.reactive.function.client.ExchangeFunctions$DefaultExchangeFunction.wrapException(ExchangeFunctions.java:137)
Error has been observed at the following site(s):
	*____________Mono.error ⇢ at org.springframework.web.reactive.function.client.ExchangeFunctions$DefaultExchangeFunction.wrapException(ExchangeFunctions.java:137)
	*____Mono.onErrorResume ⇢ at org.springframework.web.reactive.function.client.ExchangeFunctions$DefaultExchangeFunction.exchange(ExchangeFunctions.java:106)
	|_             Mono.map ⇢ at org.springframework.web.reactive.function.client.ExchangeFunctions$DefaultExchangeFunction.exchange(ExchangeFunctions.java:107)
	|_        Mono.doOnNext ⇢ at org.springframework.web.reactive.function.client.DefaultWebClient$ObservationFilterFunction.filter(DefaultWebClient.java:745)
	|_         Mono.timeout ⇢ at de.codecentric.boot.admin.server.web.client.InstanceExchangeFilterFunctions.lambda$timeout$14(InstanceExchangeFilterFunctions.java:201)
	|_           Mono.retry ⇢ at de.codecentric.boot.admin.server.web.client.InstanceExchangeFilterFunctions.lambda$retry$13(InstanceExchangeFilterFunctions.java:191)
	|_             Mono.map ⇢ at de.codecentric.boot.admin.server.web.client.InstanceExchangeFilterFunctions.lambda$handleCookies$18(InstanceExchangeFilterFunctions.java:230)
	|_             Mono.map ⇢ at de.codecentric.boot.admin.server.web.client.InstanceExchangeFilterFunctions.lambda$convertLegacyEndpoints$8(InstanceExchangeFilterFunctions.java:143)
	*__________Mono.flatMap ⇢ at de.codecentric.boot.admin.server.web.client.InstanceWebClient.lambda$setInstance$3(InstanceWebClient.java:61)
	*____________Mono.defer ⇢ at org.springframework.web.reactive.function.client.DefaultWebClient$DefaultRequestBodyUriSpec.lambda$exchange$12(DefaultWebClient.java:467)
	|_           checkpoint ⇢ Request to GET health [DefaultWebClient]
	|_   Mono.switchIfEmpty ⇢ at org.springframework.web.reactive.function.client.DefaultWebClient$DefaultRequestBodyUriSpec.lambda$exchange$12(DefaultWebClient.java:472)
	|_        Mono.doOnNext ⇢ at org.springframework.web.reactive.function.client.DefaultWebClient$DefaultRequestBodyUriSpec.lambda$exchange$12(DefaultWebClient.java:478)
	|_       Mono.doOnError ⇢ at org.springframework.web.reactive.function.client.DefaultWebClient$DefaultRequestBodyUriSpec.lambda$exchange$12(DefaultWebClient.java:479)
	|_       Mono.doFinally ⇢ at org.springframework.web.reactive.function.client.DefaultWebClient$DefaultRequestBodyUriSpec.lambda$exchange$12(DefaultWebClient.java:480)
	|_    Mono.contextWrite ⇢ at org.springframework.web.reactive.function.client.DefaultWebClient$DefaultRequestBodyUriSpec.lambda$exchange$12(DefaultWebClient.java:486)
	*__Mono.deferContextual ⇢ at org.springframework.web.reactive.function.client.DefaultWebClient$DefaultRequestBodyUriSpec.exchange(DefaultWebClient.java:453)
	|_         Mono.flatMap ⇢ at org.springframework.web.reactive.function.client.DefaultWebClient$DefaultRequestBodyUriSpec.exchangeToMono(DefaultWebClient.java:421)
	|_             Mono.log ⇢ at de.codecentric.boot.admin.server.services.StatusUpdater.doUpdateStatus(StatusUpdater.java:84)
	|_         Mono.timeout ⇢ at de.codecentric.boot.admin.server.services.StatusUpdater.doUpdateStatus(StatusUpdater.java:85)
Original Stack Trace:
		at org.springframework.web.reactive.function.client.ExchangeFunctions$DefaultExchangeFunction.lambda$wrapException$9(ExchangeFunctions.java:137)
		at reactor.core.publisher.MonoErrorSupplied.subscribe(MonoErrorSupplied.java:55)
		at reactor.core.publisher.Mono.subscribe(Mono.java:4576)
		at reactor.core.publisher.FluxOnErrorResume$ResumeSubscriber.onError(FluxOnErrorResume.java:103)
		at reactor.core.publisher.FluxPeekFuseable$PeekFuseableSubscriber.onError(FluxPeekFuseable.java:234)
		at reactor.core.publisher.FluxPeekFuseable$PeekFuseableSubscriber.onError(FluxPeekFuseable.java:234)
		at reactor.core.publisher.FluxPeekFuseable$PeekFuseableSubscriber.onError(FluxPeekFuseable.java:234)
		at reactor.core.publisher.MonoNext$NextSubscriber.onError(MonoNext.java:93)
		at reactor.core.publisher.MonoFlatMapMany$FlatMapManyMain.onError(MonoFlatMapMany.java:205)
		at reactor.core.publisher.SerializedSubscriber.onError(SerializedSubscriber.java:124)
		at reactor.core.publisher.FluxRetryWhen$RetryWhenMainSubscriber.whenError(FluxRetryWhen.java:229)
		at reactor.core.publisher.FluxRetryWhen$RetryWhenOtherSubscriber.onError(FluxRetryWhen.java:279)
		at reactor.core.publisher.FluxContextWrite$ContextWriteSubscriber.onError(FluxContextWrite.java:121)
		at reactor.core.publisher.FluxConcatMapNoPrefetch$FluxConcatMapNoPrefetchSubscriber.maybeOnError(FluxConcatMapNoPrefetch.java:327)
		at reactor.core.publisher.FluxConcatMapNoPrefetch$FluxConcatMapNoPrefetchSubscriber.onNext(FluxConcatMapNoPrefetch.java:212)
		at reactor.core.publisher.FluxContextWrite$ContextWriteSubscriber.onNext(FluxContextWrite.java:107)
		at reactor.core.publisher.SinkManyEmitterProcessor.drain(SinkManyEmitterProcessor.java:476)
		at reactor.core.publisher.SinkManyEmitterProcessor$EmitterInner.drainParent(SinkManyEmitterProcessor.java:620)
		at reactor.core.publisher.FluxPublish$PubSubInner.request(FluxPublish.java:874)
		at reactor.core.publisher.FluxContextWrite$ContextWriteSubscriber.request(FluxContextWrite.java:136)
		at reactor.core.publisher.FluxConcatMapNoPrefetch$FluxConcatMapNoPrefetchSubscriber.request(FluxConcatMapNoPrefetch.java:337)
		at reactor.core.publisher.FluxContextWrite$ContextWriteSubscriber.request(FluxContextWrite.java:136)
		at reactor.core.publisher.Operators$DeferredSubscription.request(Operators.java:1743)
		at reactor.core.publisher.FluxRetryWhen$RetryWhenMainSubscriber.onError(FluxRetryWhen.java:196)
		at reactor.core.publisher.MonoCreate$DefaultMonoSink.error(MonoCreate.java:205)
		at reactor.netty.http.client.HttpClientConnect$MonoHttpConnect$ClientTransportSubscriber.onError(HttpClientConnect.java:323)
		at reactor.core.publisher.MonoCreate$DefaultMonoSink.error(MonoCreate.java:205)
		at reactor.netty.resources.DefaultPooledConnectionProvider$DisposableAcquire.onError(DefaultPooledConnectionProvider.java:174)
		at reactor.netty.internal.shaded.reactor.pool.AbstractPool$Borrower.fail(AbstractPool.java:479)
		at reactor.netty.internal.shaded.reactor.pool.SimpleDequePool.lambda$drainLoop$9(SimpleDequePool.java:443)
		at reactor.core.publisher.FluxDoOnEach$DoOnEachSubscriber.onError(FluxDoOnEach.java:186)
		at reactor.core.publisher.MonoCreate$DefaultMonoSink.error(MonoCreate.java:205)
		at reactor.netty.resources.DefaultPooledConnectionProvider$PooledConnectionAllocator$PooledConnectionInitializer.onError(DefaultPooledConnectionProvider.java:593)
		at reactor.core.publisher.MonoFlatMap$FlatMapMain.secondError(MonoFlatMap.java:241)
		at reactor.core.publisher.MonoFlatMap$FlatMapInner.onError(MonoFlatMap.java:315)
		at reactor.core.publisher.FluxOnErrorResume$ResumeSubscriber.onError(FluxOnErrorResume.java:106)
		at reactor.core.publisher.Operators.error(Operators.java:198)
		at reactor.core.publisher.MonoError.subscribe(MonoError.java:53)
		at reactor.core.publisher.Mono.subscribe(Mono.java:4576)
		at reactor.core.publisher.FluxOnErrorResume$ResumeSubscriber.onError(FluxOnErrorResume.java:103)
		at reactor.netty.transport.TransportConnector$MonoChannelPromise.tryFailure(TransportConnector.java:576)
		at reactor.netty.transport.TransportConnector$MonoChannelPromise.setFailure(TransportConnector.java:522)
		at reactor.netty.transport.TransportConnector.lambda$doConnect$7(TransportConnector.java:261)
		at io.netty.util.concurrent.DefaultPromise.notifyListener0(DefaultPromise.java:590)
		at io.netty.util.concurrent.DefaultPromise.notifyListeners0(DefaultPromise.java:583)
		at io.netty.util.concurrent.DefaultPromise.notifyListenersNow(DefaultPromise.java:559)
		at io.netty.util.concurrent.DefaultPromise.notifyListeners(DefaultPromise.java:492)
		at io.netty.util.concurrent.DefaultPromise.setValue0(DefaultPromise.java:636)
		at io.netty.util.concurrent.DefaultPromise.setFailure0(DefaultPromise.java:629)
		at io.netty.util.concurrent.DefaultPromise.tryFailure(DefaultPromise.java:118)
		at io.netty.channel.nio.AbstractNioChannel$AbstractNioUnsafe.fulfillConnectPromise(AbstractNioChannel.java:326)
		at io.netty.channel.nio.AbstractNioChannel$AbstractNioUnsafe.finishConnect(AbstractNioChannel.java:342)
		at io.netty.channel.nio.NioEventLoop.processSelectedKey(NioEventLoop.java:784)
		at io.netty.channel.nio.NioEventLoop.processSelectedKeysOptimized(NioEventLoop.java:732)
		at io.netty.channel.nio.NioEventLoop.processSelectedKeys(NioEventLoop.java:658)
		at io.netty.channel.nio.NioEventLoop.run(NioEventLoop.java:562)
		at io.netty.util.concurrent.SingleThreadEventExecutor$4.run(SingleThreadEventExecutor.java:998)
		at io.netty.util.internal.ThreadExecutorMap$2.run(ThreadExecutorMap.java:74)
		at io.netty.util.concurrent.FastThreadLocalRunnable.run(FastThreadLocalRunnable.java:30)
		at java.base/java.lang.Thread.run(Thread.java:1583)
Caused by: io.netty.channel.AbstractChannel$AnnotatedConnectException: Connection refused: getsockopt: /192.168.0.135:3000
	Suppressed: reactor.core.publisher.FluxOnAssembly$OnAssemblyException: 
Assembly trace from producer [reactor.core.publisher.MonoError] :
	reactor.core.publisher.FluxOnErrorResume$ResumeSubscriber.onError(FluxOnErrorResume.java:94)
	reactor.netty.transport.TransportConnector$MonoChannelPromise.tryFailure(TransportConnector.java:576)
Error has been observed at the following site(s):
	*__FluxOnErrorResume$ResumeSubscriber.onError ⇢ at reactor.netty.transport.TransportConnector$MonoChannelPromise.tryFailure(TransportConnector.java:576)
	*__________________________Mono.onErrorResume ⇢ at reactor.netty.transport.TransportConnector.lambda$connect$6(TransportConnector.java:166)
	*________________________________Mono.flatMap ⇢ at reactor.netty.transport.TransportConnector.connect(TransportConnector.java:165)
	*_________________________________Mono.create ⇢ at reactor.netty.resources.DefaultPooledConnectionProvider$PooledConnectionAllocator.connectChannel(DefaultPooledConnectionProvider.java:537)
	*_________________________________Mono.create ⇢ at reactor.netty.resources.PooledConnectionProvider.acquire(PooledConnectionProvider.java:130)
	*_________________________________Mono.create ⇢ at reactor.netty.http.client.HttpClientConnect$MonoHttpConnect.subscribe(HttpClientConnect.java:213)
	|_                             Mono.retryWhen ⇢ at reactor.netty.http.client.HttpClientConnect$MonoHttpConnect.subscribe(HttpClientConnect.java:287)
	*______________________________Flux.concatMap ⇢ at reactor.util.retry.RetrySpec.lambda$generateCompanion$6(RetrySpec.java:360)
	|_                           Flux.onErrorStop ⇢ at reactor.util.retry.RetrySpec.lambda$generateCompanion$6(RetrySpec.java:379)
	*________________________Flux.deferContextual ⇢ at reactor.util.retry.RetrySpec.generateCompanion(RetrySpec.java:357)
	*____________________________Mono.flatMapMany ⇢ at reactor.netty.http.client.HttpClientFinalizer.responseConnection(HttpClientFinalizer.java:102)
	|_                                  Flux.next ⇢ at org.springframework.http.client.reactive.ReactorClientHttpConnector.connect(ReactorClientHttpConnector.java:174)
	|_                            Mono.doOnCancel ⇢ at org.springframework.http.client.reactive.ReactorClientHttpConnector.connect(ReactorClientHttpConnector.java:175)
	|_                           Mono.doOnRequest ⇢ at org.springframework.web.reactive.function.client.ExchangeFunctions$DefaultExchangeFunction.exchange(ExchangeFunctions.java:104)
	|_                            Mono.doOnCancel ⇢ at org.springframework.web.reactive.function.client.ExchangeFunctions$DefaultExchangeFunction.exchange(ExchangeFunctions.java:105)
Original Stack Trace:
Caused by: java.net.ConnectException: Connection refused: getsockopt
	at java.base/sun.nio.ch.Net.pollConnect(Native Method)
	at java.base/sun.nio.ch.Net.pollConnectNow(Net.java:682)
	at java.base/sun.nio.ch.SocketChannelImpl.finishConnect(SocketChannelImpl.java:973)
	at io.netty.channel.socket.nio.NioSocketChannel.doFinishConnect(NioSocketChannel.java:336)
	at io.netty.channel.nio.AbstractNioChannel$AbstractNioUnsafe.finishConnect(AbstractNioChannel.java:339)
	at io.netty.channel.nio.NioEventLoop.processSelectedKey(NioEventLoop.java:784)
	at io.netty.channel.nio.NioEventLoop.processSelectedKeysOptimized(NioEventLoop.java:732)
	at io.netty.channel.nio.NioEventLoop.processSelectedKeys(NioEventLoop.java:658)
	at io.netty.channel.nio.NioEventLoop.run(NioEventLoop.java:562)
	at io.netty.util.concurrent.SingleThreadEventExecutor$4.run(SingleThreadEventExecutor.java:998)
	at io.netty.util.internal.ThreadExecutorMap$2.run(ThreadExecutorMap.java:74)
	at io.netty.util.concurrent.FastThreadLocalRunnable.run(FastThreadLocalRunnable.java:30)
	at java.base/java.lang.Thread.run(Thread.java:1583)
:2025-08-12 17:13:18.287  INFO HeartBeat-Task-Scheduler-1 d.c.b.a.s.c.d.InstanceDiscoveryListener: Instance '2a89a999aad6' missing in DiscoveryClient services and will be removed.
:2025-08-12 17:15:18.321  INFO HeartBeat-Task-Scheduler-1 d.c.b.a.s.c.d.InstanceDiscoveryListener: Instance '2a89a999aad6' missing in DiscoveryClient services and will be removed.
:2025-08-12 17:26:32.591  INFO reactor-http-nio-1 d.c.b.a.s.s.StatusUpdater: Couldn't retrieve status for Instance(id=2a89a999aad6, version=57, registration=Registration(name=pig-auth, managementUrl=http://192.168.0.135:3000/actuator, healthUrl=http://192.168.0.135:3000/actuator/health, serviceUrl=http://192.168.0.135:3000, source=discovery), registered=true, statusInfo=StatusInfo(status=UP, details={nacosConfig={status=UP}, diskSpace={status=UP, details={total=285023932416, free=225199177728, threshold=10485760, path=D:\Loans\lending-framework\., exists=true}}, ping={status=UP}, discoveryComposite={status=UP, components={discoveryClient={status=UP, details={services=[pig-gateway, pig-monitor, pig-upms-biz, pig-auth]}}}}, refreshScope={status=UP}, nacosDiscovery={status=UP}, ssl={status=UP, details={validChains=[], invalidChains=[]}}, redis={status=UP, details={version=7.2.4}}}), statusTimestamp=2025-08-12T08:15:48.490835800Z, info=Info(values={}), endpoints=Endpoints(endpoints={sentinel=Endpoint(id=sentinel, url=http://192.168.0.135:3000/actuator/sentinel), caches=Endpoint(id=caches, url=http://192.168.0.135:3000/actuator/caches), loggers=Endpoint(id=loggers, url=http://192.168.0.135:3000/actuator/loggers), logfile=Endpoint(id=logfile, url=http://192.168.0.135:3000/actuator/logfile), nacosconfig=Endpoint(id=nacosconfig, url=http://192.168.0.135:3000/actuator/nacosconfig), health=Endpoint(id=health, url=http://192.168.0.135:3000/actuator/health), refresh=Endpoint(id=refresh, url=http://192.168.0.135:3000/actuator/refresh), env=Endpoint(id=env, url=http://192.168.0.135:3000/actuator/env), nacosdiscovery=Endpoint(id=nacosdiscovery, url=http://192.168.0.135:3000/actuator/nacosdiscovery), serviceregistry=Endpoint(id=serviceregistry, url=http://192.168.0.135:3000/actuator/serviceregistry), heapdump=Endpoint(id=heapdump, url=http://192.168.0.135:3000/actuator/heapdump), features=Endpoint(id=features, url=http://192.168.0.135:3000/actuator/features), scheduledtasks=Endpoint(id=scheduledtasks, url=http://192.168.0.135:3000/actuator/scheduledtasks), mappings=Endpoint(id=mappings, url=http://192.168.0.135:3000/actuator/mappings), beans=Endpoint(id=beans, url=http://192.168.0.135:3000/actuator/beans), configprops=Endpoint(id=configprops, url=http://192.168.0.135:3000/actuator/configprops), threaddump=Endpoint(id=threaddump, url=http://192.168.0.135:3000/actuator/threaddump), sbom=Endpoint(id=sbom, url=http://192.168.0.135:3000/actuator/sbom), metrics=Endpoint(id=metrics, url=http://192.168.0.135:3000/actuator/metrics), conditions=Endpoint(id=conditions, url=http://192.168.0.135:3000/actuator/conditions), info=Endpoint(id=info, url=http://192.168.0.135:3000/actuator/info)}), buildVersion=null, tags=Tags(values={}))
org.springframework.web.reactive.function.client.WebClientRequestException: Connection refused: getsockopt: /192.168.0.135:3000
	at org.springframework.web.reactive.function.client.ExchangeFunctions$DefaultExchangeFunction.lambda$wrapException$9(ExchangeFunctions.java:137)
	Suppressed: reactor.core.publisher.FluxOnAssembly$OnAssemblyException: 
Assembly trace from producer [reactor.core.publisher.MonoErrorSupplied] :
	reactor.core.publisher.Mono.error(Mono.java:315)
	org.springframework.web.reactive.function.client.ExchangeFunctions$DefaultExchangeFunction.wrapException(ExchangeFunctions.java:137)
Error has been observed at the following site(s):
	*____________Mono.error ⇢ at org.springframework.web.reactive.function.client.ExchangeFunctions$DefaultExchangeFunction.wrapException(ExchangeFunctions.java:137)
	*____Mono.onErrorResume ⇢ at org.springframework.web.reactive.function.client.ExchangeFunctions$DefaultExchangeFunction.exchange(ExchangeFunctions.java:106)
	|_             Mono.map ⇢ at org.springframework.web.reactive.function.client.ExchangeFunctions$DefaultExchangeFunction.exchange(ExchangeFunctions.java:107)
	|_        Mono.doOnNext ⇢ at org.springframework.web.reactive.function.client.DefaultWebClient$ObservationFilterFunction.filter(DefaultWebClient.java:745)
	|_         Mono.timeout ⇢ at de.codecentric.boot.admin.server.web.client.InstanceExchangeFilterFunctions.lambda$timeout$14(InstanceExchangeFilterFunctions.java:201)
	|_           Mono.retry ⇢ at de.codecentric.boot.admin.server.web.client.InstanceExchangeFilterFunctions.lambda$retry$13(InstanceExchangeFilterFunctions.java:191)
	|_             Mono.map ⇢ at de.codecentric.boot.admin.server.web.client.InstanceExchangeFilterFunctions.lambda$handleCookies$18(InstanceExchangeFilterFunctions.java:230)
	|_             Mono.map ⇢ at de.codecentric.boot.admin.server.web.client.InstanceExchangeFilterFunctions.lambda$convertLegacyEndpoints$8(InstanceExchangeFilterFunctions.java:143)
	*__________Mono.flatMap ⇢ at de.codecentric.boot.admin.server.web.client.InstanceWebClient.lambda$setInstance$3(InstanceWebClient.java:61)
	*____________Mono.defer ⇢ at org.springframework.web.reactive.function.client.DefaultWebClient$DefaultRequestBodyUriSpec.lambda$exchange$12(DefaultWebClient.java:467)
	|_           checkpoint ⇢ Request to GET health [DefaultWebClient]
	|_   Mono.switchIfEmpty ⇢ at org.springframework.web.reactive.function.client.DefaultWebClient$DefaultRequestBodyUriSpec.lambda$exchange$12(DefaultWebClient.java:472)
	|_        Mono.doOnNext ⇢ at org.springframework.web.reactive.function.client.DefaultWebClient$DefaultRequestBodyUriSpec.lambda$exchange$12(DefaultWebClient.java:478)
	|_       Mono.doOnError ⇢ at org.springframework.web.reactive.function.client.DefaultWebClient$DefaultRequestBodyUriSpec.lambda$exchange$12(DefaultWebClient.java:479)
	|_       Mono.doFinally ⇢ at org.springframework.web.reactive.function.client.DefaultWebClient$DefaultRequestBodyUriSpec.lambda$exchange$12(DefaultWebClient.java:480)
	|_    Mono.contextWrite ⇢ at org.springframework.web.reactive.function.client.DefaultWebClient$DefaultRequestBodyUriSpec.lambda$exchange$12(DefaultWebClient.java:486)
	*__Mono.deferContextual ⇢ at org.springframework.web.reactive.function.client.DefaultWebClient$DefaultRequestBodyUriSpec.exchange(DefaultWebClient.java:453)
	|_         Mono.flatMap ⇢ at org.springframework.web.reactive.function.client.DefaultWebClient$DefaultRequestBodyUriSpec.exchangeToMono(DefaultWebClient.java:421)
	|_             Mono.log ⇢ at de.codecentric.boot.admin.server.services.StatusUpdater.doUpdateStatus(StatusUpdater.java:84)
	|_         Mono.timeout ⇢ at de.codecentric.boot.admin.server.services.StatusUpdater.doUpdateStatus(StatusUpdater.java:85)
Original Stack Trace:
		at org.springframework.web.reactive.function.client.ExchangeFunctions$DefaultExchangeFunction.lambda$wrapException$9(ExchangeFunctions.java:137)
		at reactor.core.publisher.MonoErrorSupplied.subscribe(MonoErrorSupplied.java:55)
		at reactor.core.publisher.Mono.subscribe(Mono.java:4576)
		at reactor.core.publisher.FluxOnErrorResume$ResumeSubscriber.onError(FluxOnErrorResume.java:103)
		at reactor.core.publisher.FluxPeekFuseable$PeekFuseableSubscriber.onError(FluxPeekFuseable.java:234)
		at reactor.core.publisher.FluxPeekFuseable$PeekFuseableSubscriber.onError(FluxPeekFuseable.java:234)
		at reactor.core.publisher.FluxPeekFuseable$PeekFuseableSubscriber.onError(FluxPeekFuseable.java:234)
		at reactor.core.publisher.MonoNext$NextSubscriber.onError(MonoNext.java:93)
		at reactor.core.publisher.MonoFlatMapMany$FlatMapManyMain.onError(MonoFlatMapMany.java:205)
		at reactor.core.publisher.SerializedSubscriber.onError(SerializedSubscriber.java:124)
		at reactor.core.publisher.FluxRetryWhen$RetryWhenMainSubscriber.whenError(FluxRetryWhen.java:229)
		at reactor.core.publisher.FluxRetryWhen$RetryWhenOtherSubscriber.onError(FluxRetryWhen.java:279)
		at reactor.core.publisher.FluxContextWrite$ContextWriteSubscriber.onError(FluxContextWrite.java:121)
		at reactor.core.publisher.FluxConcatMapNoPrefetch$FluxConcatMapNoPrefetchSubscriber.maybeOnError(FluxConcatMapNoPrefetch.java:327)
		at reactor.core.publisher.FluxConcatMapNoPrefetch$FluxConcatMapNoPrefetchSubscriber.onNext(FluxConcatMapNoPrefetch.java:212)
		at reactor.core.publisher.FluxContextWrite$ContextWriteSubscriber.onNext(FluxContextWrite.java:107)
		at reactor.core.publisher.SinkManyEmitterProcessor.drain(SinkManyEmitterProcessor.java:476)
		at reactor.core.publisher.SinkManyEmitterProcessor$EmitterInner.drainParent(SinkManyEmitterProcessor.java:620)
		at reactor.core.publisher.FluxPublish$PubSubInner.request(FluxPublish.java:874)
		at reactor.core.publisher.FluxContextWrite$ContextWriteSubscriber.request(FluxContextWrite.java:136)
		at reactor.core.publisher.FluxConcatMapNoPrefetch$FluxConcatMapNoPrefetchSubscriber.request(FluxConcatMapNoPrefetch.java:337)
		at reactor.core.publisher.FluxContextWrite$ContextWriteSubscriber.request(FluxContextWrite.java:136)
		at reactor.core.publisher.Operators$DeferredSubscription.request(Operators.java:1743)
		at reactor.core.publisher.FluxRetryWhen$RetryWhenMainSubscriber.onError(FluxRetryWhen.java:196)
		at reactor.core.publisher.MonoCreate$DefaultMonoSink.error(MonoCreate.java:205)
		at reactor.netty.http.client.HttpClientConnect$MonoHttpConnect$ClientTransportSubscriber.onError(HttpClientConnect.java:323)
		at reactor.core.publisher.MonoCreate$DefaultMonoSink.error(MonoCreate.java:205)
		at reactor.netty.resources.DefaultPooledConnectionProvider$DisposableAcquire.onError(DefaultPooledConnectionProvider.java:174)
		at reactor.netty.internal.shaded.reactor.pool.AbstractPool$Borrower.fail(AbstractPool.java:479)
		at reactor.netty.internal.shaded.reactor.pool.SimpleDequePool.lambda$drainLoop$9(SimpleDequePool.java:443)
		at reactor.core.publisher.FluxDoOnEach$DoOnEachSubscriber.onError(FluxDoOnEach.java:186)
		at reactor.core.publisher.MonoCreate$DefaultMonoSink.error(MonoCreate.java:205)
		at reactor.netty.resources.DefaultPooledConnectionProvider$PooledConnectionAllocator$PooledConnectionInitializer.onError(DefaultPooledConnectionProvider.java:593)
		at reactor.core.publisher.MonoFlatMap$FlatMapMain.secondError(MonoFlatMap.java:241)
		at reactor.core.publisher.MonoFlatMap$FlatMapInner.onError(MonoFlatMap.java:315)
		at reactor.core.publisher.FluxOnErrorResume$ResumeSubscriber.onError(FluxOnErrorResume.java:106)
		at reactor.core.publisher.Operators.error(Operators.java:198)
		at reactor.core.publisher.MonoError.subscribe(MonoError.java:53)
		at reactor.core.publisher.Mono.subscribe(Mono.java:4576)
		at reactor.core.publisher.FluxOnErrorResume$ResumeSubscriber.onError(FluxOnErrorResume.java:103)
		at reactor.netty.transport.TransportConnector$MonoChannelPromise.tryFailure(TransportConnector.java:576)
		at reactor.netty.transport.TransportConnector$MonoChannelPromise.setFailure(TransportConnector.java:522)
		at reactor.netty.transport.TransportConnector.lambda$doConnect$7(TransportConnector.java:261)
		at io.netty.util.concurrent.DefaultPromise.notifyListener0(DefaultPromise.java:590)
		at io.netty.util.concurrent.DefaultPromise.notifyListeners0(DefaultPromise.java:583)
		at io.netty.util.concurrent.DefaultPromise.notifyListenersNow(DefaultPromise.java:559)
		at io.netty.util.concurrent.DefaultPromise.notifyListeners(DefaultPromise.java:492)
		at io.netty.util.concurrent.DefaultPromise.setValue0(DefaultPromise.java:636)
		at io.netty.util.concurrent.DefaultPromise.setFailure0(DefaultPromise.java:629)
		at io.netty.util.concurrent.DefaultPromise.tryFailure(DefaultPromise.java:118)
		at io.netty.channel.nio.AbstractNioChannel$AbstractNioUnsafe.fulfillConnectPromise(AbstractNioChannel.java:326)
		at io.netty.channel.nio.AbstractNioChannel$AbstractNioUnsafe.finishConnect(AbstractNioChannel.java:342)
		at io.netty.channel.nio.NioEventLoop.processSelectedKey(NioEventLoop.java:784)
		at io.netty.channel.nio.NioEventLoop.processSelectedKeysOptimized(NioEventLoop.java:732)
		at io.netty.channel.nio.NioEventLoop.processSelectedKeys(NioEventLoop.java:658)
		at io.netty.channel.nio.NioEventLoop.run(NioEventLoop.java:562)
		at io.netty.util.concurrent.SingleThreadEventExecutor$4.run(SingleThreadEventExecutor.java:998)
		at io.netty.util.internal.ThreadExecutorMap$2.run(ThreadExecutorMap.java:74)
		at io.netty.util.concurrent.FastThreadLocalRunnable.run(FastThreadLocalRunnable.java:30)
		at java.base/java.lang.Thread.run(Thread.java:1583)
Caused by: io.netty.channel.AbstractChannel$AnnotatedConnectException: Connection refused: getsockopt: /192.168.0.135:3000
	Suppressed: reactor.core.publisher.FluxOnAssembly$OnAssemblyException: 
Assembly trace from producer [reactor.core.publisher.MonoError] :
	reactor.core.publisher.FluxOnErrorResume$ResumeSubscriber.onError(FluxOnErrorResume.java:94)
	reactor.netty.transport.TransportConnector$MonoChannelPromise.tryFailure(TransportConnector.java:576)
Error has been observed at the following site(s):
	*__FluxOnErrorResume$ResumeSubscriber.onError ⇢ at reactor.netty.transport.TransportConnector$MonoChannelPromise.tryFailure(TransportConnector.java:576)
	*__________________________Mono.onErrorResume ⇢ at reactor.netty.transport.TransportConnector.lambda$connect$6(TransportConnector.java:166)
	*________________________________Mono.flatMap ⇢ at reactor.netty.transport.TransportConnector.connect(TransportConnector.java:165)
	*_________________________________Mono.create ⇢ at reactor.netty.resources.DefaultPooledConnectionProvider$PooledConnectionAllocator.connectChannel(DefaultPooledConnectionProvider.java:537)
	*_________________________________Mono.create ⇢ at reactor.netty.resources.PooledConnectionProvider.acquire(PooledConnectionProvider.java:130)
	*_________________________________Mono.create ⇢ at reactor.netty.http.client.HttpClientConnect$MonoHttpConnect.subscribe(HttpClientConnect.java:213)
	|_                             Mono.retryWhen ⇢ at reactor.netty.http.client.HttpClientConnect$MonoHttpConnect.subscribe(HttpClientConnect.java:287)
	*______________________________Flux.concatMap ⇢ at reactor.util.retry.RetrySpec.lambda$generateCompanion$6(RetrySpec.java:360)
	|_                           Flux.onErrorStop ⇢ at reactor.util.retry.RetrySpec.lambda$generateCompanion$6(RetrySpec.java:379)
	*________________________Flux.deferContextual ⇢ at reactor.util.retry.RetrySpec.generateCompanion(RetrySpec.java:357)
	*____________________________Mono.flatMapMany ⇢ at reactor.netty.http.client.HttpClientFinalizer.responseConnection(HttpClientFinalizer.java:102)
	|_                                  Flux.next ⇢ at org.springframework.http.client.reactive.ReactorClientHttpConnector.connect(ReactorClientHttpConnector.java:174)
	|_                            Mono.doOnCancel ⇢ at org.springframework.http.client.reactive.ReactorClientHttpConnector.connect(ReactorClientHttpConnector.java:175)
	|_                           Mono.doOnRequest ⇢ at org.springframework.web.reactive.function.client.ExchangeFunctions$DefaultExchangeFunction.exchange(ExchangeFunctions.java:104)
	|_                            Mono.doOnCancel ⇢ at org.springframework.web.reactive.function.client.ExchangeFunctions$DefaultExchangeFunction.exchange(ExchangeFunctions.java:105)
Original Stack Trace:
Caused by: java.net.ConnectException: Connection refused: getsockopt
	at java.base/sun.nio.ch.Net.pollConnect(Native Method)
	at java.base/sun.nio.ch.Net.pollConnectNow(Net.java:682)
	at java.base/sun.nio.ch.SocketChannelImpl.finishConnect(SocketChannelImpl.java:973)
	at io.netty.channel.socket.nio.NioSocketChannel.doFinishConnect(NioSocketChannel.java:336)
	at io.netty.channel.nio.AbstractNioChannel$AbstractNioUnsafe.finishConnect(AbstractNioChannel.java:339)
	at io.netty.channel.nio.NioEventLoop.processSelectedKey(NioEventLoop.java:784)
	at io.netty.channel.nio.NioEventLoop.processSelectedKeysOptimized(NioEventLoop.java:732)
	at io.netty.channel.nio.NioEventLoop.processSelectedKeys(NioEventLoop.java:658)
	at io.netty.channel.nio.NioEventLoop.run(NioEventLoop.java:562)
	at io.netty.util.concurrent.SingleThreadEventExecutor$4.run(SingleThreadEventExecutor.java:998)
	at io.netty.util.internal.ThreadExecutorMap$2.run(ThreadExecutorMap.java:74)
	at io.netty.util.concurrent.FastThreadLocalRunnable.run(FastThreadLocalRunnable.java:30)
	at java.base/java.lang.Thread.run(Thread.java:1583)
:2025-08-12 17:35:18.773  INFO HeartBeat-Task-Scheduler-1 d.c.b.a.s.c.d.InstanceDiscoveryListener: Instance '6c5174ebe48d' missing in DiscoveryClient services and will be removed.
:2025-08-12 17:35:41.551  WARN reactor-http-nio-4 d.c.b.a.s.s.InfoUpdater: Couldn't retrieve info for Instance(id=2a89a999aad6, version=59, registration=Registration(name=pig-auth, managementUrl=http://192.168.0.135:3000/actuator, healthUrl=http://192.168.0.135:3000/actuator/health, serviceUrl=http://192.168.0.135:3000, source=discovery), registered=true, statusInfo=StatusInfo(status=UP, details={nacosConfig={status=UP}, diskSpace={status=UP, details={total=285023932416, free=225195311104, threshold=10485760, path=D:\Loans\lending-framework\., exists=true}}, ping={status=UP}, discoveryComposite={status=UP, components={discoveryClient={status=UP, details={services=[pig-gateway, pig-monitor, pig-upms-biz, pig-auth]}}}}, refreshScope={status=UP}, nacosDiscovery={status=UP}, ssl={status=UP, details={validChains=[], invalidChains=[]}}, redis={status=UP, details={version=7.2.4}}}), statusTimestamp=2025-08-12T08:26:50.639495800Z, info=Info(values={}), endpoints=Endpoints(endpoints={sentinel=Endpoint(id=sentinel, url=http://192.168.0.135:3000/actuator/sentinel), caches=Endpoint(id=caches, url=http://192.168.0.135:3000/actuator/caches), loggers=Endpoint(id=loggers, url=http://192.168.0.135:3000/actuator/loggers), logfile=Endpoint(id=logfile, url=http://192.168.0.135:3000/actuator/logfile), nacosconfig=Endpoint(id=nacosconfig, url=http://192.168.0.135:3000/actuator/nacosconfig), health=Endpoint(id=health, url=http://192.168.0.135:3000/actuator/health), refresh=Endpoint(id=refresh, url=http://192.168.0.135:3000/actuator/refresh), env=Endpoint(id=env, url=http://192.168.0.135:3000/actuator/env), nacosdiscovery=Endpoint(id=nacosdiscovery, url=http://192.168.0.135:3000/actuator/nacosdiscovery), serviceregistry=Endpoint(id=serviceregistry, url=http://192.168.0.135:3000/actuator/serviceregistry), heapdump=Endpoint(id=heapdump, url=http://192.168.0.135:3000/actuator/heapdump), features=Endpoint(id=features, url=http://192.168.0.135:3000/actuator/features), scheduledtasks=Endpoint(id=scheduledtasks, url=http://192.168.0.135:3000/actuator/scheduledtasks), mappings=Endpoint(id=mappings, url=http://192.168.0.135:3000/actuator/mappings), beans=Endpoint(id=beans, url=http://192.168.0.135:3000/actuator/beans), configprops=Endpoint(id=configprops, url=http://192.168.0.135:3000/actuator/configprops), threaddump=Endpoint(id=threaddump, url=http://192.168.0.135:3000/actuator/threaddump), sbom=Endpoint(id=sbom, url=http://192.168.0.135:3000/actuator/sbom), metrics=Endpoint(id=metrics, url=http://192.168.0.135:3000/actuator/metrics), conditions=Endpoint(id=conditions, url=http://192.168.0.135:3000/actuator/conditions), info=Endpoint(id=info, url=http://192.168.0.135:3000/actuator/info)}), buildVersion=null, tags=Tags(values={}))
org.springframework.web.reactive.function.client.WebClientRequestException: Connection refused: getsockopt: /192.168.0.135:3000
	at org.springframework.web.reactive.function.client.ExchangeFunctions$DefaultExchangeFunction.lambda$wrapException$9(ExchangeFunctions.java:137)
	Suppressed: reactor.core.publisher.FluxOnAssembly$OnAssemblyException: 
Assembly trace from producer [reactor.core.publisher.MonoErrorSupplied] :
	reactor.core.publisher.Mono.error(Mono.java:315)
	org.springframework.web.reactive.function.client.ExchangeFunctions$DefaultExchangeFunction.wrapException(ExchangeFunctions.java:137)
Error has been observed at the following site(s):
	*____________Mono.error ⇢ at org.springframework.web.reactive.function.client.ExchangeFunctions$DefaultExchangeFunction.wrapException(ExchangeFunctions.java:137)
	*____Mono.onErrorResume ⇢ at org.springframework.web.reactive.function.client.ExchangeFunctions$DefaultExchangeFunction.exchange(ExchangeFunctions.java:106)
	|_             Mono.map ⇢ at org.springframework.web.reactive.function.client.ExchangeFunctions$DefaultExchangeFunction.exchange(ExchangeFunctions.java:107)
	|_        Mono.doOnNext ⇢ at org.springframework.web.reactive.function.client.DefaultWebClient$ObservationFilterFunction.filter(DefaultWebClient.java:745)
	|_         Mono.timeout ⇢ at de.codecentric.boot.admin.server.web.client.InstanceExchangeFilterFunctions.lambda$timeout$14(InstanceExchangeFilterFunctions.java:201)
	|_           Mono.retry ⇢ at de.codecentric.boot.admin.server.web.client.InstanceExchangeFilterFunctions.lambda$retry$13(InstanceExchangeFilterFunctions.java:191)
	|_             Mono.map ⇢ at de.codecentric.boot.admin.server.web.client.InstanceExchangeFilterFunctions.lambda$handleCookies$18(InstanceExchangeFilterFunctions.java:230)
	|_             Mono.map ⇢ at de.codecentric.boot.admin.server.web.client.InstanceExchangeFilterFunctions.lambda$convertLegacyEndpoints$8(InstanceExchangeFilterFunctions.java:143)
	*__________Mono.flatMap ⇢ at de.codecentric.boot.admin.server.web.client.InstanceWebClient.lambda$setInstance$3(InstanceWebClient.java:61)
	*____________Mono.defer ⇢ at org.springframework.web.reactive.function.client.DefaultWebClient$DefaultRequestBodyUriSpec.lambda$exchange$12(DefaultWebClient.java:467)
	|_           checkpoint ⇢ Request to GET info [DefaultWebClient]
	|_   Mono.switchIfEmpty ⇢ at org.springframework.web.reactive.function.client.DefaultWebClient$DefaultRequestBodyUriSpec.lambda$exchange$12(DefaultWebClient.java:472)
	|_        Mono.doOnNext ⇢ at org.springframework.web.reactive.function.client.DefaultWebClient$DefaultRequestBodyUriSpec.lambda$exchange$12(DefaultWebClient.java:478)
	|_       Mono.doOnError ⇢ at org.springframework.web.reactive.function.client.DefaultWebClient$DefaultRequestBodyUriSpec.lambda$exchange$12(DefaultWebClient.java:479)
	|_       Mono.doFinally ⇢ at org.springframework.web.reactive.function.client.DefaultWebClient$DefaultRequestBodyUriSpec.lambda$exchange$12(DefaultWebClient.java:480)
	|_    Mono.contextWrite ⇢ at org.springframework.web.reactive.function.client.DefaultWebClient$DefaultRequestBodyUriSpec.lambda$exchange$12(DefaultWebClient.java:486)
	*__Mono.deferContextual ⇢ at org.springframework.web.reactive.function.client.DefaultWebClient$DefaultRequestBodyUriSpec.exchange(DefaultWebClient.java:453)
	|_         Mono.flatMap ⇢ at org.springframework.web.reactive.function.client.DefaultWebClient$DefaultRequestBodyUriSpec.exchangeToMono(DefaultWebClient.java:421)
	|_             Mono.log ⇢ at de.codecentric.boot.admin.server.services.InfoUpdater.doUpdateInfo(InfoUpdater.java:79)
Original Stack Trace:
		at org.springframework.web.reactive.function.client.ExchangeFunctions$DefaultExchangeFunction.lambda$wrapException$9(ExchangeFunctions.java:137)
		at reactor.core.publisher.MonoErrorSupplied.subscribe(MonoErrorSupplied.java:55)
		at reactor.core.publisher.Mono.subscribe(Mono.java:4576)
		at reactor.core.publisher.FluxOnErrorResume$ResumeSubscriber.onError(FluxOnErrorResume.java:103)
		at reactor.core.publisher.FluxPeekFuseable$PeekFuseableSubscriber.onError(FluxPeekFuseable.java:234)
		at reactor.core.publisher.FluxPeekFuseable$PeekFuseableSubscriber.onError(FluxPeekFuseable.java:234)
		at reactor.core.publisher.FluxPeekFuseable$PeekFuseableSubscriber.onError(FluxPeekFuseable.java:234)
		at reactor.core.publisher.MonoNext$NextSubscriber.onError(MonoNext.java:93)
		at reactor.core.publisher.MonoFlatMapMany$FlatMapManyMain.onError(MonoFlatMapMany.java:205)
		at reactor.core.publisher.SerializedSubscriber.onError(SerializedSubscriber.java:124)
		at reactor.core.publisher.FluxRetryWhen$RetryWhenMainSubscriber.whenError(FluxRetryWhen.java:229)
		at reactor.core.publisher.FluxRetryWhen$RetryWhenOtherSubscriber.onError(FluxRetryWhen.java:279)
		at reactor.core.publisher.FluxContextWrite$ContextWriteSubscriber.onError(FluxContextWrite.java:121)
		at reactor.core.publisher.FluxConcatMapNoPrefetch$FluxConcatMapNoPrefetchSubscriber.maybeOnError(FluxConcatMapNoPrefetch.java:327)
		at reactor.core.publisher.FluxConcatMapNoPrefetch$FluxConcatMapNoPrefetchSubscriber.onNext(FluxConcatMapNoPrefetch.java:212)
		at reactor.core.publisher.FluxContextWrite$ContextWriteSubscriber.onNext(FluxContextWrite.java:107)
		at reactor.core.publisher.SinkManyEmitterProcessor.drain(SinkManyEmitterProcessor.java:476)
		at reactor.core.publisher.SinkManyEmitterProcessor$EmitterInner.drainParent(SinkManyEmitterProcessor.java:620)
		at reactor.core.publisher.FluxPublish$PubSubInner.request(FluxPublish.java:874)
		at reactor.core.publisher.FluxContextWrite$ContextWriteSubscriber.request(FluxContextWrite.java:136)
		at reactor.core.publisher.FluxConcatMapNoPrefetch$FluxConcatMapNoPrefetchSubscriber.request(FluxConcatMapNoPrefetch.java:337)
		at reactor.core.publisher.FluxContextWrite$ContextWriteSubscriber.request(FluxContextWrite.java:136)
		at reactor.core.publisher.Operators$DeferredSubscription.request(Operators.java:1743)
		at reactor.core.publisher.FluxRetryWhen$RetryWhenMainSubscriber.onError(FluxRetryWhen.java:196)
		at reactor.core.publisher.MonoCreate$DefaultMonoSink.error(MonoCreate.java:205)
		at reactor.netty.http.client.HttpClientConnect$MonoHttpConnect$ClientTransportSubscriber.onError(HttpClientConnect.java:323)
		at reactor.core.publisher.MonoCreate$DefaultMonoSink.error(MonoCreate.java:205)
		at reactor.netty.resources.DefaultPooledConnectionProvider$DisposableAcquire.onError(DefaultPooledConnectionProvider.java:174)
		at reactor.netty.internal.shaded.reactor.pool.AbstractPool$Borrower.fail(AbstractPool.java:479)
		at reactor.netty.internal.shaded.reactor.pool.SimpleDequePool.lambda$drainLoop$9(SimpleDequePool.java:443)
		at reactor.core.publisher.FluxDoOnEach$DoOnEachSubscriber.onError(FluxDoOnEach.java:186)
		at reactor.core.publisher.MonoCreate$DefaultMonoSink.error(MonoCreate.java:205)
		at reactor.netty.resources.DefaultPooledConnectionProvider$PooledConnectionAllocator$PooledConnectionInitializer.onError(DefaultPooledConnectionProvider.java:593)
		at reactor.core.publisher.MonoFlatMap$FlatMapMain.secondError(MonoFlatMap.java:241)
		at reactor.core.publisher.MonoFlatMap$FlatMapInner.onError(MonoFlatMap.java:315)
		at reactor.core.publisher.FluxOnErrorResume$ResumeSubscriber.onError(FluxOnErrorResume.java:106)
		at reactor.core.publisher.Operators.error(Operators.java:198)
		at reactor.core.publisher.MonoError.subscribe(MonoError.java:53)
		at reactor.core.publisher.Mono.subscribe(Mono.java:4576)
		at reactor.core.publisher.FluxOnErrorResume$ResumeSubscriber.onError(FluxOnErrorResume.java:103)
		at reactor.netty.transport.TransportConnector$MonoChannelPromise.tryFailure(TransportConnector.java:576)
		at reactor.netty.transport.TransportConnector$MonoChannelPromise.setFailure(TransportConnector.java:522)
		at reactor.netty.transport.TransportConnector.lambda$doConnect$7(TransportConnector.java:261)
		at io.netty.util.concurrent.DefaultPromise.notifyListener0(DefaultPromise.java:590)
		at io.netty.util.concurrent.DefaultPromise.notifyListeners0(DefaultPromise.java:583)
		at io.netty.util.concurrent.DefaultPromise.notifyListenersNow(DefaultPromise.java:559)
		at io.netty.util.concurrent.DefaultPromise.notifyListeners(DefaultPromise.java:492)
		at io.netty.util.concurrent.DefaultPromise.setValue0(DefaultPromise.java:636)
		at io.netty.util.concurrent.DefaultPromise.setFailure0(DefaultPromise.java:629)
		at io.netty.util.concurrent.DefaultPromise.tryFailure(DefaultPromise.java:118)
		at io.netty.channel.nio.AbstractNioChannel$AbstractNioUnsafe.fulfillConnectPromise(AbstractNioChannel.java:326)
		at io.netty.channel.nio.AbstractNioChannel$AbstractNioUnsafe.finishConnect(AbstractNioChannel.java:342)
		at io.netty.channel.nio.NioEventLoop.processSelectedKey(NioEventLoop.java:784)
		at io.netty.channel.nio.NioEventLoop.processSelectedKeysOptimized(NioEventLoop.java:732)
		at io.netty.channel.nio.NioEventLoop.processSelectedKeys(NioEventLoop.java:658)
		at io.netty.channel.nio.NioEventLoop.run(NioEventLoop.java:562)
		at io.netty.util.concurrent.SingleThreadEventExecutor$4.run(SingleThreadEventExecutor.java:998)
		at io.netty.util.internal.ThreadExecutorMap$2.run(ThreadExecutorMap.java:74)
		at io.netty.util.concurrent.FastThreadLocalRunnable.run(FastThreadLocalRunnable.java:30)
		at java.base/java.lang.Thread.run(Thread.java:1583)
Caused by: io.netty.channel.AbstractChannel$AnnotatedConnectException: Connection refused: getsockopt: /192.168.0.135:3000
	Suppressed: reactor.core.publisher.FluxOnAssembly$OnAssemblyException: 
Assembly trace from producer [reactor.core.publisher.MonoError] :
	reactor.core.publisher.FluxOnErrorResume$ResumeSubscriber.onError(FluxOnErrorResume.java:94)
	reactor.netty.transport.TransportConnector$MonoChannelPromise.tryFailure(TransportConnector.java:576)
Error has been observed at the following site(s):
	*__FluxOnErrorResume$ResumeSubscriber.onError ⇢ at reactor.netty.transport.TransportConnector$MonoChannelPromise.tryFailure(TransportConnector.java:576)
	*__________________________Mono.onErrorResume ⇢ at reactor.netty.transport.TransportConnector.lambda$connect$6(TransportConnector.java:166)
	*________________________________Mono.flatMap ⇢ at reactor.netty.transport.TransportConnector.connect(TransportConnector.java:165)
	*_________________________________Mono.create ⇢ at reactor.netty.resources.DefaultPooledConnectionProvider$PooledConnectionAllocator.connectChannel(DefaultPooledConnectionProvider.java:537)
	*_________________________________Mono.create ⇢ at reactor.netty.resources.PooledConnectionProvider.acquire(PooledConnectionProvider.java:130)
	*_________________________________Mono.create ⇢ at reactor.netty.http.client.HttpClientConnect$MonoHttpConnect.subscribe(HttpClientConnect.java:213)
	|_                             Mono.retryWhen ⇢ at reactor.netty.http.client.HttpClientConnect$MonoHttpConnect.subscribe(HttpClientConnect.java:287)
	*______________________________Flux.concatMap ⇢ at reactor.util.retry.RetrySpec.lambda$generateCompanion$6(RetrySpec.java:360)
	|_                           Flux.onErrorStop ⇢ at reactor.util.retry.RetrySpec.lambda$generateCompanion$6(RetrySpec.java:379)
	*________________________Flux.deferContextual ⇢ at reactor.util.retry.RetrySpec.generateCompanion(RetrySpec.java:357)
	*____________________________Mono.flatMapMany ⇢ at reactor.netty.http.client.HttpClientFinalizer.responseConnection(HttpClientFinalizer.java:102)
	|_                                  Flux.next ⇢ at org.springframework.http.client.reactive.ReactorClientHttpConnector.connect(ReactorClientHttpConnector.java:174)
	|_                            Mono.doOnCancel ⇢ at org.springframework.http.client.reactive.ReactorClientHttpConnector.connect(ReactorClientHttpConnector.java:175)
	|_                           Mono.doOnRequest ⇢ at org.springframework.web.reactive.function.client.ExchangeFunctions$DefaultExchangeFunction.exchange(ExchangeFunctions.java:104)
	|_                            Mono.doOnCancel ⇢ at org.springframework.web.reactive.function.client.ExchangeFunctions$DefaultExchangeFunction.exchange(ExchangeFunctions.java:105)
Original Stack Trace:
Caused by: java.net.ConnectException: Connection refused: getsockopt
	at java.base/sun.nio.ch.Net.pollConnect(Native Method)
	at java.base/sun.nio.ch.Net.pollConnectNow(Net.java:682)
	at java.base/sun.nio.ch.SocketChannelImpl.finishConnect(SocketChannelImpl.java:973)
	at io.netty.channel.socket.nio.NioSocketChannel.doFinishConnect(NioSocketChannel.java:336)
	at io.netty.channel.nio.AbstractNioChannel$AbstractNioUnsafe.finishConnect(AbstractNioChannel.java:339)
	at io.netty.channel.nio.NioEventLoop.processSelectedKey(NioEventLoop.java:784)
	at io.netty.channel.nio.NioEventLoop.processSelectedKeysOptimized(NioEventLoop.java:732)
	at io.netty.channel.nio.NioEventLoop.processSelectedKeys(NioEventLoop.java:658)
	at io.netty.channel.nio.NioEventLoop.run(NioEventLoop.java:562)
	at io.netty.util.concurrent.SingleThreadEventExecutor$4.run(SingleThreadEventExecutor.java:998)
	at io.netty.util.internal.ThreadExecutorMap$2.run(ThreadExecutorMap.java:74)
	at io.netty.util.concurrent.FastThreadLocalRunnable.run(FastThreadLocalRunnable.java:30)
	at java.base/java.lang.Thread.run(Thread.java:1583)
:2025-08-12 17:36:29.562  INFO parallel-5 d.c.b.a.s.s.StatusUpdater: Couldn't retrieve status for Instance(id=6c5174ebe48d, version=34, registration=Registration(name=pig-upms-biz, managementUrl=http://192.168.0.135:4000/actuator, healthUrl=http://192.168.0.135:4000/actuator/health, serviceUrl=http://192.168.0.135:4000, source=discovery), registered=true, statusInfo=StatusInfo(status=UP, details={nacosConfig={status=UP}, diskSpace={status=UP, details={total=285023932416, free=225194139648, threshold=10485760, path=D:\Loans\lending-framework\., exists=true}}, ping={status=UP}, discoveryComposite={status=UP, components={discoveryClient={status=UP, details={services=[pig-gateway, pig-monitor, pig-upms-biz, pig-auth]}}}}, refreshScope={status=UP}, nacosDiscovery={status=UP}, ssl={status=UP, details={validChains=[], invalidChains=[]}}, db={status=UP, details={database=MySQL, validationQuery=isValid()}}, redis={status=UP, details={version=7.2.4}}}), statusTimestamp=2025-08-12T08:35:48.999020500Z, info=Info(values={}), endpoints=Endpoints(endpoints={sentinel=Endpoint(id=sentinel, url=http://192.168.0.135:4000/actuator/sentinel), caches=Endpoint(id=caches, url=http://192.168.0.135:4000/actuator/caches), loggers=Endpoint(id=loggers, url=http://192.168.0.135:4000/actuator/loggers), logfile=Endpoint(id=logfile, url=http://192.168.0.135:4000/actuator/logfile), nacosconfig=Endpoint(id=nacosconfig, url=http://192.168.0.135:4000/actuator/nacosconfig), health=Endpoint(id=health, url=http://192.168.0.135:4000/actuator/health), refresh=Endpoint(id=refresh, url=http://192.168.0.135:4000/actuator/refresh), env=Endpoint(id=env, url=http://192.168.0.135:4000/actuator/env), nacosdiscovery=Endpoint(id=nacosdiscovery, url=http://192.168.0.135:4000/actuator/nacosdiscovery), serviceregistry=Endpoint(id=serviceregistry, url=http://192.168.0.135:4000/actuator/serviceregistry), heapdump=Endpoint(id=heapdump, url=http://192.168.0.135:4000/actuator/heapdump), features=Endpoint(id=features, url=http://192.168.0.135:4000/actuator/features), scheduledtasks=Endpoint(id=scheduledtasks, url=http://192.168.0.135:4000/actuator/scheduledtasks), mappings=Endpoint(id=mappings, url=http://192.168.0.135:4000/actuator/mappings), beans=Endpoint(id=beans, url=http://192.168.0.135:4000/actuator/beans), configprops=Endpoint(id=configprops, url=http://192.168.0.135:4000/actuator/configprops), threaddump=Endpoint(id=threaddump, url=http://192.168.0.135:4000/actuator/threaddump), sbom=Endpoint(id=sbom, url=http://192.168.0.135:4000/actuator/sbom), metrics=Endpoint(id=metrics, url=http://192.168.0.135:4000/actuator/metrics), conditions=Endpoint(id=conditions, url=http://192.168.0.135:4000/actuator/conditions), info=Endpoint(id=info, url=http://192.168.0.135:4000/actuator/info)}), buildVersion=null, tags=Tags(values={}))
java.util.concurrent.TimeoutException: Did not observe any item or terminal signal within 9000ms in 'Mono.log ⇢ at de.codecentric.boot.admin.server.services.StatusUpdater.doUpdateStatus(StatusUpdater.java:84)' (and no fallback has been configured)
	at reactor.core.publisher.FluxTimeout$TimeoutMainSubscriber.handleTimeout(FluxTimeout.java:296)
	Suppressed: reactor.core.publisher.FluxOnAssembly$OnAssemblyException: 
Assembly trace from producer [reactor.core.publisher.MonoTimeout] :
	reactor.core.publisher.Mono.timeout(Mono.java:5007)
	de.codecentric.boot.admin.server.services.StatusUpdater.doUpdateStatus(StatusUpdater.java:85)
Error has been observed at the following site(s):
	*__Mono.timeout ⇢ at de.codecentric.boot.admin.server.services.StatusUpdater.doUpdateStatus(StatusUpdater.java:85)
Original Stack Trace:
		at reactor.core.publisher.FluxTimeout$TimeoutMainSubscriber.handleTimeout(FluxTimeout.java:296)
		at reactor.core.publisher.FluxTimeout$TimeoutMainSubscriber.doTimeout(FluxTimeout.java:281)
		at reactor.core.publisher.FluxTimeout$TimeoutTimeoutSubscriber.onNext(FluxTimeout.java:420)
		at reactor.core.publisher.FluxOnErrorReturn$ReturnSubscriber.onNext(FluxOnErrorReturn.java:162)
		at reactor.core.publisher.MonoDelay$MonoDelayRunnable.propagateDelay(MonoDelay.java:270)
		at reactor.core.publisher.MonoDelay$MonoDelayRunnable.run(MonoDelay.java:285)
		at reactor.core.scheduler.SchedulerTask.call(SchedulerTask.java:68)
		at reactor.core.scheduler.SchedulerTask.call(SchedulerTask.java:28)
		at java.base/java.util.concurrent.FutureTask.run$$$capture(FutureTask.java:317)
		at java.base/java.util.concurrent.FutureTask.run(FutureTask.java)
		at java.base/java.util.concurrent.ScheduledThreadPoolExecutor$ScheduledFutureTask.run(ScheduledThreadPoolExecutor.java:304)
		at java.base/java.util.concurrent.ThreadPoolExecutor.runWorker(ThreadPoolExecutor.java:1144)
		at java.base/java.util.concurrent.ThreadPoolExecutor$Worker.run(ThreadPoolExecutor.java:642)
		at java.base/java.lang.Thread.run(Thread.java:1583)
:2025-08-12 17:36:48.803  INFO HeartBeat-Task-Scheduler-1 d.c.b.a.s.c.d.InstanceDiscoveryListener: Instance '6c5174ebe48d' missing in DiscoveryClient services and will be removed.
:2025-08-12 17:39:02.551  INFO reactor-http-nio-8 d.c.b.a.s.s.StatusUpdater: Couldn't retrieve status for Instance(id=2a89a999aad6, version=59, registration=Registration(name=pig-auth, managementUrl=http://192.168.0.135:3000/actuator, healthUrl=http://192.168.0.135:3000/actuator/health, serviceUrl=http://192.168.0.135:3000, source=discovery), registered=true, statusInfo=StatusInfo(status=UP, details={nacosConfig={status=UP}, diskSpace={status=UP, details={total=285023932416, free=225195311104, threshold=10485760, path=D:\Loans\lending-framework\., exists=true}}, ping={status=UP}, discoveryComposite={status=UP, components={discoveryClient={status=UP, details={services=[pig-gateway, pig-monitor, pig-upms-biz, pig-auth]}}}}, refreshScope={status=UP}, nacosDiscovery={status=UP}, ssl={status=UP, details={validChains=[], invalidChains=[]}}, redis={status=UP, details={version=7.2.4}}}), statusTimestamp=2025-08-12T08:26:50.639495800Z, info=Info(values={}), endpoints=Endpoints(endpoints={sentinel=Endpoint(id=sentinel, url=http://192.168.0.135:3000/actuator/sentinel), caches=Endpoint(id=caches, url=http://192.168.0.135:3000/actuator/caches), loggers=Endpoint(id=loggers, url=http://192.168.0.135:3000/actuator/loggers), logfile=Endpoint(id=logfile, url=http://192.168.0.135:3000/actuator/logfile), nacosconfig=Endpoint(id=nacosconfig, url=http://192.168.0.135:3000/actuator/nacosconfig), health=Endpoint(id=health, url=http://192.168.0.135:3000/actuator/health), refresh=Endpoint(id=refresh, url=http://192.168.0.135:3000/actuator/refresh), env=Endpoint(id=env, url=http://192.168.0.135:3000/actuator/env), nacosdiscovery=Endpoint(id=nacosdiscovery, url=http://192.168.0.135:3000/actuator/nacosdiscovery), serviceregistry=Endpoint(id=serviceregistry, url=http://192.168.0.135:3000/actuator/serviceregistry), heapdump=Endpoint(id=heapdump, url=http://192.168.0.135:3000/actuator/heapdump), features=Endpoint(id=features, url=http://192.168.0.135:3000/actuator/features), scheduledtasks=Endpoint(id=scheduledtasks, url=http://192.168.0.135:3000/actuator/scheduledtasks), mappings=Endpoint(id=mappings, url=http://192.168.0.135:3000/actuator/mappings), beans=Endpoint(id=beans, url=http://192.168.0.135:3000/actuator/beans), configprops=Endpoint(id=configprops, url=http://192.168.0.135:3000/actuator/configprops), threaddump=Endpoint(id=threaddump, url=http://192.168.0.135:3000/actuator/threaddump), sbom=Endpoint(id=sbom, url=http://192.168.0.135:3000/actuator/sbom), metrics=Endpoint(id=metrics, url=http://192.168.0.135:3000/actuator/metrics), conditions=Endpoint(id=conditions, url=http://192.168.0.135:3000/actuator/conditions), info=Endpoint(id=info, url=http://192.168.0.135:3000/actuator/info)}), buildVersion=null, tags=Tags(values={}))
org.springframework.web.reactive.function.client.WebClientRequestException: Connection refused: getsockopt: /192.168.0.135:3000
	at org.springframework.web.reactive.function.client.ExchangeFunctions$DefaultExchangeFunction.lambda$wrapException$9(ExchangeFunctions.java:137)
	Suppressed: reactor.core.publisher.FluxOnAssembly$OnAssemblyException: 
Assembly trace from producer [reactor.core.publisher.MonoErrorSupplied] :
	reactor.core.publisher.Mono.error(Mono.java:315)
	org.springframework.web.reactive.function.client.ExchangeFunctions$DefaultExchangeFunction.wrapException(ExchangeFunctions.java:137)
Error has been observed at the following site(s):
	*____________Mono.error ⇢ at org.springframework.web.reactive.function.client.ExchangeFunctions$DefaultExchangeFunction.wrapException(ExchangeFunctions.java:137)
	*____Mono.onErrorResume ⇢ at org.springframework.web.reactive.function.client.ExchangeFunctions$DefaultExchangeFunction.exchange(ExchangeFunctions.java:106)
	|_             Mono.map ⇢ at org.springframework.web.reactive.function.client.ExchangeFunctions$DefaultExchangeFunction.exchange(ExchangeFunctions.java:107)
	|_        Mono.doOnNext ⇢ at org.springframework.web.reactive.function.client.DefaultWebClient$ObservationFilterFunction.filter(DefaultWebClient.java:745)
	|_         Mono.timeout ⇢ at de.codecentric.boot.admin.server.web.client.InstanceExchangeFilterFunctions.lambda$timeout$14(InstanceExchangeFilterFunctions.java:201)
	|_           Mono.retry ⇢ at de.codecentric.boot.admin.server.web.client.InstanceExchangeFilterFunctions.lambda$retry$13(InstanceExchangeFilterFunctions.java:191)
	|_             Mono.map ⇢ at de.codecentric.boot.admin.server.web.client.InstanceExchangeFilterFunctions.lambda$handleCookies$18(InstanceExchangeFilterFunctions.java:230)
	|_             Mono.map ⇢ at de.codecentric.boot.admin.server.web.client.InstanceExchangeFilterFunctions.lambda$convertLegacyEndpoints$8(InstanceExchangeFilterFunctions.java:143)
	*__________Mono.flatMap ⇢ at de.codecentric.boot.admin.server.web.client.InstanceWebClient.lambda$setInstance$3(InstanceWebClient.java:61)
	*____________Mono.defer ⇢ at org.springframework.web.reactive.function.client.DefaultWebClient$DefaultRequestBodyUriSpec.lambda$exchange$12(DefaultWebClient.java:467)
	|_           checkpoint ⇢ Request to GET health [DefaultWebClient]
	|_   Mono.switchIfEmpty ⇢ at org.springframework.web.reactive.function.client.DefaultWebClient$DefaultRequestBodyUriSpec.lambda$exchange$12(DefaultWebClient.java:472)
	|_        Mono.doOnNext ⇢ at org.springframework.web.reactive.function.client.DefaultWebClient$DefaultRequestBodyUriSpec.lambda$exchange$12(DefaultWebClient.java:478)
	|_       Mono.doOnError ⇢ at org.springframework.web.reactive.function.client.DefaultWebClient$DefaultRequestBodyUriSpec.lambda$exchange$12(DefaultWebClient.java:479)
	|_       Mono.doFinally ⇢ at org.springframework.web.reactive.function.client.DefaultWebClient$DefaultRequestBodyUriSpec.lambda$exchange$12(DefaultWebClient.java:480)
	|_    Mono.contextWrite ⇢ at org.springframework.web.reactive.function.client.DefaultWebClient$DefaultRequestBodyUriSpec.lambda$exchange$12(DefaultWebClient.java:486)
	*__Mono.deferContextual ⇢ at org.springframework.web.reactive.function.client.DefaultWebClient$DefaultRequestBodyUriSpec.exchange(DefaultWebClient.java:453)
	|_         Mono.flatMap ⇢ at org.springframework.web.reactive.function.client.DefaultWebClient$DefaultRequestBodyUriSpec.exchangeToMono(DefaultWebClient.java:421)
	|_             Mono.log ⇢ at de.codecentric.boot.admin.server.services.StatusUpdater.doUpdateStatus(StatusUpdater.java:84)
	|_         Mono.timeout ⇢ at de.codecentric.boot.admin.server.services.StatusUpdater.doUpdateStatus(StatusUpdater.java:85)
Original Stack Trace:
		at org.springframework.web.reactive.function.client.ExchangeFunctions$DefaultExchangeFunction.lambda$wrapException$9(ExchangeFunctions.java:137)
		at reactor.core.publisher.MonoErrorSupplied.subscribe(MonoErrorSupplied.java:55)
		at reactor.core.publisher.Mono.subscribe(Mono.java:4576)
		at reactor.core.publisher.FluxOnErrorResume$ResumeSubscriber.onError(FluxOnErrorResume.java:103)
		at reactor.core.publisher.FluxPeekFuseable$PeekFuseableSubscriber.onError(FluxPeekFuseable.java:234)
		at reactor.core.publisher.FluxPeekFuseable$PeekFuseableSubscriber.onError(FluxPeekFuseable.java:234)
		at reactor.core.publisher.FluxPeekFuseable$PeekFuseableSubscriber.onError(FluxPeekFuseable.java:234)
		at reactor.core.publisher.MonoNext$NextSubscriber.onError(MonoNext.java:93)
		at reactor.core.publisher.MonoFlatMapMany$FlatMapManyMain.onError(MonoFlatMapMany.java:205)
		at reactor.core.publisher.SerializedSubscriber.onError(SerializedSubscriber.java:124)
		at reactor.core.publisher.FluxRetryWhen$RetryWhenMainSubscriber.whenError(FluxRetryWhen.java:229)
		at reactor.core.publisher.FluxRetryWhen$RetryWhenOtherSubscriber.onError(FluxRetryWhen.java:279)
		at reactor.core.publisher.FluxContextWrite$ContextWriteSubscriber.onError(FluxContextWrite.java:121)
		at reactor.core.publisher.FluxConcatMapNoPrefetch$FluxConcatMapNoPrefetchSubscriber.maybeOnError(FluxConcatMapNoPrefetch.java:327)
		at reactor.core.publisher.FluxConcatMapNoPrefetch$FluxConcatMapNoPrefetchSubscriber.onNext(FluxConcatMapNoPrefetch.java:212)
		at reactor.core.publisher.FluxContextWrite$ContextWriteSubscriber.onNext(FluxContextWrite.java:107)
		at reactor.core.publisher.SinkManyEmitterProcessor.drain(SinkManyEmitterProcessor.java:476)
		at reactor.core.publisher.SinkManyEmitterProcessor$EmitterInner.drainParent(SinkManyEmitterProcessor.java:620)
		at reactor.core.publisher.FluxPublish$PubSubInner.request(FluxPublish.java:874)
		at reactor.core.publisher.FluxContextWrite$ContextWriteSubscriber.request(FluxContextWrite.java:136)
		at reactor.core.publisher.FluxConcatMapNoPrefetch$FluxConcatMapNoPrefetchSubscriber.request(FluxConcatMapNoPrefetch.java:337)
		at reactor.core.publisher.FluxContextWrite$ContextWriteSubscriber.request(FluxContextWrite.java:136)
		at reactor.core.publisher.Operators$DeferredSubscription.request(Operators.java:1743)
		at reactor.core.publisher.FluxRetryWhen$RetryWhenMainSubscriber.onError(FluxRetryWhen.java:196)
		at reactor.core.publisher.MonoCreate$DefaultMonoSink.error(MonoCreate.java:205)
		at reactor.netty.http.client.HttpClientConnect$MonoHttpConnect$ClientTransportSubscriber.onError(HttpClientConnect.java:323)
		at reactor.core.publisher.MonoCreate$DefaultMonoSink.error(MonoCreate.java:205)
		at reactor.netty.resources.DefaultPooledConnectionProvider$DisposableAcquire.onError(DefaultPooledConnectionProvider.java:174)
		at reactor.netty.internal.shaded.reactor.pool.AbstractPool$Borrower.fail(AbstractPool.java:479)
		at reactor.netty.internal.shaded.reactor.pool.SimpleDequePool.lambda$drainLoop$9(SimpleDequePool.java:443)
		at reactor.core.publisher.FluxDoOnEach$DoOnEachSubscriber.onError(FluxDoOnEach.java:186)
		at reactor.core.publisher.MonoCreate$DefaultMonoSink.error(MonoCreate.java:205)
		at reactor.netty.resources.DefaultPooledConnectionProvider$PooledConnectionAllocator$PooledConnectionInitializer.onError(DefaultPooledConnectionProvider.java:593)
		at reactor.core.publisher.MonoFlatMap$FlatMapMain.secondError(MonoFlatMap.java:241)
		at reactor.core.publisher.MonoFlatMap$FlatMapInner.onError(MonoFlatMap.java:315)
		at reactor.core.publisher.FluxOnErrorResume$ResumeSubscriber.onError(FluxOnErrorResume.java:106)
		at reactor.core.publisher.Operators.error(Operators.java:198)
		at reactor.core.publisher.MonoError.subscribe(MonoError.java:53)
		at reactor.core.publisher.Mono.subscribe(Mono.java:4576)
		at reactor.core.publisher.FluxOnErrorResume$ResumeSubscriber.onError(FluxOnErrorResume.java:103)
		at reactor.netty.transport.TransportConnector$MonoChannelPromise.tryFailure(TransportConnector.java:576)
		at reactor.netty.transport.TransportConnector$MonoChannelPromise.setFailure(TransportConnector.java:522)
		at reactor.netty.transport.TransportConnector.lambda$doConnect$7(TransportConnector.java:261)
		at io.netty.util.concurrent.DefaultPromise.notifyListener0(DefaultPromise.java:590)
		at io.netty.util.concurrent.DefaultPromise.notifyListeners0(DefaultPromise.java:583)
		at io.netty.util.concurrent.DefaultPromise.notifyListenersNow(DefaultPromise.java:559)
		at io.netty.util.concurrent.DefaultPromise.notifyListeners(DefaultPromise.java:492)
		at io.netty.util.concurrent.DefaultPromise.setValue0(DefaultPromise.java:636)
		at io.netty.util.concurrent.DefaultPromise.setFailure0(DefaultPromise.java:629)
		at io.netty.util.concurrent.DefaultPromise.tryFailure(DefaultPromise.java:118)
		at io.netty.channel.nio.AbstractNioChannel$AbstractNioUnsafe.fulfillConnectPromise(AbstractNioChannel.java:326)
		at io.netty.channel.nio.AbstractNioChannel$AbstractNioUnsafe.finishConnect(AbstractNioChannel.java:342)
		at io.netty.channel.nio.NioEventLoop.processSelectedKey(NioEventLoop.java:784)
		at io.netty.channel.nio.NioEventLoop.processSelectedKeysOptimized(NioEventLoop.java:732)
		at io.netty.channel.nio.NioEventLoop.processSelectedKeys(NioEventLoop.java:658)
		at io.netty.channel.nio.NioEventLoop.run(NioEventLoop.java:562)
		at io.netty.util.concurrent.SingleThreadEventExecutor$4.run(SingleThreadEventExecutor.java:998)
		at io.netty.util.internal.ThreadExecutorMap$2.run(ThreadExecutorMap.java:74)
		at io.netty.util.concurrent.FastThreadLocalRunnable.run(FastThreadLocalRunnable.java:30)
		at java.base/java.lang.Thread.run(Thread.java:1583)
Caused by: io.netty.channel.AbstractChannel$AnnotatedConnectException: Connection refused: getsockopt: /192.168.0.135:3000
	Suppressed: reactor.core.publisher.FluxOnAssembly$OnAssemblyException: 
Assembly trace from producer [reactor.core.publisher.MonoError] :
	reactor.core.publisher.FluxOnErrorResume$ResumeSubscriber.onError(FluxOnErrorResume.java:94)
	reactor.netty.transport.TransportConnector$MonoChannelPromise.tryFailure(TransportConnector.java:576)
Error has been observed at the following site(s):
	*__FluxOnErrorResume$ResumeSubscriber.onError ⇢ at reactor.netty.transport.TransportConnector$MonoChannelPromise.tryFailure(TransportConnector.java:576)
	*__________________________Mono.onErrorResume ⇢ at reactor.netty.transport.TransportConnector.lambda$connect$6(TransportConnector.java:166)
	*________________________________Mono.flatMap ⇢ at reactor.netty.transport.TransportConnector.connect(TransportConnector.java:165)
	*_________________________________Mono.create ⇢ at reactor.netty.resources.DefaultPooledConnectionProvider$PooledConnectionAllocator.connectChannel(DefaultPooledConnectionProvider.java:537)
	*_________________________________Mono.create ⇢ at reactor.netty.resources.PooledConnectionProvider.acquire(PooledConnectionProvider.java:130)
	*_________________________________Mono.create ⇢ at reactor.netty.http.client.HttpClientConnect$MonoHttpConnect.subscribe(HttpClientConnect.java:213)
	|_                             Mono.retryWhen ⇢ at reactor.netty.http.client.HttpClientConnect$MonoHttpConnect.subscribe(HttpClientConnect.java:287)
	*______________________________Flux.concatMap ⇢ at reactor.util.retry.RetrySpec.lambda$generateCompanion$6(RetrySpec.java:360)
	|_                           Flux.onErrorStop ⇢ at reactor.util.retry.RetrySpec.lambda$generateCompanion$6(RetrySpec.java:379)
	*________________________Flux.deferContextual ⇢ at reactor.util.retry.RetrySpec.generateCompanion(RetrySpec.java:357)
	*____________________________Mono.flatMapMany ⇢ at reactor.netty.http.client.HttpClientFinalizer.responseConnection(HttpClientFinalizer.java:102)
	|_                                  Flux.next ⇢ at org.springframework.http.client.reactive.ReactorClientHttpConnector.connect(ReactorClientHttpConnector.java:174)
	|_                            Mono.doOnCancel ⇢ at org.springframework.http.client.reactive.ReactorClientHttpConnector.connect(ReactorClientHttpConnector.java:175)
	|_                           Mono.doOnRequest ⇢ at org.springframework.web.reactive.function.client.ExchangeFunctions$DefaultExchangeFunction.exchange(ExchangeFunctions.java:104)
	|_                            Mono.doOnCancel ⇢ at org.springframework.web.reactive.function.client.ExchangeFunctions$DefaultExchangeFunction.exchange(ExchangeFunctions.java:105)
Original Stack Trace:
Caused by: java.net.ConnectException: Connection refused: getsockopt
	at java.base/sun.nio.ch.Net.pollConnect(Native Method)
	at java.base/sun.nio.ch.Net.pollConnectNow(Net.java:682)
	at java.base/sun.nio.ch.SocketChannelImpl.finishConnect(SocketChannelImpl.java:973)
	at io.netty.channel.socket.nio.NioSocketChannel.doFinishConnect(NioSocketChannel.java:336)
	at io.netty.channel.nio.AbstractNioChannel$AbstractNioUnsafe.finishConnect(AbstractNioChannel.java:339)
	at io.netty.channel.nio.NioEventLoop.processSelectedKey(NioEventLoop.java:784)
	at io.netty.channel.nio.NioEventLoop.processSelectedKeysOptimized(NioEventLoop.java:732)
	at io.netty.channel.nio.NioEventLoop.processSelectedKeys(NioEventLoop.java:658)
	at io.netty.channel.nio.NioEventLoop.run(NioEventLoop.java:562)
	at io.netty.util.concurrent.SingleThreadEventExecutor$4.run(SingleThreadEventExecutor.java:998)
	at io.netty.util.internal.ThreadExecutorMap$2.run(ThreadExecutorMap.java:74)
	at io.netty.util.concurrent.FastThreadLocalRunnable.run(FastThreadLocalRunnable.java:30)
	at java.base/java.lang.Thread.run(Thread.java:1583)
:2025-08-12 17:45:18.960  INFO HeartBeat-Task-Scheduler-1 d.c.b.a.s.c.d.InstanceDiscoveryListener: Instance '6c5174ebe48d' missing in DiscoveryClient services and will be removed.
:2025-08-12 17:45:18.961  INFO HeartBeat-Task-Scheduler-1 d.c.b.a.s.c.d.InstanceDiscoveryListener: Instance '2a89a999aad6' missing in DiscoveryClient services and will be removed.
:2025-08-12 17:46:49.548  INFO parallel-6 d.c.b.a.s.s.StatusUpdater: Couldn't retrieve status for Instance(id=2a89a999aad6, version=65, registration=Registration(name=pig-auth, managementUrl=http://192.168.0.135:3000/actuator, healthUrl=http://192.168.0.135:3000/actuator/health, serviceUrl=http://192.168.0.135:3000, source=discovery), registered=true, statusInfo=StatusInfo(status=UP, details={nacosConfig={status=UP}, diskSpace={status=UP, details={total=285023932416, free=225189916672, threshold=10485760, path=D:\Loans\lending-framework\., exists=true}}, ping={status=UP}, discoveryComposite={status=UP, components={discoveryClient={status=UP, details={services=[pig-gateway, pig-monitor, pig-upms-biz, pig-auth]}}}}, refreshScope={status=UP}, nacosDiscovery={status=UP}, ssl={status=UP, details={validChains=[], invalidChains=[]}}, redis={status=UP, details={version=7.2.4}}}), statusTimestamp=2025-08-12T08:45:49.014212Z, info=Info(values={}), endpoints=Endpoints(endpoints={sentinel=Endpoint(id=sentinel, url=http://192.168.0.135:3000/actuator/sentinel), caches=Endpoint(id=caches, url=http://192.168.0.135:3000/actuator/caches), loggers=Endpoint(id=loggers, url=http://192.168.0.135:3000/actuator/loggers), logfile=Endpoint(id=logfile, url=http://192.168.0.135:3000/actuator/logfile), nacosconfig=Endpoint(id=nacosconfig, url=http://192.168.0.135:3000/actuator/nacosconfig), health=Endpoint(id=health, url=http://192.168.0.135:3000/actuator/health), refresh=Endpoint(id=refresh, url=http://192.168.0.135:3000/actuator/refresh), env=Endpoint(id=env, url=http://192.168.0.135:3000/actuator/env), nacosdiscovery=Endpoint(id=nacosdiscovery, url=http://192.168.0.135:3000/actuator/nacosdiscovery), serviceregistry=Endpoint(id=serviceregistry, url=http://192.168.0.135:3000/actuator/serviceregistry), heapdump=Endpoint(id=heapdump, url=http://192.168.0.135:3000/actuator/heapdump), features=Endpoint(id=features, url=http://192.168.0.135:3000/actuator/features), scheduledtasks=Endpoint(id=scheduledtasks, url=http://192.168.0.135:3000/actuator/scheduledtasks), mappings=Endpoint(id=mappings, url=http://192.168.0.135:3000/actuator/mappings), beans=Endpoint(id=beans, url=http://192.168.0.135:3000/actuator/beans), configprops=Endpoint(id=configprops, url=http://192.168.0.135:3000/actuator/configprops), threaddump=Endpoint(id=threaddump, url=http://192.168.0.135:3000/actuator/threaddump), sbom=Endpoint(id=sbom, url=http://192.168.0.135:3000/actuator/sbom), metrics=Endpoint(id=metrics, url=http://192.168.0.135:3000/actuator/metrics), conditions=Endpoint(id=conditions, url=http://192.168.0.135:3000/actuator/conditions), info=Endpoint(id=info, url=http://192.168.0.135:3000/actuator/info)}), buildVersion=null, tags=Tags(values={}))
java.util.concurrent.TimeoutException: Did not observe any item or terminal signal within 9000ms in 'Mono.log ⇢ at de.codecentric.boot.admin.server.services.StatusUpdater.doUpdateStatus(StatusUpdater.java:84)' (and no fallback has been configured)
	at reactor.core.publisher.FluxTimeout$TimeoutMainSubscriber.handleTimeout(FluxTimeout.java:296)
	Suppressed: reactor.core.publisher.FluxOnAssembly$OnAssemblyException: 
Assembly trace from producer [reactor.core.publisher.MonoTimeout] :
	reactor.core.publisher.Mono.timeout(Mono.java:5007)
	de.codecentric.boot.admin.server.services.StatusUpdater.doUpdateStatus(StatusUpdater.java:85)
Error has been observed at the following site(s):
	*__Mono.timeout ⇢ at de.codecentric.boot.admin.server.services.StatusUpdater.doUpdateStatus(StatusUpdater.java:85)
Original Stack Trace:
		at reactor.core.publisher.FluxTimeout$TimeoutMainSubscriber.handleTimeout(FluxTimeout.java:296)
		at reactor.core.publisher.FluxTimeout$TimeoutMainSubscriber.doTimeout(FluxTimeout.java:281)
		at reactor.core.publisher.FluxTimeout$TimeoutTimeoutSubscriber.onNext(FluxTimeout.java:420)
		at reactor.core.publisher.FluxOnErrorReturn$ReturnSubscriber.onNext(FluxOnErrorReturn.java:162)
		at reactor.core.publisher.MonoDelay$MonoDelayRunnable.propagateDelay(MonoDelay.java:270)
		at reactor.core.publisher.MonoDelay$MonoDelayRunnable.run(MonoDelay.java:285)
		at reactor.core.scheduler.SchedulerTask.call(SchedulerTask.java:68)
		at reactor.core.scheduler.SchedulerTask.call(SchedulerTask.java:28)
		at java.base/java.util.concurrent.FutureTask.run$$$capture(FutureTask.java:317)
		at java.base/java.util.concurrent.FutureTask.run(FutureTask.java)
		at java.base/java.util.concurrent.ScheduledThreadPoolExecutor$ScheduledFutureTask.run(ScheduledThreadPoolExecutor.java:304)
		at java.base/java.util.concurrent.ThreadPoolExecutor.runWorker(ThreadPoolExecutor.java:1144)
		at java.base/java.util.concurrent.ThreadPoolExecutor$Worker.run(ThreadPoolExecutor.java:642)
		at java.base/java.lang.Thread.run(Thread.java:1583)
:2025-08-12 17:47:42.587  INFO reactor-http-nio-14 d.c.b.a.s.s.StatusUpdater: Couldn't retrieve status for Instance(id=2a89a999aad6, version=67, registration=Registration(name=pig-auth, managementUrl=http://192.168.0.135:3000/actuator, healthUrl=http://192.168.0.135:3000/actuator/health, serviceUrl=http://192.168.0.135:3000, source=discovery), registered=true, statusInfo=StatusInfo(status=UP, details={nacosConfig={status=UP}, diskSpace={status=UP, details={total=285023932416, free=225189826560, threshold=10485760, path=D:\Loans\lending-framework\., exists=true}}, ping={status=UP}, discoveryComposite={status=UP, components={discoveryClient={status=UP, details={services=[pig-gateway, pig-monitor, pig-upms-biz, pig-auth]}}}}, refreshScope={status=UP}, nacosDiscovery={status=UP}, ssl={status=UP, details={validChains=[], invalidChains=[]}}, redis={status=UP, details={version=7.2.4}}}), statusTimestamp=2025-08-12T08:47:20.550353800Z, info=Info(values={}), endpoints=Endpoints(endpoints={sentinel=Endpoint(id=sentinel, url=http://192.168.0.135:3000/actuator/sentinel), caches=Endpoint(id=caches, url=http://192.168.0.135:3000/actuator/caches), loggers=Endpoint(id=loggers, url=http://192.168.0.135:3000/actuator/loggers), logfile=Endpoint(id=logfile, url=http://192.168.0.135:3000/actuator/logfile), nacosconfig=Endpoint(id=nacosconfig, url=http://192.168.0.135:3000/actuator/nacosconfig), health=Endpoint(id=health, url=http://192.168.0.135:3000/actuator/health), refresh=Endpoint(id=refresh, url=http://192.168.0.135:3000/actuator/refresh), env=Endpoint(id=env, url=http://192.168.0.135:3000/actuator/env), nacosdiscovery=Endpoint(id=nacosdiscovery, url=http://192.168.0.135:3000/actuator/nacosdiscovery), serviceregistry=Endpoint(id=serviceregistry, url=http://192.168.0.135:3000/actuator/serviceregistry), heapdump=Endpoint(id=heapdump, url=http://192.168.0.135:3000/actuator/heapdump), features=Endpoint(id=features, url=http://192.168.0.135:3000/actuator/features), scheduledtasks=Endpoint(id=scheduledtasks, url=http://192.168.0.135:3000/actuator/scheduledtasks), mappings=Endpoint(id=mappings, url=http://192.168.0.135:3000/actuator/mappings), beans=Endpoint(id=beans, url=http://192.168.0.135:3000/actuator/beans), configprops=Endpoint(id=configprops, url=http://192.168.0.135:3000/actuator/configprops), threaddump=Endpoint(id=threaddump, url=http://192.168.0.135:3000/actuator/threaddump), sbom=Endpoint(id=sbom, url=http://192.168.0.135:3000/actuator/sbom), metrics=Endpoint(id=metrics, url=http://192.168.0.135:3000/actuator/metrics), conditions=Endpoint(id=conditions, url=http://192.168.0.135:3000/actuator/conditions), info=Endpoint(id=info, url=http://192.168.0.135:3000/actuator/info)}), buildVersion=null, tags=Tags(values={}))
org.springframework.web.reactive.function.client.WebClientRequestException: Connection refused: getsockopt: /192.168.0.135:3000
	at org.springframework.web.reactive.function.client.ExchangeFunctions$DefaultExchangeFunction.lambda$wrapException$9(ExchangeFunctions.java:137)
	Suppressed: reactor.core.publisher.FluxOnAssembly$OnAssemblyException: 
Assembly trace from producer [reactor.core.publisher.MonoErrorSupplied] :
	reactor.core.publisher.Mono.error(Mono.java:315)
	org.springframework.web.reactive.function.client.ExchangeFunctions$DefaultExchangeFunction.wrapException(ExchangeFunctions.java:137)
Error has been observed at the following site(s):
	*____________Mono.error ⇢ at org.springframework.web.reactive.function.client.ExchangeFunctions$DefaultExchangeFunction.wrapException(ExchangeFunctions.java:137)
	*____Mono.onErrorResume ⇢ at org.springframework.web.reactive.function.client.ExchangeFunctions$DefaultExchangeFunction.exchange(ExchangeFunctions.java:106)
	|_             Mono.map ⇢ at org.springframework.web.reactive.function.client.ExchangeFunctions$DefaultExchangeFunction.exchange(ExchangeFunctions.java:107)
	|_        Mono.doOnNext ⇢ at org.springframework.web.reactive.function.client.DefaultWebClient$ObservationFilterFunction.filter(DefaultWebClient.java:745)
	|_         Mono.timeout ⇢ at de.codecentric.boot.admin.server.web.client.InstanceExchangeFilterFunctions.lambda$timeout$14(InstanceExchangeFilterFunctions.java:201)
	|_           Mono.retry ⇢ at de.codecentric.boot.admin.server.web.client.InstanceExchangeFilterFunctions.lambda$retry$13(InstanceExchangeFilterFunctions.java:191)
	|_             Mono.map ⇢ at de.codecentric.boot.admin.server.web.client.InstanceExchangeFilterFunctions.lambda$handleCookies$18(InstanceExchangeFilterFunctions.java:230)
	|_             Mono.map ⇢ at de.codecentric.boot.admin.server.web.client.InstanceExchangeFilterFunctions.lambda$convertLegacyEndpoints$8(InstanceExchangeFilterFunctions.java:143)
	*__________Mono.flatMap ⇢ at de.codecentric.boot.admin.server.web.client.InstanceWebClient.lambda$setInstance$3(InstanceWebClient.java:61)
	*____________Mono.defer ⇢ at org.springframework.web.reactive.function.client.DefaultWebClient$DefaultRequestBodyUriSpec.lambda$exchange$12(DefaultWebClient.java:467)
	|_           checkpoint ⇢ Request to GET health [DefaultWebClient]
	|_   Mono.switchIfEmpty ⇢ at org.springframework.web.reactive.function.client.DefaultWebClient$DefaultRequestBodyUriSpec.lambda$exchange$12(DefaultWebClient.java:472)
	|_        Mono.doOnNext ⇢ at org.springframework.web.reactive.function.client.DefaultWebClient$DefaultRequestBodyUriSpec.lambda$exchange$12(DefaultWebClient.java:478)
	|_       Mono.doOnError ⇢ at org.springframework.web.reactive.function.client.DefaultWebClient$DefaultRequestBodyUriSpec.lambda$exchange$12(DefaultWebClient.java:479)
	|_       Mono.doFinally ⇢ at org.springframework.web.reactive.function.client.DefaultWebClient$DefaultRequestBodyUriSpec.lambda$exchange$12(DefaultWebClient.java:480)
	|_    Mono.contextWrite ⇢ at org.springframework.web.reactive.function.client.DefaultWebClient$DefaultRequestBodyUriSpec.lambda$exchange$12(DefaultWebClient.java:486)
	*__Mono.deferContextual ⇢ at org.springframework.web.reactive.function.client.DefaultWebClient$DefaultRequestBodyUriSpec.exchange(DefaultWebClient.java:453)
	|_         Mono.flatMap ⇢ at org.springframework.web.reactive.function.client.DefaultWebClient$DefaultRequestBodyUriSpec.exchangeToMono(DefaultWebClient.java:421)
	|_             Mono.log ⇢ at de.codecentric.boot.admin.server.services.StatusUpdater.doUpdateStatus(StatusUpdater.java:84)
	|_         Mono.timeout ⇢ at de.codecentric.boot.admin.server.services.StatusUpdater.doUpdateStatus(StatusUpdater.java:85)
Original Stack Trace:
		at org.springframework.web.reactive.function.client.ExchangeFunctions$DefaultExchangeFunction.lambda$wrapException$9(ExchangeFunctions.java:137)
		at reactor.core.publisher.MonoErrorSupplied.subscribe(MonoErrorSupplied.java:55)
		at reactor.core.publisher.Mono.subscribe(Mono.java:4576)
		at reactor.core.publisher.FluxOnErrorResume$ResumeSubscriber.onError(FluxOnErrorResume.java:103)
		at reactor.core.publisher.FluxPeekFuseable$PeekFuseableSubscriber.onError(FluxPeekFuseable.java:234)
		at reactor.core.publisher.FluxPeekFuseable$PeekFuseableSubscriber.onError(FluxPeekFuseable.java:234)
		at reactor.core.publisher.FluxPeekFuseable$PeekFuseableSubscriber.onError(FluxPeekFuseable.java:234)
		at reactor.core.publisher.MonoNext$NextSubscriber.onError(MonoNext.java:93)
		at reactor.core.publisher.MonoFlatMapMany$FlatMapManyMain.onError(MonoFlatMapMany.java:205)
		at reactor.core.publisher.SerializedSubscriber.onError(SerializedSubscriber.java:124)
		at reactor.core.publisher.FluxRetryWhen$RetryWhenMainSubscriber.whenError(FluxRetryWhen.java:229)
		at reactor.core.publisher.FluxRetryWhen$RetryWhenOtherSubscriber.onError(FluxRetryWhen.java:279)
		at reactor.core.publisher.FluxContextWrite$ContextWriteSubscriber.onError(FluxContextWrite.java:121)
		at reactor.core.publisher.FluxConcatMapNoPrefetch$FluxConcatMapNoPrefetchSubscriber.maybeOnError(FluxConcatMapNoPrefetch.java:327)
		at reactor.core.publisher.FluxConcatMapNoPrefetch$FluxConcatMapNoPrefetchSubscriber.onNext(FluxConcatMapNoPrefetch.java:212)
		at reactor.core.publisher.FluxContextWrite$ContextWriteSubscriber.onNext(FluxContextWrite.java:107)
		at reactor.core.publisher.SinkManyEmitterProcessor.drain(SinkManyEmitterProcessor.java:476)
		at reactor.core.publisher.SinkManyEmitterProcessor$EmitterInner.drainParent(SinkManyEmitterProcessor.java:620)
		at reactor.core.publisher.FluxPublish$PubSubInner.request(FluxPublish.java:874)
		at reactor.core.publisher.FluxContextWrite$ContextWriteSubscriber.request(FluxContextWrite.java:136)
		at reactor.core.publisher.FluxConcatMapNoPrefetch$FluxConcatMapNoPrefetchSubscriber.request(FluxConcatMapNoPrefetch.java:337)
		at reactor.core.publisher.FluxContextWrite$ContextWriteSubscriber.request(FluxContextWrite.java:136)
		at reactor.core.publisher.Operators$DeferredSubscription.request(Operators.java:1743)
		at reactor.core.publisher.FluxRetryWhen$RetryWhenMainSubscriber.onError(FluxRetryWhen.java:196)
		at reactor.core.publisher.MonoCreate$DefaultMonoSink.error(MonoCreate.java:205)
		at reactor.netty.http.client.HttpClientConnect$MonoHttpConnect$ClientTransportSubscriber.onError(HttpClientConnect.java:323)
		at reactor.core.publisher.MonoCreate$DefaultMonoSink.error(MonoCreate.java:205)
		at reactor.netty.resources.DefaultPooledConnectionProvider$DisposableAcquire.onError(DefaultPooledConnectionProvider.java:174)
		at reactor.netty.internal.shaded.reactor.pool.AbstractPool$Borrower.fail(AbstractPool.java:479)
		at reactor.netty.internal.shaded.reactor.pool.SimpleDequePool.lambda$drainLoop$9(SimpleDequePool.java:443)
		at reactor.core.publisher.FluxDoOnEach$DoOnEachSubscriber.onError(FluxDoOnEach.java:186)
		at reactor.core.publisher.MonoCreate$DefaultMonoSink.error(MonoCreate.java:205)
		at reactor.netty.resources.DefaultPooledConnectionProvider$PooledConnectionAllocator$PooledConnectionInitializer.onError(DefaultPooledConnectionProvider.java:593)
		at reactor.core.publisher.MonoFlatMap$FlatMapMain.secondError(MonoFlatMap.java:241)
		at reactor.core.publisher.MonoFlatMap$FlatMapInner.onError(MonoFlatMap.java:315)
		at reactor.core.publisher.FluxOnErrorResume$ResumeSubscriber.onError(FluxOnErrorResume.java:106)
		at reactor.core.publisher.Operators.error(Operators.java:198)
		at reactor.core.publisher.MonoError.subscribe(MonoError.java:53)
		at reactor.core.publisher.Mono.subscribe(Mono.java:4576)
		at reactor.core.publisher.FluxOnErrorResume$ResumeSubscriber.onError(FluxOnErrorResume.java:103)
		at reactor.netty.transport.TransportConnector$MonoChannelPromise.tryFailure(TransportConnector.java:576)
		at reactor.netty.transport.TransportConnector$MonoChannelPromise.setFailure(TransportConnector.java:522)
		at reactor.netty.transport.TransportConnector.lambda$doConnect$7(TransportConnector.java:261)
		at io.netty.util.concurrent.DefaultPromise.notifyListener0(DefaultPromise.java:590)
		at io.netty.util.concurrent.DefaultPromise.notifyListeners0(DefaultPromise.java:583)
		at io.netty.util.concurrent.DefaultPromise.notifyListenersNow(DefaultPromise.java:559)
		at io.netty.util.concurrent.DefaultPromise.notifyListeners(DefaultPromise.java:492)
		at io.netty.util.concurrent.DefaultPromise.setValue0(DefaultPromise.java:636)
		at io.netty.util.concurrent.DefaultPromise.setFailure0(DefaultPromise.java:629)
		at io.netty.util.concurrent.DefaultPromise.tryFailure(DefaultPromise.java:118)
		at io.netty.channel.nio.AbstractNioChannel$AbstractNioUnsafe.fulfillConnectPromise(AbstractNioChannel.java:326)
		at io.netty.channel.nio.AbstractNioChannel$AbstractNioUnsafe.finishConnect(AbstractNioChannel.java:342)
		at io.netty.channel.nio.NioEventLoop.processSelectedKey(NioEventLoop.java:784)
		at io.netty.channel.nio.NioEventLoop.processSelectedKeysOptimized(NioEventLoop.java:732)
		at io.netty.channel.nio.NioEventLoop.processSelectedKeys(NioEventLoop.java:658)
		at io.netty.channel.nio.NioEventLoop.run(NioEventLoop.java:562)
		at io.netty.util.concurrent.SingleThreadEventExecutor$4.run(SingleThreadEventExecutor.java:998)
		at io.netty.util.internal.ThreadExecutorMap$2.run(ThreadExecutorMap.java:74)
		at io.netty.util.concurrent.FastThreadLocalRunnable.run(FastThreadLocalRunnable.java:30)
		at java.base/java.lang.Thread.run(Thread.java:1583)
Caused by: io.netty.channel.AbstractChannel$AnnotatedConnectException: Connection refused: getsockopt: /192.168.0.135:3000
	Suppressed: reactor.core.publisher.FluxOnAssembly$OnAssemblyException: 
Assembly trace from producer [reactor.core.publisher.MonoError] :
	reactor.core.publisher.FluxOnErrorResume$ResumeSubscriber.onError(FluxOnErrorResume.java:94)
	reactor.netty.transport.TransportConnector$MonoChannelPromise.tryFailure(TransportConnector.java:576)
Error has been observed at the following site(s):
	*__FluxOnErrorResume$ResumeSubscriber.onError ⇢ at reactor.netty.transport.TransportConnector$MonoChannelPromise.tryFailure(TransportConnector.java:576)
	*__________________________Mono.onErrorResume ⇢ at reactor.netty.transport.TransportConnector.lambda$connect$6(TransportConnector.java:166)
	*________________________________Mono.flatMap ⇢ at reactor.netty.transport.TransportConnector.connect(TransportConnector.java:165)
	*_________________________________Mono.create ⇢ at reactor.netty.resources.DefaultPooledConnectionProvider$PooledConnectionAllocator.connectChannel(DefaultPooledConnectionProvider.java:537)
	*_________________________________Mono.create ⇢ at reactor.netty.resources.PooledConnectionProvider.acquire(PooledConnectionProvider.java:130)
	*_________________________________Mono.create ⇢ at reactor.netty.http.client.HttpClientConnect$MonoHttpConnect.subscribe(HttpClientConnect.java:213)
	|_                             Mono.retryWhen ⇢ at reactor.netty.http.client.HttpClientConnect$MonoHttpConnect.subscribe(HttpClientConnect.java:287)
	*______________________________Flux.concatMap ⇢ at reactor.util.retry.RetrySpec.lambda$generateCompanion$6(RetrySpec.java:360)
	|_                           Flux.onErrorStop ⇢ at reactor.util.retry.RetrySpec.lambda$generateCompanion$6(RetrySpec.java:379)
	*________________________Flux.deferContextual ⇢ at reactor.util.retry.RetrySpec.generateCompanion(RetrySpec.java:357)
	*____________________________Mono.flatMapMany ⇢ at reactor.netty.http.client.HttpClientFinalizer.responseConnection(HttpClientFinalizer.java:102)
	|_                                  Flux.next ⇢ at org.springframework.http.client.reactive.ReactorClientHttpConnector.connect(ReactorClientHttpConnector.java:174)
	|_                            Mono.doOnCancel ⇢ at org.springframework.http.client.reactive.ReactorClientHttpConnector.connect(ReactorClientHttpConnector.java:175)
	|_                           Mono.doOnRequest ⇢ at org.springframework.web.reactive.function.client.ExchangeFunctions$DefaultExchangeFunction.exchange(ExchangeFunctions.java:104)
	|_                            Mono.doOnCancel ⇢ at org.springframework.web.reactive.function.client.ExchangeFunctions$DefaultExchangeFunction.exchange(ExchangeFunctions.java:105)
Original Stack Trace:
Caused by: java.net.ConnectException: Connection refused: getsockopt
	at java.base/sun.nio.ch.Net.pollConnect(Native Method)
	at java.base/sun.nio.ch.Net.pollConnectNow(Net.java:682)
	at java.base/sun.nio.ch.SocketChannelImpl.finishConnect(SocketChannelImpl.java:973)
	at io.netty.channel.socket.nio.NioSocketChannel.doFinishConnect(NioSocketChannel.java:336)
	at io.netty.channel.nio.AbstractNioChannel$AbstractNioUnsafe.finishConnect(AbstractNioChannel.java:339)
	at io.netty.channel.nio.NioEventLoop.processSelectedKey(NioEventLoop.java:784)
	at io.netty.channel.nio.NioEventLoop.processSelectedKeysOptimized(NioEventLoop.java:732)
	at io.netty.channel.nio.NioEventLoop.processSelectedKeys(NioEventLoop.java:658)
	at io.netty.channel.nio.NioEventLoop.run(NioEventLoop.java:562)
	at io.netty.util.concurrent.SingleThreadEventExecutor$4.run(SingleThreadEventExecutor.java:998)
	at io.netty.util.internal.ThreadExecutorMap$2.run(ThreadExecutorMap.java:74)
	at io.netty.util.concurrent.FastThreadLocalRunnable.run(FastThreadLocalRunnable.java:30)
	at java.base/java.lang.Thread.run(Thread.java:1583)
:2025-08-12 17:48:49.572  INFO parallel-1 d.c.b.a.s.s.StatusUpdater: Couldn't retrieve status for Instance(id=2a89a999aad6, version=69, registration=Registration(name=pig-auth, managementUrl=http://192.168.0.135:3000/actuator, healthUrl=http://192.168.0.135:3000/actuator/health, serviceUrl=http://192.168.0.135:3000, source=discovery), registered=true, statusInfo=StatusInfo(status=UP, details={nacosConfig={status=UP}, diskSpace={status=UP, details={total=285023932416, free=225188278272, threshold=10485760, path=D:\Loans\lending-framework\., exists=true}}, ping={status=UP}, discoveryComposite={status=UP, components={discoveryClient={status=UP, details={services=[pig-gateway, pig-monitor, pig-upms-biz, pig-auth]}}}}, refreshScope={status=UP}, nacosDiscovery={status=UP}, ssl={status=UP, details={validChains=[], invalidChains=[]}}, redis={status=UP, details={version=7.2.4}}}), statusTimestamp=2025-08-12T08:48:00.655547200Z, info=Info(values={}), endpoints=Endpoints(endpoints={sentinel=Endpoint(id=sentinel, url=http://192.168.0.135:3000/actuator/sentinel), caches=Endpoint(id=caches, url=http://192.168.0.135:3000/actuator/caches), loggers=Endpoint(id=loggers, url=http://192.168.0.135:3000/actuator/loggers), logfile=Endpoint(id=logfile, url=http://192.168.0.135:3000/actuator/logfile), nacosconfig=Endpoint(id=nacosconfig, url=http://192.168.0.135:3000/actuator/nacosconfig), health=Endpoint(id=health, url=http://192.168.0.135:3000/actuator/health), refresh=Endpoint(id=refresh, url=http://192.168.0.135:3000/actuator/refresh), env=Endpoint(id=env, url=http://192.168.0.135:3000/actuator/env), nacosdiscovery=Endpoint(id=nacosdiscovery, url=http://192.168.0.135:3000/actuator/nacosdiscovery), serviceregistry=Endpoint(id=serviceregistry, url=http://192.168.0.135:3000/actuator/serviceregistry), heapdump=Endpoint(id=heapdump, url=http://192.168.0.135:3000/actuator/heapdump), features=Endpoint(id=features, url=http://192.168.0.135:3000/actuator/features), scheduledtasks=Endpoint(id=scheduledtasks, url=http://192.168.0.135:3000/actuator/scheduledtasks), mappings=Endpoint(id=mappings, url=http://192.168.0.135:3000/actuator/mappings), beans=Endpoint(id=beans, url=http://192.168.0.135:3000/actuator/beans), configprops=Endpoint(id=configprops, url=http://192.168.0.135:3000/actuator/configprops), threaddump=Endpoint(id=threaddump, url=http://192.168.0.135:3000/actuator/threaddump), sbom=Endpoint(id=sbom, url=http://192.168.0.135:3000/actuator/sbom), metrics=Endpoint(id=metrics, url=http://192.168.0.135:3000/actuator/metrics), conditions=Endpoint(id=conditions, url=http://192.168.0.135:3000/actuator/conditions), info=Endpoint(id=info, url=http://192.168.0.135:3000/actuator/info)}), buildVersion=null, tags=Tags(values={}))
java.util.concurrent.TimeoutException: Did not observe any item or terminal signal within 9000ms in 'Mono.log ⇢ at de.codecentric.boot.admin.server.services.StatusUpdater.doUpdateStatus(StatusUpdater.java:84)' (and no fallback has been configured)
	at reactor.core.publisher.FluxTimeout$TimeoutMainSubscriber.handleTimeout(FluxTimeout.java:296)
	Suppressed: reactor.core.publisher.FluxOnAssembly$OnAssemblyException: 
Assembly trace from producer [reactor.core.publisher.MonoTimeout] :
	reactor.core.publisher.Mono.timeout(Mono.java:5007)
	de.codecentric.boot.admin.server.services.StatusUpdater.doUpdateStatus(StatusUpdater.java:85)
Error has been observed at the following site(s):
	*__Mono.timeout ⇢ at de.codecentric.boot.admin.server.services.StatusUpdater.doUpdateStatus(StatusUpdater.java:85)
Original Stack Trace:
		at reactor.core.publisher.FluxTimeout$TimeoutMainSubscriber.handleTimeout(FluxTimeout.java:296)
		at reactor.core.publisher.FluxTimeout$TimeoutMainSubscriber.doTimeout(FluxTimeout.java:281)
		at reactor.core.publisher.FluxTimeout$TimeoutTimeoutSubscriber.onNext(FluxTimeout.java:420)
		at reactor.core.publisher.FluxOnErrorReturn$ReturnSubscriber.onNext(FluxOnErrorReturn.java:162)
		at reactor.core.publisher.MonoDelay$MonoDelayRunnable.propagateDelay(MonoDelay.java:270)
		at reactor.core.publisher.MonoDelay$MonoDelayRunnable.run(MonoDelay.java:285)
		at reactor.core.scheduler.SchedulerTask.call(SchedulerTask.java:68)
		at reactor.core.scheduler.SchedulerTask.call(SchedulerTask.java:28)
		at java.base/java.util.concurrent.FutureTask.run$$$capture(FutureTask.java:317)
		at java.base/java.util.concurrent.FutureTask.run(FutureTask.java)
		at java.base/java.util.concurrent.ScheduledThreadPoolExecutor$ScheduledFutureTask.run(ScheduledThreadPoolExecutor.java:304)
		at java.base/java.util.concurrent.ThreadPoolExecutor.runWorker(ThreadPoolExecutor.java:1144)
		at java.base/java.util.concurrent.ThreadPoolExecutor$Worker.run(ThreadPoolExecutor.java:642)
		at java.base/java.lang.Thread.run(Thread.java:1583)
:2025-08-12 17:49:19.087  INFO HeartBeat-Task-Scheduler-1 d.c.b.a.s.c.d.InstanceDiscoveryListener: Instance '2a89a999aad6' missing in DiscoveryClient services and will be removed.
:2025-08-12 18:02:19.955  INFO HeartBeat-Task-Scheduler-1 d.c.b.a.s.c.d.InstanceDiscoveryListener: Instance '6c5174ebe48d' missing in DiscoveryClient services and will be removed.
:2025-08-12 18:02:19.955  INFO HeartBeat-Task-Scheduler-1 d.c.b.a.s.c.d.InstanceDiscoveryListener: Instance '2a89a999aad6' missing in DiscoveryClient services and will be removed.
:2025-08-12 18:02:21.066  INFO SpringApplicationShutdownHook o.s.b.w.e.u.UndertowWebServer: Commencing graceful shutdown. Waiting for active requests to complete
:2025-08-12 18:02:21.067  INFO SpringApplicationShutdownHook o.s.b.w.e.u.UndertowWebServer: Graceful shutdown complete
:2025-08-12 18:02:21.067  INFO SpringApplicationShutdownHook i.undertow: stopping server: Undertow - 2.3.18.Final
:2025-08-12 18:02:21.072  INFO SpringApplicationShutdownHook i.u.servlet: Destroying Spring FrameworkServlet 'dispatcherServlet'
:2025-08-12 18:02:23.149  INFO SpringApplicationShutdownHook c.a.c.n.r.NacosServiceRegistry: De-registering from Nacos Server now...
:2025-08-12 18:02:23.151  INFO SpringApplicationShutdownHook c.a.c.n.r.NacosServiceRegistry: De-registration finished.
