:2025-08-12 11:22:56.157 ERROR nacos.client.config.listener.task-0 c.a.c.n.c.NacosConfigDataLoader: Error getting properties from nacos: NacosConfigDataResource{properties=NacosConfigProperties{serverAddr='192.168.0.201:8848', encode='null', group='DEFAULT_GROUP', prefix='null', fileExtension='properties', timeout=3000, maxRetry='null', configLongPollTimeout='null', configRetryTime='null', enableRemoteSyncConfig=false, endpoint='null', namespace='5d42b64c-af69-4a94-8189-c7e890784c35', accessKey='null', secretKey='null', ramRoleName='null', contextPath='null', clusterName='null', name='null'', shares=null, extensions=null, refreshEnabled=true}, optional=false, profiles=[Profiles@682c5545 active = '[]', default = '[default]', accepted = '[default]'], config=NacosItemConfig{group='DEFAULT_GROUP', dataId='application-dev.yml', suffix='yml', refreshEnabled=true, preference=null}}
org.yaml.snakeyaml.constructor.DuplicateKeyException: while constructing a mapping
 in 'reader', line 2, column 1:
    jasypt:
    ^
found duplicate key spring
 in 'reader', line 73, column 1:
    spring:
    ^

	at org.yaml.snakeyaml.constructor.SafeConstructor.processDuplicateKeys(SafeConstructor.java:126)
	at org.yaml.snakeyaml.constructor.SafeConstructor.flattenMapping(SafeConstructor.java:78)
	at org.yaml.snakeyaml.constructor.SafeConstructor.flattenMapping(SafeConstructor.java:73)
	at org.yaml.snakeyaml.constructor.SafeConstructor.constructMapping2ndStep(SafeConstructor.java:209)
	at org.yaml.snakeyaml.constructor.BaseConstructor.constructMapping(BaseConstructor.java:552)
	at org.yaml.snakeyaml.constructor.SafeConstructor$ConstructYamlMap.construct(SafeConstructor.java:597)
	at org.yaml.snakeyaml.constructor.BaseConstructor.constructObjectNoCheck(BaseConstructor.java:264)
	at org.yaml.snakeyaml.constructor.BaseConstructor.constructObject(BaseConstructor.java:247)
	at org.springframework.boot.env.OriginTrackedYamlLoader$OriginTrackingConstructor.constructObject(OriginTrackedYamlLoader.java:119)
	at org.yaml.snakeyaml.constructor.BaseConstructor.constructDocument(BaseConstructor.java:201)
	at org.yaml.snakeyaml.constructor.BaseConstructor.getData(BaseConstructor.java:166)
	at org.springframework.boot.env.OriginTrackedYamlLoader$OriginTrackingConstructor.getData(OriginTrackedYamlLoader.java:99)
	at org.yaml.snakeyaml.Yaml$1.next(Yaml.java:529)
	at org.springframework.beans.factory.config.YamlProcessor.process(YamlProcessor.java:203)
	at org.springframework.beans.factory.config.YamlProcessor.process(YamlProcessor.java:169)
	at org.springframework.boot.env.OriginTrackedYamlLoader.load(OriginTrackedYamlLoader.java:84)
	at org.springframework.boot.env.YamlPropertySourceLoader.load(YamlPropertySourceLoader.java:50)
	at com.alibaba.cloud.nacos.parser.NacosDataParserHandler.parseNacosData(NacosDataParserHandler.java:92)
	at com.alibaba.cloud.nacos.configdata.NacosConfigDataLoader.pullConfig(NacosConfigDataLoader.java:146)
	at com.alibaba.cloud.nacos.configdata.NacosConfigDataLoader.doLoad(NacosConfigDataLoader.java:80)
	at com.alibaba.cloud.nacos.configdata.NacosConfigDataLoader.load(NacosConfigDataLoader.java:67)
	at com.alibaba.cloud.nacos.configdata.NacosConfigDataLoader.load(NacosConfigDataLoader.java:56)
	at org.springframework.boot.context.config.ConfigDataLoaders.load(ConfigDataLoaders.java:96)
	at org.springframework.boot.context.config.ConfigDataImporter.load(ConfigDataImporter.java:132)
	at org.springframework.boot.context.config.ConfigDataImporter.resolveAndLoad(ConfigDataImporter.java:87)
	at org.springframework.boot.context.config.ConfigDataEnvironmentContributors.withProcessedImports(ConfigDataEnvironmentContributors.java:121)
	at org.springframework.boot.context.config.ConfigDataEnvironment.processWithProfiles(ConfigDataEnvironment.java:316)
	at org.springframework.boot.context.config.ConfigDataEnvironment.processAndApply(ConfigDataEnvironment.java:237)
	at org.springframework.boot.context.config.ConfigDataEnvironmentPostProcessor.postProcessEnvironment(ConfigDataEnvironmentPostProcessor.java:96)
	at org.springframework.boot.context.config.ConfigDataEnvironmentPostProcessor.postProcessEnvironment(ConfigDataEnvironmentPostProcessor.java:89)
	at org.springframework.cloud.context.refresh.ConfigDataContextRefresher.updateEnvironment(ConfigDataContextRefresher.java:92)
	at org.springframework.cloud.context.refresh.ContextRefresher.refreshEnvironment(ContextRefresher.java:100)
	at org.springframework.cloud.context.refresh.ContextRefresher.refresh(ContextRefresher.java:93)
	at org.springframework.cloud.endpoint.event.RefreshEventListener.handle(RefreshEventListener.java:72)
	at org.springframework.cloud.endpoint.event.RefreshEventListener.onApplicationEvent(RefreshEventListener.java:61)
	at org.springframework.context.event.SimpleApplicationEventMulticaster.doInvokeListener(SimpleApplicationEventMulticaster.java:185)
	at org.springframework.context.event.SimpleApplicationEventMulticaster.invokeListener(SimpleApplicationEventMulticaster.java:178)
	at org.springframework.context.event.SimpleApplicationEventMulticaster.multicastEvent(SimpleApplicationEventMulticaster.java:156)
	at org.springframework.context.support.AbstractApplicationContext.publishEvent(AbstractApplicationContext.java:454)
	at org.springframework.context.support.AbstractApplicationContext.publishEvent(AbstractApplicationContext.java:387)
	at com.alibaba.cloud.nacos.configdata.NacosConfigRefreshEventListener.onApplicationEvent(NacosConfigRefreshEventListener.java:52)
	at org.springframework.context.event.SimpleApplicationEventMulticaster.doInvokeListener(SimpleApplicationEventMulticaster.java:185)
	at org.springframework.context.event.SimpleApplicationEventMulticaster.invokeListener(SimpleApplicationEventMulticaster.java:178)
	at org.springframework.context.event.SimpleApplicationEventMulticaster.multicastEvent(SimpleApplicationEventMulticaster.java:156)
	at org.springframework.context.support.AbstractApplicationContext.publishEvent(AbstractApplicationContext.java:454)
	at org.springframework.context.support.AbstractApplicationContext.publishEvent(AbstractApplicationContext.java:387)
	at com.alibaba.cloud.nacos.refresh.NacosContextRefresher$1.innerReceive(NacosContextRefresher.java:131)
	at com.alibaba.nacos.api.config.listener.AbstractSharedListener.receiveConfigInfo(AbstractSharedListener.java:40)
	at com.alibaba.nacos.client.config.impl.CacheData$1.run(CacheData.java:440)
	at com.alibaba.nacos.client.config.impl.CacheData.safeNotifyListener(CacheData.java:483)
	at com.alibaba.nacos.client.config.impl.CacheData.checkListenerMd5(CacheData.java:324)
	at com.alibaba.nacos.client.config.impl.ClientWorker$ConfigRpcTransportClient.refreshContentAndCheck(ClientWorker.java:941)
	at com.alibaba.nacos.client.config.impl.ClientWorker$ConfigRpcTransportClient.refreshContentAndCheck(ClientWorker.java:922)
	at com.alibaba.nacos.client.config.impl.ClientWorker$ConfigRpcTransportClient.lambda$checkListenCache$7(ClientWorker.java:1031)
	at java.base/java.util.concurrent.Executors$RunnableAdapter.call(Executors.java:572)
	at java.base/java.util.concurrent.FutureTask.run$$$capture(FutureTask.java:317)
	at java.base/java.util.concurrent.FutureTask.run(FutureTask.java)
	at java.base/java.util.concurrent.ThreadPoolExecutor.runWorker(ThreadPoolExecutor.java:1144)
	at java.base/java.util.concurrent.ThreadPoolExecutor$Worker.run(ThreadPoolExecutor.java:642)
	at java.base/java.lang.Thread.run(Thread.java:1583)
:2025-08-12 11:23:01.217 ERROR com.alibaba.nacos.client.Worker.0 c.a.c.n.c.NacosConfigDataLoader: Error getting properties from nacos: NacosConfigDataResource{properties=NacosConfigProperties{serverAddr='192.168.0.201:8848', encode='null', group='DEFAULT_GROUP', prefix='null', fileExtension='properties', timeout=3000, maxRetry='null', configLongPollTimeout='null', configRetryTime='null', enableRemoteSyncConfig=false, endpoint='null', namespace='5d42b64c-af69-4a94-8189-c7e890784c35', accessKey='null', secretKey='null', ramRoleName='null', contextPath='null', clusterName='null', name='null'', shares=null, extensions=null, refreshEnabled=true}, optional=false, profiles=[Profiles@74a14542 active = '[]', default = '[default]', accepted = '[default]'], config=NacosItemConfig{group='DEFAULT_GROUP', dataId='application-dev.yml', suffix='yml', refreshEnabled=true, preference=null}}
org.yaml.snakeyaml.constructor.DuplicateKeyException: while constructing a mapping
 in 'reader', line 2, column 1:
    jasypt:
    ^
found duplicate key spring
 in 'reader', line 73, column 1:
    spring:
    ^

	at org.yaml.snakeyaml.constructor.SafeConstructor.processDuplicateKeys(SafeConstructor.java:126)
	at org.yaml.snakeyaml.constructor.SafeConstructor.flattenMapping(SafeConstructor.java:78)
	at org.yaml.snakeyaml.constructor.SafeConstructor.flattenMapping(SafeConstructor.java:73)
	at org.yaml.snakeyaml.constructor.SafeConstructor.constructMapping2ndStep(SafeConstructor.java:209)
	at org.yaml.snakeyaml.constructor.BaseConstructor.constructMapping(BaseConstructor.java:552)
	at org.yaml.snakeyaml.constructor.SafeConstructor$ConstructYamlMap.construct(SafeConstructor.java:597)
	at org.yaml.snakeyaml.constructor.BaseConstructor.constructObjectNoCheck(BaseConstructor.java:264)
	at org.yaml.snakeyaml.constructor.BaseConstructor.constructObject(BaseConstructor.java:247)
	at org.springframework.boot.env.OriginTrackedYamlLoader$OriginTrackingConstructor.constructObject(OriginTrackedYamlLoader.java:119)
	at org.yaml.snakeyaml.constructor.BaseConstructor.constructDocument(BaseConstructor.java:201)
	at org.yaml.snakeyaml.constructor.BaseConstructor.getData(BaseConstructor.java:166)
	at org.springframework.boot.env.OriginTrackedYamlLoader$OriginTrackingConstructor.getData(OriginTrackedYamlLoader.java:99)
	at org.yaml.snakeyaml.Yaml$1.next(Yaml.java:529)
	at org.springframework.beans.factory.config.YamlProcessor.process(YamlProcessor.java:203)
	at org.springframework.beans.factory.config.YamlProcessor.process(YamlProcessor.java:169)
	at org.springframework.boot.env.OriginTrackedYamlLoader.load(OriginTrackedYamlLoader.java:84)
	at org.springframework.boot.env.YamlPropertySourceLoader.load(YamlPropertySourceLoader.java:50)
	at com.alibaba.cloud.nacos.parser.NacosDataParserHandler.parseNacosData(NacosDataParserHandler.java:92)
	at com.alibaba.cloud.nacos.configdata.NacosConfigDataLoader.pullConfig(NacosConfigDataLoader.java:146)
	at com.alibaba.cloud.nacos.configdata.NacosConfigDataLoader.doLoad(NacosConfigDataLoader.java:80)
	at com.alibaba.cloud.nacos.configdata.NacosConfigDataLoader.load(NacosConfigDataLoader.java:67)
	at com.alibaba.cloud.nacos.configdata.NacosConfigDataLoader.load(NacosConfigDataLoader.java:56)
	at org.springframework.boot.context.config.ConfigDataLoaders.load(ConfigDataLoaders.java:96)
	at org.springframework.boot.context.config.ConfigDataImporter.load(ConfigDataImporter.java:132)
	at org.springframework.boot.context.config.ConfigDataImporter.resolveAndLoad(ConfigDataImporter.java:87)
	at org.springframework.boot.context.config.ConfigDataEnvironmentContributors.withProcessedImports(ConfigDataEnvironmentContributors.java:121)
	at org.springframework.boot.context.config.ConfigDataEnvironment.processWithProfiles(ConfigDataEnvironment.java:316)
	at org.springframework.boot.context.config.ConfigDataEnvironment.processAndApply(ConfigDataEnvironment.java:237)
	at org.springframework.boot.context.config.ConfigDataEnvironmentPostProcessor.postProcessEnvironment(ConfigDataEnvironmentPostProcessor.java:96)
	at org.springframework.boot.context.config.ConfigDataEnvironmentPostProcessor.postProcessEnvironment(ConfigDataEnvironmentPostProcessor.java:89)
	at org.springframework.cloud.context.refresh.ConfigDataContextRefresher.updateEnvironment(ConfigDataContextRefresher.java:92)
	at org.springframework.cloud.context.refresh.ContextRefresher.refreshEnvironment(ContextRefresher.java:100)
	at org.springframework.cloud.context.refresh.ContextRefresher.refresh(ContextRefresher.java:93)
	at org.springframework.cloud.endpoint.event.RefreshEventListener.handle(RefreshEventListener.java:72)
	at org.springframework.cloud.endpoint.event.RefreshEventListener.onApplicationEvent(RefreshEventListener.java:61)
	at org.springframework.context.event.SimpleApplicationEventMulticaster.doInvokeListener(SimpleApplicationEventMulticaster.java:185)
	at org.springframework.context.event.SimpleApplicationEventMulticaster.invokeListener(SimpleApplicationEventMulticaster.java:178)
	at org.springframework.context.event.SimpleApplicationEventMulticaster.multicastEvent(SimpleApplicationEventMulticaster.java:156)
	at org.springframework.context.support.AbstractApplicationContext.publishEvent(AbstractApplicationContext.java:454)
	at org.springframework.context.support.AbstractApplicationContext.publishEvent(AbstractApplicationContext.java:387)
	at com.alibaba.cloud.nacos.configdata.NacosConfigRefreshEventListener.onApplicationEvent(NacosConfigRefreshEventListener.java:52)
	at org.springframework.context.event.SimpleApplicationEventMulticaster.doInvokeListener(SimpleApplicationEventMulticaster.java:185)
	at org.springframework.context.event.SimpleApplicationEventMulticaster.invokeListener(SimpleApplicationEventMulticaster.java:178)
	at org.springframework.context.event.SimpleApplicationEventMulticaster.multicastEvent(SimpleApplicationEventMulticaster.java:156)
	at org.springframework.context.support.AbstractApplicationContext.publishEvent(AbstractApplicationContext.java:454)
	at org.springframework.context.support.AbstractApplicationContext.publishEvent(AbstractApplicationContext.java:387)
	at com.alibaba.cloud.nacos.refresh.NacosContextRefresher$1.innerReceive(NacosContextRefresher.java:131)
	at com.alibaba.nacos.api.config.listener.AbstractSharedListener.receiveConfigInfo(AbstractSharedListener.java:40)
	at com.alibaba.nacos.client.config.impl.CacheData$1.run(CacheData.java:440)
	at com.alibaba.nacos.client.config.impl.CacheData.safeNotifyListener(CacheData.java:483)
	at com.alibaba.nacos.client.config.impl.CacheData.checkListenerMd5(CacheData.java:324)
	at com.alibaba.nacos.client.config.impl.ClientWorker$ConfigRpcTransportClient.executeConfigListen(ClientWorker.java:819)
	at com.alibaba.nacos.client.config.impl.ClientWorker$ConfigRpcTransportClient.lambda$startInternal$2(ClientWorker.java:779)
	at java.base/java.util.concurrent.Executors$RunnableAdapter.call(Executors.java:572)
	at java.base/java.util.concurrent.FutureTask.run$$$capture(FutureTask.java:317)
	at java.base/java.util.concurrent.FutureTask.run(FutureTask.java)
	at java.base/java.util.concurrent.ScheduledThreadPoolExecutor$ScheduledFutureTask.run(ScheduledThreadPoolExecutor.java:304)
	at java.base/java.util.concurrent.ThreadPoolExecutor.runWorker(ThreadPoolExecutor.java:1144)
	at java.base/java.util.concurrent.ThreadPoolExecutor$Worker.run(ThreadPoolExecutor.java:642)
	at java.base/java.lang.Thread.run(Thread.java:1583)
:2025-08-12 11:23:06.251 ERROR com.alibaba.nacos.client.Worker.0 c.a.c.n.c.NacosConfigDataLoader: Error getting properties from nacos: NacosConfigDataResource{properties=NacosConfigProperties{serverAddr='192.168.0.201:8848', encode='null', group='DEFAULT_GROUP', prefix='null', fileExtension='properties', timeout=3000, maxRetry='null', configLongPollTimeout='null', configRetryTime='null', enableRemoteSyncConfig=false, endpoint='null', namespace='5d42b64c-af69-4a94-8189-c7e890784c35', accessKey='null', secretKey='null', ramRoleName='null', contextPath='null', clusterName='null', name='null'', shares=null, extensions=null, refreshEnabled=true}, optional=false, profiles=[Profiles@7f5ad148 active = '[]', default = '[default]', accepted = '[default]'], config=NacosItemConfig{group='DEFAULT_GROUP', dataId='application-dev.yml', suffix='yml', refreshEnabled=true, preference=null}}
org.yaml.snakeyaml.constructor.DuplicateKeyException: while constructing a mapping
 in 'reader', line 2, column 1:
    jasypt:
    ^
found duplicate key spring
 in 'reader', line 73, column 1:
    spring:
    ^

	at org.yaml.snakeyaml.constructor.SafeConstructor.processDuplicateKeys(SafeConstructor.java:126)
	at org.yaml.snakeyaml.constructor.SafeConstructor.flattenMapping(SafeConstructor.java:78)
	at org.yaml.snakeyaml.constructor.SafeConstructor.flattenMapping(SafeConstructor.java:73)
	at org.yaml.snakeyaml.constructor.SafeConstructor.constructMapping2ndStep(SafeConstructor.java:209)
	at org.yaml.snakeyaml.constructor.BaseConstructor.constructMapping(BaseConstructor.java:552)
	at org.yaml.snakeyaml.constructor.SafeConstructor$ConstructYamlMap.construct(SafeConstructor.java:597)
	at org.yaml.snakeyaml.constructor.BaseConstructor.constructObjectNoCheck(BaseConstructor.java:264)
	at org.yaml.snakeyaml.constructor.BaseConstructor.constructObject(BaseConstructor.java:247)
	at org.springframework.boot.env.OriginTrackedYamlLoader$OriginTrackingConstructor.constructObject(OriginTrackedYamlLoader.java:119)
	at org.yaml.snakeyaml.constructor.BaseConstructor.constructDocument(BaseConstructor.java:201)
	at org.yaml.snakeyaml.constructor.BaseConstructor.getData(BaseConstructor.java:166)
	at org.springframework.boot.env.OriginTrackedYamlLoader$OriginTrackingConstructor.getData(OriginTrackedYamlLoader.java:99)
	at org.yaml.snakeyaml.Yaml$1.next(Yaml.java:529)
	at org.springframework.beans.factory.config.YamlProcessor.process(YamlProcessor.java:203)
	at org.springframework.beans.factory.config.YamlProcessor.process(YamlProcessor.java:169)
	at org.springframework.boot.env.OriginTrackedYamlLoader.load(OriginTrackedYamlLoader.java:84)
	at org.springframework.boot.env.YamlPropertySourceLoader.load(YamlPropertySourceLoader.java:50)
	at com.alibaba.cloud.nacos.parser.NacosDataParserHandler.parseNacosData(NacosDataParserHandler.java:92)
	at com.alibaba.cloud.nacos.configdata.NacosConfigDataLoader.pullConfig(NacosConfigDataLoader.java:146)
	at com.alibaba.cloud.nacos.configdata.NacosConfigDataLoader.doLoad(NacosConfigDataLoader.java:80)
	at com.alibaba.cloud.nacos.configdata.NacosConfigDataLoader.load(NacosConfigDataLoader.java:67)
	at com.alibaba.cloud.nacos.configdata.NacosConfigDataLoader.load(NacosConfigDataLoader.java:56)
	at org.springframework.boot.context.config.ConfigDataLoaders.load(ConfigDataLoaders.java:96)
	at org.springframework.boot.context.config.ConfigDataImporter.load(ConfigDataImporter.java:132)
	at org.springframework.boot.context.config.ConfigDataImporter.resolveAndLoad(ConfigDataImporter.java:87)
	at org.springframework.boot.context.config.ConfigDataEnvironmentContributors.withProcessedImports(ConfigDataEnvironmentContributors.java:121)
	at org.springframework.boot.context.config.ConfigDataEnvironment.processWithProfiles(ConfigDataEnvironment.java:316)
	at org.springframework.boot.context.config.ConfigDataEnvironment.processAndApply(ConfigDataEnvironment.java:237)
	at org.springframework.boot.context.config.ConfigDataEnvironmentPostProcessor.postProcessEnvironment(ConfigDataEnvironmentPostProcessor.java:96)
	at org.springframework.boot.context.config.ConfigDataEnvironmentPostProcessor.postProcessEnvironment(ConfigDataEnvironmentPostProcessor.java:89)
	at org.springframework.cloud.context.refresh.ConfigDataContextRefresher.updateEnvironment(ConfigDataContextRefresher.java:92)
	at org.springframework.cloud.context.refresh.ContextRefresher.refreshEnvironment(ContextRefresher.java:100)
	at org.springframework.cloud.context.refresh.ContextRefresher.refresh(ContextRefresher.java:93)
	at org.springframework.cloud.endpoint.event.RefreshEventListener.handle(RefreshEventListener.java:72)
	at org.springframework.cloud.endpoint.event.RefreshEventListener.onApplicationEvent(RefreshEventListener.java:61)
	at org.springframework.context.event.SimpleApplicationEventMulticaster.doInvokeListener(SimpleApplicationEventMulticaster.java:185)
	at org.springframework.context.event.SimpleApplicationEventMulticaster.invokeListener(SimpleApplicationEventMulticaster.java:178)
	at org.springframework.context.event.SimpleApplicationEventMulticaster.multicastEvent(SimpleApplicationEventMulticaster.java:156)
	at org.springframework.context.support.AbstractApplicationContext.publishEvent(AbstractApplicationContext.java:454)
	at org.springframework.context.support.AbstractApplicationContext.publishEvent(AbstractApplicationContext.java:387)
	at com.alibaba.cloud.nacos.configdata.NacosConfigRefreshEventListener.onApplicationEvent(NacosConfigRefreshEventListener.java:52)
	at org.springframework.context.event.SimpleApplicationEventMulticaster.doInvokeListener(SimpleApplicationEventMulticaster.java:185)
	at org.springframework.context.event.SimpleApplicationEventMulticaster.invokeListener(SimpleApplicationEventMulticaster.java:178)
	at org.springframework.context.event.SimpleApplicationEventMulticaster.multicastEvent(SimpleApplicationEventMulticaster.java:156)
	at org.springframework.context.support.AbstractApplicationContext.publishEvent(AbstractApplicationContext.java:454)
	at org.springframework.context.support.AbstractApplicationContext.publishEvent(AbstractApplicationContext.java:387)
	at com.alibaba.cloud.nacos.refresh.NacosContextRefresher$1.innerReceive(NacosContextRefresher.java:131)
	at com.alibaba.nacos.api.config.listener.AbstractSharedListener.receiveConfigInfo(AbstractSharedListener.java:40)
	at com.alibaba.nacos.client.config.impl.CacheData$1.run(CacheData.java:440)
	at com.alibaba.nacos.client.config.impl.CacheData.safeNotifyListener(CacheData.java:483)
	at com.alibaba.nacos.client.config.impl.CacheData.checkListenerMd5(CacheData.java:324)
	at com.alibaba.nacos.client.config.impl.ClientWorker$ConfigRpcTransportClient.executeConfigListen(ClientWorker.java:819)
	at com.alibaba.nacos.client.config.impl.ClientWorker$ConfigRpcTransportClient.lambda$startInternal$2(ClientWorker.java:779)
	at java.base/java.util.concurrent.Executors$RunnableAdapter.call(Executors.java:572)
	at java.base/java.util.concurrent.FutureTask.run$$$capture(FutureTask.java:317)
	at java.base/java.util.concurrent.FutureTask.run(FutureTask.java)
	at java.base/java.util.concurrent.ScheduledThreadPoolExecutor$ScheduledFutureTask.run(ScheduledThreadPoolExecutor.java:304)
	at java.base/java.util.concurrent.ThreadPoolExecutor.runWorker(ThreadPoolExecutor.java:1144)
	at java.base/java.util.concurrent.ThreadPoolExecutor$Worker.run(ThreadPoolExecutor.java:642)
	at java.base/java.lang.Thread.run(Thread.java:1583)
:2025-08-12 11:23:11.282 ERROR com.alibaba.nacos.client.Worker.0 c.a.c.n.c.NacosConfigDataLoader: Error getting properties from nacos: NacosConfigDataResource{properties=NacosConfigProperties{serverAddr='192.168.0.201:8848', encode='null', group='DEFAULT_GROUP', prefix='null', fileExtension='properties', timeout=3000, maxRetry='null', configLongPollTimeout='null', configRetryTime='null', enableRemoteSyncConfig=false, endpoint='null', namespace='5d42b64c-af69-4a94-8189-c7e890784c35', accessKey='null', secretKey='null', ramRoleName='null', contextPath='null', clusterName='null', name='null'', shares=null, extensions=null, refreshEnabled=true}, optional=false, profiles=[Profiles@2a7729f5 active = '[]', default = '[default]', accepted = '[default]'], config=NacosItemConfig{group='DEFAULT_GROUP', dataId='application-dev.yml', suffix='yml', refreshEnabled=true, preference=null}}
org.yaml.snakeyaml.constructor.DuplicateKeyException: while constructing a mapping
 in 'reader', line 2, column 1:
    jasypt:
    ^
found duplicate key spring
 in 'reader', line 73, column 1:
    spring:
    ^

	at org.yaml.snakeyaml.constructor.SafeConstructor.processDuplicateKeys(SafeConstructor.java:126)
	at org.yaml.snakeyaml.constructor.SafeConstructor.flattenMapping(SafeConstructor.java:78)
	at org.yaml.snakeyaml.constructor.SafeConstructor.flattenMapping(SafeConstructor.java:73)
	at org.yaml.snakeyaml.constructor.SafeConstructor.constructMapping2ndStep(SafeConstructor.java:209)
	at org.yaml.snakeyaml.constructor.BaseConstructor.constructMapping(BaseConstructor.java:552)
	at org.yaml.snakeyaml.constructor.SafeConstructor$ConstructYamlMap.construct(SafeConstructor.java:597)
	at org.yaml.snakeyaml.constructor.BaseConstructor.constructObjectNoCheck(BaseConstructor.java:264)
	at org.yaml.snakeyaml.constructor.BaseConstructor.constructObject(BaseConstructor.java:247)
	at org.springframework.boot.env.OriginTrackedYamlLoader$OriginTrackingConstructor.constructObject(OriginTrackedYamlLoader.java:119)
	at org.yaml.snakeyaml.constructor.BaseConstructor.constructDocument(BaseConstructor.java:201)
	at org.yaml.snakeyaml.constructor.BaseConstructor.getData(BaseConstructor.java:166)
	at org.springframework.boot.env.OriginTrackedYamlLoader$OriginTrackingConstructor.getData(OriginTrackedYamlLoader.java:99)
	at org.yaml.snakeyaml.Yaml$1.next(Yaml.java:529)
	at org.springframework.beans.factory.config.YamlProcessor.process(YamlProcessor.java:203)
	at org.springframework.beans.factory.config.YamlProcessor.process(YamlProcessor.java:169)
	at org.springframework.boot.env.OriginTrackedYamlLoader.load(OriginTrackedYamlLoader.java:84)
	at org.springframework.boot.env.YamlPropertySourceLoader.load(YamlPropertySourceLoader.java:50)
	at com.alibaba.cloud.nacos.parser.NacosDataParserHandler.parseNacosData(NacosDataParserHandler.java:92)
	at com.alibaba.cloud.nacos.configdata.NacosConfigDataLoader.pullConfig(NacosConfigDataLoader.java:146)
	at com.alibaba.cloud.nacos.configdata.NacosConfigDataLoader.doLoad(NacosConfigDataLoader.java:80)
	at com.alibaba.cloud.nacos.configdata.NacosConfigDataLoader.load(NacosConfigDataLoader.java:67)
	at com.alibaba.cloud.nacos.configdata.NacosConfigDataLoader.load(NacosConfigDataLoader.java:56)
	at org.springframework.boot.context.config.ConfigDataLoaders.load(ConfigDataLoaders.java:96)
	at org.springframework.boot.context.config.ConfigDataImporter.load(ConfigDataImporter.java:132)
	at org.springframework.boot.context.config.ConfigDataImporter.resolveAndLoad(ConfigDataImporter.java:87)
	at org.springframework.boot.context.config.ConfigDataEnvironmentContributors.withProcessedImports(ConfigDataEnvironmentContributors.java:121)
	at org.springframework.boot.context.config.ConfigDataEnvironment.processWithProfiles(ConfigDataEnvironment.java:316)
	at org.springframework.boot.context.config.ConfigDataEnvironment.processAndApply(ConfigDataEnvironment.java:237)
	at org.springframework.boot.context.config.ConfigDataEnvironmentPostProcessor.postProcessEnvironment(ConfigDataEnvironmentPostProcessor.java:96)
	at org.springframework.boot.context.config.ConfigDataEnvironmentPostProcessor.postProcessEnvironment(ConfigDataEnvironmentPostProcessor.java:89)
	at org.springframework.cloud.context.refresh.ConfigDataContextRefresher.updateEnvironment(ConfigDataContextRefresher.java:92)
	at org.springframework.cloud.context.refresh.ContextRefresher.refreshEnvironment(ContextRefresher.java:100)
	at org.springframework.cloud.context.refresh.ContextRefresher.refresh(ContextRefresher.java:93)
	at org.springframework.cloud.endpoint.event.RefreshEventListener.handle(RefreshEventListener.java:72)
	at org.springframework.cloud.endpoint.event.RefreshEventListener.onApplicationEvent(RefreshEventListener.java:61)
	at org.springframework.context.event.SimpleApplicationEventMulticaster.doInvokeListener(SimpleApplicationEventMulticaster.java:185)
	at org.springframework.context.event.SimpleApplicationEventMulticaster.invokeListener(SimpleApplicationEventMulticaster.java:178)
	at org.springframework.context.event.SimpleApplicationEventMulticaster.multicastEvent(SimpleApplicationEventMulticaster.java:156)
	at org.springframework.context.support.AbstractApplicationContext.publishEvent(AbstractApplicationContext.java:454)
	at org.springframework.context.support.AbstractApplicationContext.publishEvent(AbstractApplicationContext.java:387)
	at com.alibaba.cloud.nacos.configdata.NacosConfigRefreshEventListener.onApplicationEvent(NacosConfigRefreshEventListener.java:52)
	at org.springframework.context.event.SimpleApplicationEventMulticaster.doInvokeListener(SimpleApplicationEventMulticaster.java:185)
	at org.springframework.context.event.SimpleApplicationEventMulticaster.invokeListener(SimpleApplicationEventMulticaster.java:178)
	at org.springframework.context.event.SimpleApplicationEventMulticaster.multicastEvent(SimpleApplicationEventMulticaster.java:156)
	at org.springframework.context.support.AbstractApplicationContext.publishEvent(AbstractApplicationContext.java:454)
	at org.springframework.context.support.AbstractApplicationContext.publishEvent(AbstractApplicationContext.java:387)
	at com.alibaba.cloud.nacos.refresh.NacosContextRefresher$1.innerReceive(NacosContextRefresher.java:131)
	at com.alibaba.nacos.api.config.listener.AbstractSharedListener.receiveConfigInfo(AbstractSharedListener.java:40)
	at com.alibaba.nacos.client.config.impl.CacheData$1.run(CacheData.java:440)
	at com.alibaba.nacos.client.config.impl.CacheData.safeNotifyListener(CacheData.java:483)
	at com.alibaba.nacos.client.config.impl.CacheData.checkListenerMd5(CacheData.java:324)
	at com.alibaba.nacos.client.config.impl.ClientWorker$ConfigRpcTransportClient.executeConfigListen(ClientWorker.java:819)
	at com.alibaba.nacos.client.config.impl.ClientWorker$ConfigRpcTransportClient.lambda$startInternal$2(ClientWorker.java:779)
	at java.base/java.util.concurrent.Executors$RunnableAdapter.call(Executors.java:572)
	at java.base/java.util.concurrent.FutureTask.run$$$capture(FutureTask.java:317)
	at java.base/java.util.concurrent.FutureTask.run(FutureTask.java)
	at java.base/java.util.concurrent.ScheduledThreadPoolExecutor$ScheduledFutureTask.run(ScheduledThreadPoolExecutor.java:304)
	at java.base/java.util.concurrent.ThreadPoolExecutor.runWorker(ThreadPoolExecutor.java:1144)
	at java.base/java.util.concurrent.ThreadPoolExecutor$Worker.run(ThreadPoolExecutor.java:642)
	at java.base/java.lang.Thread.run(Thread.java:1583)
:2025-08-12 11:23:16.313 ERROR com.alibaba.nacos.client.Worker.0 c.a.c.n.c.NacosConfigDataLoader: Error getting properties from nacos: NacosConfigDataResource{properties=NacosConfigProperties{serverAddr='192.168.0.201:8848', encode='null', group='DEFAULT_GROUP', prefix='null', fileExtension='properties', timeout=3000, maxRetry='null', configLongPollTimeout='null', configRetryTime='null', enableRemoteSyncConfig=false, endpoint='null', namespace='5d42b64c-af69-4a94-8189-c7e890784c35', accessKey='null', secretKey='null', ramRoleName='null', contextPath='null', clusterName='null', name='null'', shares=null, extensions=null, refreshEnabled=true}, optional=false, profiles=[Profiles@44bffe5c active = '[]', default = '[default]', accepted = '[default]'], config=NacosItemConfig{group='DEFAULT_GROUP', dataId='application-dev.yml', suffix='yml', refreshEnabled=true, preference=null}}
org.yaml.snakeyaml.constructor.DuplicateKeyException: while constructing a mapping
 in 'reader', line 2, column 1:
    jasypt:
    ^
found duplicate key spring
 in 'reader', line 73, column 1:
    spring:
    ^

	at org.yaml.snakeyaml.constructor.SafeConstructor.processDuplicateKeys(SafeConstructor.java:126)
	at org.yaml.snakeyaml.constructor.SafeConstructor.flattenMapping(SafeConstructor.java:78)
	at org.yaml.snakeyaml.constructor.SafeConstructor.flattenMapping(SafeConstructor.java:73)
	at org.yaml.snakeyaml.constructor.SafeConstructor.constructMapping2ndStep(SafeConstructor.java:209)
	at org.yaml.snakeyaml.constructor.BaseConstructor.constructMapping(BaseConstructor.java:552)
	at org.yaml.snakeyaml.constructor.SafeConstructor$ConstructYamlMap.construct(SafeConstructor.java:597)
	at org.yaml.snakeyaml.constructor.BaseConstructor.constructObjectNoCheck(BaseConstructor.java:264)
	at org.yaml.snakeyaml.constructor.BaseConstructor.constructObject(BaseConstructor.java:247)
	at org.springframework.boot.env.OriginTrackedYamlLoader$OriginTrackingConstructor.constructObject(OriginTrackedYamlLoader.java:119)
	at org.yaml.snakeyaml.constructor.BaseConstructor.constructDocument(BaseConstructor.java:201)
	at org.yaml.snakeyaml.constructor.BaseConstructor.getData(BaseConstructor.java:166)
	at org.springframework.boot.env.OriginTrackedYamlLoader$OriginTrackingConstructor.getData(OriginTrackedYamlLoader.java:99)
	at org.yaml.snakeyaml.Yaml$1.next(Yaml.java:529)
	at org.springframework.beans.factory.config.YamlProcessor.process(YamlProcessor.java:203)
	at org.springframework.beans.factory.config.YamlProcessor.process(YamlProcessor.java:169)
	at org.springframework.boot.env.OriginTrackedYamlLoader.load(OriginTrackedYamlLoader.java:84)
	at org.springframework.boot.env.YamlPropertySourceLoader.load(YamlPropertySourceLoader.java:50)
	at com.alibaba.cloud.nacos.parser.NacosDataParserHandler.parseNacosData(NacosDataParserHandler.java:92)
	at com.alibaba.cloud.nacos.configdata.NacosConfigDataLoader.pullConfig(NacosConfigDataLoader.java:146)
	at com.alibaba.cloud.nacos.configdata.NacosConfigDataLoader.doLoad(NacosConfigDataLoader.java:80)
	at com.alibaba.cloud.nacos.configdata.NacosConfigDataLoader.load(NacosConfigDataLoader.java:67)
	at com.alibaba.cloud.nacos.configdata.NacosConfigDataLoader.load(NacosConfigDataLoader.java:56)
	at org.springframework.boot.context.config.ConfigDataLoaders.load(ConfigDataLoaders.java:96)
	at org.springframework.boot.context.config.ConfigDataImporter.load(ConfigDataImporter.java:132)
	at org.springframework.boot.context.config.ConfigDataImporter.resolveAndLoad(ConfigDataImporter.java:87)
	at org.springframework.boot.context.config.ConfigDataEnvironmentContributors.withProcessedImports(ConfigDataEnvironmentContributors.java:121)
	at org.springframework.boot.context.config.ConfigDataEnvironment.processWithProfiles(ConfigDataEnvironment.java:316)
	at org.springframework.boot.context.config.ConfigDataEnvironment.processAndApply(ConfigDataEnvironment.java:237)
	at org.springframework.boot.context.config.ConfigDataEnvironmentPostProcessor.postProcessEnvironment(ConfigDataEnvironmentPostProcessor.java:96)
	at org.springframework.boot.context.config.ConfigDataEnvironmentPostProcessor.postProcessEnvironment(ConfigDataEnvironmentPostProcessor.java:89)
	at org.springframework.cloud.context.refresh.ConfigDataContextRefresher.updateEnvironment(ConfigDataContextRefresher.java:92)
	at org.springframework.cloud.context.refresh.ContextRefresher.refreshEnvironment(ContextRefresher.java:100)
	at org.springframework.cloud.context.refresh.ContextRefresher.refresh(ContextRefresher.java:93)
	at org.springframework.cloud.endpoint.event.RefreshEventListener.handle(RefreshEventListener.java:72)
	at org.springframework.cloud.endpoint.event.RefreshEventListener.onApplicationEvent(RefreshEventListener.java:61)
	at org.springframework.context.event.SimpleApplicationEventMulticaster.doInvokeListener(SimpleApplicationEventMulticaster.java:185)
	at org.springframework.context.event.SimpleApplicationEventMulticaster.invokeListener(SimpleApplicationEventMulticaster.java:178)
	at org.springframework.context.event.SimpleApplicationEventMulticaster.multicastEvent(SimpleApplicationEventMulticaster.java:156)
	at org.springframework.context.support.AbstractApplicationContext.publishEvent(AbstractApplicationContext.java:454)
	at org.springframework.context.support.AbstractApplicationContext.publishEvent(AbstractApplicationContext.java:387)
	at com.alibaba.cloud.nacos.configdata.NacosConfigRefreshEventListener.onApplicationEvent(NacosConfigRefreshEventListener.java:52)
	at org.springframework.context.event.SimpleApplicationEventMulticaster.doInvokeListener(SimpleApplicationEventMulticaster.java:185)
	at org.springframework.context.event.SimpleApplicationEventMulticaster.invokeListener(SimpleApplicationEventMulticaster.java:178)
	at org.springframework.context.event.SimpleApplicationEventMulticaster.multicastEvent(SimpleApplicationEventMulticaster.java:156)
	at org.springframework.context.support.AbstractApplicationContext.publishEvent(AbstractApplicationContext.java:454)
	at org.springframework.context.support.AbstractApplicationContext.publishEvent(AbstractApplicationContext.java:387)
	at com.alibaba.cloud.nacos.refresh.NacosContextRefresher$1.innerReceive(NacosContextRefresher.java:131)
	at com.alibaba.nacos.api.config.listener.AbstractSharedListener.receiveConfigInfo(AbstractSharedListener.java:40)
	at com.alibaba.nacos.client.config.impl.CacheData$1.run(CacheData.java:440)
	at com.alibaba.nacos.client.config.impl.CacheData.safeNotifyListener(CacheData.java:483)
	at com.alibaba.nacos.client.config.impl.CacheData.checkListenerMd5(CacheData.java:324)
	at com.alibaba.nacos.client.config.impl.ClientWorker$ConfigRpcTransportClient.executeConfigListen(ClientWorker.java:819)
	at com.alibaba.nacos.client.config.impl.ClientWorker$ConfigRpcTransportClient.lambda$startInternal$2(ClientWorker.java:779)
	at java.base/java.util.concurrent.Executors$RunnableAdapter.call(Executors.java:572)
	at java.base/java.util.concurrent.FutureTask.run$$$capture(FutureTask.java:317)
	at java.base/java.util.concurrent.FutureTask.run(FutureTask.java)
	at java.base/java.util.concurrent.ScheduledThreadPoolExecutor$ScheduledFutureTask.run(ScheduledThreadPoolExecutor.java:304)
	at java.base/java.util.concurrent.ThreadPoolExecutor.runWorker(ThreadPoolExecutor.java:1144)
	at java.base/java.util.concurrent.ThreadPoolExecutor$Worker.run(ThreadPoolExecutor.java:642)
	at java.base/java.lang.Thread.run(Thread.java:1583)
:2025-08-12 11:23:21.356 ERROR com.alibaba.nacos.client.Worker.0 c.a.c.n.c.NacosConfigDataLoader: Error getting properties from nacos: NacosConfigDataResource{properties=NacosConfigProperties{serverAddr='192.168.0.201:8848', encode='null', group='DEFAULT_GROUP', prefix='null', fileExtension='properties', timeout=3000, maxRetry='null', configLongPollTimeout='null', configRetryTime='null', enableRemoteSyncConfig=false, endpoint='null', namespace='5d42b64c-af69-4a94-8189-c7e890784c35', accessKey='null', secretKey='null', ramRoleName='null', contextPath='null', clusterName='null', name='null'', shares=null, extensions=null, refreshEnabled=true}, optional=false, profiles=[Profiles@dabafb3 active = '[]', default = '[default]', accepted = '[default]'], config=NacosItemConfig{group='DEFAULT_GROUP', dataId='application-dev.yml', suffix='yml', refreshEnabled=true, preference=null}}
org.yaml.snakeyaml.constructor.DuplicateKeyException: while constructing a mapping
 in 'reader', line 2, column 1:
    jasypt:
    ^
found duplicate key spring
 in 'reader', line 73, column 1:
    spring:
    ^

	at org.yaml.snakeyaml.constructor.SafeConstructor.processDuplicateKeys(SafeConstructor.java:126)
	at org.yaml.snakeyaml.constructor.SafeConstructor.flattenMapping(SafeConstructor.java:78)
	at org.yaml.snakeyaml.constructor.SafeConstructor.flattenMapping(SafeConstructor.java:73)
	at org.yaml.snakeyaml.constructor.SafeConstructor.constructMapping2ndStep(SafeConstructor.java:209)
	at org.yaml.snakeyaml.constructor.BaseConstructor.constructMapping(BaseConstructor.java:552)
	at org.yaml.snakeyaml.constructor.SafeConstructor$ConstructYamlMap.construct(SafeConstructor.java:597)
	at org.yaml.snakeyaml.constructor.BaseConstructor.constructObjectNoCheck(BaseConstructor.java:264)
	at org.yaml.snakeyaml.constructor.BaseConstructor.constructObject(BaseConstructor.java:247)
	at org.springframework.boot.env.OriginTrackedYamlLoader$OriginTrackingConstructor.constructObject(OriginTrackedYamlLoader.java:119)
	at org.yaml.snakeyaml.constructor.BaseConstructor.constructDocument(BaseConstructor.java:201)
	at org.yaml.snakeyaml.constructor.BaseConstructor.getData(BaseConstructor.java:166)
	at org.springframework.boot.env.OriginTrackedYamlLoader$OriginTrackingConstructor.getData(OriginTrackedYamlLoader.java:99)
	at org.yaml.snakeyaml.Yaml$1.next(Yaml.java:529)
	at org.springframework.beans.factory.config.YamlProcessor.process(YamlProcessor.java:203)
	at org.springframework.beans.factory.config.YamlProcessor.process(YamlProcessor.java:169)
	at org.springframework.boot.env.OriginTrackedYamlLoader.load(OriginTrackedYamlLoader.java:84)
	at org.springframework.boot.env.YamlPropertySourceLoader.load(YamlPropertySourceLoader.java:50)
	at com.alibaba.cloud.nacos.parser.NacosDataParserHandler.parseNacosData(NacosDataParserHandler.java:92)
	at com.alibaba.cloud.nacos.configdata.NacosConfigDataLoader.pullConfig(NacosConfigDataLoader.java:146)
	at com.alibaba.cloud.nacos.configdata.NacosConfigDataLoader.doLoad(NacosConfigDataLoader.java:80)
	at com.alibaba.cloud.nacos.configdata.NacosConfigDataLoader.load(NacosConfigDataLoader.java:67)
	at com.alibaba.cloud.nacos.configdata.NacosConfigDataLoader.load(NacosConfigDataLoader.java:56)
	at org.springframework.boot.context.config.ConfigDataLoaders.load(ConfigDataLoaders.java:96)
	at org.springframework.boot.context.config.ConfigDataImporter.load(ConfigDataImporter.java:132)
	at org.springframework.boot.context.config.ConfigDataImporter.resolveAndLoad(ConfigDataImporter.java:87)
	at org.springframework.boot.context.config.ConfigDataEnvironmentContributors.withProcessedImports(ConfigDataEnvironmentContributors.java:121)
	at org.springframework.boot.context.config.ConfigDataEnvironment.processWithProfiles(ConfigDataEnvironment.java:316)
	at org.springframework.boot.context.config.ConfigDataEnvironment.processAndApply(ConfigDataEnvironment.java:237)
	at org.springframework.boot.context.config.ConfigDataEnvironmentPostProcessor.postProcessEnvironment(ConfigDataEnvironmentPostProcessor.java:96)
	at org.springframework.boot.context.config.ConfigDataEnvironmentPostProcessor.postProcessEnvironment(ConfigDataEnvironmentPostProcessor.java:89)
	at org.springframework.cloud.context.refresh.ConfigDataContextRefresher.updateEnvironment(ConfigDataContextRefresher.java:92)
	at org.springframework.cloud.context.refresh.ContextRefresher.refreshEnvironment(ContextRefresher.java:100)
	at org.springframework.cloud.context.refresh.ContextRefresher.refresh(ContextRefresher.java:93)
	at org.springframework.cloud.endpoint.event.RefreshEventListener.handle(RefreshEventListener.java:72)
	at org.springframework.cloud.endpoint.event.RefreshEventListener.onApplicationEvent(RefreshEventListener.java:61)
	at org.springframework.context.event.SimpleApplicationEventMulticaster.doInvokeListener(SimpleApplicationEventMulticaster.java:185)
	at org.springframework.context.event.SimpleApplicationEventMulticaster.invokeListener(SimpleApplicationEventMulticaster.java:178)
	at org.springframework.context.event.SimpleApplicationEventMulticaster.multicastEvent(SimpleApplicationEventMulticaster.java:156)
	at org.springframework.context.support.AbstractApplicationContext.publishEvent(AbstractApplicationContext.java:454)
	at org.springframework.context.support.AbstractApplicationContext.publishEvent(AbstractApplicationContext.java:387)
	at com.alibaba.cloud.nacos.configdata.NacosConfigRefreshEventListener.onApplicationEvent(NacosConfigRefreshEventListener.java:52)
	at org.springframework.context.event.SimpleApplicationEventMulticaster.doInvokeListener(SimpleApplicationEventMulticaster.java:185)
	at org.springframework.context.event.SimpleApplicationEventMulticaster.invokeListener(SimpleApplicationEventMulticaster.java:178)
	at org.springframework.context.event.SimpleApplicationEventMulticaster.multicastEvent(SimpleApplicationEventMulticaster.java:156)
	at org.springframework.context.support.AbstractApplicationContext.publishEvent(AbstractApplicationContext.java:454)
	at org.springframework.context.support.AbstractApplicationContext.publishEvent(AbstractApplicationContext.java:387)
	at com.alibaba.cloud.nacos.refresh.NacosContextRefresher$1.innerReceive(NacosContextRefresher.java:131)
	at com.alibaba.nacos.api.config.listener.AbstractSharedListener.receiveConfigInfo(AbstractSharedListener.java:40)
	at com.alibaba.nacos.client.config.impl.CacheData$1.run(CacheData.java:440)
	at com.alibaba.nacos.client.config.impl.CacheData.safeNotifyListener(CacheData.java:483)
	at com.alibaba.nacos.client.config.impl.CacheData.checkListenerMd5(CacheData.java:324)
	at com.alibaba.nacos.client.config.impl.ClientWorker$ConfigRpcTransportClient.executeConfigListen(ClientWorker.java:819)
	at com.alibaba.nacos.client.config.impl.ClientWorker$ConfigRpcTransportClient.lambda$startInternal$2(ClientWorker.java:779)
	at java.base/java.util.concurrent.Executors$RunnableAdapter.call(Executors.java:572)
	at java.base/java.util.concurrent.FutureTask.run$$$capture(FutureTask.java:317)
	at java.base/java.util.concurrent.FutureTask.run(FutureTask.java)
	at java.base/java.util.concurrent.ScheduledThreadPoolExecutor$ScheduledFutureTask.run(ScheduledThreadPoolExecutor.java:304)
	at java.base/java.util.concurrent.ThreadPoolExecutor.runWorker(ThreadPoolExecutor.java:1144)
	at java.base/java.util.concurrent.ThreadPoolExecutor$Worker.run(ThreadPoolExecutor.java:642)
	at java.base/java.lang.Thread.run(Thread.java:1583)
:2025-08-12 11:23:26.378 ERROR com.alibaba.nacos.client.Worker.0 c.a.c.n.c.NacosConfigDataLoader: Error getting properties from nacos: NacosConfigDataResource{properties=NacosConfigProperties{serverAddr='192.168.0.201:8848', encode='null', group='DEFAULT_GROUP', prefix='null', fileExtension='properties', timeout=3000, maxRetry='null', configLongPollTimeout='null', configRetryTime='null', enableRemoteSyncConfig=false, endpoint='null', namespace='5d42b64c-af69-4a94-8189-c7e890784c35', accessKey='null', secretKey='null', ramRoleName='null', contextPath='null', clusterName='null', name='null'', shares=null, extensions=null, refreshEnabled=true}, optional=false, profiles=[Profiles@7ca87bff active = '[]', default = '[default]', accepted = '[default]'], config=NacosItemConfig{group='DEFAULT_GROUP', dataId='application-dev.yml', suffix='yml', refreshEnabled=true, preference=null}}
org.yaml.snakeyaml.constructor.DuplicateKeyException: while constructing a mapping
 in 'reader', line 2, column 1:
    jasypt:
    ^
found duplicate key spring
 in 'reader', line 73, column 1:
    spring:
    ^

	at org.yaml.snakeyaml.constructor.SafeConstructor.processDuplicateKeys(SafeConstructor.java:126)
	at org.yaml.snakeyaml.constructor.SafeConstructor.flattenMapping(SafeConstructor.java:78)
	at org.yaml.snakeyaml.constructor.SafeConstructor.flattenMapping(SafeConstructor.java:73)
	at org.yaml.snakeyaml.constructor.SafeConstructor.constructMapping2ndStep(SafeConstructor.java:209)
	at org.yaml.snakeyaml.constructor.BaseConstructor.constructMapping(BaseConstructor.java:552)
	at org.yaml.snakeyaml.constructor.SafeConstructor$ConstructYamlMap.construct(SafeConstructor.java:597)
	at org.yaml.snakeyaml.constructor.BaseConstructor.constructObjectNoCheck(BaseConstructor.java:264)
	at org.yaml.snakeyaml.constructor.BaseConstructor.constructObject(BaseConstructor.java:247)
	at org.springframework.boot.env.OriginTrackedYamlLoader$OriginTrackingConstructor.constructObject(OriginTrackedYamlLoader.java:119)
	at org.yaml.snakeyaml.constructor.BaseConstructor.constructDocument(BaseConstructor.java:201)
	at org.yaml.snakeyaml.constructor.BaseConstructor.getData(BaseConstructor.java:166)
	at org.springframework.boot.env.OriginTrackedYamlLoader$OriginTrackingConstructor.getData(OriginTrackedYamlLoader.java:99)
	at org.yaml.snakeyaml.Yaml$1.next(Yaml.java:529)
	at org.springframework.beans.factory.config.YamlProcessor.process(YamlProcessor.java:203)
	at org.springframework.beans.factory.config.YamlProcessor.process(YamlProcessor.java:169)
	at org.springframework.boot.env.OriginTrackedYamlLoader.load(OriginTrackedYamlLoader.java:84)
	at org.springframework.boot.env.YamlPropertySourceLoader.load(YamlPropertySourceLoader.java:50)
	at com.alibaba.cloud.nacos.parser.NacosDataParserHandler.parseNacosData(NacosDataParserHandler.java:92)
	at com.alibaba.cloud.nacos.configdata.NacosConfigDataLoader.pullConfig(NacosConfigDataLoader.java:146)
	at com.alibaba.cloud.nacos.configdata.NacosConfigDataLoader.doLoad(NacosConfigDataLoader.java:80)
	at com.alibaba.cloud.nacos.configdata.NacosConfigDataLoader.load(NacosConfigDataLoader.java:67)
	at com.alibaba.cloud.nacos.configdata.NacosConfigDataLoader.load(NacosConfigDataLoader.java:56)
	at org.springframework.boot.context.config.ConfigDataLoaders.load(ConfigDataLoaders.java:96)
	at org.springframework.boot.context.config.ConfigDataImporter.load(ConfigDataImporter.java:132)
	at org.springframework.boot.context.config.ConfigDataImporter.resolveAndLoad(ConfigDataImporter.java:87)
	at org.springframework.boot.context.config.ConfigDataEnvironmentContributors.withProcessedImports(ConfigDataEnvironmentContributors.java:121)
	at org.springframework.boot.context.config.ConfigDataEnvironment.processWithProfiles(ConfigDataEnvironment.java:316)
	at org.springframework.boot.context.config.ConfigDataEnvironment.processAndApply(ConfigDataEnvironment.java:237)
	at org.springframework.boot.context.config.ConfigDataEnvironmentPostProcessor.postProcessEnvironment(ConfigDataEnvironmentPostProcessor.java:96)
	at org.springframework.boot.context.config.ConfigDataEnvironmentPostProcessor.postProcessEnvironment(ConfigDataEnvironmentPostProcessor.java:89)
	at org.springframework.cloud.context.refresh.ConfigDataContextRefresher.updateEnvironment(ConfigDataContextRefresher.java:92)
	at org.springframework.cloud.context.refresh.ContextRefresher.refreshEnvironment(ContextRefresher.java:100)
	at org.springframework.cloud.context.refresh.ContextRefresher.refresh(ContextRefresher.java:93)
	at org.springframework.cloud.endpoint.event.RefreshEventListener.handle(RefreshEventListener.java:72)
	at org.springframework.cloud.endpoint.event.RefreshEventListener.onApplicationEvent(RefreshEventListener.java:61)
	at org.springframework.context.event.SimpleApplicationEventMulticaster.doInvokeListener(SimpleApplicationEventMulticaster.java:185)
	at org.springframework.context.event.SimpleApplicationEventMulticaster.invokeListener(SimpleApplicationEventMulticaster.java:178)
	at org.springframework.context.event.SimpleApplicationEventMulticaster.multicastEvent(SimpleApplicationEventMulticaster.java:156)
	at org.springframework.context.support.AbstractApplicationContext.publishEvent(AbstractApplicationContext.java:454)
	at org.springframework.context.support.AbstractApplicationContext.publishEvent(AbstractApplicationContext.java:387)
	at com.alibaba.cloud.nacos.configdata.NacosConfigRefreshEventListener.onApplicationEvent(NacosConfigRefreshEventListener.java:52)
	at org.springframework.context.event.SimpleApplicationEventMulticaster.doInvokeListener(SimpleApplicationEventMulticaster.java:185)
	at org.springframework.context.event.SimpleApplicationEventMulticaster.invokeListener(SimpleApplicationEventMulticaster.java:178)
	at org.springframework.context.event.SimpleApplicationEventMulticaster.multicastEvent(SimpleApplicationEventMulticaster.java:156)
	at org.springframework.context.support.AbstractApplicationContext.publishEvent(AbstractApplicationContext.java:454)
	at org.springframework.context.support.AbstractApplicationContext.publishEvent(AbstractApplicationContext.java:387)
	at com.alibaba.cloud.nacos.refresh.NacosContextRefresher$1.innerReceive(NacosContextRefresher.java:131)
	at com.alibaba.nacos.api.config.listener.AbstractSharedListener.receiveConfigInfo(AbstractSharedListener.java:40)
	at com.alibaba.nacos.client.config.impl.CacheData$1.run(CacheData.java:440)
	at com.alibaba.nacos.client.config.impl.CacheData.safeNotifyListener(CacheData.java:483)
	at com.alibaba.nacos.client.config.impl.CacheData.checkListenerMd5(CacheData.java:324)
	at com.alibaba.nacos.client.config.impl.ClientWorker$ConfigRpcTransportClient.executeConfigListen(ClientWorker.java:819)
	at com.alibaba.nacos.client.config.impl.ClientWorker$ConfigRpcTransportClient.lambda$startInternal$2(ClientWorker.java:779)
	at java.base/java.util.concurrent.Executors$RunnableAdapter.call(Executors.java:572)
	at java.base/java.util.concurrent.FutureTask.run$$$capture(FutureTask.java:317)
	at java.base/java.util.concurrent.FutureTask.run(FutureTask.java)
	at java.base/java.util.concurrent.ScheduledThreadPoolExecutor$ScheduledFutureTask.run(ScheduledThreadPoolExecutor.java:304)
	at java.base/java.util.concurrent.ThreadPoolExecutor.runWorker(ThreadPoolExecutor.java:1144)
	at java.base/java.util.concurrent.ThreadPoolExecutor$Worker.run(ThreadPoolExecutor.java:642)
	at java.base/java.lang.Thread.run(Thread.java:1583)
:2025-08-12 11:23:31.410 ERROR com.alibaba.nacos.client.Worker.0 c.a.c.n.c.NacosConfigDataLoader: Error getting properties from nacos: NacosConfigDataResource{properties=NacosConfigProperties{serverAddr='192.168.0.201:8848', encode='null', group='DEFAULT_GROUP', prefix='null', fileExtension='properties', timeout=3000, maxRetry='null', configLongPollTimeout='null', configRetryTime='null', enableRemoteSyncConfig=false, endpoint='null', namespace='5d42b64c-af69-4a94-8189-c7e890784c35', accessKey='null', secretKey='null', ramRoleName='null', contextPath='null', clusterName='null', name='null'', shares=null, extensions=null, refreshEnabled=true}, optional=false, profiles=[Profiles@4d39e8c active = '[]', default = '[default]', accepted = '[default]'], config=NacosItemConfig{group='DEFAULT_GROUP', dataId='application-dev.yml', suffix='yml', refreshEnabled=true, preference=null}}
org.yaml.snakeyaml.constructor.DuplicateKeyException: while constructing a mapping
 in 'reader', line 2, column 1:
    jasypt:
    ^
found duplicate key spring
 in 'reader', line 73, column 1:
    spring:
    ^

	at org.yaml.snakeyaml.constructor.SafeConstructor.processDuplicateKeys(SafeConstructor.java:126)
	at org.yaml.snakeyaml.constructor.SafeConstructor.flattenMapping(SafeConstructor.java:78)
	at org.yaml.snakeyaml.constructor.SafeConstructor.flattenMapping(SafeConstructor.java:73)
	at org.yaml.snakeyaml.constructor.SafeConstructor.constructMapping2ndStep(SafeConstructor.java:209)
	at org.yaml.snakeyaml.constructor.BaseConstructor.constructMapping(BaseConstructor.java:552)
	at org.yaml.snakeyaml.constructor.SafeConstructor$ConstructYamlMap.construct(SafeConstructor.java:597)
	at org.yaml.snakeyaml.constructor.BaseConstructor.constructObjectNoCheck(BaseConstructor.java:264)
	at org.yaml.snakeyaml.constructor.BaseConstructor.constructObject(BaseConstructor.java:247)
	at org.springframework.boot.env.OriginTrackedYamlLoader$OriginTrackingConstructor.constructObject(OriginTrackedYamlLoader.java:119)
	at org.yaml.snakeyaml.constructor.BaseConstructor.constructDocument(BaseConstructor.java:201)
	at org.yaml.snakeyaml.constructor.BaseConstructor.getData(BaseConstructor.java:166)
	at org.springframework.boot.env.OriginTrackedYamlLoader$OriginTrackingConstructor.getData(OriginTrackedYamlLoader.java:99)
	at org.yaml.snakeyaml.Yaml$1.next(Yaml.java:529)
	at org.springframework.beans.factory.config.YamlProcessor.process(YamlProcessor.java:203)
	at org.springframework.beans.factory.config.YamlProcessor.process(YamlProcessor.java:169)
	at org.springframework.boot.env.OriginTrackedYamlLoader.load(OriginTrackedYamlLoader.java:84)
	at org.springframework.boot.env.YamlPropertySourceLoader.load(YamlPropertySourceLoader.java:50)
	at com.alibaba.cloud.nacos.parser.NacosDataParserHandler.parseNacosData(NacosDataParserHandler.java:92)
	at com.alibaba.cloud.nacos.configdata.NacosConfigDataLoader.pullConfig(NacosConfigDataLoader.java:146)
	at com.alibaba.cloud.nacos.configdata.NacosConfigDataLoader.doLoad(NacosConfigDataLoader.java:80)
	at com.alibaba.cloud.nacos.configdata.NacosConfigDataLoader.load(NacosConfigDataLoader.java:67)
	at com.alibaba.cloud.nacos.configdata.NacosConfigDataLoader.load(NacosConfigDataLoader.java:56)
	at org.springframework.boot.context.config.ConfigDataLoaders.load(ConfigDataLoaders.java:96)
	at org.springframework.boot.context.config.ConfigDataImporter.load(ConfigDataImporter.java:132)
	at org.springframework.boot.context.config.ConfigDataImporter.resolveAndLoad(ConfigDataImporter.java:87)
	at org.springframework.boot.context.config.ConfigDataEnvironmentContributors.withProcessedImports(ConfigDataEnvironmentContributors.java:121)
	at org.springframework.boot.context.config.ConfigDataEnvironment.processWithProfiles(ConfigDataEnvironment.java:316)
	at org.springframework.boot.context.config.ConfigDataEnvironment.processAndApply(ConfigDataEnvironment.java:237)
	at org.springframework.boot.context.config.ConfigDataEnvironmentPostProcessor.postProcessEnvironment(ConfigDataEnvironmentPostProcessor.java:96)
	at org.springframework.boot.context.config.ConfigDataEnvironmentPostProcessor.postProcessEnvironment(ConfigDataEnvironmentPostProcessor.java:89)
	at org.springframework.cloud.context.refresh.ConfigDataContextRefresher.updateEnvironment(ConfigDataContextRefresher.java:92)
	at org.springframework.cloud.context.refresh.ContextRefresher.refreshEnvironment(ContextRefresher.java:100)
	at org.springframework.cloud.context.refresh.ContextRefresher.refresh(ContextRefresher.java:93)
	at org.springframework.cloud.endpoint.event.RefreshEventListener.handle(RefreshEventListener.java:72)
	at org.springframework.cloud.endpoint.event.RefreshEventListener.onApplicationEvent(RefreshEventListener.java:61)
	at org.springframework.context.event.SimpleApplicationEventMulticaster.doInvokeListener(SimpleApplicationEventMulticaster.java:185)
	at org.springframework.context.event.SimpleApplicationEventMulticaster.invokeListener(SimpleApplicationEventMulticaster.java:178)
	at org.springframework.context.event.SimpleApplicationEventMulticaster.multicastEvent(SimpleApplicationEventMulticaster.java:156)
	at org.springframework.context.support.AbstractApplicationContext.publishEvent(AbstractApplicationContext.java:454)
	at org.springframework.context.support.AbstractApplicationContext.publishEvent(AbstractApplicationContext.java:387)
	at com.alibaba.cloud.nacos.configdata.NacosConfigRefreshEventListener.onApplicationEvent(NacosConfigRefreshEventListener.java:52)
	at org.springframework.context.event.SimpleApplicationEventMulticaster.doInvokeListener(SimpleApplicationEventMulticaster.java:185)
	at org.springframework.context.event.SimpleApplicationEventMulticaster.invokeListener(SimpleApplicationEventMulticaster.java:178)
	at org.springframework.context.event.SimpleApplicationEventMulticaster.multicastEvent(SimpleApplicationEventMulticaster.java:156)
	at org.springframework.context.support.AbstractApplicationContext.publishEvent(AbstractApplicationContext.java:454)
	at org.springframework.context.support.AbstractApplicationContext.publishEvent(AbstractApplicationContext.java:387)
	at com.alibaba.cloud.nacos.refresh.NacosContextRefresher$1.innerReceive(NacosContextRefresher.java:131)
	at com.alibaba.nacos.api.config.listener.AbstractSharedListener.receiveConfigInfo(AbstractSharedListener.java:40)
	at com.alibaba.nacos.client.config.impl.CacheData$1.run(CacheData.java:440)
	at com.alibaba.nacos.client.config.impl.CacheData.safeNotifyListener(CacheData.java:483)
	at com.alibaba.nacos.client.config.impl.CacheData.checkListenerMd5(CacheData.java:324)
	at com.alibaba.nacos.client.config.impl.ClientWorker$ConfigRpcTransportClient.executeConfigListen(ClientWorker.java:819)
	at com.alibaba.nacos.client.config.impl.ClientWorker$ConfigRpcTransportClient.lambda$startInternal$2(ClientWorker.java:779)
	at java.base/java.util.concurrent.Executors$RunnableAdapter.call(Executors.java:572)
	at java.base/java.util.concurrent.FutureTask.run$$$capture(FutureTask.java:317)
	at java.base/java.util.concurrent.FutureTask.run(FutureTask.java)
	at java.base/java.util.concurrent.ScheduledThreadPoolExecutor$ScheduledFutureTask.run(ScheduledThreadPoolExecutor.java:304)
	at java.base/java.util.concurrent.ThreadPoolExecutor.runWorker(ThreadPoolExecutor.java:1144)
	at java.base/java.util.concurrent.ThreadPoolExecutor$Worker.run(ThreadPoolExecutor.java:642)
	at java.base/java.lang.Thread.run(Thread.java:1583)
:2025-08-12 11:23:36.444 ERROR com.alibaba.nacos.client.Worker.0 c.a.c.n.c.NacosConfigDataLoader: Error getting properties from nacos: NacosConfigDataResource{properties=NacosConfigProperties{serverAddr='192.168.0.201:8848', encode='null', group='DEFAULT_GROUP', prefix='null', fileExtension='properties', timeout=3000, maxRetry='null', configLongPollTimeout='null', configRetryTime='null', enableRemoteSyncConfig=false, endpoint='null', namespace='5d42b64c-af69-4a94-8189-c7e890784c35', accessKey='null', secretKey='null', ramRoleName='null', contextPath='null', clusterName='null', name='null'', shares=null, extensions=null, refreshEnabled=true}, optional=false, profiles=[Profiles@36b58a1c active = '[]', default = '[default]', accepted = '[default]'], config=NacosItemConfig{group='DEFAULT_GROUP', dataId='application-dev.yml', suffix='yml', refreshEnabled=true, preference=null}}
org.yaml.snakeyaml.constructor.DuplicateKeyException: while constructing a mapping
 in 'reader', line 2, column 1:
    jasypt:
    ^
found duplicate key spring
 in 'reader', line 73, column 1:
    spring:
    ^

	at org.yaml.snakeyaml.constructor.SafeConstructor.processDuplicateKeys(SafeConstructor.java:126)
	at org.yaml.snakeyaml.constructor.SafeConstructor.flattenMapping(SafeConstructor.java:78)
	at org.yaml.snakeyaml.constructor.SafeConstructor.flattenMapping(SafeConstructor.java:73)
	at org.yaml.snakeyaml.constructor.SafeConstructor.constructMapping2ndStep(SafeConstructor.java:209)
	at org.yaml.snakeyaml.constructor.BaseConstructor.constructMapping(BaseConstructor.java:552)
	at org.yaml.snakeyaml.constructor.SafeConstructor$ConstructYamlMap.construct(SafeConstructor.java:597)
	at org.yaml.snakeyaml.constructor.BaseConstructor.constructObjectNoCheck(BaseConstructor.java:264)
	at org.yaml.snakeyaml.constructor.BaseConstructor.constructObject(BaseConstructor.java:247)
	at org.springframework.boot.env.OriginTrackedYamlLoader$OriginTrackingConstructor.constructObject(OriginTrackedYamlLoader.java:119)
	at org.yaml.snakeyaml.constructor.BaseConstructor.constructDocument(BaseConstructor.java:201)
	at org.yaml.snakeyaml.constructor.BaseConstructor.getData(BaseConstructor.java:166)
	at org.springframework.boot.env.OriginTrackedYamlLoader$OriginTrackingConstructor.getData(OriginTrackedYamlLoader.java:99)
	at org.yaml.snakeyaml.Yaml$1.next(Yaml.java:529)
	at org.springframework.beans.factory.config.YamlProcessor.process(YamlProcessor.java:203)
	at org.springframework.beans.factory.config.YamlProcessor.process(YamlProcessor.java:169)
	at org.springframework.boot.env.OriginTrackedYamlLoader.load(OriginTrackedYamlLoader.java:84)
	at org.springframework.boot.env.YamlPropertySourceLoader.load(YamlPropertySourceLoader.java:50)
	at com.alibaba.cloud.nacos.parser.NacosDataParserHandler.parseNacosData(NacosDataParserHandler.java:92)
	at com.alibaba.cloud.nacos.configdata.NacosConfigDataLoader.pullConfig(NacosConfigDataLoader.java:146)
	at com.alibaba.cloud.nacos.configdata.NacosConfigDataLoader.doLoad(NacosConfigDataLoader.java:80)
	at com.alibaba.cloud.nacos.configdata.NacosConfigDataLoader.load(NacosConfigDataLoader.java:67)
	at com.alibaba.cloud.nacos.configdata.NacosConfigDataLoader.load(NacosConfigDataLoader.java:56)
	at org.springframework.boot.context.config.ConfigDataLoaders.load(ConfigDataLoaders.java:96)
	at org.springframework.boot.context.config.ConfigDataImporter.load(ConfigDataImporter.java:132)
	at org.springframework.boot.context.config.ConfigDataImporter.resolveAndLoad(ConfigDataImporter.java:87)
	at org.springframework.boot.context.config.ConfigDataEnvironmentContributors.withProcessedImports(ConfigDataEnvironmentContributors.java:121)
	at org.springframework.boot.context.config.ConfigDataEnvironment.processWithProfiles(ConfigDataEnvironment.java:316)
	at org.springframework.boot.context.config.ConfigDataEnvironment.processAndApply(ConfigDataEnvironment.java:237)
	at org.springframework.boot.context.config.ConfigDataEnvironmentPostProcessor.postProcessEnvironment(ConfigDataEnvironmentPostProcessor.java:96)
	at org.springframework.boot.context.config.ConfigDataEnvironmentPostProcessor.postProcessEnvironment(ConfigDataEnvironmentPostProcessor.java:89)
	at org.springframework.cloud.context.refresh.ConfigDataContextRefresher.updateEnvironment(ConfigDataContextRefresher.java:92)
	at org.springframework.cloud.context.refresh.ContextRefresher.refreshEnvironment(ContextRefresher.java:100)
	at org.springframework.cloud.context.refresh.ContextRefresher.refresh(ContextRefresher.java:93)
	at org.springframework.cloud.endpoint.event.RefreshEventListener.handle(RefreshEventListener.java:72)
	at org.springframework.cloud.endpoint.event.RefreshEventListener.onApplicationEvent(RefreshEventListener.java:61)
	at org.springframework.context.event.SimpleApplicationEventMulticaster.doInvokeListener(SimpleApplicationEventMulticaster.java:185)
	at org.springframework.context.event.SimpleApplicationEventMulticaster.invokeListener(SimpleApplicationEventMulticaster.java:178)
	at org.springframework.context.event.SimpleApplicationEventMulticaster.multicastEvent(SimpleApplicationEventMulticaster.java:156)
	at org.springframework.context.support.AbstractApplicationContext.publishEvent(AbstractApplicationContext.java:454)
	at org.springframework.context.support.AbstractApplicationContext.publishEvent(AbstractApplicationContext.java:387)
	at com.alibaba.cloud.nacos.configdata.NacosConfigRefreshEventListener.onApplicationEvent(NacosConfigRefreshEventListener.java:52)
	at org.springframework.context.event.SimpleApplicationEventMulticaster.doInvokeListener(SimpleApplicationEventMulticaster.java:185)
	at org.springframework.context.event.SimpleApplicationEventMulticaster.invokeListener(SimpleApplicationEventMulticaster.java:178)
	at org.springframework.context.event.SimpleApplicationEventMulticaster.multicastEvent(SimpleApplicationEventMulticaster.java:156)
	at org.springframework.context.support.AbstractApplicationContext.publishEvent(AbstractApplicationContext.java:454)
	at org.springframework.context.support.AbstractApplicationContext.publishEvent(AbstractApplicationContext.java:387)
	at com.alibaba.cloud.nacos.refresh.NacosContextRefresher$1.innerReceive(NacosContextRefresher.java:131)
	at com.alibaba.nacos.api.config.listener.AbstractSharedListener.receiveConfigInfo(AbstractSharedListener.java:40)
	at com.alibaba.nacos.client.config.impl.CacheData$1.run(CacheData.java:440)
	at com.alibaba.nacos.client.config.impl.CacheData.safeNotifyListener(CacheData.java:483)
	at com.alibaba.nacos.client.config.impl.CacheData.checkListenerMd5(CacheData.java:324)
	at com.alibaba.nacos.client.config.impl.ClientWorker$ConfigRpcTransportClient.executeConfigListen(ClientWorker.java:819)
	at com.alibaba.nacos.client.config.impl.ClientWorker$ConfigRpcTransportClient.lambda$startInternal$2(ClientWorker.java:779)
	at java.base/java.util.concurrent.Executors$RunnableAdapter.call(Executors.java:572)
	at java.base/java.util.concurrent.FutureTask.run$$$capture(FutureTask.java:317)
	at java.base/java.util.concurrent.FutureTask.run(FutureTask.java)
	at java.base/java.util.concurrent.ScheduledThreadPoolExecutor$ScheduledFutureTask.run(ScheduledThreadPoolExecutor.java:304)
	at java.base/java.util.concurrent.ThreadPoolExecutor.runWorker(ThreadPoolExecutor.java:1144)
	at java.base/java.util.concurrent.ThreadPoolExecutor$Worker.run(ThreadPoolExecutor.java:642)
	at java.base/java.lang.Thread.run(Thread.java:1583)
:2025-08-12 11:23:41.470 ERROR com.alibaba.nacos.client.Worker.0 c.a.c.n.c.NacosConfigDataLoader: Error getting properties from nacos: NacosConfigDataResource{properties=NacosConfigProperties{serverAddr='192.168.0.201:8848', encode='null', group='DEFAULT_GROUP', prefix='null', fileExtension='properties', timeout=3000, maxRetry='null', configLongPollTimeout='null', configRetryTime='null', enableRemoteSyncConfig=false, endpoint='null', namespace='5d42b64c-af69-4a94-8189-c7e890784c35', accessKey='null', secretKey='null', ramRoleName='null', contextPath='null', clusterName='null', name='null'', shares=null, extensions=null, refreshEnabled=true}, optional=false, profiles=[Profiles@748435f0 active = '[]', default = '[default]', accepted = '[default]'], config=NacosItemConfig{group='DEFAULT_GROUP', dataId='application-dev.yml', suffix='yml', refreshEnabled=true, preference=null}}
org.yaml.snakeyaml.constructor.DuplicateKeyException: while constructing a mapping
 in 'reader', line 2, column 1:
    jasypt:
    ^
found duplicate key spring
 in 'reader', line 73, column 1:
    spring:
    ^

	at org.yaml.snakeyaml.constructor.SafeConstructor.processDuplicateKeys(SafeConstructor.java:126)
	at org.yaml.snakeyaml.constructor.SafeConstructor.flattenMapping(SafeConstructor.java:78)
	at org.yaml.snakeyaml.constructor.SafeConstructor.flattenMapping(SafeConstructor.java:73)
	at org.yaml.snakeyaml.constructor.SafeConstructor.constructMapping2ndStep(SafeConstructor.java:209)
	at org.yaml.snakeyaml.constructor.BaseConstructor.constructMapping(BaseConstructor.java:552)
	at org.yaml.snakeyaml.constructor.SafeConstructor$ConstructYamlMap.construct(SafeConstructor.java:597)
	at org.yaml.snakeyaml.constructor.BaseConstructor.constructObjectNoCheck(BaseConstructor.java:264)
	at org.yaml.snakeyaml.constructor.BaseConstructor.constructObject(BaseConstructor.java:247)
	at org.springframework.boot.env.OriginTrackedYamlLoader$OriginTrackingConstructor.constructObject(OriginTrackedYamlLoader.java:119)
	at org.yaml.snakeyaml.constructor.BaseConstructor.constructDocument(BaseConstructor.java:201)
	at org.yaml.snakeyaml.constructor.BaseConstructor.getData(BaseConstructor.java:166)
	at org.springframework.boot.env.OriginTrackedYamlLoader$OriginTrackingConstructor.getData(OriginTrackedYamlLoader.java:99)
	at org.yaml.snakeyaml.Yaml$1.next(Yaml.java:529)
	at org.springframework.beans.factory.config.YamlProcessor.process(YamlProcessor.java:203)
	at org.springframework.beans.factory.config.YamlProcessor.process(YamlProcessor.java:169)
	at org.springframework.boot.env.OriginTrackedYamlLoader.load(OriginTrackedYamlLoader.java:84)
	at org.springframework.boot.env.YamlPropertySourceLoader.load(YamlPropertySourceLoader.java:50)
	at com.alibaba.cloud.nacos.parser.NacosDataParserHandler.parseNacosData(NacosDataParserHandler.java:92)
	at com.alibaba.cloud.nacos.configdata.NacosConfigDataLoader.pullConfig(NacosConfigDataLoader.java:146)
	at com.alibaba.cloud.nacos.configdata.NacosConfigDataLoader.doLoad(NacosConfigDataLoader.java:80)
	at com.alibaba.cloud.nacos.configdata.NacosConfigDataLoader.load(NacosConfigDataLoader.java:67)
	at com.alibaba.cloud.nacos.configdata.NacosConfigDataLoader.load(NacosConfigDataLoader.java:56)
	at org.springframework.boot.context.config.ConfigDataLoaders.load(ConfigDataLoaders.java:96)
	at org.springframework.boot.context.config.ConfigDataImporter.load(ConfigDataImporter.java:132)
	at org.springframework.boot.context.config.ConfigDataImporter.resolveAndLoad(ConfigDataImporter.java:87)
	at org.springframework.boot.context.config.ConfigDataEnvironmentContributors.withProcessedImports(ConfigDataEnvironmentContributors.java:121)
	at org.springframework.boot.context.config.ConfigDataEnvironment.processWithProfiles(ConfigDataEnvironment.java:316)
	at org.springframework.boot.context.config.ConfigDataEnvironment.processAndApply(ConfigDataEnvironment.java:237)
	at org.springframework.boot.context.config.ConfigDataEnvironmentPostProcessor.postProcessEnvironment(ConfigDataEnvironmentPostProcessor.java:96)
	at org.springframework.boot.context.config.ConfigDataEnvironmentPostProcessor.postProcessEnvironment(ConfigDataEnvironmentPostProcessor.java:89)
	at org.springframework.cloud.context.refresh.ConfigDataContextRefresher.updateEnvironment(ConfigDataContextRefresher.java:92)
	at org.springframework.cloud.context.refresh.ContextRefresher.refreshEnvironment(ContextRefresher.java:100)
	at org.springframework.cloud.context.refresh.ContextRefresher.refresh(ContextRefresher.java:93)
	at org.springframework.cloud.endpoint.event.RefreshEventListener.handle(RefreshEventListener.java:72)
	at org.springframework.cloud.endpoint.event.RefreshEventListener.onApplicationEvent(RefreshEventListener.java:61)
	at org.springframework.context.event.SimpleApplicationEventMulticaster.doInvokeListener(SimpleApplicationEventMulticaster.java:185)
	at org.springframework.context.event.SimpleApplicationEventMulticaster.invokeListener(SimpleApplicationEventMulticaster.java:178)
	at org.springframework.context.event.SimpleApplicationEventMulticaster.multicastEvent(SimpleApplicationEventMulticaster.java:156)
	at org.springframework.context.support.AbstractApplicationContext.publishEvent(AbstractApplicationContext.java:454)
	at org.springframework.context.support.AbstractApplicationContext.publishEvent(AbstractApplicationContext.java:387)
	at com.alibaba.cloud.nacos.configdata.NacosConfigRefreshEventListener.onApplicationEvent(NacosConfigRefreshEventListener.java:52)
	at org.springframework.context.event.SimpleApplicationEventMulticaster.doInvokeListener(SimpleApplicationEventMulticaster.java:185)
	at org.springframework.context.event.SimpleApplicationEventMulticaster.invokeListener(SimpleApplicationEventMulticaster.java:178)
	at org.springframework.context.event.SimpleApplicationEventMulticaster.multicastEvent(SimpleApplicationEventMulticaster.java:156)
	at org.springframework.context.support.AbstractApplicationContext.publishEvent(AbstractApplicationContext.java:454)
	at org.springframework.context.support.AbstractApplicationContext.publishEvent(AbstractApplicationContext.java:387)
	at com.alibaba.cloud.nacos.refresh.NacosContextRefresher$1.innerReceive(NacosContextRefresher.java:131)
	at com.alibaba.nacos.api.config.listener.AbstractSharedListener.receiveConfigInfo(AbstractSharedListener.java:40)
	at com.alibaba.nacos.client.config.impl.CacheData$1.run(CacheData.java:440)
	at com.alibaba.nacos.client.config.impl.CacheData.safeNotifyListener(CacheData.java:483)
	at com.alibaba.nacos.client.config.impl.CacheData.checkListenerMd5(CacheData.java:324)
	at com.alibaba.nacos.client.config.impl.ClientWorker$ConfigRpcTransportClient.executeConfigListen(ClientWorker.java:819)
	at com.alibaba.nacos.client.config.impl.ClientWorker$ConfigRpcTransportClient.lambda$startInternal$2(ClientWorker.java:779)
	at java.base/java.util.concurrent.Executors$RunnableAdapter.call(Executors.java:572)
	at java.base/java.util.concurrent.FutureTask.run$$$capture(FutureTask.java:317)
	at java.base/java.util.concurrent.FutureTask.run(FutureTask.java)
	at java.base/java.util.concurrent.ScheduledThreadPoolExecutor$ScheduledFutureTask.run(ScheduledThreadPoolExecutor.java:304)
	at java.base/java.util.concurrent.ThreadPoolExecutor.runWorker(ThreadPoolExecutor.java:1144)
	at java.base/java.util.concurrent.ThreadPoolExecutor$Worker.run(ThreadPoolExecutor.java:642)
	at java.base/java.lang.Thread.run(Thread.java:1583)
:2025-08-12 11:23:46.500 ERROR com.alibaba.nacos.client.Worker.0 c.a.c.n.c.NacosConfigDataLoader: Error getting properties from nacos: NacosConfigDataResource{properties=NacosConfigProperties{serverAddr='192.168.0.201:8848', encode='null', group='DEFAULT_GROUP', prefix='null', fileExtension='properties', timeout=3000, maxRetry='null', configLongPollTimeout='null', configRetryTime='null', enableRemoteSyncConfig=false, endpoint='null', namespace='5d42b64c-af69-4a94-8189-c7e890784c35', accessKey='null', secretKey='null', ramRoleName='null', contextPath='null', clusterName='null', name='null'', shares=null, extensions=null, refreshEnabled=true}, optional=false, profiles=[Profiles@1799c4a4 active = '[]', default = '[default]', accepted = '[default]'], config=NacosItemConfig{group='DEFAULT_GROUP', dataId='application-dev.yml', suffix='yml', refreshEnabled=true, preference=null}}
org.yaml.snakeyaml.constructor.DuplicateKeyException: while constructing a mapping
 in 'reader', line 2, column 1:
    jasypt:
    ^
found duplicate key spring
 in 'reader', line 73, column 1:
    spring:
    ^

	at org.yaml.snakeyaml.constructor.SafeConstructor.processDuplicateKeys(SafeConstructor.java:126)
	at org.yaml.snakeyaml.constructor.SafeConstructor.flattenMapping(SafeConstructor.java:78)
	at org.yaml.snakeyaml.constructor.SafeConstructor.flattenMapping(SafeConstructor.java:73)
	at org.yaml.snakeyaml.constructor.SafeConstructor.constructMapping2ndStep(SafeConstructor.java:209)
	at org.yaml.snakeyaml.constructor.BaseConstructor.constructMapping(BaseConstructor.java:552)
	at org.yaml.snakeyaml.constructor.SafeConstructor$ConstructYamlMap.construct(SafeConstructor.java:597)
	at org.yaml.snakeyaml.constructor.BaseConstructor.constructObjectNoCheck(BaseConstructor.java:264)
	at org.yaml.snakeyaml.constructor.BaseConstructor.constructObject(BaseConstructor.java:247)
	at org.springframework.boot.env.OriginTrackedYamlLoader$OriginTrackingConstructor.constructObject(OriginTrackedYamlLoader.java:119)
	at org.yaml.snakeyaml.constructor.BaseConstructor.constructDocument(BaseConstructor.java:201)
	at org.yaml.snakeyaml.constructor.BaseConstructor.getData(BaseConstructor.java:166)
	at org.springframework.boot.env.OriginTrackedYamlLoader$OriginTrackingConstructor.getData(OriginTrackedYamlLoader.java:99)
	at org.yaml.snakeyaml.Yaml$1.next(Yaml.java:529)
	at org.springframework.beans.factory.config.YamlProcessor.process(YamlProcessor.java:203)
	at org.springframework.beans.factory.config.YamlProcessor.process(YamlProcessor.java:169)
	at org.springframework.boot.env.OriginTrackedYamlLoader.load(OriginTrackedYamlLoader.java:84)
	at org.springframework.boot.env.YamlPropertySourceLoader.load(YamlPropertySourceLoader.java:50)
	at com.alibaba.cloud.nacos.parser.NacosDataParserHandler.parseNacosData(NacosDataParserHandler.java:92)
	at com.alibaba.cloud.nacos.configdata.NacosConfigDataLoader.pullConfig(NacosConfigDataLoader.java:146)
	at com.alibaba.cloud.nacos.configdata.NacosConfigDataLoader.doLoad(NacosConfigDataLoader.java:80)
	at com.alibaba.cloud.nacos.configdata.NacosConfigDataLoader.load(NacosConfigDataLoader.java:67)
	at com.alibaba.cloud.nacos.configdata.NacosConfigDataLoader.load(NacosConfigDataLoader.java:56)
	at org.springframework.boot.context.config.ConfigDataLoaders.load(ConfigDataLoaders.java:96)
	at org.springframework.boot.context.config.ConfigDataImporter.load(ConfigDataImporter.java:132)
	at org.springframework.boot.context.config.ConfigDataImporter.resolveAndLoad(ConfigDataImporter.java:87)
	at org.springframework.boot.context.config.ConfigDataEnvironmentContributors.withProcessedImports(ConfigDataEnvironmentContributors.java:121)
	at org.springframework.boot.context.config.ConfigDataEnvironment.processWithProfiles(ConfigDataEnvironment.java:316)
	at org.springframework.boot.context.config.ConfigDataEnvironment.processAndApply(ConfigDataEnvironment.java:237)
	at org.springframework.boot.context.config.ConfigDataEnvironmentPostProcessor.postProcessEnvironment(ConfigDataEnvironmentPostProcessor.java:96)
	at org.springframework.boot.context.config.ConfigDataEnvironmentPostProcessor.postProcessEnvironment(ConfigDataEnvironmentPostProcessor.java:89)
	at org.springframework.cloud.context.refresh.ConfigDataContextRefresher.updateEnvironment(ConfigDataContextRefresher.java:92)
	at org.springframework.cloud.context.refresh.ContextRefresher.refreshEnvironment(ContextRefresher.java:100)
	at org.springframework.cloud.context.refresh.ContextRefresher.refresh(ContextRefresher.java:93)
	at org.springframework.cloud.endpoint.event.RefreshEventListener.handle(RefreshEventListener.java:72)
	at org.springframework.cloud.endpoint.event.RefreshEventListener.onApplicationEvent(RefreshEventListener.java:61)
	at org.springframework.context.event.SimpleApplicationEventMulticaster.doInvokeListener(SimpleApplicationEventMulticaster.java:185)
	at org.springframework.context.event.SimpleApplicationEventMulticaster.invokeListener(SimpleApplicationEventMulticaster.java:178)
	at org.springframework.context.event.SimpleApplicationEventMulticaster.multicastEvent(SimpleApplicationEventMulticaster.java:156)
	at org.springframework.context.support.AbstractApplicationContext.publishEvent(AbstractApplicationContext.java:454)
	at org.springframework.context.support.AbstractApplicationContext.publishEvent(AbstractApplicationContext.java:387)
	at com.alibaba.cloud.nacos.configdata.NacosConfigRefreshEventListener.onApplicationEvent(NacosConfigRefreshEventListener.java:52)
	at org.springframework.context.event.SimpleApplicationEventMulticaster.doInvokeListener(SimpleApplicationEventMulticaster.java:185)
	at org.springframework.context.event.SimpleApplicationEventMulticaster.invokeListener(SimpleApplicationEventMulticaster.java:178)
	at org.springframework.context.event.SimpleApplicationEventMulticaster.multicastEvent(SimpleApplicationEventMulticaster.java:156)
	at org.springframework.context.support.AbstractApplicationContext.publishEvent(AbstractApplicationContext.java:454)
	at org.springframework.context.support.AbstractApplicationContext.publishEvent(AbstractApplicationContext.java:387)
	at com.alibaba.cloud.nacos.refresh.NacosContextRefresher$1.innerReceive(NacosContextRefresher.java:131)
	at com.alibaba.nacos.api.config.listener.AbstractSharedListener.receiveConfigInfo(AbstractSharedListener.java:40)
	at com.alibaba.nacos.client.config.impl.CacheData$1.run(CacheData.java:440)
	at com.alibaba.nacos.client.config.impl.CacheData.safeNotifyListener(CacheData.java:483)
	at com.alibaba.nacos.client.config.impl.CacheData.checkListenerMd5(CacheData.java:324)
	at com.alibaba.nacos.client.config.impl.ClientWorker$ConfigRpcTransportClient.executeConfigListen(ClientWorker.java:819)
	at com.alibaba.nacos.client.config.impl.ClientWorker$ConfigRpcTransportClient.lambda$startInternal$2(ClientWorker.java:779)
	at java.base/java.util.concurrent.Executors$RunnableAdapter.call(Executors.java:572)
	at java.base/java.util.concurrent.FutureTask.run$$$capture(FutureTask.java:317)
	at java.base/java.util.concurrent.FutureTask.run(FutureTask.java)
	at java.base/java.util.concurrent.ScheduledThreadPoolExecutor$ScheduledFutureTask.run(ScheduledThreadPoolExecutor.java:304)
	at java.base/java.util.concurrent.ThreadPoolExecutor.runWorker(ThreadPoolExecutor.java:1144)
	at java.base/java.util.concurrent.ThreadPoolExecutor$Worker.run(ThreadPoolExecutor.java:642)
	at java.base/java.lang.Thread.run(Thread.java:1583)
:2025-08-12 11:23:51.526 ERROR com.alibaba.nacos.client.Worker.0 c.a.c.n.c.NacosConfigDataLoader: Error getting properties from nacos: NacosConfigDataResource{properties=NacosConfigProperties{serverAddr='192.168.0.201:8848', encode='null', group='DEFAULT_GROUP', prefix='null', fileExtension='properties', timeout=3000, maxRetry='null', configLongPollTimeout='null', configRetryTime='null', enableRemoteSyncConfig=false, endpoint='null', namespace='5d42b64c-af69-4a94-8189-c7e890784c35', accessKey='null', secretKey='null', ramRoleName='null', contextPath='null', clusterName='null', name='null'', shares=null, extensions=null, refreshEnabled=true}, optional=false, profiles=[Profiles@7ecf0b95 active = '[]', default = '[default]', accepted = '[default]'], config=NacosItemConfig{group='DEFAULT_GROUP', dataId='application-dev.yml', suffix='yml', refreshEnabled=true, preference=null}}
org.yaml.snakeyaml.constructor.DuplicateKeyException: while constructing a mapping
 in 'reader', line 2, column 1:
    jasypt:
    ^
found duplicate key spring
 in 'reader', line 73, column 1:
    spring:
    ^

	at org.yaml.snakeyaml.constructor.SafeConstructor.processDuplicateKeys(SafeConstructor.java:126)
	at org.yaml.snakeyaml.constructor.SafeConstructor.flattenMapping(SafeConstructor.java:78)
	at org.yaml.snakeyaml.constructor.SafeConstructor.flattenMapping(SafeConstructor.java:73)
	at org.yaml.snakeyaml.constructor.SafeConstructor.constructMapping2ndStep(SafeConstructor.java:209)
	at org.yaml.snakeyaml.constructor.BaseConstructor.constructMapping(BaseConstructor.java:552)
	at org.yaml.snakeyaml.constructor.SafeConstructor$ConstructYamlMap.construct(SafeConstructor.java:597)
	at org.yaml.snakeyaml.constructor.BaseConstructor.constructObjectNoCheck(BaseConstructor.java:264)
	at org.yaml.snakeyaml.constructor.BaseConstructor.constructObject(BaseConstructor.java:247)
	at org.springframework.boot.env.OriginTrackedYamlLoader$OriginTrackingConstructor.constructObject(OriginTrackedYamlLoader.java:119)
	at org.yaml.snakeyaml.constructor.BaseConstructor.constructDocument(BaseConstructor.java:201)
	at org.yaml.snakeyaml.constructor.BaseConstructor.getData(BaseConstructor.java:166)
	at org.springframework.boot.env.OriginTrackedYamlLoader$OriginTrackingConstructor.getData(OriginTrackedYamlLoader.java:99)
	at org.yaml.snakeyaml.Yaml$1.next(Yaml.java:529)
	at org.springframework.beans.factory.config.YamlProcessor.process(YamlProcessor.java:203)
	at org.springframework.beans.factory.config.YamlProcessor.process(YamlProcessor.java:169)
	at org.springframework.boot.env.OriginTrackedYamlLoader.load(OriginTrackedYamlLoader.java:84)
	at org.springframework.boot.env.YamlPropertySourceLoader.load(YamlPropertySourceLoader.java:50)
	at com.alibaba.cloud.nacos.parser.NacosDataParserHandler.parseNacosData(NacosDataParserHandler.java:92)
	at com.alibaba.cloud.nacos.configdata.NacosConfigDataLoader.pullConfig(NacosConfigDataLoader.java:146)
	at com.alibaba.cloud.nacos.configdata.NacosConfigDataLoader.doLoad(NacosConfigDataLoader.java:80)
	at com.alibaba.cloud.nacos.configdata.NacosConfigDataLoader.load(NacosConfigDataLoader.java:67)
	at com.alibaba.cloud.nacos.configdata.NacosConfigDataLoader.load(NacosConfigDataLoader.java:56)
	at org.springframework.boot.context.config.ConfigDataLoaders.load(ConfigDataLoaders.java:96)
	at org.springframework.boot.context.config.ConfigDataImporter.load(ConfigDataImporter.java:132)
	at org.springframework.boot.context.config.ConfigDataImporter.resolveAndLoad(ConfigDataImporter.java:87)
	at org.springframework.boot.context.config.ConfigDataEnvironmentContributors.withProcessedImports(ConfigDataEnvironmentContributors.java:121)
	at org.springframework.boot.context.config.ConfigDataEnvironment.processWithProfiles(ConfigDataEnvironment.java:316)
	at org.springframework.boot.context.config.ConfigDataEnvironment.processAndApply(ConfigDataEnvironment.java:237)
	at org.springframework.boot.context.config.ConfigDataEnvironmentPostProcessor.postProcessEnvironment(ConfigDataEnvironmentPostProcessor.java:96)
	at org.springframework.boot.context.config.ConfigDataEnvironmentPostProcessor.postProcessEnvironment(ConfigDataEnvironmentPostProcessor.java:89)
	at org.springframework.cloud.context.refresh.ConfigDataContextRefresher.updateEnvironment(ConfigDataContextRefresher.java:92)
	at org.springframework.cloud.context.refresh.ContextRefresher.refreshEnvironment(ContextRefresher.java:100)
	at org.springframework.cloud.context.refresh.ContextRefresher.refresh(ContextRefresher.java:93)
	at org.springframework.cloud.endpoint.event.RefreshEventListener.handle(RefreshEventListener.java:72)
	at org.springframework.cloud.endpoint.event.RefreshEventListener.onApplicationEvent(RefreshEventListener.java:61)
	at org.springframework.context.event.SimpleApplicationEventMulticaster.doInvokeListener(SimpleApplicationEventMulticaster.java:185)
	at org.springframework.context.event.SimpleApplicationEventMulticaster.invokeListener(SimpleApplicationEventMulticaster.java:178)
	at org.springframework.context.event.SimpleApplicationEventMulticaster.multicastEvent(SimpleApplicationEventMulticaster.java:156)
	at org.springframework.context.support.AbstractApplicationContext.publishEvent(AbstractApplicationContext.java:454)
	at org.springframework.context.support.AbstractApplicationContext.publishEvent(AbstractApplicationContext.java:387)
	at com.alibaba.cloud.nacos.configdata.NacosConfigRefreshEventListener.onApplicationEvent(NacosConfigRefreshEventListener.java:52)
	at org.springframework.context.event.SimpleApplicationEventMulticaster.doInvokeListener(SimpleApplicationEventMulticaster.java:185)
	at org.springframework.context.event.SimpleApplicationEventMulticaster.invokeListener(SimpleApplicationEventMulticaster.java:178)
	at org.springframework.context.event.SimpleApplicationEventMulticaster.multicastEvent(SimpleApplicationEventMulticaster.java:156)
	at org.springframework.context.support.AbstractApplicationContext.publishEvent(AbstractApplicationContext.java:454)
	at org.springframework.context.support.AbstractApplicationContext.publishEvent(AbstractApplicationContext.java:387)
	at com.alibaba.cloud.nacos.refresh.NacosContextRefresher$1.innerReceive(NacosContextRefresher.java:131)
	at com.alibaba.nacos.api.config.listener.AbstractSharedListener.receiveConfigInfo(AbstractSharedListener.java:40)
	at com.alibaba.nacos.client.config.impl.CacheData$1.run(CacheData.java:440)
	at com.alibaba.nacos.client.config.impl.CacheData.safeNotifyListener(CacheData.java:483)
	at com.alibaba.nacos.client.config.impl.CacheData.checkListenerMd5(CacheData.java:324)
	at com.alibaba.nacos.client.config.impl.ClientWorker$ConfigRpcTransportClient.executeConfigListen(ClientWorker.java:819)
	at com.alibaba.nacos.client.config.impl.ClientWorker$ConfigRpcTransportClient.lambda$startInternal$2(ClientWorker.java:779)
	at java.base/java.util.concurrent.Executors$RunnableAdapter.call(Executors.java:572)
	at java.base/java.util.concurrent.FutureTask.run$$$capture(FutureTask.java:317)
	at java.base/java.util.concurrent.FutureTask.run(FutureTask.java)
	at java.base/java.util.concurrent.ScheduledThreadPoolExecutor$ScheduledFutureTask.run(ScheduledThreadPoolExecutor.java:304)
	at java.base/java.util.concurrent.ThreadPoolExecutor.runWorker(ThreadPoolExecutor.java:1144)
	at java.base/java.util.concurrent.ThreadPoolExecutor$Worker.run(ThreadPoolExecutor.java:642)
	at java.base/java.lang.Thread.run(Thread.java:1583)
:2025-08-12 11:23:56.551 ERROR com.alibaba.nacos.client.Worker.0 c.a.c.n.c.NacosConfigDataLoader: Error getting properties from nacos: NacosConfigDataResource{properties=NacosConfigProperties{serverAddr='192.168.0.201:8848', encode='null', group='DEFAULT_GROUP', prefix='null', fileExtension='properties', timeout=3000, maxRetry='null', configLongPollTimeout='null', configRetryTime='null', enableRemoteSyncConfig=false, endpoint='null', namespace='5d42b64c-af69-4a94-8189-c7e890784c35', accessKey='null', secretKey='null', ramRoleName='null', contextPath='null', clusterName='null', name='null'', shares=null, extensions=null, refreshEnabled=true}, optional=false, profiles=[Profiles@14c11afc active = '[]', default = '[default]', accepted = '[default]'], config=NacosItemConfig{group='DEFAULT_GROUP', dataId='application-dev.yml', suffix='yml', refreshEnabled=true, preference=null}}
org.yaml.snakeyaml.constructor.DuplicateKeyException: while constructing a mapping
 in 'reader', line 2, column 1:
    jasypt:
    ^
found duplicate key spring
 in 'reader', line 73, column 1:
    spring:
    ^

	at org.yaml.snakeyaml.constructor.SafeConstructor.processDuplicateKeys(SafeConstructor.java:126)
	at org.yaml.snakeyaml.constructor.SafeConstructor.flattenMapping(SafeConstructor.java:78)
	at org.yaml.snakeyaml.constructor.SafeConstructor.flattenMapping(SafeConstructor.java:73)
	at org.yaml.snakeyaml.constructor.SafeConstructor.constructMapping2ndStep(SafeConstructor.java:209)
	at org.yaml.snakeyaml.constructor.BaseConstructor.constructMapping(BaseConstructor.java:552)
	at org.yaml.snakeyaml.constructor.SafeConstructor$ConstructYamlMap.construct(SafeConstructor.java:597)
	at org.yaml.snakeyaml.constructor.BaseConstructor.constructObjectNoCheck(BaseConstructor.java:264)
	at org.yaml.snakeyaml.constructor.BaseConstructor.constructObject(BaseConstructor.java:247)
	at org.springframework.boot.env.OriginTrackedYamlLoader$OriginTrackingConstructor.constructObject(OriginTrackedYamlLoader.java:119)
	at org.yaml.snakeyaml.constructor.BaseConstructor.constructDocument(BaseConstructor.java:201)
	at org.yaml.snakeyaml.constructor.BaseConstructor.getData(BaseConstructor.java:166)
	at org.springframework.boot.env.OriginTrackedYamlLoader$OriginTrackingConstructor.getData(OriginTrackedYamlLoader.java:99)
	at org.yaml.snakeyaml.Yaml$1.next(Yaml.java:529)
	at org.springframework.beans.factory.config.YamlProcessor.process(YamlProcessor.java:203)
	at org.springframework.beans.factory.config.YamlProcessor.process(YamlProcessor.java:169)
	at org.springframework.boot.env.OriginTrackedYamlLoader.load(OriginTrackedYamlLoader.java:84)
	at org.springframework.boot.env.YamlPropertySourceLoader.load(YamlPropertySourceLoader.java:50)
	at com.alibaba.cloud.nacos.parser.NacosDataParserHandler.parseNacosData(NacosDataParserHandler.java:92)
	at com.alibaba.cloud.nacos.configdata.NacosConfigDataLoader.pullConfig(NacosConfigDataLoader.java:146)
	at com.alibaba.cloud.nacos.configdata.NacosConfigDataLoader.doLoad(NacosConfigDataLoader.java:80)
	at com.alibaba.cloud.nacos.configdata.NacosConfigDataLoader.load(NacosConfigDataLoader.java:67)
	at com.alibaba.cloud.nacos.configdata.NacosConfigDataLoader.load(NacosConfigDataLoader.java:56)
	at org.springframework.boot.context.config.ConfigDataLoaders.load(ConfigDataLoaders.java:96)
	at org.springframework.boot.context.config.ConfigDataImporter.load(ConfigDataImporter.java:132)
	at org.springframework.boot.context.config.ConfigDataImporter.resolveAndLoad(ConfigDataImporter.java:87)
	at org.springframework.boot.context.config.ConfigDataEnvironmentContributors.withProcessedImports(ConfigDataEnvironmentContributors.java:121)
	at org.springframework.boot.context.config.ConfigDataEnvironment.processWithProfiles(ConfigDataEnvironment.java:316)
	at org.springframework.boot.context.config.ConfigDataEnvironment.processAndApply(ConfigDataEnvironment.java:237)
	at org.springframework.boot.context.config.ConfigDataEnvironmentPostProcessor.postProcessEnvironment(ConfigDataEnvironmentPostProcessor.java:96)
	at org.springframework.boot.context.config.ConfigDataEnvironmentPostProcessor.postProcessEnvironment(ConfigDataEnvironmentPostProcessor.java:89)
	at org.springframework.cloud.context.refresh.ConfigDataContextRefresher.updateEnvironment(ConfigDataContextRefresher.java:92)
	at org.springframework.cloud.context.refresh.ContextRefresher.refreshEnvironment(ContextRefresher.java:100)
	at org.springframework.cloud.context.refresh.ContextRefresher.refresh(ContextRefresher.java:93)
	at org.springframework.cloud.endpoint.event.RefreshEventListener.handle(RefreshEventListener.java:72)
	at org.springframework.cloud.endpoint.event.RefreshEventListener.onApplicationEvent(RefreshEventListener.java:61)
	at org.springframework.context.event.SimpleApplicationEventMulticaster.doInvokeListener(SimpleApplicationEventMulticaster.java:185)
	at org.springframework.context.event.SimpleApplicationEventMulticaster.invokeListener(SimpleApplicationEventMulticaster.java:178)
	at org.springframework.context.event.SimpleApplicationEventMulticaster.multicastEvent(SimpleApplicationEventMulticaster.java:156)
	at org.springframework.context.support.AbstractApplicationContext.publishEvent(AbstractApplicationContext.java:454)
	at org.springframework.context.support.AbstractApplicationContext.publishEvent(AbstractApplicationContext.java:387)
	at com.alibaba.cloud.nacos.configdata.NacosConfigRefreshEventListener.onApplicationEvent(NacosConfigRefreshEventListener.java:52)
	at org.springframework.context.event.SimpleApplicationEventMulticaster.doInvokeListener(SimpleApplicationEventMulticaster.java:185)
	at org.springframework.context.event.SimpleApplicationEventMulticaster.invokeListener(SimpleApplicationEventMulticaster.java:178)
	at org.springframework.context.event.SimpleApplicationEventMulticaster.multicastEvent(SimpleApplicationEventMulticaster.java:156)
	at org.springframework.context.support.AbstractApplicationContext.publishEvent(AbstractApplicationContext.java:454)
	at org.springframework.context.support.AbstractApplicationContext.publishEvent(AbstractApplicationContext.java:387)
	at com.alibaba.cloud.nacos.refresh.NacosContextRefresher$1.innerReceive(NacosContextRefresher.java:131)
	at com.alibaba.nacos.api.config.listener.AbstractSharedListener.receiveConfigInfo(AbstractSharedListener.java:40)
	at com.alibaba.nacos.client.config.impl.CacheData$1.run(CacheData.java:440)
	at com.alibaba.nacos.client.config.impl.CacheData.safeNotifyListener(CacheData.java:483)
	at com.alibaba.nacos.client.config.impl.CacheData.checkListenerMd5(CacheData.java:324)
	at com.alibaba.nacos.client.config.impl.ClientWorker$ConfigRpcTransportClient.executeConfigListen(ClientWorker.java:819)
	at com.alibaba.nacos.client.config.impl.ClientWorker$ConfigRpcTransportClient.lambda$startInternal$2(ClientWorker.java:779)
	at java.base/java.util.concurrent.Executors$RunnableAdapter.call(Executors.java:572)
	at java.base/java.util.concurrent.FutureTask.run$$$capture(FutureTask.java:317)
	at java.base/java.util.concurrent.FutureTask.run(FutureTask.java)
	at java.base/java.util.concurrent.ScheduledThreadPoolExecutor$ScheduledFutureTask.run(ScheduledThreadPoolExecutor.java:304)
	at java.base/java.util.concurrent.ThreadPoolExecutor.runWorker(ThreadPoolExecutor.java:1144)
	at java.base/java.util.concurrent.ThreadPoolExecutor$Worker.run(ThreadPoolExecutor.java:642)
	at java.base/java.lang.Thread.run(Thread.java:1583)
:2025-08-12 11:24:01.576 ERROR com.alibaba.nacos.client.Worker.0 c.a.c.n.c.NacosConfigDataLoader: Error getting properties from nacos: NacosConfigDataResource{properties=NacosConfigProperties{serverAddr='192.168.0.201:8848', encode='null', group='DEFAULT_GROUP', prefix='null', fileExtension='properties', timeout=3000, maxRetry='null', configLongPollTimeout='null', configRetryTime='null', enableRemoteSyncConfig=false, endpoint='null', namespace='5d42b64c-af69-4a94-8189-c7e890784c35', accessKey='null', secretKey='null', ramRoleName='null', contextPath='null', clusterName='null', name='null'', shares=null, extensions=null, refreshEnabled=true}, optional=false, profiles=[Profiles@7344a0d9 active = '[]', default = '[default]', accepted = '[default]'], config=NacosItemConfig{group='DEFAULT_GROUP', dataId='application-dev.yml', suffix='yml', refreshEnabled=true, preference=null}}
org.yaml.snakeyaml.constructor.DuplicateKeyException: while constructing a mapping
 in 'reader', line 2, column 1:
    jasypt:
    ^
found duplicate key spring
 in 'reader', line 73, column 1:
    spring:
    ^

	at org.yaml.snakeyaml.constructor.SafeConstructor.processDuplicateKeys(SafeConstructor.java:126)
	at org.yaml.snakeyaml.constructor.SafeConstructor.flattenMapping(SafeConstructor.java:78)
	at org.yaml.snakeyaml.constructor.SafeConstructor.flattenMapping(SafeConstructor.java:73)
	at org.yaml.snakeyaml.constructor.SafeConstructor.constructMapping2ndStep(SafeConstructor.java:209)
	at org.yaml.snakeyaml.constructor.BaseConstructor.constructMapping(BaseConstructor.java:552)
	at org.yaml.snakeyaml.constructor.SafeConstructor$ConstructYamlMap.construct(SafeConstructor.java:597)
	at org.yaml.snakeyaml.constructor.BaseConstructor.constructObjectNoCheck(BaseConstructor.java:264)
	at org.yaml.snakeyaml.constructor.BaseConstructor.constructObject(BaseConstructor.java:247)
	at org.springframework.boot.env.OriginTrackedYamlLoader$OriginTrackingConstructor.constructObject(OriginTrackedYamlLoader.java:119)
	at org.yaml.snakeyaml.constructor.BaseConstructor.constructDocument(BaseConstructor.java:201)
	at org.yaml.snakeyaml.constructor.BaseConstructor.getData(BaseConstructor.java:166)
	at org.springframework.boot.env.OriginTrackedYamlLoader$OriginTrackingConstructor.getData(OriginTrackedYamlLoader.java:99)
	at org.yaml.snakeyaml.Yaml$1.next(Yaml.java:529)
	at org.springframework.beans.factory.config.YamlProcessor.process(YamlProcessor.java:203)
	at org.springframework.beans.factory.config.YamlProcessor.process(YamlProcessor.java:169)
	at org.springframework.boot.env.OriginTrackedYamlLoader.load(OriginTrackedYamlLoader.java:84)
	at org.springframework.boot.env.YamlPropertySourceLoader.load(YamlPropertySourceLoader.java:50)
	at com.alibaba.cloud.nacos.parser.NacosDataParserHandler.parseNacosData(NacosDataParserHandler.java:92)
	at com.alibaba.cloud.nacos.configdata.NacosConfigDataLoader.pullConfig(NacosConfigDataLoader.java:146)
	at com.alibaba.cloud.nacos.configdata.NacosConfigDataLoader.doLoad(NacosConfigDataLoader.java:80)
	at com.alibaba.cloud.nacos.configdata.NacosConfigDataLoader.load(NacosConfigDataLoader.java:67)
	at com.alibaba.cloud.nacos.configdata.NacosConfigDataLoader.load(NacosConfigDataLoader.java:56)
	at org.springframework.boot.context.config.ConfigDataLoaders.load(ConfigDataLoaders.java:96)
	at org.springframework.boot.context.config.ConfigDataImporter.load(ConfigDataImporter.java:132)
	at org.springframework.boot.context.config.ConfigDataImporter.resolveAndLoad(ConfigDataImporter.java:87)
	at org.springframework.boot.context.config.ConfigDataEnvironmentContributors.withProcessedImports(ConfigDataEnvironmentContributors.java:121)
	at org.springframework.boot.context.config.ConfigDataEnvironment.processWithProfiles(ConfigDataEnvironment.java:316)
	at org.springframework.boot.context.config.ConfigDataEnvironment.processAndApply(ConfigDataEnvironment.java:237)
	at org.springframework.boot.context.config.ConfigDataEnvironmentPostProcessor.postProcessEnvironment(ConfigDataEnvironmentPostProcessor.java:96)
	at org.springframework.boot.context.config.ConfigDataEnvironmentPostProcessor.postProcessEnvironment(ConfigDataEnvironmentPostProcessor.java:89)
	at org.springframework.cloud.context.refresh.ConfigDataContextRefresher.updateEnvironment(ConfigDataContextRefresher.java:92)
	at org.springframework.cloud.context.refresh.ContextRefresher.refreshEnvironment(ContextRefresher.java:100)
	at org.springframework.cloud.context.refresh.ContextRefresher.refresh(ContextRefresher.java:93)
	at org.springframework.cloud.endpoint.event.RefreshEventListener.handle(RefreshEventListener.java:72)
	at org.springframework.cloud.endpoint.event.RefreshEventListener.onApplicationEvent(RefreshEventListener.java:61)
	at org.springframework.context.event.SimpleApplicationEventMulticaster.doInvokeListener(SimpleApplicationEventMulticaster.java:185)
	at org.springframework.context.event.SimpleApplicationEventMulticaster.invokeListener(SimpleApplicationEventMulticaster.java:178)
	at org.springframework.context.event.SimpleApplicationEventMulticaster.multicastEvent(SimpleApplicationEventMulticaster.java:156)
	at org.springframework.context.support.AbstractApplicationContext.publishEvent(AbstractApplicationContext.java:454)
	at org.springframework.context.support.AbstractApplicationContext.publishEvent(AbstractApplicationContext.java:387)
	at com.alibaba.cloud.nacos.configdata.NacosConfigRefreshEventListener.onApplicationEvent(NacosConfigRefreshEventListener.java:52)
	at org.springframework.context.event.SimpleApplicationEventMulticaster.doInvokeListener(SimpleApplicationEventMulticaster.java:185)
	at org.springframework.context.event.SimpleApplicationEventMulticaster.invokeListener(SimpleApplicationEventMulticaster.java:178)
	at org.springframework.context.event.SimpleApplicationEventMulticaster.multicastEvent(SimpleApplicationEventMulticaster.java:156)
	at org.springframework.context.support.AbstractApplicationContext.publishEvent(AbstractApplicationContext.java:454)
	at org.springframework.context.support.AbstractApplicationContext.publishEvent(AbstractApplicationContext.java:387)
	at com.alibaba.cloud.nacos.refresh.NacosContextRefresher$1.innerReceive(NacosContextRefresher.java:131)
	at com.alibaba.nacos.api.config.listener.AbstractSharedListener.receiveConfigInfo(AbstractSharedListener.java:40)
	at com.alibaba.nacos.client.config.impl.CacheData$1.run(CacheData.java:440)
	at com.alibaba.nacos.client.config.impl.CacheData.safeNotifyListener(CacheData.java:483)
	at com.alibaba.nacos.client.config.impl.CacheData.checkListenerMd5(CacheData.java:324)
	at com.alibaba.nacos.client.config.impl.ClientWorker$ConfigRpcTransportClient.executeConfigListen(ClientWorker.java:819)
	at com.alibaba.nacos.client.config.impl.ClientWorker$ConfigRpcTransportClient.lambda$startInternal$2(ClientWorker.java:779)
	at java.base/java.util.concurrent.Executors$RunnableAdapter.call(Executors.java:572)
	at java.base/java.util.concurrent.FutureTask.run$$$capture(FutureTask.java:317)
	at java.base/java.util.concurrent.FutureTask.run(FutureTask.java)
	at java.base/java.util.concurrent.ScheduledThreadPoolExecutor$ScheduledFutureTask.run(ScheduledThreadPoolExecutor.java:304)
	at java.base/java.util.concurrent.ThreadPoolExecutor.runWorker(ThreadPoolExecutor.java:1144)
	at java.base/java.util.concurrent.ThreadPoolExecutor$Worker.run(ThreadPoolExecutor.java:642)
	at java.base/java.lang.Thread.run(Thread.java:1583)
:2025-08-12 11:24:06.610 ERROR com.alibaba.nacos.client.Worker.0 c.a.c.n.c.NacosConfigDataLoader: Error getting properties from nacos: NacosConfigDataResource{properties=NacosConfigProperties{serverAddr='192.168.0.201:8848', encode='null', group='DEFAULT_GROUP', prefix='null', fileExtension='properties', timeout=3000, maxRetry='null', configLongPollTimeout='null', configRetryTime='null', enableRemoteSyncConfig=false, endpoint='null', namespace='5d42b64c-af69-4a94-8189-c7e890784c35', accessKey='null', secretKey='null', ramRoleName='null', contextPath='null', clusterName='null', name='null'', shares=null, extensions=null, refreshEnabled=true}, optional=false, profiles=[Profiles@5aa4f345 active = '[]', default = '[default]', accepted = '[default]'], config=NacosItemConfig{group='DEFAULT_GROUP', dataId='application-dev.yml', suffix='yml', refreshEnabled=true, preference=null}}
org.yaml.snakeyaml.constructor.DuplicateKeyException: while constructing a mapping
 in 'reader', line 2, column 1:
    jasypt:
    ^
found duplicate key spring
 in 'reader', line 73, column 1:
    spring:
    ^

	at org.yaml.snakeyaml.constructor.SafeConstructor.processDuplicateKeys(SafeConstructor.java:126)
	at org.yaml.snakeyaml.constructor.SafeConstructor.flattenMapping(SafeConstructor.java:78)
	at org.yaml.snakeyaml.constructor.SafeConstructor.flattenMapping(SafeConstructor.java:73)
	at org.yaml.snakeyaml.constructor.SafeConstructor.constructMapping2ndStep(SafeConstructor.java:209)
	at org.yaml.snakeyaml.constructor.BaseConstructor.constructMapping(BaseConstructor.java:552)
	at org.yaml.snakeyaml.constructor.SafeConstructor$ConstructYamlMap.construct(SafeConstructor.java:597)
	at org.yaml.snakeyaml.constructor.BaseConstructor.constructObjectNoCheck(BaseConstructor.java:264)
	at org.yaml.snakeyaml.constructor.BaseConstructor.constructObject(BaseConstructor.java:247)
	at org.springframework.boot.env.OriginTrackedYamlLoader$OriginTrackingConstructor.constructObject(OriginTrackedYamlLoader.java:119)
	at org.yaml.snakeyaml.constructor.BaseConstructor.constructDocument(BaseConstructor.java:201)
	at org.yaml.snakeyaml.constructor.BaseConstructor.getData(BaseConstructor.java:166)
	at org.springframework.boot.env.OriginTrackedYamlLoader$OriginTrackingConstructor.getData(OriginTrackedYamlLoader.java:99)
	at org.yaml.snakeyaml.Yaml$1.next(Yaml.java:529)
	at org.springframework.beans.factory.config.YamlProcessor.process(YamlProcessor.java:203)
	at org.springframework.beans.factory.config.YamlProcessor.process(YamlProcessor.java:169)
	at org.springframework.boot.env.OriginTrackedYamlLoader.load(OriginTrackedYamlLoader.java:84)
	at org.springframework.boot.env.YamlPropertySourceLoader.load(YamlPropertySourceLoader.java:50)
	at com.alibaba.cloud.nacos.parser.NacosDataParserHandler.parseNacosData(NacosDataParserHandler.java:92)
	at com.alibaba.cloud.nacos.configdata.NacosConfigDataLoader.pullConfig(NacosConfigDataLoader.java:146)
	at com.alibaba.cloud.nacos.configdata.NacosConfigDataLoader.doLoad(NacosConfigDataLoader.java:80)
	at com.alibaba.cloud.nacos.configdata.NacosConfigDataLoader.load(NacosConfigDataLoader.java:67)
	at com.alibaba.cloud.nacos.configdata.NacosConfigDataLoader.load(NacosConfigDataLoader.java:56)
	at org.springframework.boot.context.config.ConfigDataLoaders.load(ConfigDataLoaders.java:96)
	at org.springframework.boot.context.config.ConfigDataImporter.load(ConfigDataImporter.java:132)
	at org.springframework.boot.context.config.ConfigDataImporter.resolveAndLoad(ConfigDataImporter.java:87)
	at org.springframework.boot.context.config.ConfigDataEnvironmentContributors.withProcessedImports(ConfigDataEnvironmentContributors.java:121)
	at org.springframework.boot.context.config.ConfigDataEnvironment.processWithProfiles(ConfigDataEnvironment.java:316)
	at org.springframework.boot.context.config.ConfigDataEnvironment.processAndApply(ConfigDataEnvironment.java:237)
	at org.springframework.boot.context.config.ConfigDataEnvironmentPostProcessor.postProcessEnvironment(ConfigDataEnvironmentPostProcessor.java:96)
	at org.springframework.boot.context.config.ConfigDataEnvironmentPostProcessor.postProcessEnvironment(ConfigDataEnvironmentPostProcessor.java:89)
	at org.springframework.cloud.context.refresh.ConfigDataContextRefresher.updateEnvironment(ConfigDataContextRefresher.java:92)
	at org.springframework.cloud.context.refresh.ContextRefresher.refreshEnvironment(ContextRefresher.java:100)
	at org.springframework.cloud.context.refresh.ContextRefresher.refresh(ContextRefresher.java:93)
	at org.springframework.cloud.endpoint.event.RefreshEventListener.handle(RefreshEventListener.java:72)
	at org.springframework.cloud.endpoint.event.RefreshEventListener.onApplicationEvent(RefreshEventListener.java:61)
	at org.springframework.context.event.SimpleApplicationEventMulticaster.doInvokeListener(SimpleApplicationEventMulticaster.java:185)
	at org.springframework.context.event.SimpleApplicationEventMulticaster.invokeListener(SimpleApplicationEventMulticaster.java:178)
	at org.springframework.context.event.SimpleApplicationEventMulticaster.multicastEvent(SimpleApplicationEventMulticaster.java:156)
	at org.springframework.context.support.AbstractApplicationContext.publishEvent(AbstractApplicationContext.java:454)
	at org.springframework.context.support.AbstractApplicationContext.publishEvent(AbstractApplicationContext.java:387)
	at com.alibaba.cloud.nacos.configdata.NacosConfigRefreshEventListener.onApplicationEvent(NacosConfigRefreshEventListener.java:52)
	at org.springframework.context.event.SimpleApplicationEventMulticaster.doInvokeListener(SimpleApplicationEventMulticaster.java:185)
	at org.springframework.context.event.SimpleApplicationEventMulticaster.invokeListener(SimpleApplicationEventMulticaster.java:178)
	at org.springframework.context.event.SimpleApplicationEventMulticaster.multicastEvent(SimpleApplicationEventMulticaster.java:156)
	at org.springframework.context.support.AbstractApplicationContext.publishEvent(AbstractApplicationContext.java:454)
	at org.springframework.context.support.AbstractApplicationContext.publishEvent(AbstractApplicationContext.java:387)
	at com.alibaba.cloud.nacos.refresh.NacosContextRefresher$1.innerReceive(NacosContextRefresher.java:131)
	at com.alibaba.nacos.api.config.listener.AbstractSharedListener.receiveConfigInfo(AbstractSharedListener.java:40)
	at com.alibaba.nacos.client.config.impl.CacheData$1.run(CacheData.java:440)
	at com.alibaba.nacos.client.config.impl.CacheData.safeNotifyListener(CacheData.java:483)
	at com.alibaba.nacos.client.config.impl.CacheData.checkListenerMd5(CacheData.java:324)
	at com.alibaba.nacos.client.config.impl.ClientWorker$ConfigRpcTransportClient.executeConfigListen(ClientWorker.java:819)
	at com.alibaba.nacos.client.config.impl.ClientWorker$ConfigRpcTransportClient.lambda$startInternal$2(ClientWorker.java:779)
	at java.base/java.util.concurrent.Executors$RunnableAdapter.call(Executors.java:572)
	at java.base/java.util.concurrent.FutureTask.run$$$capture(FutureTask.java:317)
	at java.base/java.util.concurrent.FutureTask.run(FutureTask.java)
	at java.base/java.util.concurrent.ScheduledThreadPoolExecutor$ScheduledFutureTask.run(ScheduledThreadPoolExecutor.java:304)
	at java.base/java.util.concurrent.ThreadPoolExecutor.runWorker(ThreadPoolExecutor.java:1144)
	at java.base/java.util.concurrent.ThreadPoolExecutor$Worker.run(ThreadPoolExecutor.java:642)
	at java.base/java.lang.Thread.run(Thread.java:1583)
:2025-08-12 11:24:11.641 ERROR com.alibaba.nacos.client.Worker.0 c.a.c.n.c.NacosConfigDataLoader: Error getting properties from nacos: NacosConfigDataResource{properties=NacosConfigProperties{serverAddr='192.168.0.201:8848', encode='null', group='DEFAULT_GROUP', prefix='null', fileExtension='properties', timeout=3000, maxRetry='null', configLongPollTimeout='null', configRetryTime='null', enableRemoteSyncConfig=false, endpoint='null', namespace='5d42b64c-af69-4a94-8189-c7e890784c35', accessKey='null', secretKey='null', ramRoleName='null', contextPath='null', clusterName='null', name='null'', shares=null, extensions=null, refreshEnabled=true}, optional=false, profiles=[Profiles@72665a23 active = '[]', default = '[default]', accepted = '[default]'], config=NacosItemConfig{group='DEFAULT_GROUP', dataId='application-dev.yml', suffix='yml', refreshEnabled=true, preference=null}}
org.yaml.snakeyaml.constructor.DuplicateKeyException: while constructing a mapping
 in 'reader', line 2, column 1:
    jasypt:
    ^
found duplicate key spring
 in 'reader', line 73, column 1:
    spring:
    ^

	at org.yaml.snakeyaml.constructor.SafeConstructor.processDuplicateKeys(SafeConstructor.java:126)
	at org.yaml.snakeyaml.constructor.SafeConstructor.flattenMapping(SafeConstructor.java:78)
	at org.yaml.snakeyaml.constructor.SafeConstructor.flattenMapping(SafeConstructor.java:73)
	at org.yaml.snakeyaml.constructor.SafeConstructor.constructMapping2ndStep(SafeConstructor.java:209)
	at org.yaml.snakeyaml.constructor.BaseConstructor.constructMapping(BaseConstructor.java:552)
	at org.yaml.snakeyaml.constructor.SafeConstructor$ConstructYamlMap.construct(SafeConstructor.java:597)
	at org.yaml.snakeyaml.constructor.BaseConstructor.constructObjectNoCheck(BaseConstructor.java:264)
	at org.yaml.snakeyaml.constructor.BaseConstructor.constructObject(BaseConstructor.java:247)
	at org.springframework.boot.env.OriginTrackedYamlLoader$OriginTrackingConstructor.constructObject(OriginTrackedYamlLoader.java:119)
	at org.yaml.snakeyaml.constructor.BaseConstructor.constructDocument(BaseConstructor.java:201)
	at org.yaml.snakeyaml.constructor.BaseConstructor.getData(BaseConstructor.java:166)
	at org.springframework.boot.env.OriginTrackedYamlLoader$OriginTrackingConstructor.getData(OriginTrackedYamlLoader.java:99)
	at org.yaml.snakeyaml.Yaml$1.next(Yaml.java:529)
	at org.springframework.beans.factory.config.YamlProcessor.process(YamlProcessor.java:203)
	at org.springframework.beans.factory.config.YamlProcessor.process(YamlProcessor.java:169)
	at org.springframework.boot.env.OriginTrackedYamlLoader.load(OriginTrackedYamlLoader.java:84)
	at org.springframework.boot.env.YamlPropertySourceLoader.load(YamlPropertySourceLoader.java:50)
	at com.alibaba.cloud.nacos.parser.NacosDataParserHandler.parseNacosData(NacosDataParserHandler.java:92)
	at com.alibaba.cloud.nacos.configdata.NacosConfigDataLoader.pullConfig(NacosConfigDataLoader.java:146)
	at com.alibaba.cloud.nacos.configdata.NacosConfigDataLoader.doLoad(NacosConfigDataLoader.java:80)
	at com.alibaba.cloud.nacos.configdata.NacosConfigDataLoader.load(NacosConfigDataLoader.java:67)
	at com.alibaba.cloud.nacos.configdata.NacosConfigDataLoader.load(NacosConfigDataLoader.java:56)
	at org.springframework.boot.context.config.ConfigDataLoaders.load(ConfigDataLoaders.java:96)
	at org.springframework.boot.context.config.ConfigDataImporter.load(ConfigDataImporter.java:132)
	at org.springframework.boot.context.config.ConfigDataImporter.resolveAndLoad(ConfigDataImporter.java:87)
	at org.springframework.boot.context.config.ConfigDataEnvironmentContributors.withProcessedImports(ConfigDataEnvironmentContributors.java:121)
	at org.springframework.boot.context.config.ConfigDataEnvironment.processWithProfiles(ConfigDataEnvironment.java:316)
	at org.springframework.boot.context.config.ConfigDataEnvironment.processAndApply(ConfigDataEnvironment.java:237)
	at org.springframework.boot.context.config.ConfigDataEnvironmentPostProcessor.postProcessEnvironment(ConfigDataEnvironmentPostProcessor.java:96)
	at org.springframework.boot.context.config.ConfigDataEnvironmentPostProcessor.postProcessEnvironment(ConfigDataEnvironmentPostProcessor.java:89)
	at org.springframework.cloud.context.refresh.ConfigDataContextRefresher.updateEnvironment(ConfigDataContextRefresher.java:92)
	at org.springframework.cloud.context.refresh.ContextRefresher.refreshEnvironment(ContextRefresher.java:100)
	at org.springframework.cloud.context.refresh.ContextRefresher.refresh(ContextRefresher.java:93)
	at org.springframework.cloud.endpoint.event.RefreshEventListener.handle(RefreshEventListener.java:72)
	at org.springframework.cloud.endpoint.event.RefreshEventListener.onApplicationEvent(RefreshEventListener.java:61)
	at org.springframework.context.event.SimpleApplicationEventMulticaster.doInvokeListener(SimpleApplicationEventMulticaster.java:185)
	at org.springframework.context.event.SimpleApplicationEventMulticaster.invokeListener(SimpleApplicationEventMulticaster.java:178)
	at org.springframework.context.event.SimpleApplicationEventMulticaster.multicastEvent(SimpleApplicationEventMulticaster.java:156)
	at org.springframework.context.support.AbstractApplicationContext.publishEvent(AbstractApplicationContext.java:454)
	at org.springframework.context.support.AbstractApplicationContext.publishEvent(AbstractApplicationContext.java:387)
	at com.alibaba.cloud.nacos.configdata.NacosConfigRefreshEventListener.onApplicationEvent(NacosConfigRefreshEventListener.java:52)
	at org.springframework.context.event.SimpleApplicationEventMulticaster.doInvokeListener(SimpleApplicationEventMulticaster.java:185)
	at org.springframework.context.event.SimpleApplicationEventMulticaster.invokeListener(SimpleApplicationEventMulticaster.java:178)
	at org.springframework.context.event.SimpleApplicationEventMulticaster.multicastEvent(SimpleApplicationEventMulticaster.java:156)
	at org.springframework.context.support.AbstractApplicationContext.publishEvent(AbstractApplicationContext.java:454)
	at org.springframework.context.support.AbstractApplicationContext.publishEvent(AbstractApplicationContext.java:387)
	at com.alibaba.cloud.nacos.refresh.NacosContextRefresher$1.innerReceive(NacosContextRefresher.java:131)
	at com.alibaba.nacos.api.config.listener.AbstractSharedListener.receiveConfigInfo(AbstractSharedListener.java:40)
	at com.alibaba.nacos.client.config.impl.CacheData$1.run(CacheData.java:440)
	at com.alibaba.nacos.client.config.impl.CacheData.safeNotifyListener(CacheData.java:483)
	at com.alibaba.nacos.client.config.impl.CacheData.checkListenerMd5(CacheData.java:324)
	at com.alibaba.nacos.client.config.impl.ClientWorker$ConfigRpcTransportClient.executeConfigListen(ClientWorker.java:819)
	at com.alibaba.nacos.client.config.impl.ClientWorker$ConfigRpcTransportClient.lambda$startInternal$2(ClientWorker.java:779)
	at java.base/java.util.concurrent.Executors$RunnableAdapter.call(Executors.java:572)
	at java.base/java.util.concurrent.FutureTask.run$$$capture(FutureTask.java:317)
	at java.base/java.util.concurrent.FutureTask.run(FutureTask.java)
	at java.base/java.util.concurrent.ScheduledThreadPoolExecutor$ScheduledFutureTask.run(ScheduledThreadPoolExecutor.java:304)
	at java.base/java.util.concurrent.ThreadPoolExecutor.runWorker(ThreadPoolExecutor.java:1144)
	at java.base/java.util.concurrent.ThreadPoolExecutor$Worker.run(ThreadPoolExecutor.java:642)
	at java.base/java.lang.Thread.run(Thread.java:1583)
:2025-08-12 11:24:16.672 ERROR com.alibaba.nacos.client.Worker.0 c.a.c.n.c.NacosConfigDataLoader: Error getting properties from nacos: NacosConfigDataResource{properties=NacosConfigProperties{serverAddr='192.168.0.201:8848', encode='null', group='DEFAULT_GROUP', prefix='null', fileExtension='properties', timeout=3000, maxRetry='null', configLongPollTimeout='null', configRetryTime='null', enableRemoteSyncConfig=false, endpoint='null', namespace='5d42b64c-af69-4a94-8189-c7e890784c35', accessKey='null', secretKey='null', ramRoleName='null', contextPath='null', clusterName='null', name='null'', shares=null, extensions=null, refreshEnabled=true}, optional=false, profiles=[Profiles@5ba1a22e active = '[]', default = '[default]', accepted = '[default]'], config=NacosItemConfig{group='DEFAULT_GROUP', dataId='application-dev.yml', suffix='yml', refreshEnabled=true, preference=null}}
org.yaml.snakeyaml.constructor.DuplicateKeyException: while constructing a mapping
 in 'reader', line 2, column 1:
    jasypt:
    ^
found duplicate key spring
 in 'reader', line 73, column 1:
    spring:
    ^

	at org.yaml.snakeyaml.constructor.SafeConstructor.processDuplicateKeys(SafeConstructor.java:126)
	at org.yaml.snakeyaml.constructor.SafeConstructor.flattenMapping(SafeConstructor.java:78)
	at org.yaml.snakeyaml.constructor.SafeConstructor.flattenMapping(SafeConstructor.java:73)
	at org.yaml.snakeyaml.constructor.SafeConstructor.constructMapping2ndStep(SafeConstructor.java:209)
	at org.yaml.snakeyaml.constructor.BaseConstructor.constructMapping(BaseConstructor.java:552)
	at org.yaml.snakeyaml.constructor.SafeConstructor$ConstructYamlMap.construct(SafeConstructor.java:597)
	at org.yaml.snakeyaml.constructor.BaseConstructor.constructObjectNoCheck(BaseConstructor.java:264)
	at org.yaml.snakeyaml.constructor.BaseConstructor.constructObject(BaseConstructor.java:247)
	at org.springframework.boot.env.OriginTrackedYamlLoader$OriginTrackingConstructor.constructObject(OriginTrackedYamlLoader.java:119)
	at org.yaml.snakeyaml.constructor.BaseConstructor.constructDocument(BaseConstructor.java:201)
	at org.yaml.snakeyaml.constructor.BaseConstructor.getData(BaseConstructor.java:166)
	at org.springframework.boot.env.OriginTrackedYamlLoader$OriginTrackingConstructor.getData(OriginTrackedYamlLoader.java:99)
	at org.yaml.snakeyaml.Yaml$1.next(Yaml.java:529)
	at org.springframework.beans.factory.config.YamlProcessor.process(YamlProcessor.java:203)
	at org.springframework.beans.factory.config.YamlProcessor.process(YamlProcessor.java:169)
	at org.springframework.boot.env.OriginTrackedYamlLoader.load(OriginTrackedYamlLoader.java:84)
	at org.springframework.boot.env.YamlPropertySourceLoader.load(YamlPropertySourceLoader.java:50)
	at com.alibaba.cloud.nacos.parser.NacosDataParserHandler.parseNacosData(NacosDataParserHandler.java:92)
	at com.alibaba.cloud.nacos.configdata.NacosConfigDataLoader.pullConfig(NacosConfigDataLoader.java:146)
	at com.alibaba.cloud.nacos.configdata.NacosConfigDataLoader.doLoad(NacosConfigDataLoader.java:80)
	at com.alibaba.cloud.nacos.configdata.NacosConfigDataLoader.load(NacosConfigDataLoader.java:67)
	at com.alibaba.cloud.nacos.configdata.NacosConfigDataLoader.load(NacosConfigDataLoader.java:56)
	at org.springframework.boot.context.config.ConfigDataLoaders.load(ConfigDataLoaders.java:96)
	at org.springframework.boot.context.config.ConfigDataImporter.load(ConfigDataImporter.java:132)
	at org.springframework.boot.context.config.ConfigDataImporter.resolveAndLoad(ConfigDataImporter.java:87)
	at org.springframework.boot.context.config.ConfigDataEnvironmentContributors.withProcessedImports(ConfigDataEnvironmentContributors.java:121)
	at org.springframework.boot.context.config.ConfigDataEnvironment.processWithProfiles(ConfigDataEnvironment.java:316)
	at org.springframework.boot.context.config.ConfigDataEnvironment.processAndApply(ConfigDataEnvironment.java:237)
	at org.springframework.boot.context.config.ConfigDataEnvironmentPostProcessor.postProcessEnvironment(ConfigDataEnvironmentPostProcessor.java:96)
	at org.springframework.boot.context.config.ConfigDataEnvironmentPostProcessor.postProcessEnvironment(ConfigDataEnvironmentPostProcessor.java:89)
	at org.springframework.cloud.context.refresh.ConfigDataContextRefresher.updateEnvironment(ConfigDataContextRefresher.java:92)
	at org.springframework.cloud.context.refresh.ContextRefresher.refreshEnvironment(ContextRefresher.java:100)
	at org.springframework.cloud.context.refresh.ContextRefresher.refresh(ContextRefresher.java:93)
	at org.springframework.cloud.endpoint.event.RefreshEventListener.handle(RefreshEventListener.java:72)
	at org.springframework.cloud.endpoint.event.RefreshEventListener.onApplicationEvent(RefreshEventListener.java:61)
	at org.springframework.context.event.SimpleApplicationEventMulticaster.doInvokeListener(SimpleApplicationEventMulticaster.java:185)
	at org.springframework.context.event.SimpleApplicationEventMulticaster.invokeListener(SimpleApplicationEventMulticaster.java:178)
	at org.springframework.context.event.SimpleApplicationEventMulticaster.multicastEvent(SimpleApplicationEventMulticaster.java:156)
	at org.springframework.context.support.AbstractApplicationContext.publishEvent(AbstractApplicationContext.java:454)
	at org.springframework.context.support.AbstractApplicationContext.publishEvent(AbstractApplicationContext.java:387)
	at com.alibaba.cloud.nacos.configdata.NacosConfigRefreshEventListener.onApplicationEvent(NacosConfigRefreshEventListener.java:52)
	at org.springframework.context.event.SimpleApplicationEventMulticaster.doInvokeListener(SimpleApplicationEventMulticaster.java:185)
	at org.springframework.context.event.SimpleApplicationEventMulticaster.invokeListener(SimpleApplicationEventMulticaster.java:178)
	at org.springframework.context.event.SimpleApplicationEventMulticaster.multicastEvent(SimpleApplicationEventMulticaster.java:156)
	at org.springframework.context.support.AbstractApplicationContext.publishEvent(AbstractApplicationContext.java:454)
	at org.springframework.context.support.AbstractApplicationContext.publishEvent(AbstractApplicationContext.java:387)
	at com.alibaba.cloud.nacos.refresh.NacosContextRefresher$1.innerReceive(NacosContextRefresher.java:131)
	at com.alibaba.nacos.api.config.listener.AbstractSharedListener.receiveConfigInfo(AbstractSharedListener.java:40)
	at com.alibaba.nacos.client.config.impl.CacheData$1.run(CacheData.java:440)
	at com.alibaba.nacos.client.config.impl.CacheData.safeNotifyListener(CacheData.java:483)
	at com.alibaba.nacos.client.config.impl.CacheData.checkListenerMd5(CacheData.java:324)
	at com.alibaba.nacos.client.config.impl.ClientWorker$ConfigRpcTransportClient.executeConfigListen(ClientWorker.java:819)
	at com.alibaba.nacos.client.config.impl.ClientWorker$ConfigRpcTransportClient.lambda$startInternal$2(ClientWorker.java:779)
	at java.base/java.util.concurrent.Executors$RunnableAdapter.call(Executors.java:572)
	at java.base/java.util.concurrent.FutureTask.run$$$capture(FutureTask.java:317)
	at java.base/java.util.concurrent.FutureTask.run(FutureTask.java)
	at java.base/java.util.concurrent.ScheduledThreadPoolExecutor$ScheduledFutureTask.run(ScheduledThreadPoolExecutor.java:304)
	at java.base/java.util.concurrent.ThreadPoolExecutor.runWorker(ThreadPoolExecutor.java:1144)
	at java.base/java.util.concurrent.ThreadPoolExecutor$Worker.run(ThreadPoolExecutor.java:642)
	at java.base/java.lang.Thread.run(Thread.java:1583)
:2025-08-12 11:24:21.717 ERROR com.alibaba.nacos.client.Worker.0 c.a.c.n.c.NacosConfigDataLoader: Error getting properties from nacos: NacosConfigDataResource{properties=NacosConfigProperties{serverAddr='192.168.0.201:8848', encode='null', group='DEFAULT_GROUP', prefix='null', fileExtension='properties', timeout=3000, maxRetry='null', configLongPollTimeout='null', configRetryTime='null', enableRemoteSyncConfig=false, endpoint='null', namespace='5d42b64c-af69-4a94-8189-c7e890784c35', accessKey='null', secretKey='null', ramRoleName='null', contextPath='null', clusterName='null', name='null'', shares=null, extensions=null, refreshEnabled=true}, optional=false, profiles=[Profiles@cd9659a active = '[]', default = '[default]', accepted = '[default]'], config=NacosItemConfig{group='DEFAULT_GROUP', dataId='application-dev.yml', suffix='yml', refreshEnabled=true, preference=null}}
org.yaml.snakeyaml.constructor.DuplicateKeyException: while constructing a mapping
 in 'reader', line 2, column 1:
    jasypt:
    ^
found duplicate key spring
 in 'reader', line 73, column 1:
    spring:
    ^

	at org.yaml.snakeyaml.constructor.SafeConstructor.processDuplicateKeys(SafeConstructor.java:126)
	at org.yaml.snakeyaml.constructor.SafeConstructor.flattenMapping(SafeConstructor.java:78)
	at org.yaml.snakeyaml.constructor.SafeConstructor.flattenMapping(SafeConstructor.java:73)
	at org.yaml.snakeyaml.constructor.SafeConstructor.constructMapping2ndStep(SafeConstructor.java:209)
	at org.yaml.snakeyaml.constructor.BaseConstructor.constructMapping(BaseConstructor.java:552)
	at org.yaml.snakeyaml.constructor.SafeConstructor$ConstructYamlMap.construct(SafeConstructor.java:597)
	at org.yaml.snakeyaml.constructor.BaseConstructor.constructObjectNoCheck(BaseConstructor.java:264)
	at org.yaml.snakeyaml.constructor.BaseConstructor.constructObject(BaseConstructor.java:247)
	at org.springframework.boot.env.OriginTrackedYamlLoader$OriginTrackingConstructor.constructObject(OriginTrackedYamlLoader.java:119)
	at org.yaml.snakeyaml.constructor.BaseConstructor.constructDocument(BaseConstructor.java:201)
	at org.yaml.snakeyaml.constructor.BaseConstructor.getData(BaseConstructor.java:166)
	at org.springframework.boot.env.OriginTrackedYamlLoader$OriginTrackingConstructor.getData(OriginTrackedYamlLoader.java:99)
	at org.yaml.snakeyaml.Yaml$1.next(Yaml.java:529)
	at org.springframework.beans.factory.config.YamlProcessor.process(YamlProcessor.java:203)
	at org.springframework.beans.factory.config.YamlProcessor.process(YamlProcessor.java:169)
	at org.springframework.boot.env.OriginTrackedYamlLoader.load(OriginTrackedYamlLoader.java:84)
	at org.springframework.boot.env.YamlPropertySourceLoader.load(YamlPropertySourceLoader.java:50)
	at com.alibaba.cloud.nacos.parser.NacosDataParserHandler.parseNacosData(NacosDataParserHandler.java:92)
	at com.alibaba.cloud.nacos.configdata.NacosConfigDataLoader.pullConfig(NacosConfigDataLoader.java:146)
	at com.alibaba.cloud.nacos.configdata.NacosConfigDataLoader.doLoad(NacosConfigDataLoader.java:80)
	at com.alibaba.cloud.nacos.configdata.NacosConfigDataLoader.load(NacosConfigDataLoader.java:67)
	at com.alibaba.cloud.nacos.configdata.NacosConfigDataLoader.load(NacosConfigDataLoader.java:56)
	at org.springframework.boot.context.config.ConfigDataLoaders.load(ConfigDataLoaders.java:96)
	at org.springframework.boot.context.config.ConfigDataImporter.load(ConfigDataImporter.java:132)
	at org.springframework.boot.context.config.ConfigDataImporter.resolveAndLoad(ConfigDataImporter.java:87)
	at org.springframework.boot.context.config.ConfigDataEnvironmentContributors.withProcessedImports(ConfigDataEnvironmentContributors.java:121)
	at org.springframework.boot.context.config.ConfigDataEnvironment.processWithProfiles(ConfigDataEnvironment.java:316)
	at org.springframework.boot.context.config.ConfigDataEnvironment.processAndApply(ConfigDataEnvironment.java:237)
	at org.springframework.boot.context.config.ConfigDataEnvironmentPostProcessor.postProcessEnvironment(ConfigDataEnvironmentPostProcessor.java:96)
	at org.springframework.boot.context.config.ConfigDataEnvironmentPostProcessor.postProcessEnvironment(ConfigDataEnvironmentPostProcessor.java:89)
	at org.springframework.cloud.context.refresh.ConfigDataContextRefresher.updateEnvironment(ConfigDataContextRefresher.java:92)
	at org.springframework.cloud.context.refresh.ContextRefresher.refreshEnvironment(ContextRefresher.java:100)
	at org.springframework.cloud.context.refresh.ContextRefresher.refresh(ContextRefresher.java:93)
	at org.springframework.cloud.endpoint.event.RefreshEventListener.handle(RefreshEventListener.java:72)
	at org.springframework.cloud.endpoint.event.RefreshEventListener.onApplicationEvent(RefreshEventListener.java:61)
	at org.springframework.context.event.SimpleApplicationEventMulticaster.doInvokeListener(SimpleApplicationEventMulticaster.java:185)
	at org.springframework.context.event.SimpleApplicationEventMulticaster.invokeListener(SimpleApplicationEventMulticaster.java:178)
	at org.springframework.context.event.SimpleApplicationEventMulticaster.multicastEvent(SimpleApplicationEventMulticaster.java:156)
	at org.springframework.context.support.AbstractApplicationContext.publishEvent(AbstractApplicationContext.java:454)
	at org.springframework.context.support.AbstractApplicationContext.publishEvent(AbstractApplicationContext.java:387)
	at com.alibaba.cloud.nacos.configdata.NacosConfigRefreshEventListener.onApplicationEvent(NacosConfigRefreshEventListener.java:52)
	at org.springframework.context.event.SimpleApplicationEventMulticaster.doInvokeListener(SimpleApplicationEventMulticaster.java:185)
	at org.springframework.context.event.SimpleApplicationEventMulticaster.invokeListener(SimpleApplicationEventMulticaster.java:178)
	at org.springframework.context.event.SimpleApplicationEventMulticaster.multicastEvent(SimpleApplicationEventMulticaster.java:156)
	at org.springframework.context.support.AbstractApplicationContext.publishEvent(AbstractApplicationContext.java:454)
	at org.springframework.context.support.AbstractApplicationContext.publishEvent(AbstractApplicationContext.java:387)
	at com.alibaba.cloud.nacos.refresh.NacosContextRefresher$1.innerReceive(NacosContextRefresher.java:131)
	at com.alibaba.nacos.api.config.listener.AbstractSharedListener.receiveConfigInfo(AbstractSharedListener.java:40)
	at com.alibaba.nacos.client.config.impl.CacheData$1.run(CacheData.java:440)
	at com.alibaba.nacos.client.config.impl.CacheData.safeNotifyListener(CacheData.java:483)
	at com.alibaba.nacos.client.config.impl.CacheData.checkListenerMd5(CacheData.java:324)
	at com.alibaba.nacos.client.config.impl.ClientWorker$ConfigRpcTransportClient.executeConfigListen(ClientWorker.java:819)
	at com.alibaba.nacos.client.config.impl.ClientWorker$ConfigRpcTransportClient.lambda$startInternal$2(ClientWorker.java:779)
	at java.base/java.util.concurrent.Executors$RunnableAdapter.call(Executors.java:572)
	at java.base/java.util.concurrent.FutureTask.run$$$capture(FutureTask.java:317)
	at java.base/java.util.concurrent.FutureTask.run(FutureTask.java)
	at java.base/java.util.concurrent.ScheduledThreadPoolExecutor$ScheduledFutureTask.run(ScheduledThreadPoolExecutor.java:304)
	at java.base/java.util.concurrent.ThreadPoolExecutor.runWorker(ThreadPoolExecutor.java:1144)
	at java.base/java.util.concurrent.ThreadPoolExecutor$Worker.run(ThreadPoolExecutor.java:642)
	at java.base/java.lang.Thread.run(Thread.java:1583)
:2025-08-12 11:24:26.759 ERROR com.alibaba.nacos.client.Worker.0 c.a.c.n.c.NacosConfigDataLoader: Error getting properties from nacos: NacosConfigDataResource{properties=NacosConfigProperties{serverAddr='192.168.0.201:8848', encode='null', group='DEFAULT_GROUP', prefix='null', fileExtension='properties', timeout=3000, maxRetry='null', configLongPollTimeout='null', configRetryTime='null', enableRemoteSyncConfig=false, endpoint='null', namespace='5d42b64c-af69-4a94-8189-c7e890784c35', accessKey='null', secretKey='null', ramRoleName='null', contextPath='null', clusterName='null', name='null'', shares=null, extensions=null, refreshEnabled=true}, optional=false, profiles=[Profiles@36cf93d2 active = '[]', default = '[default]', accepted = '[default]'], config=NacosItemConfig{group='DEFAULT_GROUP', dataId='application-dev.yml', suffix='yml', refreshEnabled=true, preference=null}}
org.yaml.snakeyaml.constructor.DuplicateKeyException: while constructing a mapping
 in 'reader', line 2, column 1:
    jasypt:
    ^
found duplicate key spring
 in 'reader', line 73, column 1:
    spring:
    ^

	at org.yaml.snakeyaml.constructor.SafeConstructor.processDuplicateKeys(SafeConstructor.java:126)
	at org.yaml.snakeyaml.constructor.SafeConstructor.flattenMapping(SafeConstructor.java:78)
	at org.yaml.snakeyaml.constructor.SafeConstructor.flattenMapping(SafeConstructor.java:73)
	at org.yaml.snakeyaml.constructor.SafeConstructor.constructMapping2ndStep(SafeConstructor.java:209)
	at org.yaml.snakeyaml.constructor.BaseConstructor.constructMapping(BaseConstructor.java:552)
	at org.yaml.snakeyaml.constructor.SafeConstructor$ConstructYamlMap.construct(SafeConstructor.java:597)
	at org.yaml.snakeyaml.constructor.BaseConstructor.constructObjectNoCheck(BaseConstructor.java:264)
	at org.yaml.snakeyaml.constructor.BaseConstructor.constructObject(BaseConstructor.java:247)
	at org.springframework.boot.env.OriginTrackedYamlLoader$OriginTrackingConstructor.constructObject(OriginTrackedYamlLoader.java:119)
	at org.yaml.snakeyaml.constructor.BaseConstructor.constructDocument(BaseConstructor.java:201)
	at org.yaml.snakeyaml.constructor.BaseConstructor.getData(BaseConstructor.java:166)
	at org.springframework.boot.env.OriginTrackedYamlLoader$OriginTrackingConstructor.getData(OriginTrackedYamlLoader.java:99)
	at org.yaml.snakeyaml.Yaml$1.next(Yaml.java:529)
	at org.springframework.beans.factory.config.YamlProcessor.process(YamlProcessor.java:203)
	at org.springframework.beans.factory.config.YamlProcessor.process(YamlProcessor.java:169)
	at org.springframework.boot.env.OriginTrackedYamlLoader.load(OriginTrackedYamlLoader.java:84)
	at org.springframework.boot.env.YamlPropertySourceLoader.load(YamlPropertySourceLoader.java:50)
	at com.alibaba.cloud.nacos.parser.NacosDataParserHandler.parseNacosData(NacosDataParserHandler.java:92)
	at com.alibaba.cloud.nacos.configdata.NacosConfigDataLoader.pullConfig(NacosConfigDataLoader.java:146)
	at com.alibaba.cloud.nacos.configdata.NacosConfigDataLoader.doLoad(NacosConfigDataLoader.java:80)
	at com.alibaba.cloud.nacos.configdata.NacosConfigDataLoader.load(NacosConfigDataLoader.java:67)
	at com.alibaba.cloud.nacos.configdata.NacosConfigDataLoader.load(NacosConfigDataLoader.java:56)
	at org.springframework.boot.context.config.ConfigDataLoaders.load(ConfigDataLoaders.java:96)
	at org.springframework.boot.context.config.ConfigDataImporter.load(ConfigDataImporter.java:132)
	at org.springframework.boot.context.config.ConfigDataImporter.resolveAndLoad(ConfigDataImporter.java:87)
	at org.springframework.boot.context.config.ConfigDataEnvironmentContributors.withProcessedImports(ConfigDataEnvironmentContributors.java:121)
	at org.springframework.boot.context.config.ConfigDataEnvironment.processWithProfiles(ConfigDataEnvironment.java:316)
	at org.springframework.boot.context.config.ConfigDataEnvironment.processAndApply(ConfigDataEnvironment.java:237)
	at org.springframework.boot.context.config.ConfigDataEnvironmentPostProcessor.postProcessEnvironment(ConfigDataEnvironmentPostProcessor.java:96)
	at org.springframework.boot.context.config.ConfigDataEnvironmentPostProcessor.postProcessEnvironment(ConfigDataEnvironmentPostProcessor.java:89)
	at org.springframework.cloud.context.refresh.ConfigDataContextRefresher.updateEnvironment(ConfigDataContextRefresher.java:92)
	at org.springframework.cloud.context.refresh.ContextRefresher.refreshEnvironment(ContextRefresher.java:100)
	at org.springframework.cloud.context.refresh.ContextRefresher.refresh(ContextRefresher.java:93)
	at org.springframework.cloud.endpoint.event.RefreshEventListener.handle(RefreshEventListener.java:72)
	at org.springframework.cloud.endpoint.event.RefreshEventListener.onApplicationEvent(RefreshEventListener.java:61)
	at org.springframework.context.event.SimpleApplicationEventMulticaster.doInvokeListener(SimpleApplicationEventMulticaster.java:185)
	at org.springframework.context.event.SimpleApplicationEventMulticaster.invokeListener(SimpleApplicationEventMulticaster.java:178)
	at org.springframework.context.event.SimpleApplicationEventMulticaster.multicastEvent(SimpleApplicationEventMulticaster.java:156)
	at org.springframework.context.support.AbstractApplicationContext.publishEvent(AbstractApplicationContext.java:454)
	at org.springframework.context.support.AbstractApplicationContext.publishEvent(AbstractApplicationContext.java:387)
	at com.alibaba.cloud.nacos.configdata.NacosConfigRefreshEventListener.onApplicationEvent(NacosConfigRefreshEventListener.java:52)
	at org.springframework.context.event.SimpleApplicationEventMulticaster.doInvokeListener(SimpleApplicationEventMulticaster.java:185)
	at org.springframework.context.event.SimpleApplicationEventMulticaster.invokeListener(SimpleApplicationEventMulticaster.java:178)
	at org.springframework.context.event.SimpleApplicationEventMulticaster.multicastEvent(SimpleApplicationEventMulticaster.java:156)
	at org.springframework.context.support.AbstractApplicationContext.publishEvent(AbstractApplicationContext.java:454)
	at org.springframework.context.support.AbstractApplicationContext.publishEvent(AbstractApplicationContext.java:387)
	at com.alibaba.cloud.nacos.refresh.NacosContextRefresher$1.innerReceive(NacosContextRefresher.java:131)
	at com.alibaba.nacos.api.config.listener.AbstractSharedListener.receiveConfigInfo(AbstractSharedListener.java:40)
	at com.alibaba.nacos.client.config.impl.CacheData$1.run(CacheData.java:440)
	at com.alibaba.nacos.client.config.impl.CacheData.safeNotifyListener(CacheData.java:483)
	at com.alibaba.nacos.client.config.impl.CacheData.checkListenerMd5(CacheData.java:324)
	at com.alibaba.nacos.client.config.impl.ClientWorker$ConfigRpcTransportClient.executeConfigListen(ClientWorker.java:819)
	at com.alibaba.nacos.client.config.impl.ClientWorker$ConfigRpcTransportClient.lambda$startInternal$2(ClientWorker.java:779)
	at java.base/java.util.concurrent.Executors$RunnableAdapter.call(Executors.java:572)
	at java.base/java.util.concurrent.FutureTask.run$$$capture(FutureTask.java:317)
	at java.base/java.util.concurrent.FutureTask.run(FutureTask.java)
	at java.base/java.util.concurrent.ScheduledThreadPoolExecutor$ScheduledFutureTask.run(ScheduledThreadPoolExecutor.java:304)
	at java.base/java.util.concurrent.ThreadPoolExecutor.runWorker(ThreadPoolExecutor.java:1144)
	at java.base/java.util.concurrent.ThreadPoolExecutor$Worker.run(ThreadPoolExecutor.java:642)
	at java.base/java.lang.Thread.run(Thread.java:1583)
:2025-08-12 11:24:31.807 ERROR com.alibaba.nacos.client.Worker.0 c.a.c.n.c.NacosConfigDataLoader: Error getting properties from nacos: NacosConfigDataResource{properties=NacosConfigProperties{serverAddr='192.168.0.201:8848', encode='null', group='DEFAULT_GROUP', prefix='null', fileExtension='properties', timeout=3000, maxRetry='null', configLongPollTimeout='null', configRetryTime='null', enableRemoteSyncConfig=false, endpoint='null', namespace='5d42b64c-af69-4a94-8189-c7e890784c35', accessKey='null', secretKey='null', ramRoleName='null', contextPath='null', clusterName='null', name='null'', shares=null, extensions=null, refreshEnabled=true}, optional=false, profiles=[Profiles@7ff109ef active = '[]', default = '[default]', accepted = '[default]'], config=NacosItemConfig{group='DEFAULT_GROUP', dataId='application-dev.yml', suffix='yml', refreshEnabled=true, preference=null}}
org.yaml.snakeyaml.constructor.DuplicateKeyException: while constructing a mapping
 in 'reader', line 2, column 1:
    jasypt:
    ^
found duplicate key spring
 in 'reader', line 73, column 1:
    spring:
    ^

	at org.yaml.snakeyaml.constructor.SafeConstructor.processDuplicateKeys(SafeConstructor.java:126)
	at org.yaml.snakeyaml.constructor.SafeConstructor.flattenMapping(SafeConstructor.java:78)
	at org.yaml.snakeyaml.constructor.SafeConstructor.flattenMapping(SafeConstructor.java:73)
	at org.yaml.snakeyaml.constructor.SafeConstructor.constructMapping2ndStep(SafeConstructor.java:209)
	at org.yaml.snakeyaml.constructor.BaseConstructor.constructMapping(BaseConstructor.java:552)
	at org.yaml.snakeyaml.constructor.SafeConstructor$ConstructYamlMap.construct(SafeConstructor.java:597)
	at org.yaml.snakeyaml.constructor.BaseConstructor.constructObjectNoCheck(BaseConstructor.java:264)
	at org.yaml.snakeyaml.constructor.BaseConstructor.constructObject(BaseConstructor.java:247)
	at org.springframework.boot.env.OriginTrackedYamlLoader$OriginTrackingConstructor.constructObject(OriginTrackedYamlLoader.java:119)
	at org.yaml.snakeyaml.constructor.BaseConstructor.constructDocument(BaseConstructor.java:201)
	at org.yaml.snakeyaml.constructor.BaseConstructor.getData(BaseConstructor.java:166)
	at org.springframework.boot.env.OriginTrackedYamlLoader$OriginTrackingConstructor.getData(OriginTrackedYamlLoader.java:99)
	at org.yaml.snakeyaml.Yaml$1.next(Yaml.java:529)
	at org.springframework.beans.factory.config.YamlProcessor.process(YamlProcessor.java:203)
	at org.springframework.beans.factory.config.YamlProcessor.process(YamlProcessor.java:169)
	at org.springframework.boot.env.OriginTrackedYamlLoader.load(OriginTrackedYamlLoader.java:84)
	at org.springframework.boot.env.YamlPropertySourceLoader.load(YamlPropertySourceLoader.java:50)
	at com.alibaba.cloud.nacos.parser.NacosDataParserHandler.parseNacosData(NacosDataParserHandler.java:92)
	at com.alibaba.cloud.nacos.configdata.NacosConfigDataLoader.pullConfig(NacosConfigDataLoader.java:146)
	at com.alibaba.cloud.nacos.configdata.NacosConfigDataLoader.doLoad(NacosConfigDataLoader.java:80)
	at com.alibaba.cloud.nacos.configdata.NacosConfigDataLoader.load(NacosConfigDataLoader.java:67)
	at com.alibaba.cloud.nacos.configdata.NacosConfigDataLoader.load(NacosConfigDataLoader.java:56)
	at org.springframework.boot.context.config.ConfigDataLoaders.load(ConfigDataLoaders.java:96)
	at org.springframework.boot.context.config.ConfigDataImporter.load(ConfigDataImporter.java:132)
	at org.springframework.boot.context.config.ConfigDataImporter.resolveAndLoad(ConfigDataImporter.java:87)
	at org.springframework.boot.context.config.ConfigDataEnvironmentContributors.withProcessedImports(ConfigDataEnvironmentContributors.java:121)
	at org.springframework.boot.context.config.ConfigDataEnvironment.processWithProfiles(ConfigDataEnvironment.java:316)
	at org.springframework.boot.context.config.ConfigDataEnvironment.processAndApply(ConfigDataEnvironment.java:237)
	at org.springframework.boot.context.config.ConfigDataEnvironmentPostProcessor.postProcessEnvironment(ConfigDataEnvironmentPostProcessor.java:96)
	at org.springframework.boot.context.config.ConfigDataEnvironmentPostProcessor.postProcessEnvironment(ConfigDataEnvironmentPostProcessor.java:89)
	at org.springframework.cloud.context.refresh.ConfigDataContextRefresher.updateEnvironment(ConfigDataContextRefresher.java:92)
	at org.springframework.cloud.context.refresh.ContextRefresher.refreshEnvironment(ContextRefresher.java:100)
	at org.springframework.cloud.context.refresh.ContextRefresher.refresh(ContextRefresher.java:93)
	at org.springframework.cloud.endpoint.event.RefreshEventListener.handle(RefreshEventListener.java:72)
	at org.springframework.cloud.endpoint.event.RefreshEventListener.onApplicationEvent(RefreshEventListener.java:61)
	at org.springframework.context.event.SimpleApplicationEventMulticaster.doInvokeListener(SimpleApplicationEventMulticaster.java:185)
	at org.springframework.context.event.SimpleApplicationEventMulticaster.invokeListener(SimpleApplicationEventMulticaster.java:178)
	at org.springframework.context.event.SimpleApplicationEventMulticaster.multicastEvent(SimpleApplicationEventMulticaster.java:156)
	at org.springframework.context.support.AbstractApplicationContext.publishEvent(AbstractApplicationContext.java:454)
	at org.springframework.context.support.AbstractApplicationContext.publishEvent(AbstractApplicationContext.java:387)
	at com.alibaba.cloud.nacos.configdata.NacosConfigRefreshEventListener.onApplicationEvent(NacosConfigRefreshEventListener.java:52)
	at org.springframework.context.event.SimpleApplicationEventMulticaster.doInvokeListener(SimpleApplicationEventMulticaster.java:185)
	at org.springframework.context.event.SimpleApplicationEventMulticaster.invokeListener(SimpleApplicationEventMulticaster.java:178)
	at org.springframework.context.event.SimpleApplicationEventMulticaster.multicastEvent(SimpleApplicationEventMulticaster.java:156)
	at org.springframework.context.support.AbstractApplicationContext.publishEvent(AbstractApplicationContext.java:454)
	at org.springframework.context.support.AbstractApplicationContext.publishEvent(AbstractApplicationContext.java:387)
	at com.alibaba.cloud.nacos.refresh.NacosContextRefresher$1.innerReceive(NacosContextRefresher.java:131)
	at com.alibaba.nacos.api.config.listener.AbstractSharedListener.receiveConfigInfo(AbstractSharedListener.java:40)
	at com.alibaba.nacos.client.config.impl.CacheData$1.run(CacheData.java:440)
	at com.alibaba.nacos.client.config.impl.CacheData.safeNotifyListener(CacheData.java:483)
	at com.alibaba.nacos.client.config.impl.CacheData.checkListenerMd5(CacheData.java:324)
	at com.alibaba.nacos.client.config.impl.ClientWorker$ConfigRpcTransportClient.executeConfigListen(ClientWorker.java:819)
	at com.alibaba.nacos.client.config.impl.ClientWorker$ConfigRpcTransportClient.lambda$startInternal$2(ClientWorker.java:779)
	at java.base/java.util.concurrent.Executors$RunnableAdapter.call(Executors.java:572)
	at java.base/java.util.concurrent.FutureTask.run$$$capture(FutureTask.java:317)
	at java.base/java.util.concurrent.FutureTask.run(FutureTask.java)
	at java.base/java.util.concurrent.ScheduledThreadPoolExecutor$ScheduledFutureTask.run(ScheduledThreadPoolExecutor.java:304)
	at java.base/java.util.concurrent.ThreadPoolExecutor.runWorker(ThreadPoolExecutor.java:1144)
	at java.base/java.util.concurrent.ThreadPoolExecutor$Worker.run(ThreadPoolExecutor.java:642)
	at java.base/java.lang.Thread.run(Thread.java:1583)
:2025-08-12 11:24:36.852 ERROR com.alibaba.nacos.client.Worker.0 c.a.c.n.c.NacosConfigDataLoader: Error getting properties from nacos: NacosConfigDataResource{properties=NacosConfigProperties{serverAddr='192.168.0.201:8848', encode='null', group='DEFAULT_GROUP', prefix='null', fileExtension='properties', timeout=3000, maxRetry='null', configLongPollTimeout='null', configRetryTime='null', enableRemoteSyncConfig=false, endpoint='null', namespace='5d42b64c-af69-4a94-8189-c7e890784c35', accessKey='null', secretKey='null', ramRoleName='null', contextPath='null', clusterName='null', name='null'', shares=null, extensions=null, refreshEnabled=true}, optional=false, profiles=[Profiles@7ccaf2d9 active = '[]', default = '[default]', accepted = '[default]'], config=NacosItemConfig{group='DEFAULT_GROUP', dataId='application-dev.yml', suffix='yml', refreshEnabled=true, preference=null}}
org.yaml.snakeyaml.constructor.DuplicateKeyException: while constructing a mapping
 in 'reader', line 2, column 1:
    jasypt:
    ^
found duplicate key spring
 in 'reader', line 73, column 1:
    spring:
    ^

	at org.yaml.snakeyaml.constructor.SafeConstructor.processDuplicateKeys(SafeConstructor.java:126)
	at org.yaml.snakeyaml.constructor.SafeConstructor.flattenMapping(SafeConstructor.java:78)
	at org.yaml.snakeyaml.constructor.SafeConstructor.flattenMapping(SafeConstructor.java:73)
	at org.yaml.snakeyaml.constructor.SafeConstructor.constructMapping2ndStep(SafeConstructor.java:209)
	at org.yaml.snakeyaml.constructor.BaseConstructor.constructMapping(BaseConstructor.java:552)
	at org.yaml.snakeyaml.constructor.SafeConstructor$ConstructYamlMap.construct(SafeConstructor.java:597)
	at org.yaml.snakeyaml.constructor.BaseConstructor.constructObjectNoCheck(BaseConstructor.java:264)
	at org.yaml.snakeyaml.constructor.BaseConstructor.constructObject(BaseConstructor.java:247)
	at org.springframework.boot.env.OriginTrackedYamlLoader$OriginTrackingConstructor.constructObject(OriginTrackedYamlLoader.java:119)
	at org.yaml.snakeyaml.constructor.BaseConstructor.constructDocument(BaseConstructor.java:201)
	at org.yaml.snakeyaml.constructor.BaseConstructor.getData(BaseConstructor.java:166)
	at org.springframework.boot.env.OriginTrackedYamlLoader$OriginTrackingConstructor.getData(OriginTrackedYamlLoader.java:99)
	at org.yaml.snakeyaml.Yaml$1.next(Yaml.java:529)
	at org.springframework.beans.factory.config.YamlProcessor.process(YamlProcessor.java:203)
	at org.springframework.beans.factory.config.YamlProcessor.process(YamlProcessor.java:169)
	at org.springframework.boot.env.OriginTrackedYamlLoader.load(OriginTrackedYamlLoader.java:84)
	at org.springframework.boot.env.YamlPropertySourceLoader.load(YamlPropertySourceLoader.java:50)
	at com.alibaba.cloud.nacos.parser.NacosDataParserHandler.parseNacosData(NacosDataParserHandler.java:92)
	at com.alibaba.cloud.nacos.configdata.NacosConfigDataLoader.pullConfig(NacosConfigDataLoader.java:146)
	at com.alibaba.cloud.nacos.configdata.NacosConfigDataLoader.doLoad(NacosConfigDataLoader.java:80)
	at com.alibaba.cloud.nacos.configdata.NacosConfigDataLoader.load(NacosConfigDataLoader.java:67)
	at com.alibaba.cloud.nacos.configdata.NacosConfigDataLoader.load(NacosConfigDataLoader.java:56)
	at org.springframework.boot.context.config.ConfigDataLoaders.load(ConfigDataLoaders.java:96)
	at org.springframework.boot.context.config.ConfigDataImporter.load(ConfigDataImporter.java:132)
	at org.springframework.boot.context.config.ConfigDataImporter.resolveAndLoad(ConfigDataImporter.java:87)
	at org.springframework.boot.context.config.ConfigDataEnvironmentContributors.withProcessedImports(ConfigDataEnvironmentContributors.java:121)
	at org.springframework.boot.context.config.ConfigDataEnvironment.processWithProfiles(ConfigDataEnvironment.java:316)
	at org.springframework.boot.context.config.ConfigDataEnvironment.processAndApply(ConfigDataEnvironment.java:237)
	at org.springframework.boot.context.config.ConfigDataEnvironmentPostProcessor.postProcessEnvironment(ConfigDataEnvironmentPostProcessor.java:96)
	at org.springframework.boot.context.config.ConfigDataEnvironmentPostProcessor.postProcessEnvironment(ConfigDataEnvironmentPostProcessor.java:89)
	at org.springframework.cloud.context.refresh.ConfigDataContextRefresher.updateEnvironment(ConfigDataContextRefresher.java:92)
	at org.springframework.cloud.context.refresh.ContextRefresher.refreshEnvironment(ContextRefresher.java:100)
	at org.springframework.cloud.context.refresh.ContextRefresher.refresh(ContextRefresher.java:93)
	at org.springframework.cloud.endpoint.event.RefreshEventListener.handle(RefreshEventListener.java:72)
	at org.springframework.cloud.endpoint.event.RefreshEventListener.onApplicationEvent(RefreshEventListener.java:61)
	at org.springframework.context.event.SimpleApplicationEventMulticaster.doInvokeListener(SimpleApplicationEventMulticaster.java:185)
	at org.springframework.context.event.SimpleApplicationEventMulticaster.invokeListener(SimpleApplicationEventMulticaster.java:178)
	at org.springframework.context.event.SimpleApplicationEventMulticaster.multicastEvent(SimpleApplicationEventMulticaster.java:156)
	at org.springframework.context.support.AbstractApplicationContext.publishEvent(AbstractApplicationContext.java:454)
	at org.springframework.context.support.AbstractApplicationContext.publishEvent(AbstractApplicationContext.java:387)
	at com.alibaba.cloud.nacos.configdata.NacosConfigRefreshEventListener.onApplicationEvent(NacosConfigRefreshEventListener.java:52)
	at org.springframework.context.event.SimpleApplicationEventMulticaster.doInvokeListener(SimpleApplicationEventMulticaster.java:185)
	at org.springframework.context.event.SimpleApplicationEventMulticaster.invokeListener(SimpleApplicationEventMulticaster.java:178)
	at org.springframework.context.event.SimpleApplicationEventMulticaster.multicastEvent(SimpleApplicationEventMulticaster.java:156)
	at org.springframework.context.support.AbstractApplicationContext.publishEvent(AbstractApplicationContext.java:454)
	at org.springframework.context.support.AbstractApplicationContext.publishEvent(AbstractApplicationContext.java:387)
	at com.alibaba.cloud.nacos.refresh.NacosContextRefresher$1.innerReceive(NacosContextRefresher.java:131)
	at com.alibaba.nacos.api.config.listener.AbstractSharedListener.receiveConfigInfo(AbstractSharedListener.java:40)
	at com.alibaba.nacos.client.config.impl.CacheData$1.run(CacheData.java:440)
	at com.alibaba.nacos.client.config.impl.CacheData.safeNotifyListener(CacheData.java:483)
	at com.alibaba.nacos.client.config.impl.CacheData.checkListenerMd5(CacheData.java:324)
	at com.alibaba.nacos.client.config.impl.ClientWorker$ConfigRpcTransportClient.executeConfigListen(ClientWorker.java:819)
	at com.alibaba.nacos.client.config.impl.ClientWorker$ConfigRpcTransportClient.lambda$startInternal$2(ClientWorker.java:779)
	at java.base/java.util.concurrent.Executors$RunnableAdapter.call(Executors.java:572)
	at java.base/java.util.concurrent.FutureTask.run$$$capture(FutureTask.java:317)
	at java.base/java.util.concurrent.FutureTask.run(FutureTask.java)
	at java.base/java.util.concurrent.ScheduledThreadPoolExecutor$ScheduledFutureTask.run(ScheduledThreadPoolExecutor.java:304)
	at java.base/java.util.concurrent.ThreadPoolExecutor.runWorker(ThreadPoolExecutor.java:1144)
	at java.base/java.util.concurrent.ThreadPoolExecutor$Worker.run(ThreadPoolExecutor.java:642)
	at java.base/java.lang.Thread.run(Thread.java:1583)
:2025-08-12 11:24:41.897 ERROR com.alibaba.nacos.client.Worker.0 c.a.c.n.c.NacosConfigDataLoader: Error getting properties from nacos: NacosConfigDataResource{properties=NacosConfigProperties{serverAddr='192.168.0.201:8848', encode='null', group='DEFAULT_GROUP', prefix='null', fileExtension='properties', timeout=3000, maxRetry='null', configLongPollTimeout='null', configRetryTime='null', enableRemoteSyncConfig=false, endpoint='null', namespace='5d42b64c-af69-4a94-8189-c7e890784c35', accessKey='null', secretKey='null', ramRoleName='null', contextPath='null', clusterName='null', name='null'', shares=null, extensions=null, refreshEnabled=true}, optional=false, profiles=[Profiles@342466ef active = '[]', default = '[default]', accepted = '[default]'], config=NacosItemConfig{group='DEFAULT_GROUP', dataId='application-dev.yml', suffix='yml', refreshEnabled=true, preference=null}}
org.yaml.snakeyaml.constructor.DuplicateKeyException: while constructing a mapping
 in 'reader', line 2, column 1:
    jasypt:
    ^
found duplicate key spring
 in 'reader', line 73, column 1:
    spring:
    ^

	at org.yaml.snakeyaml.constructor.SafeConstructor.processDuplicateKeys(SafeConstructor.java:126)
	at org.yaml.snakeyaml.constructor.SafeConstructor.flattenMapping(SafeConstructor.java:78)
	at org.yaml.snakeyaml.constructor.SafeConstructor.flattenMapping(SafeConstructor.java:73)
	at org.yaml.snakeyaml.constructor.SafeConstructor.constructMapping2ndStep(SafeConstructor.java:209)
	at org.yaml.snakeyaml.constructor.BaseConstructor.constructMapping(BaseConstructor.java:552)
	at org.yaml.snakeyaml.constructor.SafeConstructor$ConstructYamlMap.construct(SafeConstructor.java:597)
	at org.yaml.snakeyaml.constructor.BaseConstructor.constructObjectNoCheck(BaseConstructor.java:264)
	at org.yaml.snakeyaml.constructor.BaseConstructor.constructObject(BaseConstructor.java:247)
	at org.springframework.boot.env.OriginTrackedYamlLoader$OriginTrackingConstructor.constructObject(OriginTrackedYamlLoader.java:119)
	at org.yaml.snakeyaml.constructor.BaseConstructor.constructDocument(BaseConstructor.java:201)
	at org.yaml.snakeyaml.constructor.BaseConstructor.getData(BaseConstructor.java:166)
	at org.springframework.boot.env.OriginTrackedYamlLoader$OriginTrackingConstructor.getData(OriginTrackedYamlLoader.java:99)
	at org.yaml.snakeyaml.Yaml$1.next(Yaml.java:529)
	at org.springframework.beans.factory.config.YamlProcessor.process(YamlProcessor.java:203)
	at org.springframework.beans.factory.config.YamlProcessor.process(YamlProcessor.java:169)
	at org.springframework.boot.env.OriginTrackedYamlLoader.load(OriginTrackedYamlLoader.java:84)
	at org.springframework.boot.env.YamlPropertySourceLoader.load(YamlPropertySourceLoader.java:50)
	at com.alibaba.cloud.nacos.parser.NacosDataParserHandler.parseNacosData(NacosDataParserHandler.java:92)
	at com.alibaba.cloud.nacos.configdata.NacosConfigDataLoader.pullConfig(NacosConfigDataLoader.java:146)
	at com.alibaba.cloud.nacos.configdata.NacosConfigDataLoader.doLoad(NacosConfigDataLoader.java:80)
	at com.alibaba.cloud.nacos.configdata.NacosConfigDataLoader.load(NacosConfigDataLoader.java:67)
	at com.alibaba.cloud.nacos.configdata.NacosConfigDataLoader.load(NacosConfigDataLoader.java:56)
	at org.springframework.boot.context.config.ConfigDataLoaders.load(ConfigDataLoaders.java:96)
	at org.springframework.boot.context.config.ConfigDataImporter.load(ConfigDataImporter.java:132)
	at org.springframework.boot.context.config.ConfigDataImporter.resolveAndLoad(ConfigDataImporter.java:87)
	at org.springframework.boot.context.config.ConfigDataEnvironmentContributors.withProcessedImports(ConfigDataEnvironmentContributors.java:121)
	at org.springframework.boot.context.config.ConfigDataEnvironment.processWithProfiles(ConfigDataEnvironment.java:316)
	at org.springframework.boot.context.config.ConfigDataEnvironment.processAndApply(ConfigDataEnvironment.java:237)
	at org.springframework.boot.context.config.ConfigDataEnvironmentPostProcessor.postProcessEnvironment(ConfigDataEnvironmentPostProcessor.java:96)
	at org.springframework.boot.context.config.ConfigDataEnvironmentPostProcessor.postProcessEnvironment(ConfigDataEnvironmentPostProcessor.java:89)
	at org.springframework.cloud.context.refresh.ConfigDataContextRefresher.updateEnvironment(ConfigDataContextRefresher.java:92)
	at org.springframework.cloud.context.refresh.ContextRefresher.refreshEnvironment(ContextRefresher.java:100)
	at org.springframework.cloud.context.refresh.ContextRefresher.refresh(ContextRefresher.java:93)
	at org.springframework.cloud.endpoint.event.RefreshEventListener.handle(RefreshEventListener.java:72)
	at org.springframework.cloud.endpoint.event.RefreshEventListener.onApplicationEvent(RefreshEventListener.java:61)
	at org.springframework.context.event.SimpleApplicationEventMulticaster.doInvokeListener(SimpleApplicationEventMulticaster.java:185)
	at org.springframework.context.event.SimpleApplicationEventMulticaster.invokeListener(SimpleApplicationEventMulticaster.java:178)
	at org.springframework.context.event.SimpleApplicationEventMulticaster.multicastEvent(SimpleApplicationEventMulticaster.java:156)
	at org.springframework.context.support.AbstractApplicationContext.publishEvent(AbstractApplicationContext.java:454)
	at org.springframework.context.support.AbstractApplicationContext.publishEvent(AbstractApplicationContext.java:387)
	at com.alibaba.cloud.nacos.configdata.NacosConfigRefreshEventListener.onApplicationEvent(NacosConfigRefreshEventListener.java:52)
	at org.springframework.context.event.SimpleApplicationEventMulticaster.doInvokeListener(SimpleApplicationEventMulticaster.java:185)
	at org.springframework.context.event.SimpleApplicationEventMulticaster.invokeListener(SimpleApplicationEventMulticaster.java:178)
	at org.springframework.context.event.SimpleApplicationEventMulticaster.multicastEvent(SimpleApplicationEventMulticaster.java:156)
	at org.springframework.context.support.AbstractApplicationContext.publishEvent(AbstractApplicationContext.java:454)
	at org.springframework.context.support.AbstractApplicationContext.publishEvent(AbstractApplicationContext.java:387)
	at com.alibaba.cloud.nacos.refresh.NacosContextRefresher$1.innerReceive(NacosContextRefresher.java:131)
	at com.alibaba.nacos.api.config.listener.AbstractSharedListener.receiveConfigInfo(AbstractSharedListener.java:40)
	at com.alibaba.nacos.client.config.impl.CacheData$1.run(CacheData.java:440)
	at com.alibaba.nacos.client.config.impl.CacheData.safeNotifyListener(CacheData.java:483)
	at com.alibaba.nacos.client.config.impl.CacheData.checkListenerMd5(CacheData.java:324)
	at com.alibaba.nacos.client.config.impl.ClientWorker$ConfigRpcTransportClient.executeConfigListen(ClientWorker.java:819)
	at com.alibaba.nacos.client.config.impl.ClientWorker$ConfigRpcTransportClient.lambda$startInternal$2(ClientWorker.java:779)
	at java.base/java.util.concurrent.Executors$RunnableAdapter.call(Executors.java:572)
	at java.base/java.util.concurrent.FutureTask.run$$$capture(FutureTask.java:317)
	at java.base/java.util.concurrent.FutureTask.run(FutureTask.java)
	at java.base/java.util.concurrent.ScheduledThreadPoolExecutor$ScheduledFutureTask.run(ScheduledThreadPoolExecutor.java:304)
	at java.base/java.util.concurrent.ThreadPoolExecutor.runWorker(ThreadPoolExecutor.java:1144)
	at java.base/java.util.concurrent.ThreadPoolExecutor$Worker.run(ThreadPoolExecutor.java:642)
	at java.base/java.lang.Thread.run(Thread.java:1583)
:2025-08-12 11:24:46.935 ERROR com.alibaba.nacos.client.Worker.0 c.a.c.n.c.NacosConfigDataLoader: Error getting properties from nacos: NacosConfigDataResource{properties=NacosConfigProperties{serverAddr='192.168.0.201:8848', encode='null', group='DEFAULT_GROUP', prefix='null', fileExtension='properties', timeout=3000, maxRetry='null', configLongPollTimeout='null', configRetryTime='null', enableRemoteSyncConfig=false, endpoint='null', namespace='5d42b64c-af69-4a94-8189-c7e890784c35', accessKey='null', secretKey='null', ramRoleName='null', contextPath='null', clusterName='null', name='null'', shares=null, extensions=null, refreshEnabled=true}, optional=false, profiles=[Profiles@79859864 active = '[]', default = '[default]', accepted = '[default]'], config=NacosItemConfig{group='DEFAULT_GROUP', dataId='application-dev.yml', suffix='yml', refreshEnabled=true, preference=null}}
org.yaml.snakeyaml.constructor.DuplicateKeyException: while constructing a mapping
 in 'reader', line 2, column 1:
    jasypt:
    ^
found duplicate key spring
 in 'reader', line 73, column 1:
    spring:
    ^

	at org.yaml.snakeyaml.constructor.SafeConstructor.processDuplicateKeys(SafeConstructor.java:126)
	at org.yaml.snakeyaml.constructor.SafeConstructor.flattenMapping(SafeConstructor.java:78)
	at org.yaml.snakeyaml.constructor.SafeConstructor.flattenMapping(SafeConstructor.java:73)
	at org.yaml.snakeyaml.constructor.SafeConstructor.constructMapping2ndStep(SafeConstructor.java:209)
	at org.yaml.snakeyaml.constructor.BaseConstructor.constructMapping(BaseConstructor.java:552)
	at org.yaml.snakeyaml.constructor.SafeConstructor$ConstructYamlMap.construct(SafeConstructor.java:597)
	at org.yaml.snakeyaml.constructor.BaseConstructor.constructObjectNoCheck(BaseConstructor.java:264)
	at org.yaml.snakeyaml.constructor.BaseConstructor.constructObject(BaseConstructor.java:247)
	at org.springframework.boot.env.OriginTrackedYamlLoader$OriginTrackingConstructor.constructObject(OriginTrackedYamlLoader.java:119)
	at org.yaml.snakeyaml.constructor.BaseConstructor.constructDocument(BaseConstructor.java:201)
	at org.yaml.snakeyaml.constructor.BaseConstructor.getData(BaseConstructor.java:166)
	at org.springframework.boot.env.OriginTrackedYamlLoader$OriginTrackingConstructor.getData(OriginTrackedYamlLoader.java:99)
	at org.yaml.snakeyaml.Yaml$1.next(Yaml.java:529)
	at org.springframework.beans.factory.config.YamlProcessor.process(YamlProcessor.java:203)
	at org.springframework.beans.factory.config.YamlProcessor.process(YamlProcessor.java:169)
	at org.springframework.boot.env.OriginTrackedYamlLoader.load(OriginTrackedYamlLoader.java:84)
	at org.springframework.boot.env.YamlPropertySourceLoader.load(YamlPropertySourceLoader.java:50)
	at com.alibaba.cloud.nacos.parser.NacosDataParserHandler.parseNacosData(NacosDataParserHandler.java:92)
	at com.alibaba.cloud.nacos.configdata.NacosConfigDataLoader.pullConfig(NacosConfigDataLoader.java:146)
	at com.alibaba.cloud.nacos.configdata.NacosConfigDataLoader.doLoad(NacosConfigDataLoader.java:80)
	at com.alibaba.cloud.nacos.configdata.NacosConfigDataLoader.load(NacosConfigDataLoader.java:67)
	at com.alibaba.cloud.nacos.configdata.NacosConfigDataLoader.load(NacosConfigDataLoader.java:56)
	at org.springframework.boot.context.config.ConfigDataLoaders.load(ConfigDataLoaders.java:96)
	at org.springframework.boot.context.config.ConfigDataImporter.load(ConfigDataImporter.java:132)
	at org.springframework.boot.context.config.ConfigDataImporter.resolveAndLoad(ConfigDataImporter.java:87)
	at org.springframework.boot.context.config.ConfigDataEnvironmentContributors.withProcessedImports(ConfigDataEnvironmentContributors.java:121)
	at org.springframework.boot.context.config.ConfigDataEnvironment.processWithProfiles(ConfigDataEnvironment.java:316)
	at org.springframework.boot.context.config.ConfigDataEnvironment.processAndApply(ConfigDataEnvironment.java:237)
	at org.springframework.boot.context.config.ConfigDataEnvironmentPostProcessor.postProcessEnvironment(ConfigDataEnvironmentPostProcessor.java:96)
	at org.springframework.boot.context.config.ConfigDataEnvironmentPostProcessor.postProcessEnvironment(ConfigDataEnvironmentPostProcessor.java:89)
	at org.springframework.cloud.context.refresh.ConfigDataContextRefresher.updateEnvironment(ConfigDataContextRefresher.java:92)
	at org.springframework.cloud.context.refresh.ContextRefresher.refreshEnvironment(ContextRefresher.java:100)
	at org.springframework.cloud.context.refresh.ContextRefresher.refresh(ContextRefresher.java:93)
	at org.springframework.cloud.endpoint.event.RefreshEventListener.handle(RefreshEventListener.java:72)
	at org.springframework.cloud.endpoint.event.RefreshEventListener.onApplicationEvent(RefreshEventListener.java:61)
	at org.springframework.context.event.SimpleApplicationEventMulticaster.doInvokeListener(SimpleApplicationEventMulticaster.java:185)
	at org.springframework.context.event.SimpleApplicationEventMulticaster.invokeListener(SimpleApplicationEventMulticaster.java:178)
	at org.springframework.context.event.SimpleApplicationEventMulticaster.multicastEvent(SimpleApplicationEventMulticaster.java:156)
	at org.springframework.context.support.AbstractApplicationContext.publishEvent(AbstractApplicationContext.java:454)
	at org.springframework.context.support.AbstractApplicationContext.publishEvent(AbstractApplicationContext.java:387)
	at com.alibaba.cloud.nacos.configdata.NacosConfigRefreshEventListener.onApplicationEvent(NacosConfigRefreshEventListener.java:52)
	at org.springframework.context.event.SimpleApplicationEventMulticaster.doInvokeListener(SimpleApplicationEventMulticaster.java:185)
	at org.springframework.context.event.SimpleApplicationEventMulticaster.invokeListener(SimpleApplicationEventMulticaster.java:178)
	at org.springframework.context.event.SimpleApplicationEventMulticaster.multicastEvent(SimpleApplicationEventMulticaster.java:156)
	at org.springframework.context.support.AbstractApplicationContext.publishEvent(AbstractApplicationContext.java:454)
	at org.springframework.context.support.AbstractApplicationContext.publishEvent(AbstractApplicationContext.java:387)
	at com.alibaba.cloud.nacos.refresh.NacosContextRefresher$1.innerReceive(NacosContextRefresher.java:131)
	at com.alibaba.nacos.api.config.listener.AbstractSharedListener.receiveConfigInfo(AbstractSharedListener.java:40)
	at com.alibaba.nacos.client.config.impl.CacheData$1.run(CacheData.java:440)
	at com.alibaba.nacos.client.config.impl.CacheData.safeNotifyListener(CacheData.java:483)
	at com.alibaba.nacos.client.config.impl.CacheData.checkListenerMd5(CacheData.java:324)
	at com.alibaba.nacos.client.config.impl.ClientWorker$ConfigRpcTransportClient.executeConfigListen(ClientWorker.java:819)
	at com.alibaba.nacos.client.config.impl.ClientWorker$ConfigRpcTransportClient.lambda$startInternal$2(ClientWorker.java:779)
	at java.base/java.util.concurrent.Executors$RunnableAdapter.call(Executors.java:572)
	at java.base/java.util.concurrent.FutureTask.run$$$capture(FutureTask.java:317)
	at java.base/java.util.concurrent.FutureTask.run(FutureTask.java)
	at java.base/java.util.concurrent.ScheduledThreadPoolExecutor$ScheduledFutureTask.run(ScheduledThreadPoolExecutor.java:304)
	at java.base/java.util.concurrent.ThreadPoolExecutor.runWorker(ThreadPoolExecutor.java:1144)
	at java.base/java.util.concurrent.ThreadPoolExecutor$Worker.run(ThreadPoolExecutor.java:642)
	at java.base/java.lang.Thread.run(Thread.java:1583)
:2025-08-12 11:24:51.984 ERROR com.alibaba.nacos.client.Worker.0 c.a.c.n.c.NacosConfigDataLoader: Error getting properties from nacos: NacosConfigDataResource{properties=NacosConfigProperties{serverAddr='192.168.0.201:8848', encode='null', group='DEFAULT_GROUP', prefix='null', fileExtension='properties', timeout=3000, maxRetry='null', configLongPollTimeout='null', configRetryTime='null', enableRemoteSyncConfig=false, endpoint='null', namespace='5d42b64c-af69-4a94-8189-c7e890784c35', accessKey='null', secretKey='null', ramRoleName='null', contextPath='null', clusterName='null', name='null'', shares=null, extensions=null, refreshEnabled=true}, optional=false, profiles=[Profiles@7cff4bb2 active = '[]', default = '[default]', accepted = '[default]'], config=NacosItemConfig{group='DEFAULT_GROUP', dataId='application-dev.yml', suffix='yml', refreshEnabled=true, preference=null}}
org.yaml.snakeyaml.constructor.DuplicateKeyException: while constructing a mapping
 in 'reader', line 2, column 1:
    jasypt:
    ^
found duplicate key spring
 in 'reader', line 73, column 1:
    spring:
    ^

	at org.yaml.snakeyaml.constructor.SafeConstructor.processDuplicateKeys(SafeConstructor.java:126)
	at org.yaml.snakeyaml.constructor.SafeConstructor.flattenMapping(SafeConstructor.java:78)
	at org.yaml.snakeyaml.constructor.SafeConstructor.flattenMapping(SafeConstructor.java:73)
	at org.yaml.snakeyaml.constructor.SafeConstructor.constructMapping2ndStep(SafeConstructor.java:209)
	at org.yaml.snakeyaml.constructor.BaseConstructor.constructMapping(BaseConstructor.java:552)
	at org.yaml.snakeyaml.constructor.SafeConstructor$ConstructYamlMap.construct(SafeConstructor.java:597)
	at org.yaml.snakeyaml.constructor.BaseConstructor.constructObjectNoCheck(BaseConstructor.java:264)
	at org.yaml.snakeyaml.constructor.BaseConstructor.constructObject(BaseConstructor.java:247)
	at org.springframework.boot.env.OriginTrackedYamlLoader$OriginTrackingConstructor.constructObject(OriginTrackedYamlLoader.java:119)
	at org.yaml.snakeyaml.constructor.BaseConstructor.constructDocument(BaseConstructor.java:201)
	at org.yaml.snakeyaml.constructor.BaseConstructor.getData(BaseConstructor.java:166)
	at org.springframework.boot.env.OriginTrackedYamlLoader$OriginTrackingConstructor.getData(OriginTrackedYamlLoader.java:99)
	at org.yaml.snakeyaml.Yaml$1.next(Yaml.java:529)
	at org.springframework.beans.factory.config.YamlProcessor.process(YamlProcessor.java:203)
	at org.springframework.beans.factory.config.YamlProcessor.process(YamlProcessor.java:169)
	at org.springframework.boot.env.OriginTrackedYamlLoader.load(OriginTrackedYamlLoader.java:84)
	at org.springframework.boot.env.YamlPropertySourceLoader.load(YamlPropertySourceLoader.java:50)
	at com.alibaba.cloud.nacos.parser.NacosDataParserHandler.parseNacosData(NacosDataParserHandler.java:92)
	at com.alibaba.cloud.nacos.configdata.NacosConfigDataLoader.pullConfig(NacosConfigDataLoader.java:146)
	at com.alibaba.cloud.nacos.configdata.NacosConfigDataLoader.doLoad(NacosConfigDataLoader.java:80)
	at com.alibaba.cloud.nacos.configdata.NacosConfigDataLoader.load(NacosConfigDataLoader.java:67)
	at com.alibaba.cloud.nacos.configdata.NacosConfigDataLoader.load(NacosConfigDataLoader.java:56)
	at org.springframework.boot.context.config.ConfigDataLoaders.load(ConfigDataLoaders.java:96)
	at org.springframework.boot.context.config.ConfigDataImporter.load(ConfigDataImporter.java:132)
	at org.springframework.boot.context.config.ConfigDataImporter.resolveAndLoad(ConfigDataImporter.java:87)
	at org.springframework.boot.context.config.ConfigDataEnvironmentContributors.withProcessedImports(ConfigDataEnvironmentContributors.java:121)
	at org.springframework.boot.context.config.ConfigDataEnvironment.processWithProfiles(ConfigDataEnvironment.java:316)
	at org.springframework.boot.context.config.ConfigDataEnvironment.processAndApply(ConfigDataEnvironment.java:237)
	at org.springframework.boot.context.config.ConfigDataEnvironmentPostProcessor.postProcessEnvironment(ConfigDataEnvironmentPostProcessor.java:96)
	at org.springframework.boot.context.config.ConfigDataEnvironmentPostProcessor.postProcessEnvironment(ConfigDataEnvironmentPostProcessor.java:89)
	at org.springframework.cloud.context.refresh.ConfigDataContextRefresher.updateEnvironment(ConfigDataContextRefresher.java:92)
	at org.springframework.cloud.context.refresh.ContextRefresher.refreshEnvironment(ContextRefresher.java:100)
	at org.springframework.cloud.context.refresh.ContextRefresher.refresh(ContextRefresher.java:93)
	at org.springframework.cloud.endpoint.event.RefreshEventListener.handle(RefreshEventListener.java:72)
	at org.springframework.cloud.endpoint.event.RefreshEventListener.onApplicationEvent(RefreshEventListener.java:61)
	at org.springframework.context.event.SimpleApplicationEventMulticaster.doInvokeListener(SimpleApplicationEventMulticaster.java:185)
	at org.springframework.context.event.SimpleApplicationEventMulticaster.invokeListener(SimpleApplicationEventMulticaster.java:178)
	at org.springframework.context.event.SimpleApplicationEventMulticaster.multicastEvent(SimpleApplicationEventMulticaster.java:156)
	at org.springframework.context.support.AbstractApplicationContext.publishEvent(AbstractApplicationContext.java:454)
	at org.springframework.context.support.AbstractApplicationContext.publishEvent(AbstractApplicationContext.java:387)
	at com.alibaba.cloud.nacos.configdata.NacosConfigRefreshEventListener.onApplicationEvent(NacosConfigRefreshEventListener.java:52)
	at org.springframework.context.event.SimpleApplicationEventMulticaster.doInvokeListener(SimpleApplicationEventMulticaster.java:185)
	at org.springframework.context.event.SimpleApplicationEventMulticaster.invokeListener(SimpleApplicationEventMulticaster.java:178)
	at org.springframework.context.event.SimpleApplicationEventMulticaster.multicastEvent(SimpleApplicationEventMulticaster.java:156)
	at org.springframework.context.support.AbstractApplicationContext.publishEvent(AbstractApplicationContext.java:454)
	at org.springframework.context.support.AbstractApplicationContext.publishEvent(AbstractApplicationContext.java:387)
	at com.alibaba.cloud.nacos.refresh.NacosContextRefresher$1.innerReceive(NacosContextRefresher.java:131)
	at com.alibaba.nacos.api.config.listener.AbstractSharedListener.receiveConfigInfo(AbstractSharedListener.java:40)
	at com.alibaba.nacos.client.config.impl.CacheData$1.run(CacheData.java:440)
	at com.alibaba.nacos.client.config.impl.CacheData.safeNotifyListener(CacheData.java:483)
	at com.alibaba.nacos.client.config.impl.CacheData.checkListenerMd5(CacheData.java:324)
	at com.alibaba.nacos.client.config.impl.ClientWorker$ConfigRpcTransportClient.executeConfigListen(ClientWorker.java:819)
	at com.alibaba.nacos.client.config.impl.ClientWorker$ConfigRpcTransportClient.lambda$startInternal$2(ClientWorker.java:779)
	at java.base/java.util.concurrent.Executors$RunnableAdapter.call(Executors.java:572)
	at java.base/java.util.concurrent.FutureTask.run$$$capture(FutureTask.java:317)
	at java.base/java.util.concurrent.FutureTask.run(FutureTask.java)
	at java.base/java.util.concurrent.ScheduledThreadPoolExecutor$ScheduledFutureTask.run(ScheduledThreadPoolExecutor.java:304)
	at java.base/java.util.concurrent.ThreadPoolExecutor.runWorker(ThreadPoolExecutor.java:1144)
	at java.base/java.util.concurrent.ThreadPoolExecutor$Worker.run(ThreadPoolExecutor.java:642)
	at java.base/java.lang.Thread.run(Thread.java:1583)
:2025-08-12 11:24:57.026 ERROR com.alibaba.nacos.client.Worker.0 c.a.c.n.c.NacosConfigDataLoader: Error getting properties from nacos: NacosConfigDataResource{properties=NacosConfigProperties{serverAddr='192.168.0.201:8848', encode='null', group='DEFAULT_GROUP', prefix='null', fileExtension='properties', timeout=3000, maxRetry='null', configLongPollTimeout='null', configRetryTime='null', enableRemoteSyncConfig=false, endpoint='null', namespace='5d42b64c-af69-4a94-8189-c7e890784c35', accessKey='null', secretKey='null', ramRoleName='null', contextPath='null', clusterName='null', name='null'', shares=null, extensions=null, refreshEnabled=true}, optional=false, profiles=[Profiles@25f5f7e2 active = '[]', default = '[default]', accepted = '[default]'], config=NacosItemConfig{group='DEFAULT_GROUP', dataId='application-dev.yml', suffix='yml', refreshEnabled=true, preference=null}}
org.yaml.snakeyaml.constructor.DuplicateKeyException: while constructing a mapping
 in 'reader', line 2, column 1:
    jasypt:
    ^
found duplicate key spring
 in 'reader', line 73, column 1:
    spring:
    ^

	at org.yaml.snakeyaml.constructor.SafeConstructor.processDuplicateKeys(SafeConstructor.java:126)
	at org.yaml.snakeyaml.constructor.SafeConstructor.flattenMapping(SafeConstructor.java:78)
	at org.yaml.snakeyaml.constructor.SafeConstructor.flattenMapping(SafeConstructor.java:73)
	at org.yaml.snakeyaml.constructor.SafeConstructor.constructMapping2ndStep(SafeConstructor.java:209)
	at org.yaml.snakeyaml.constructor.BaseConstructor.constructMapping(BaseConstructor.java:552)
	at org.yaml.snakeyaml.constructor.SafeConstructor$ConstructYamlMap.construct(SafeConstructor.java:597)
	at org.yaml.snakeyaml.constructor.BaseConstructor.constructObjectNoCheck(BaseConstructor.java:264)
	at org.yaml.snakeyaml.constructor.BaseConstructor.constructObject(BaseConstructor.java:247)
	at org.springframework.boot.env.OriginTrackedYamlLoader$OriginTrackingConstructor.constructObject(OriginTrackedYamlLoader.java:119)
	at org.yaml.snakeyaml.constructor.BaseConstructor.constructDocument(BaseConstructor.java:201)
	at org.yaml.snakeyaml.constructor.BaseConstructor.getData(BaseConstructor.java:166)
	at org.springframework.boot.env.OriginTrackedYamlLoader$OriginTrackingConstructor.getData(OriginTrackedYamlLoader.java:99)
	at org.yaml.snakeyaml.Yaml$1.next(Yaml.java:529)
	at org.springframework.beans.factory.config.YamlProcessor.process(YamlProcessor.java:203)
	at org.springframework.beans.factory.config.YamlProcessor.process(YamlProcessor.java:169)
	at org.springframework.boot.env.OriginTrackedYamlLoader.load(OriginTrackedYamlLoader.java:84)
	at org.springframework.boot.env.YamlPropertySourceLoader.load(YamlPropertySourceLoader.java:50)
	at com.alibaba.cloud.nacos.parser.NacosDataParserHandler.parseNacosData(NacosDataParserHandler.java:92)
	at com.alibaba.cloud.nacos.configdata.NacosConfigDataLoader.pullConfig(NacosConfigDataLoader.java:146)
	at com.alibaba.cloud.nacos.configdata.NacosConfigDataLoader.doLoad(NacosConfigDataLoader.java:80)
	at com.alibaba.cloud.nacos.configdata.NacosConfigDataLoader.load(NacosConfigDataLoader.java:67)
	at com.alibaba.cloud.nacos.configdata.NacosConfigDataLoader.load(NacosConfigDataLoader.java:56)
	at org.springframework.boot.context.config.ConfigDataLoaders.load(ConfigDataLoaders.java:96)
	at org.springframework.boot.context.config.ConfigDataImporter.load(ConfigDataImporter.java:132)
	at org.springframework.boot.context.config.ConfigDataImporter.resolveAndLoad(ConfigDataImporter.java:87)
	at org.springframework.boot.context.config.ConfigDataEnvironmentContributors.withProcessedImports(ConfigDataEnvironmentContributors.java:121)
	at org.springframework.boot.context.config.ConfigDataEnvironment.processWithProfiles(ConfigDataEnvironment.java:316)
	at org.springframework.boot.context.config.ConfigDataEnvironment.processAndApply(ConfigDataEnvironment.java:237)
	at org.springframework.boot.context.config.ConfigDataEnvironmentPostProcessor.postProcessEnvironment(ConfigDataEnvironmentPostProcessor.java:96)
	at org.springframework.boot.context.config.ConfigDataEnvironmentPostProcessor.postProcessEnvironment(ConfigDataEnvironmentPostProcessor.java:89)
	at org.springframework.cloud.context.refresh.ConfigDataContextRefresher.updateEnvironment(ConfigDataContextRefresher.java:92)
	at org.springframework.cloud.context.refresh.ContextRefresher.refreshEnvironment(ContextRefresher.java:100)
	at org.springframework.cloud.context.refresh.ContextRefresher.refresh(ContextRefresher.java:93)
	at org.springframework.cloud.endpoint.event.RefreshEventListener.handle(RefreshEventListener.java:72)
	at org.springframework.cloud.endpoint.event.RefreshEventListener.onApplicationEvent(RefreshEventListener.java:61)
	at org.springframework.context.event.SimpleApplicationEventMulticaster.doInvokeListener(SimpleApplicationEventMulticaster.java:185)
	at org.springframework.context.event.SimpleApplicationEventMulticaster.invokeListener(SimpleApplicationEventMulticaster.java:178)
	at org.springframework.context.event.SimpleApplicationEventMulticaster.multicastEvent(SimpleApplicationEventMulticaster.java:156)
	at org.springframework.context.support.AbstractApplicationContext.publishEvent(AbstractApplicationContext.java:454)
	at org.springframework.context.support.AbstractApplicationContext.publishEvent(AbstractApplicationContext.java:387)
	at com.alibaba.cloud.nacos.configdata.NacosConfigRefreshEventListener.onApplicationEvent(NacosConfigRefreshEventListener.java:52)
	at org.springframework.context.event.SimpleApplicationEventMulticaster.doInvokeListener(SimpleApplicationEventMulticaster.java:185)
	at org.springframework.context.event.SimpleApplicationEventMulticaster.invokeListener(SimpleApplicationEventMulticaster.java:178)
	at org.springframework.context.event.SimpleApplicationEventMulticaster.multicastEvent(SimpleApplicationEventMulticaster.java:156)
	at org.springframework.context.support.AbstractApplicationContext.publishEvent(AbstractApplicationContext.java:454)
	at org.springframework.context.support.AbstractApplicationContext.publishEvent(AbstractApplicationContext.java:387)
	at com.alibaba.cloud.nacos.refresh.NacosContextRefresher$1.innerReceive(NacosContextRefresher.java:131)
	at com.alibaba.nacos.api.config.listener.AbstractSharedListener.receiveConfigInfo(AbstractSharedListener.java:40)
	at com.alibaba.nacos.client.config.impl.CacheData$1.run(CacheData.java:440)
	at com.alibaba.nacos.client.config.impl.CacheData.safeNotifyListener(CacheData.java:483)
	at com.alibaba.nacos.client.config.impl.CacheData.checkListenerMd5(CacheData.java:324)
	at com.alibaba.nacos.client.config.impl.ClientWorker$ConfigRpcTransportClient.executeConfigListen(ClientWorker.java:819)
	at com.alibaba.nacos.client.config.impl.ClientWorker$ConfigRpcTransportClient.lambda$startInternal$2(ClientWorker.java:779)
	at java.base/java.util.concurrent.Executors$RunnableAdapter.call(Executors.java:572)
	at java.base/java.util.concurrent.FutureTask.run$$$capture(FutureTask.java:317)
	at java.base/java.util.concurrent.FutureTask.run(FutureTask.java)
	at java.base/java.util.concurrent.ScheduledThreadPoolExecutor$ScheduledFutureTask.run(ScheduledThreadPoolExecutor.java:304)
	at java.base/java.util.concurrent.ThreadPoolExecutor.runWorker(ThreadPoolExecutor.java:1144)
	at java.base/java.util.concurrent.ThreadPoolExecutor$Worker.run(ThreadPoolExecutor.java:642)
	at java.base/java.lang.Thread.run(Thread.java:1583)
:2025-08-12 11:25:02.071 ERROR com.alibaba.nacos.client.Worker.0 c.a.c.n.c.NacosConfigDataLoader: Error getting properties from nacos: NacosConfigDataResource{properties=NacosConfigProperties{serverAddr='192.168.0.201:8848', encode='null', group='DEFAULT_GROUP', prefix='null', fileExtension='properties', timeout=3000, maxRetry='null', configLongPollTimeout='null', configRetryTime='null', enableRemoteSyncConfig=false, endpoint='null', namespace='5d42b64c-af69-4a94-8189-c7e890784c35', accessKey='null', secretKey='null', ramRoleName='null', contextPath='null', clusterName='null', name='null'', shares=null, extensions=null, refreshEnabled=true}, optional=false, profiles=[Profiles@6ba35548 active = '[]', default = '[default]', accepted = '[default]'], config=NacosItemConfig{group='DEFAULT_GROUP', dataId='application-dev.yml', suffix='yml', refreshEnabled=true, preference=null}}
org.yaml.snakeyaml.constructor.DuplicateKeyException: while constructing a mapping
 in 'reader', line 2, column 1:
    jasypt:
    ^
found duplicate key spring
 in 'reader', line 73, column 1:
    spring:
    ^

	at org.yaml.snakeyaml.constructor.SafeConstructor.processDuplicateKeys(SafeConstructor.java:126)
	at org.yaml.snakeyaml.constructor.SafeConstructor.flattenMapping(SafeConstructor.java:78)
	at org.yaml.snakeyaml.constructor.SafeConstructor.flattenMapping(SafeConstructor.java:73)
	at org.yaml.snakeyaml.constructor.SafeConstructor.constructMapping2ndStep(SafeConstructor.java:209)
	at org.yaml.snakeyaml.constructor.BaseConstructor.constructMapping(BaseConstructor.java:552)
	at org.yaml.snakeyaml.constructor.SafeConstructor$ConstructYamlMap.construct(SafeConstructor.java:597)
	at org.yaml.snakeyaml.constructor.BaseConstructor.constructObjectNoCheck(BaseConstructor.java:264)
	at org.yaml.snakeyaml.constructor.BaseConstructor.constructObject(BaseConstructor.java:247)
	at org.springframework.boot.env.OriginTrackedYamlLoader$OriginTrackingConstructor.constructObject(OriginTrackedYamlLoader.java:119)
	at org.yaml.snakeyaml.constructor.BaseConstructor.constructDocument(BaseConstructor.java:201)
	at org.yaml.snakeyaml.constructor.BaseConstructor.getData(BaseConstructor.java:166)
	at org.springframework.boot.env.OriginTrackedYamlLoader$OriginTrackingConstructor.getData(OriginTrackedYamlLoader.java:99)
	at org.yaml.snakeyaml.Yaml$1.next(Yaml.java:529)
	at org.springframework.beans.factory.config.YamlProcessor.process(YamlProcessor.java:203)
	at org.springframework.beans.factory.config.YamlProcessor.process(YamlProcessor.java:169)
	at org.springframework.boot.env.OriginTrackedYamlLoader.load(OriginTrackedYamlLoader.java:84)
	at org.springframework.boot.env.YamlPropertySourceLoader.load(YamlPropertySourceLoader.java:50)
	at com.alibaba.cloud.nacos.parser.NacosDataParserHandler.parseNacosData(NacosDataParserHandler.java:92)
	at com.alibaba.cloud.nacos.configdata.NacosConfigDataLoader.pullConfig(NacosConfigDataLoader.java:146)
	at com.alibaba.cloud.nacos.configdata.NacosConfigDataLoader.doLoad(NacosConfigDataLoader.java:80)
	at com.alibaba.cloud.nacos.configdata.NacosConfigDataLoader.load(NacosConfigDataLoader.java:67)
	at com.alibaba.cloud.nacos.configdata.NacosConfigDataLoader.load(NacosConfigDataLoader.java:56)
	at org.springframework.boot.context.config.ConfigDataLoaders.load(ConfigDataLoaders.java:96)
	at org.springframework.boot.context.config.ConfigDataImporter.load(ConfigDataImporter.java:132)
	at org.springframework.boot.context.config.ConfigDataImporter.resolveAndLoad(ConfigDataImporter.java:87)
	at org.springframework.boot.context.config.ConfigDataEnvironmentContributors.withProcessedImports(ConfigDataEnvironmentContributors.java:121)
	at org.springframework.boot.context.config.ConfigDataEnvironment.processWithProfiles(ConfigDataEnvironment.java:316)
	at org.springframework.boot.context.config.ConfigDataEnvironment.processAndApply(ConfigDataEnvironment.java:237)
	at org.springframework.boot.context.config.ConfigDataEnvironmentPostProcessor.postProcessEnvironment(ConfigDataEnvironmentPostProcessor.java:96)
	at org.springframework.boot.context.config.ConfigDataEnvironmentPostProcessor.postProcessEnvironment(ConfigDataEnvironmentPostProcessor.java:89)
	at org.springframework.cloud.context.refresh.ConfigDataContextRefresher.updateEnvironment(ConfigDataContextRefresher.java:92)
	at org.springframework.cloud.context.refresh.ContextRefresher.refreshEnvironment(ContextRefresher.java:100)
	at org.springframework.cloud.context.refresh.ContextRefresher.refresh(ContextRefresher.java:93)
	at org.springframework.cloud.endpoint.event.RefreshEventListener.handle(RefreshEventListener.java:72)
	at org.springframework.cloud.endpoint.event.RefreshEventListener.onApplicationEvent(RefreshEventListener.java:61)
	at org.springframework.context.event.SimpleApplicationEventMulticaster.doInvokeListener(SimpleApplicationEventMulticaster.java:185)
	at org.springframework.context.event.SimpleApplicationEventMulticaster.invokeListener(SimpleApplicationEventMulticaster.java:178)
	at org.springframework.context.event.SimpleApplicationEventMulticaster.multicastEvent(SimpleApplicationEventMulticaster.java:156)
	at org.springframework.context.support.AbstractApplicationContext.publishEvent(AbstractApplicationContext.java:454)
	at org.springframework.context.support.AbstractApplicationContext.publishEvent(AbstractApplicationContext.java:387)
	at com.alibaba.cloud.nacos.configdata.NacosConfigRefreshEventListener.onApplicationEvent(NacosConfigRefreshEventListener.java:52)
	at org.springframework.context.event.SimpleApplicationEventMulticaster.doInvokeListener(SimpleApplicationEventMulticaster.java:185)
	at org.springframework.context.event.SimpleApplicationEventMulticaster.invokeListener(SimpleApplicationEventMulticaster.java:178)
	at org.springframework.context.event.SimpleApplicationEventMulticaster.multicastEvent(SimpleApplicationEventMulticaster.java:156)
	at org.springframework.context.support.AbstractApplicationContext.publishEvent(AbstractApplicationContext.java:454)
	at org.springframework.context.support.AbstractApplicationContext.publishEvent(AbstractApplicationContext.java:387)
	at com.alibaba.cloud.nacos.refresh.NacosContextRefresher$1.innerReceive(NacosContextRefresher.java:131)
	at com.alibaba.nacos.api.config.listener.AbstractSharedListener.receiveConfigInfo(AbstractSharedListener.java:40)
	at com.alibaba.nacos.client.config.impl.CacheData$1.run(CacheData.java:440)
	at com.alibaba.nacos.client.config.impl.CacheData.safeNotifyListener(CacheData.java:483)
	at com.alibaba.nacos.client.config.impl.CacheData.checkListenerMd5(CacheData.java:324)
	at com.alibaba.nacos.client.config.impl.ClientWorker$ConfigRpcTransportClient.executeConfigListen(ClientWorker.java:819)
	at com.alibaba.nacos.client.config.impl.ClientWorker$ConfigRpcTransportClient.lambda$startInternal$2(ClientWorker.java:779)
	at java.base/java.util.concurrent.Executors$RunnableAdapter.call(Executors.java:572)
	at java.base/java.util.concurrent.FutureTask.run$$$capture(FutureTask.java:317)
	at java.base/java.util.concurrent.FutureTask.run(FutureTask.java)
	at java.base/java.util.concurrent.ScheduledThreadPoolExecutor$ScheduledFutureTask.run(ScheduledThreadPoolExecutor.java:304)
	at java.base/java.util.concurrent.ThreadPoolExecutor.runWorker(ThreadPoolExecutor.java:1144)
	at java.base/java.util.concurrent.ThreadPoolExecutor$Worker.run(ThreadPoolExecutor.java:642)
	at java.base/java.lang.Thread.run(Thread.java:1583)
:2025-08-12 11:25:07.106 ERROR com.alibaba.nacos.client.Worker.0 c.a.c.n.c.NacosConfigDataLoader: Error getting properties from nacos: NacosConfigDataResource{properties=NacosConfigProperties{serverAddr='192.168.0.201:8848', encode='null', group='DEFAULT_GROUP', prefix='null', fileExtension='properties', timeout=3000, maxRetry='null', configLongPollTimeout='null', configRetryTime='null', enableRemoteSyncConfig=false, endpoint='null', namespace='5d42b64c-af69-4a94-8189-c7e890784c35', accessKey='null', secretKey='null', ramRoleName='null', contextPath='null', clusterName='null', name='null'', shares=null, extensions=null, refreshEnabled=true}, optional=false, profiles=[Profiles@6500c40c active = '[]', default = '[default]', accepted = '[default]'], config=NacosItemConfig{group='DEFAULT_GROUP', dataId='application-dev.yml', suffix='yml', refreshEnabled=true, preference=null}}
org.yaml.snakeyaml.constructor.DuplicateKeyException: while constructing a mapping
 in 'reader', line 2, column 1:
    jasypt:
    ^
found duplicate key spring
 in 'reader', line 73, column 1:
    spring:
    ^

	at org.yaml.snakeyaml.constructor.SafeConstructor.processDuplicateKeys(SafeConstructor.java:126)
	at org.yaml.snakeyaml.constructor.SafeConstructor.flattenMapping(SafeConstructor.java:78)
	at org.yaml.snakeyaml.constructor.SafeConstructor.flattenMapping(SafeConstructor.java:73)
	at org.yaml.snakeyaml.constructor.SafeConstructor.constructMapping2ndStep(SafeConstructor.java:209)
	at org.yaml.snakeyaml.constructor.BaseConstructor.constructMapping(BaseConstructor.java:552)
	at org.yaml.snakeyaml.constructor.SafeConstructor$ConstructYamlMap.construct(SafeConstructor.java:597)
	at org.yaml.snakeyaml.constructor.BaseConstructor.constructObjectNoCheck(BaseConstructor.java:264)
	at org.yaml.snakeyaml.constructor.BaseConstructor.constructObject(BaseConstructor.java:247)
	at org.springframework.boot.env.OriginTrackedYamlLoader$OriginTrackingConstructor.constructObject(OriginTrackedYamlLoader.java:119)
	at org.yaml.snakeyaml.constructor.BaseConstructor.constructDocument(BaseConstructor.java:201)
	at org.yaml.snakeyaml.constructor.BaseConstructor.getData(BaseConstructor.java:166)
	at org.springframework.boot.env.OriginTrackedYamlLoader$OriginTrackingConstructor.getData(OriginTrackedYamlLoader.java:99)
	at org.yaml.snakeyaml.Yaml$1.next(Yaml.java:529)
	at org.springframework.beans.factory.config.YamlProcessor.process(YamlProcessor.java:203)
	at org.springframework.beans.factory.config.YamlProcessor.process(YamlProcessor.java:169)
	at org.springframework.boot.env.OriginTrackedYamlLoader.load(OriginTrackedYamlLoader.java:84)
	at org.springframework.boot.env.YamlPropertySourceLoader.load(YamlPropertySourceLoader.java:50)
	at com.alibaba.cloud.nacos.parser.NacosDataParserHandler.parseNacosData(NacosDataParserHandler.java:92)
	at com.alibaba.cloud.nacos.configdata.NacosConfigDataLoader.pullConfig(NacosConfigDataLoader.java:146)
	at com.alibaba.cloud.nacos.configdata.NacosConfigDataLoader.doLoad(NacosConfigDataLoader.java:80)
	at com.alibaba.cloud.nacos.configdata.NacosConfigDataLoader.load(NacosConfigDataLoader.java:67)
	at com.alibaba.cloud.nacos.configdata.NacosConfigDataLoader.load(NacosConfigDataLoader.java:56)
	at org.springframework.boot.context.config.ConfigDataLoaders.load(ConfigDataLoaders.java:96)
	at org.springframework.boot.context.config.ConfigDataImporter.load(ConfigDataImporter.java:132)
	at org.springframework.boot.context.config.ConfigDataImporter.resolveAndLoad(ConfigDataImporter.java:87)
	at org.springframework.boot.context.config.ConfigDataEnvironmentContributors.withProcessedImports(ConfigDataEnvironmentContributors.java:121)
	at org.springframework.boot.context.config.ConfigDataEnvironment.processWithProfiles(ConfigDataEnvironment.java:316)
	at org.springframework.boot.context.config.ConfigDataEnvironment.processAndApply(ConfigDataEnvironment.java:237)
	at org.springframework.boot.context.config.ConfigDataEnvironmentPostProcessor.postProcessEnvironment(ConfigDataEnvironmentPostProcessor.java:96)
	at org.springframework.boot.context.config.ConfigDataEnvironmentPostProcessor.postProcessEnvironment(ConfigDataEnvironmentPostProcessor.java:89)
	at org.springframework.cloud.context.refresh.ConfigDataContextRefresher.updateEnvironment(ConfigDataContextRefresher.java:92)
	at org.springframework.cloud.context.refresh.ContextRefresher.refreshEnvironment(ContextRefresher.java:100)
	at org.springframework.cloud.context.refresh.ContextRefresher.refresh(ContextRefresher.java:93)
	at org.springframework.cloud.endpoint.event.RefreshEventListener.handle(RefreshEventListener.java:72)
	at org.springframework.cloud.endpoint.event.RefreshEventListener.onApplicationEvent(RefreshEventListener.java:61)
	at org.springframework.context.event.SimpleApplicationEventMulticaster.doInvokeListener(SimpleApplicationEventMulticaster.java:185)
	at org.springframework.context.event.SimpleApplicationEventMulticaster.invokeListener(SimpleApplicationEventMulticaster.java:178)
	at org.springframework.context.event.SimpleApplicationEventMulticaster.multicastEvent(SimpleApplicationEventMulticaster.java:156)
	at org.springframework.context.support.AbstractApplicationContext.publishEvent(AbstractApplicationContext.java:454)
	at org.springframework.context.support.AbstractApplicationContext.publishEvent(AbstractApplicationContext.java:387)
	at com.alibaba.cloud.nacos.configdata.NacosConfigRefreshEventListener.onApplicationEvent(NacosConfigRefreshEventListener.java:52)
	at org.springframework.context.event.SimpleApplicationEventMulticaster.doInvokeListener(SimpleApplicationEventMulticaster.java:185)
	at org.springframework.context.event.SimpleApplicationEventMulticaster.invokeListener(SimpleApplicationEventMulticaster.java:178)
	at org.springframework.context.event.SimpleApplicationEventMulticaster.multicastEvent(SimpleApplicationEventMulticaster.java:156)
	at org.springframework.context.support.AbstractApplicationContext.publishEvent(AbstractApplicationContext.java:454)
	at org.springframework.context.support.AbstractApplicationContext.publishEvent(AbstractApplicationContext.java:387)
	at com.alibaba.cloud.nacos.refresh.NacosContextRefresher$1.innerReceive(NacosContextRefresher.java:131)
	at com.alibaba.nacos.api.config.listener.AbstractSharedListener.receiveConfigInfo(AbstractSharedListener.java:40)
	at com.alibaba.nacos.client.config.impl.CacheData$1.run(CacheData.java:440)
	at com.alibaba.nacos.client.config.impl.CacheData.safeNotifyListener(CacheData.java:483)
	at com.alibaba.nacos.client.config.impl.CacheData.checkListenerMd5(CacheData.java:324)
	at com.alibaba.nacos.client.config.impl.ClientWorker$ConfigRpcTransportClient.executeConfigListen(ClientWorker.java:819)
	at com.alibaba.nacos.client.config.impl.ClientWorker$ConfigRpcTransportClient.lambda$startInternal$2(ClientWorker.java:779)
	at java.base/java.util.concurrent.Executors$RunnableAdapter.call(Executors.java:572)
	at java.base/java.util.concurrent.FutureTask.run$$$capture(FutureTask.java:317)
	at java.base/java.util.concurrent.FutureTask.run(FutureTask.java)
	at java.base/java.util.concurrent.ScheduledThreadPoolExecutor$ScheduledFutureTask.run(ScheduledThreadPoolExecutor.java:304)
	at java.base/java.util.concurrent.ThreadPoolExecutor.runWorker(ThreadPoolExecutor.java:1144)
	at java.base/java.util.concurrent.ThreadPoolExecutor$Worker.run(ThreadPoolExecutor.java:642)
	at java.base/java.lang.Thread.run(Thread.java:1583)
:2025-08-12 11:25:12.154 ERROR com.alibaba.nacos.client.Worker.0 c.a.c.n.c.NacosConfigDataLoader: Error getting properties from nacos: NacosConfigDataResource{properties=NacosConfigProperties{serverAddr='192.168.0.201:8848', encode='null', group='DEFAULT_GROUP', prefix='null', fileExtension='properties', timeout=3000, maxRetry='null', configLongPollTimeout='null', configRetryTime='null', enableRemoteSyncConfig=false, endpoint='null', namespace='5d42b64c-af69-4a94-8189-c7e890784c35', accessKey='null', secretKey='null', ramRoleName='null', contextPath='null', clusterName='null', name='null'', shares=null, extensions=null, refreshEnabled=true}, optional=false, profiles=[Profiles@5d595e4d active = '[]', default = '[default]', accepted = '[default]'], config=NacosItemConfig{group='DEFAULT_GROUP', dataId='application-dev.yml', suffix='yml', refreshEnabled=true, preference=null}}
org.yaml.snakeyaml.constructor.DuplicateKeyException: while constructing a mapping
 in 'reader', line 2, column 1:
    jasypt:
    ^
found duplicate key spring
 in 'reader', line 73, column 1:
    spring:
    ^

	at org.yaml.snakeyaml.constructor.SafeConstructor.processDuplicateKeys(SafeConstructor.java:126)
	at org.yaml.snakeyaml.constructor.SafeConstructor.flattenMapping(SafeConstructor.java:78)
	at org.yaml.snakeyaml.constructor.SafeConstructor.flattenMapping(SafeConstructor.java:73)
	at org.yaml.snakeyaml.constructor.SafeConstructor.constructMapping2ndStep(SafeConstructor.java:209)
	at org.yaml.snakeyaml.constructor.BaseConstructor.constructMapping(BaseConstructor.java:552)
	at org.yaml.snakeyaml.constructor.SafeConstructor$ConstructYamlMap.construct(SafeConstructor.java:597)
	at org.yaml.snakeyaml.constructor.BaseConstructor.constructObjectNoCheck(BaseConstructor.java:264)
	at org.yaml.snakeyaml.constructor.BaseConstructor.constructObject(BaseConstructor.java:247)
	at org.springframework.boot.env.OriginTrackedYamlLoader$OriginTrackingConstructor.constructObject(OriginTrackedYamlLoader.java:119)
	at org.yaml.snakeyaml.constructor.BaseConstructor.constructDocument(BaseConstructor.java:201)
	at org.yaml.snakeyaml.constructor.BaseConstructor.getData(BaseConstructor.java:166)
	at org.springframework.boot.env.OriginTrackedYamlLoader$OriginTrackingConstructor.getData(OriginTrackedYamlLoader.java:99)
	at org.yaml.snakeyaml.Yaml$1.next(Yaml.java:529)
	at org.springframework.beans.factory.config.YamlProcessor.process(YamlProcessor.java:203)
	at org.springframework.beans.factory.config.YamlProcessor.process(YamlProcessor.java:169)
	at org.springframework.boot.env.OriginTrackedYamlLoader.load(OriginTrackedYamlLoader.java:84)
	at org.springframework.boot.env.YamlPropertySourceLoader.load(YamlPropertySourceLoader.java:50)
	at com.alibaba.cloud.nacos.parser.NacosDataParserHandler.parseNacosData(NacosDataParserHandler.java:92)
	at com.alibaba.cloud.nacos.configdata.NacosConfigDataLoader.pullConfig(NacosConfigDataLoader.java:146)
	at com.alibaba.cloud.nacos.configdata.NacosConfigDataLoader.doLoad(NacosConfigDataLoader.java:80)
	at com.alibaba.cloud.nacos.configdata.NacosConfigDataLoader.load(NacosConfigDataLoader.java:67)
	at com.alibaba.cloud.nacos.configdata.NacosConfigDataLoader.load(NacosConfigDataLoader.java:56)
	at org.springframework.boot.context.config.ConfigDataLoaders.load(ConfigDataLoaders.java:96)
	at org.springframework.boot.context.config.ConfigDataImporter.load(ConfigDataImporter.java:132)
	at org.springframework.boot.context.config.ConfigDataImporter.resolveAndLoad(ConfigDataImporter.java:87)
	at org.springframework.boot.context.config.ConfigDataEnvironmentContributors.withProcessedImports(ConfigDataEnvironmentContributors.java:121)
	at org.springframework.boot.context.config.ConfigDataEnvironment.processWithProfiles(ConfigDataEnvironment.java:316)
	at org.springframework.boot.context.config.ConfigDataEnvironment.processAndApply(ConfigDataEnvironment.java:237)
	at org.springframework.boot.context.config.ConfigDataEnvironmentPostProcessor.postProcessEnvironment(ConfigDataEnvironmentPostProcessor.java:96)
	at org.springframework.boot.context.config.ConfigDataEnvironmentPostProcessor.postProcessEnvironment(ConfigDataEnvironmentPostProcessor.java:89)
	at org.springframework.cloud.context.refresh.ConfigDataContextRefresher.updateEnvironment(ConfigDataContextRefresher.java:92)
	at org.springframework.cloud.context.refresh.ContextRefresher.refreshEnvironment(ContextRefresher.java:100)
	at org.springframework.cloud.context.refresh.ContextRefresher.refresh(ContextRefresher.java:93)
	at org.springframework.cloud.endpoint.event.RefreshEventListener.handle(RefreshEventListener.java:72)
	at org.springframework.cloud.endpoint.event.RefreshEventListener.onApplicationEvent(RefreshEventListener.java:61)
	at org.springframework.context.event.SimpleApplicationEventMulticaster.doInvokeListener(SimpleApplicationEventMulticaster.java:185)
	at org.springframework.context.event.SimpleApplicationEventMulticaster.invokeListener(SimpleApplicationEventMulticaster.java:178)
	at org.springframework.context.event.SimpleApplicationEventMulticaster.multicastEvent(SimpleApplicationEventMulticaster.java:156)
	at org.springframework.context.support.AbstractApplicationContext.publishEvent(AbstractApplicationContext.java:454)
	at org.springframework.context.support.AbstractApplicationContext.publishEvent(AbstractApplicationContext.java:387)
	at com.alibaba.cloud.nacos.configdata.NacosConfigRefreshEventListener.onApplicationEvent(NacosConfigRefreshEventListener.java:52)
	at org.springframework.context.event.SimpleApplicationEventMulticaster.doInvokeListener(SimpleApplicationEventMulticaster.java:185)
	at org.springframework.context.event.SimpleApplicationEventMulticaster.invokeListener(SimpleApplicationEventMulticaster.java:178)
	at org.springframework.context.event.SimpleApplicationEventMulticaster.multicastEvent(SimpleApplicationEventMulticaster.java:156)
	at org.springframework.context.support.AbstractApplicationContext.publishEvent(AbstractApplicationContext.java:454)
	at org.springframework.context.support.AbstractApplicationContext.publishEvent(AbstractApplicationContext.java:387)
	at com.alibaba.cloud.nacos.refresh.NacosContextRefresher$1.innerReceive(NacosContextRefresher.java:131)
	at com.alibaba.nacos.api.config.listener.AbstractSharedListener.receiveConfigInfo(AbstractSharedListener.java:40)
	at com.alibaba.nacos.client.config.impl.CacheData$1.run(CacheData.java:440)
	at com.alibaba.nacos.client.config.impl.CacheData.safeNotifyListener(CacheData.java:483)
	at com.alibaba.nacos.client.config.impl.CacheData.checkListenerMd5(CacheData.java:324)
	at com.alibaba.nacos.client.config.impl.ClientWorker$ConfigRpcTransportClient.executeConfigListen(ClientWorker.java:819)
	at com.alibaba.nacos.client.config.impl.ClientWorker$ConfigRpcTransportClient.lambda$startInternal$2(ClientWorker.java:779)
	at java.base/java.util.concurrent.Executors$RunnableAdapter.call(Executors.java:572)
	at java.base/java.util.concurrent.FutureTask.run$$$capture(FutureTask.java:317)
	at java.base/java.util.concurrent.FutureTask.run(FutureTask.java)
	at java.base/java.util.concurrent.ScheduledThreadPoolExecutor$ScheduledFutureTask.run(ScheduledThreadPoolExecutor.java:304)
	at java.base/java.util.concurrent.ThreadPoolExecutor.runWorker(ThreadPoolExecutor.java:1144)
	at java.base/java.util.concurrent.ThreadPoolExecutor$Worker.run(ThreadPoolExecutor.java:642)
	at java.base/java.lang.Thread.run(Thread.java:1583)
:2025-08-12 11:25:17.194 ERROR com.alibaba.nacos.client.Worker.0 c.a.c.n.c.NacosConfigDataLoader: Error getting properties from nacos: NacosConfigDataResource{properties=NacosConfigProperties{serverAddr='192.168.0.201:8848', encode='null', group='DEFAULT_GROUP', prefix='null', fileExtension='properties', timeout=3000, maxRetry='null', configLongPollTimeout='null', configRetryTime='null', enableRemoteSyncConfig=false, endpoint='null', namespace='5d42b64c-af69-4a94-8189-c7e890784c35', accessKey='null', secretKey='null', ramRoleName='null', contextPath='null', clusterName='null', name='null'', shares=null, extensions=null, refreshEnabled=true}, optional=false, profiles=[Profiles@566b3c97 active = '[]', default = '[default]', accepted = '[default]'], config=NacosItemConfig{group='DEFAULT_GROUP', dataId='application-dev.yml', suffix='yml', refreshEnabled=true, preference=null}}
org.yaml.snakeyaml.constructor.DuplicateKeyException: while constructing a mapping
 in 'reader', line 2, column 1:
    jasypt:
    ^
found duplicate key spring
 in 'reader', line 73, column 1:
    spring:
    ^

	at org.yaml.snakeyaml.constructor.SafeConstructor.processDuplicateKeys(SafeConstructor.java:126)
	at org.yaml.snakeyaml.constructor.SafeConstructor.flattenMapping(SafeConstructor.java:78)
	at org.yaml.snakeyaml.constructor.SafeConstructor.flattenMapping(SafeConstructor.java:73)
	at org.yaml.snakeyaml.constructor.SafeConstructor.constructMapping2ndStep(SafeConstructor.java:209)
	at org.yaml.snakeyaml.constructor.BaseConstructor.constructMapping(BaseConstructor.java:552)
	at org.yaml.snakeyaml.constructor.SafeConstructor$ConstructYamlMap.construct(SafeConstructor.java:597)
	at org.yaml.snakeyaml.constructor.BaseConstructor.constructObjectNoCheck(BaseConstructor.java:264)
	at org.yaml.snakeyaml.constructor.BaseConstructor.constructObject(BaseConstructor.java:247)
	at org.springframework.boot.env.OriginTrackedYamlLoader$OriginTrackingConstructor.constructObject(OriginTrackedYamlLoader.java:119)
	at org.yaml.snakeyaml.constructor.BaseConstructor.constructDocument(BaseConstructor.java:201)
	at org.yaml.snakeyaml.constructor.BaseConstructor.getData(BaseConstructor.java:166)
	at org.springframework.boot.env.OriginTrackedYamlLoader$OriginTrackingConstructor.getData(OriginTrackedYamlLoader.java:99)
	at org.yaml.snakeyaml.Yaml$1.next(Yaml.java:529)
	at org.springframework.beans.factory.config.YamlProcessor.process(YamlProcessor.java:203)
	at org.springframework.beans.factory.config.YamlProcessor.process(YamlProcessor.java:169)
	at org.springframework.boot.env.OriginTrackedYamlLoader.load(OriginTrackedYamlLoader.java:84)
	at org.springframework.boot.env.YamlPropertySourceLoader.load(YamlPropertySourceLoader.java:50)
	at com.alibaba.cloud.nacos.parser.NacosDataParserHandler.parseNacosData(NacosDataParserHandler.java:92)
	at com.alibaba.cloud.nacos.configdata.NacosConfigDataLoader.pullConfig(NacosConfigDataLoader.java:146)
	at com.alibaba.cloud.nacos.configdata.NacosConfigDataLoader.doLoad(NacosConfigDataLoader.java:80)
	at com.alibaba.cloud.nacos.configdata.NacosConfigDataLoader.load(NacosConfigDataLoader.java:67)
	at com.alibaba.cloud.nacos.configdata.NacosConfigDataLoader.load(NacosConfigDataLoader.java:56)
	at org.springframework.boot.context.config.ConfigDataLoaders.load(ConfigDataLoaders.java:96)
	at org.springframework.boot.context.config.ConfigDataImporter.load(ConfigDataImporter.java:132)
	at org.springframework.boot.context.config.ConfigDataImporter.resolveAndLoad(ConfigDataImporter.java:87)
	at org.springframework.boot.context.config.ConfigDataEnvironmentContributors.withProcessedImports(ConfigDataEnvironmentContributors.java:121)
	at org.springframework.boot.context.config.ConfigDataEnvironment.processWithProfiles(ConfigDataEnvironment.java:316)
	at org.springframework.boot.context.config.ConfigDataEnvironment.processAndApply(ConfigDataEnvironment.java:237)
	at org.springframework.boot.context.config.ConfigDataEnvironmentPostProcessor.postProcessEnvironment(ConfigDataEnvironmentPostProcessor.java:96)
	at org.springframework.boot.context.config.ConfigDataEnvironmentPostProcessor.postProcessEnvironment(ConfigDataEnvironmentPostProcessor.java:89)
	at org.springframework.cloud.context.refresh.ConfigDataContextRefresher.updateEnvironment(ConfigDataContextRefresher.java:92)
	at org.springframework.cloud.context.refresh.ContextRefresher.refreshEnvironment(ContextRefresher.java:100)
	at org.springframework.cloud.context.refresh.ContextRefresher.refresh(ContextRefresher.java:93)
	at org.springframework.cloud.endpoint.event.RefreshEventListener.handle(RefreshEventListener.java:72)
	at org.springframework.cloud.endpoint.event.RefreshEventListener.onApplicationEvent(RefreshEventListener.java:61)
	at org.springframework.context.event.SimpleApplicationEventMulticaster.doInvokeListener(SimpleApplicationEventMulticaster.java:185)
	at org.springframework.context.event.SimpleApplicationEventMulticaster.invokeListener(SimpleApplicationEventMulticaster.java:178)
	at org.springframework.context.event.SimpleApplicationEventMulticaster.multicastEvent(SimpleApplicationEventMulticaster.java:156)
	at org.springframework.context.support.AbstractApplicationContext.publishEvent(AbstractApplicationContext.java:454)
	at org.springframework.context.support.AbstractApplicationContext.publishEvent(AbstractApplicationContext.java:387)
	at com.alibaba.cloud.nacos.configdata.NacosConfigRefreshEventListener.onApplicationEvent(NacosConfigRefreshEventListener.java:52)
	at org.springframework.context.event.SimpleApplicationEventMulticaster.doInvokeListener(SimpleApplicationEventMulticaster.java:185)
	at org.springframework.context.event.SimpleApplicationEventMulticaster.invokeListener(SimpleApplicationEventMulticaster.java:178)
	at org.springframework.context.event.SimpleApplicationEventMulticaster.multicastEvent(SimpleApplicationEventMulticaster.java:156)
	at org.springframework.context.support.AbstractApplicationContext.publishEvent(AbstractApplicationContext.java:454)
	at org.springframework.context.support.AbstractApplicationContext.publishEvent(AbstractApplicationContext.java:387)
	at com.alibaba.cloud.nacos.refresh.NacosContextRefresher$1.innerReceive(NacosContextRefresher.java:131)
	at com.alibaba.nacos.api.config.listener.AbstractSharedListener.receiveConfigInfo(AbstractSharedListener.java:40)
	at com.alibaba.nacos.client.config.impl.CacheData$1.run(CacheData.java:440)
	at com.alibaba.nacos.client.config.impl.CacheData.safeNotifyListener(CacheData.java:483)
	at com.alibaba.nacos.client.config.impl.CacheData.checkListenerMd5(CacheData.java:324)
	at com.alibaba.nacos.client.config.impl.ClientWorker$ConfigRpcTransportClient.executeConfigListen(ClientWorker.java:819)
	at com.alibaba.nacos.client.config.impl.ClientWorker$ConfigRpcTransportClient.lambda$startInternal$2(ClientWorker.java:779)
	at java.base/java.util.concurrent.Executors$RunnableAdapter.call(Executors.java:572)
	at java.base/java.util.concurrent.FutureTask.run$$$capture(FutureTask.java:317)
	at java.base/java.util.concurrent.FutureTask.run(FutureTask.java)
	at java.base/java.util.concurrent.ScheduledThreadPoolExecutor$ScheduledFutureTask.run(ScheduledThreadPoolExecutor.java:304)
	at java.base/java.util.concurrent.ThreadPoolExecutor.runWorker(ThreadPoolExecutor.java:1144)
	at java.base/java.util.concurrent.ThreadPoolExecutor$Worker.run(ThreadPoolExecutor.java:642)
	at java.base/java.lang.Thread.run(Thread.java:1583)
:2025-08-12 11:25:22.232 ERROR com.alibaba.nacos.client.Worker.0 c.a.c.n.c.NacosConfigDataLoader: Error getting properties from nacos: NacosConfigDataResource{properties=NacosConfigProperties{serverAddr='192.168.0.201:8848', encode='null', group='DEFAULT_GROUP', prefix='null', fileExtension='properties', timeout=3000, maxRetry='null', configLongPollTimeout='null', configRetryTime='null', enableRemoteSyncConfig=false, endpoint='null', namespace='5d42b64c-af69-4a94-8189-c7e890784c35', accessKey='null', secretKey='null', ramRoleName='null', contextPath='null', clusterName='null', name='null'', shares=null, extensions=null, refreshEnabled=true}, optional=false, profiles=[Profiles@7895cff active = '[]', default = '[default]', accepted = '[default]'], config=NacosItemConfig{group='DEFAULT_GROUP', dataId='application-dev.yml', suffix='yml', refreshEnabled=true, preference=null}}
org.yaml.snakeyaml.constructor.DuplicateKeyException: while constructing a mapping
 in 'reader', line 2, column 1:
    jasypt:
    ^
found duplicate key spring
 in 'reader', line 73, column 1:
    spring:
    ^

	at org.yaml.snakeyaml.constructor.SafeConstructor.processDuplicateKeys(SafeConstructor.java:126)
	at org.yaml.snakeyaml.constructor.SafeConstructor.flattenMapping(SafeConstructor.java:78)
	at org.yaml.snakeyaml.constructor.SafeConstructor.flattenMapping(SafeConstructor.java:73)
	at org.yaml.snakeyaml.constructor.SafeConstructor.constructMapping2ndStep(SafeConstructor.java:209)
	at org.yaml.snakeyaml.constructor.BaseConstructor.constructMapping(BaseConstructor.java:552)
	at org.yaml.snakeyaml.constructor.SafeConstructor$ConstructYamlMap.construct(SafeConstructor.java:597)
	at org.yaml.snakeyaml.constructor.BaseConstructor.constructObjectNoCheck(BaseConstructor.java:264)
	at org.yaml.snakeyaml.constructor.BaseConstructor.constructObject(BaseConstructor.java:247)
	at org.springframework.boot.env.OriginTrackedYamlLoader$OriginTrackingConstructor.constructObject(OriginTrackedYamlLoader.java:119)
	at org.yaml.snakeyaml.constructor.BaseConstructor.constructDocument(BaseConstructor.java:201)
	at org.yaml.snakeyaml.constructor.BaseConstructor.getData(BaseConstructor.java:166)
	at org.springframework.boot.env.OriginTrackedYamlLoader$OriginTrackingConstructor.getData(OriginTrackedYamlLoader.java:99)
	at org.yaml.snakeyaml.Yaml$1.next(Yaml.java:529)
	at org.springframework.beans.factory.config.YamlProcessor.process(YamlProcessor.java:203)
	at org.springframework.beans.factory.config.YamlProcessor.process(YamlProcessor.java:169)
	at org.springframework.boot.env.OriginTrackedYamlLoader.load(OriginTrackedYamlLoader.java:84)
	at org.springframework.boot.env.YamlPropertySourceLoader.load(YamlPropertySourceLoader.java:50)
	at com.alibaba.cloud.nacos.parser.NacosDataParserHandler.parseNacosData(NacosDataParserHandler.java:92)
	at com.alibaba.cloud.nacos.configdata.NacosConfigDataLoader.pullConfig(NacosConfigDataLoader.java:146)
	at com.alibaba.cloud.nacos.configdata.NacosConfigDataLoader.doLoad(NacosConfigDataLoader.java:80)
	at com.alibaba.cloud.nacos.configdata.NacosConfigDataLoader.load(NacosConfigDataLoader.java:67)
	at com.alibaba.cloud.nacos.configdata.NacosConfigDataLoader.load(NacosConfigDataLoader.java:56)
	at org.springframework.boot.context.config.ConfigDataLoaders.load(ConfigDataLoaders.java:96)
	at org.springframework.boot.context.config.ConfigDataImporter.load(ConfigDataImporter.java:132)
	at org.springframework.boot.context.config.ConfigDataImporter.resolveAndLoad(ConfigDataImporter.java:87)
	at org.springframework.boot.context.config.ConfigDataEnvironmentContributors.withProcessedImports(ConfigDataEnvironmentContributors.java:121)
	at org.springframework.boot.context.config.ConfigDataEnvironment.processWithProfiles(ConfigDataEnvironment.java:316)
	at org.springframework.boot.context.config.ConfigDataEnvironment.processAndApply(ConfigDataEnvironment.java:237)
	at org.springframework.boot.context.config.ConfigDataEnvironmentPostProcessor.postProcessEnvironment(ConfigDataEnvironmentPostProcessor.java:96)
	at org.springframework.boot.context.config.ConfigDataEnvironmentPostProcessor.postProcessEnvironment(ConfigDataEnvironmentPostProcessor.java:89)
	at org.springframework.cloud.context.refresh.ConfigDataContextRefresher.updateEnvironment(ConfigDataContextRefresher.java:92)
	at org.springframework.cloud.context.refresh.ContextRefresher.refreshEnvironment(ContextRefresher.java:100)
	at org.springframework.cloud.context.refresh.ContextRefresher.refresh(ContextRefresher.java:93)
	at org.springframework.cloud.endpoint.event.RefreshEventListener.handle(RefreshEventListener.java:72)
	at org.springframework.cloud.endpoint.event.RefreshEventListener.onApplicationEvent(RefreshEventListener.java:61)
	at org.springframework.context.event.SimpleApplicationEventMulticaster.doInvokeListener(SimpleApplicationEventMulticaster.java:185)
	at org.springframework.context.event.SimpleApplicationEventMulticaster.invokeListener(SimpleApplicationEventMulticaster.java:178)
	at org.springframework.context.event.SimpleApplicationEventMulticaster.multicastEvent(SimpleApplicationEventMulticaster.java:156)
	at org.springframework.context.support.AbstractApplicationContext.publishEvent(AbstractApplicationContext.java:454)
	at org.springframework.context.support.AbstractApplicationContext.publishEvent(AbstractApplicationContext.java:387)
	at com.alibaba.cloud.nacos.configdata.NacosConfigRefreshEventListener.onApplicationEvent(NacosConfigRefreshEventListener.java:52)
	at org.springframework.context.event.SimpleApplicationEventMulticaster.doInvokeListener(SimpleApplicationEventMulticaster.java:185)
	at org.springframework.context.event.SimpleApplicationEventMulticaster.invokeListener(SimpleApplicationEventMulticaster.java:178)
	at org.springframework.context.event.SimpleApplicationEventMulticaster.multicastEvent(SimpleApplicationEventMulticaster.java:156)
	at org.springframework.context.support.AbstractApplicationContext.publishEvent(AbstractApplicationContext.java:454)
	at org.springframework.context.support.AbstractApplicationContext.publishEvent(AbstractApplicationContext.java:387)
	at com.alibaba.cloud.nacos.refresh.NacosContextRefresher$1.innerReceive(NacosContextRefresher.java:131)
	at com.alibaba.nacos.api.config.listener.AbstractSharedListener.receiveConfigInfo(AbstractSharedListener.java:40)
	at com.alibaba.nacos.client.config.impl.CacheData$1.run(CacheData.java:440)
	at com.alibaba.nacos.client.config.impl.CacheData.safeNotifyListener(CacheData.java:483)
	at com.alibaba.nacos.client.config.impl.CacheData.checkListenerMd5(CacheData.java:324)
	at com.alibaba.nacos.client.config.impl.ClientWorker$ConfigRpcTransportClient.executeConfigListen(ClientWorker.java:819)
	at com.alibaba.nacos.client.config.impl.ClientWorker$ConfigRpcTransportClient.lambda$startInternal$2(ClientWorker.java:779)
	at java.base/java.util.concurrent.Executors$RunnableAdapter.call(Executors.java:572)
	at java.base/java.util.concurrent.FutureTask.run$$$capture(FutureTask.java:317)
	at java.base/java.util.concurrent.FutureTask.run(FutureTask.java)
	at java.base/java.util.concurrent.ScheduledThreadPoolExecutor$ScheduledFutureTask.run(ScheduledThreadPoolExecutor.java:304)
	at java.base/java.util.concurrent.ThreadPoolExecutor.runWorker(ThreadPoolExecutor.java:1144)
	at java.base/java.util.concurrent.ThreadPoolExecutor$Worker.run(ThreadPoolExecutor.java:642)
	at java.base/java.lang.Thread.run(Thread.java:1583)
:2025-08-12 11:25:27.275 ERROR com.alibaba.nacos.client.Worker.0 c.a.c.n.c.NacosConfigDataLoader: Error getting properties from nacos: NacosConfigDataResource{properties=NacosConfigProperties{serverAddr='192.168.0.201:8848', encode='null', group='DEFAULT_GROUP', prefix='null', fileExtension='properties', timeout=3000, maxRetry='null', configLongPollTimeout='null', configRetryTime='null', enableRemoteSyncConfig=false, endpoint='null', namespace='5d42b64c-af69-4a94-8189-c7e890784c35', accessKey='null', secretKey='null', ramRoleName='null', contextPath='null', clusterName='null', name='null'', shares=null, extensions=null, refreshEnabled=true}, optional=false, profiles=[Profiles@23e48dcc active = '[]', default = '[default]', accepted = '[default]'], config=NacosItemConfig{group='DEFAULT_GROUP', dataId='application-dev.yml', suffix='yml', refreshEnabled=true, preference=null}}
org.yaml.snakeyaml.constructor.DuplicateKeyException: while constructing a mapping
 in 'reader', line 2, column 1:
    jasypt:
    ^
found duplicate key spring
 in 'reader', line 73, column 1:
    spring:
    ^

	at org.yaml.snakeyaml.constructor.SafeConstructor.processDuplicateKeys(SafeConstructor.java:126)
	at org.yaml.snakeyaml.constructor.SafeConstructor.flattenMapping(SafeConstructor.java:78)
	at org.yaml.snakeyaml.constructor.SafeConstructor.flattenMapping(SafeConstructor.java:73)
	at org.yaml.snakeyaml.constructor.SafeConstructor.constructMapping2ndStep(SafeConstructor.java:209)
	at org.yaml.snakeyaml.constructor.BaseConstructor.constructMapping(BaseConstructor.java:552)
	at org.yaml.snakeyaml.constructor.SafeConstructor$ConstructYamlMap.construct(SafeConstructor.java:597)
	at org.yaml.snakeyaml.constructor.BaseConstructor.constructObjectNoCheck(BaseConstructor.java:264)
	at org.yaml.snakeyaml.constructor.BaseConstructor.constructObject(BaseConstructor.java:247)
	at org.springframework.boot.env.OriginTrackedYamlLoader$OriginTrackingConstructor.constructObject(OriginTrackedYamlLoader.java:119)
	at org.yaml.snakeyaml.constructor.BaseConstructor.constructDocument(BaseConstructor.java:201)
	at org.yaml.snakeyaml.constructor.BaseConstructor.getData(BaseConstructor.java:166)
	at org.springframework.boot.env.OriginTrackedYamlLoader$OriginTrackingConstructor.getData(OriginTrackedYamlLoader.java:99)
	at org.yaml.snakeyaml.Yaml$1.next(Yaml.java:529)
	at org.springframework.beans.factory.config.YamlProcessor.process(YamlProcessor.java:203)
	at org.springframework.beans.factory.config.YamlProcessor.process(YamlProcessor.java:169)
	at org.springframework.boot.env.OriginTrackedYamlLoader.load(OriginTrackedYamlLoader.java:84)
	at org.springframework.boot.env.YamlPropertySourceLoader.load(YamlPropertySourceLoader.java:50)
	at com.alibaba.cloud.nacos.parser.NacosDataParserHandler.parseNacosData(NacosDataParserHandler.java:92)
	at com.alibaba.cloud.nacos.configdata.NacosConfigDataLoader.pullConfig(NacosConfigDataLoader.java:146)
	at com.alibaba.cloud.nacos.configdata.NacosConfigDataLoader.doLoad(NacosConfigDataLoader.java:80)
	at com.alibaba.cloud.nacos.configdata.NacosConfigDataLoader.load(NacosConfigDataLoader.java:67)
	at com.alibaba.cloud.nacos.configdata.NacosConfigDataLoader.load(NacosConfigDataLoader.java:56)
	at org.springframework.boot.context.config.ConfigDataLoaders.load(ConfigDataLoaders.java:96)
	at org.springframework.boot.context.config.ConfigDataImporter.load(ConfigDataImporter.java:132)
	at org.springframework.boot.context.config.ConfigDataImporter.resolveAndLoad(ConfigDataImporter.java:87)
	at org.springframework.boot.context.config.ConfigDataEnvironmentContributors.withProcessedImports(ConfigDataEnvironmentContributors.java:121)
	at org.springframework.boot.context.config.ConfigDataEnvironment.processWithProfiles(ConfigDataEnvironment.java:316)
	at org.springframework.boot.context.config.ConfigDataEnvironment.processAndApply(ConfigDataEnvironment.java:237)
	at org.springframework.boot.context.config.ConfigDataEnvironmentPostProcessor.postProcessEnvironment(ConfigDataEnvironmentPostProcessor.java:96)
	at org.springframework.boot.context.config.ConfigDataEnvironmentPostProcessor.postProcessEnvironment(ConfigDataEnvironmentPostProcessor.java:89)
	at org.springframework.cloud.context.refresh.ConfigDataContextRefresher.updateEnvironment(ConfigDataContextRefresher.java:92)
	at org.springframework.cloud.context.refresh.ContextRefresher.refreshEnvironment(ContextRefresher.java:100)
	at org.springframework.cloud.context.refresh.ContextRefresher.refresh(ContextRefresher.java:93)
	at org.springframework.cloud.endpoint.event.RefreshEventListener.handle(RefreshEventListener.java:72)
	at org.springframework.cloud.endpoint.event.RefreshEventListener.onApplicationEvent(RefreshEventListener.java:61)
	at org.springframework.context.event.SimpleApplicationEventMulticaster.doInvokeListener(SimpleApplicationEventMulticaster.java:185)
	at org.springframework.context.event.SimpleApplicationEventMulticaster.invokeListener(SimpleApplicationEventMulticaster.java:178)
	at org.springframework.context.event.SimpleApplicationEventMulticaster.multicastEvent(SimpleApplicationEventMulticaster.java:156)
	at org.springframework.context.support.AbstractApplicationContext.publishEvent(AbstractApplicationContext.java:454)
	at org.springframework.context.support.AbstractApplicationContext.publishEvent(AbstractApplicationContext.java:387)
	at com.alibaba.cloud.nacos.configdata.NacosConfigRefreshEventListener.onApplicationEvent(NacosConfigRefreshEventListener.java:52)
	at org.springframework.context.event.SimpleApplicationEventMulticaster.doInvokeListener(SimpleApplicationEventMulticaster.java:185)
	at org.springframework.context.event.SimpleApplicationEventMulticaster.invokeListener(SimpleApplicationEventMulticaster.java:178)
	at org.springframework.context.event.SimpleApplicationEventMulticaster.multicastEvent(SimpleApplicationEventMulticaster.java:156)
	at org.springframework.context.support.AbstractApplicationContext.publishEvent(AbstractApplicationContext.java:454)
	at org.springframework.context.support.AbstractApplicationContext.publishEvent(AbstractApplicationContext.java:387)
	at com.alibaba.cloud.nacos.refresh.NacosContextRefresher$1.innerReceive(NacosContextRefresher.java:131)
	at com.alibaba.nacos.api.config.listener.AbstractSharedListener.receiveConfigInfo(AbstractSharedListener.java:40)
	at com.alibaba.nacos.client.config.impl.CacheData$1.run(CacheData.java:440)
	at com.alibaba.nacos.client.config.impl.CacheData.safeNotifyListener(CacheData.java:483)
	at com.alibaba.nacos.client.config.impl.CacheData.checkListenerMd5(CacheData.java:324)
	at com.alibaba.nacos.client.config.impl.ClientWorker$ConfigRpcTransportClient.executeConfigListen(ClientWorker.java:819)
	at com.alibaba.nacos.client.config.impl.ClientWorker$ConfigRpcTransportClient.lambda$startInternal$2(ClientWorker.java:779)
	at java.base/java.util.concurrent.Executors$RunnableAdapter.call(Executors.java:572)
	at java.base/java.util.concurrent.FutureTask.run$$$capture(FutureTask.java:317)
	at java.base/java.util.concurrent.FutureTask.run(FutureTask.java)
	at java.base/java.util.concurrent.ScheduledThreadPoolExecutor$ScheduledFutureTask.run(ScheduledThreadPoolExecutor.java:304)
	at java.base/java.util.concurrent.ThreadPoolExecutor.runWorker(ThreadPoolExecutor.java:1144)
	at java.base/java.util.concurrent.ThreadPoolExecutor$Worker.run(ThreadPoolExecutor.java:642)
	at java.base/java.lang.Thread.run(Thread.java:1583)
:2025-08-12 11:25:32.328 ERROR com.alibaba.nacos.client.Worker.0 c.a.c.n.c.NacosConfigDataLoader: Error getting properties from nacos: NacosConfigDataResource{properties=NacosConfigProperties{serverAddr='192.168.0.201:8848', encode='null', group='DEFAULT_GROUP', prefix='null', fileExtension='properties', timeout=3000, maxRetry='null', configLongPollTimeout='null', configRetryTime='null', enableRemoteSyncConfig=false, endpoint='null', namespace='5d42b64c-af69-4a94-8189-c7e890784c35', accessKey='null', secretKey='null', ramRoleName='null', contextPath='null', clusterName='null', name='null'', shares=null, extensions=null, refreshEnabled=true}, optional=false, profiles=[Profiles@28676486 active = '[]', default = '[default]', accepted = '[default]'], config=NacosItemConfig{group='DEFAULT_GROUP', dataId='application-dev.yml', suffix='yml', refreshEnabled=true, preference=null}}
org.yaml.snakeyaml.constructor.DuplicateKeyException: while constructing a mapping
 in 'reader', line 2, column 1:
    jasypt:
    ^
found duplicate key spring
 in 'reader', line 73, column 1:
    spring:
    ^

	at org.yaml.snakeyaml.constructor.SafeConstructor.processDuplicateKeys(SafeConstructor.java:126)
	at org.yaml.snakeyaml.constructor.SafeConstructor.flattenMapping(SafeConstructor.java:78)
	at org.yaml.snakeyaml.constructor.SafeConstructor.flattenMapping(SafeConstructor.java:73)
	at org.yaml.snakeyaml.constructor.SafeConstructor.constructMapping2ndStep(SafeConstructor.java:209)
	at org.yaml.snakeyaml.constructor.BaseConstructor.constructMapping(BaseConstructor.java:552)
	at org.yaml.snakeyaml.constructor.SafeConstructor$ConstructYamlMap.construct(SafeConstructor.java:597)
	at org.yaml.snakeyaml.constructor.BaseConstructor.constructObjectNoCheck(BaseConstructor.java:264)
	at org.yaml.snakeyaml.constructor.BaseConstructor.constructObject(BaseConstructor.java:247)
	at org.springframework.boot.env.OriginTrackedYamlLoader$OriginTrackingConstructor.constructObject(OriginTrackedYamlLoader.java:119)
	at org.yaml.snakeyaml.constructor.BaseConstructor.constructDocument(BaseConstructor.java:201)
	at org.yaml.snakeyaml.constructor.BaseConstructor.getData(BaseConstructor.java:166)
	at org.springframework.boot.env.OriginTrackedYamlLoader$OriginTrackingConstructor.getData(OriginTrackedYamlLoader.java:99)
	at org.yaml.snakeyaml.Yaml$1.next(Yaml.java:529)
	at org.springframework.beans.factory.config.YamlProcessor.process(YamlProcessor.java:203)
	at org.springframework.beans.factory.config.YamlProcessor.process(YamlProcessor.java:169)
	at org.springframework.boot.env.OriginTrackedYamlLoader.load(OriginTrackedYamlLoader.java:84)
	at org.springframework.boot.env.YamlPropertySourceLoader.load(YamlPropertySourceLoader.java:50)
	at com.alibaba.cloud.nacos.parser.NacosDataParserHandler.parseNacosData(NacosDataParserHandler.java:92)
	at com.alibaba.cloud.nacos.configdata.NacosConfigDataLoader.pullConfig(NacosConfigDataLoader.java:146)
	at com.alibaba.cloud.nacos.configdata.NacosConfigDataLoader.doLoad(NacosConfigDataLoader.java:80)
	at com.alibaba.cloud.nacos.configdata.NacosConfigDataLoader.load(NacosConfigDataLoader.java:67)
	at com.alibaba.cloud.nacos.configdata.NacosConfigDataLoader.load(NacosConfigDataLoader.java:56)
	at org.springframework.boot.context.config.ConfigDataLoaders.load(ConfigDataLoaders.java:96)
	at org.springframework.boot.context.config.ConfigDataImporter.load(ConfigDataImporter.java:132)
	at org.springframework.boot.context.config.ConfigDataImporter.resolveAndLoad(ConfigDataImporter.java:87)
	at org.springframework.boot.context.config.ConfigDataEnvironmentContributors.withProcessedImports(ConfigDataEnvironmentContributors.java:121)
	at org.springframework.boot.context.config.ConfigDataEnvironment.processWithProfiles(ConfigDataEnvironment.java:316)
	at org.springframework.boot.context.config.ConfigDataEnvironment.processAndApply(ConfigDataEnvironment.java:237)
	at org.springframework.boot.context.config.ConfigDataEnvironmentPostProcessor.postProcessEnvironment(ConfigDataEnvironmentPostProcessor.java:96)
	at org.springframework.boot.context.config.ConfigDataEnvironmentPostProcessor.postProcessEnvironment(ConfigDataEnvironmentPostProcessor.java:89)
	at org.springframework.cloud.context.refresh.ConfigDataContextRefresher.updateEnvironment(ConfigDataContextRefresher.java:92)
	at org.springframework.cloud.context.refresh.ContextRefresher.refreshEnvironment(ContextRefresher.java:100)
	at org.springframework.cloud.context.refresh.ContextRefresher.refresh(ContextRefresher.java:93)
	at org.springframework.cloud.endpoint.event.RefreshEventListener.handle(RefreshEventListener.java:72)
	at org.springframework.cloud.endpoint.event.RefreshEventListener.onApplicationEvent(RefreshEventListener.java:61)
	at org.springframework.context.event.SimpleApplicationEventMulticaster.doInvokeListener(SimpleApplicationEventMulticaster.java:185)
	at org.springframework.context.event.SimpleApplicationEventMulticaster.invokeListener(SimpleApplicationEventMulticaster.java:178)
	at org.springframework.context.event.SimpleApplicationEventMulticaster.multicastEvent(SimpleApplicationEventMulticaster.java:156)
	at org.springframework.context.support.AbstractApplicationContext.publishEvent(AbstractApplicationContext.java:454)
	at org.springframework.context.support.AbstractApplicationContext.publishEvent(AbstractApplicationContext.java:387)
	at com.alibaba.cloud.nacos.configdata.NacosConfigRefreshEventListener.onApplicationEvent(NacosConfigRefreshEventListener.java:52)
	at org.springframework.context.event.SimpleApplicationEventMulticaster.doInvokeListener(SimpleApplicationEventMulticaster.java:185)
	at org.springframework.context.event.SimpleApplicationEventMulticaster.invokeListener(SimpleApplicationEventMulticaster.java:178)
	at org.springframework.context.event.SimpleApplicationEventMulticaster.multicastEvent(SimpleApplicationEventMulticaster.java:156)
	at org.springframework.context.support.AbstractApplicationContext.publishEvent(AbstractApplicationContext.java:454)
	at org.springframework.context.support.AbstractApplicationContext.publishEvent(AbstractApplicationContext.java:387)
	at com.alibaba.cloud.nacos.refresh.NacosContextRefresher$1.innerReceive(NacosContextRefresher.java:131)
	at com.alibaba.nacos.api.config.listener.AbstractSharedListener.receiveConfigInfo(AbstractSharedListener.java:40)
	at com.alibaba.nacos.client.config.impl.CacheData$1.run(CacheData.java:440)
	at com.alibaba.nacos.client.config.impl.CacheData.safeNotifyListener(CacheData.java:483)
	at com.alibaba.nacos.client.config.impl.CacheData.checkListenerMd5(CacheData.java:324)
	at com.alibaba.nacos.client.config.impl.ClientWorker$ConfigRpcTransportClient.executeConfigListen(ClientWorker.java:819)
	at com.alibaba.nacos.client.config.impl.ClientWorker$ConfigRpcTransportClient.lambda$startInternal$2(ClientWorker.java:779)
	at java.base/java.util.concurrent.Executors$RunnableAdapter.call(Executors.java:572)
	at java.base/java.util.concurrent.FutureTask.run$$$capture(FutureTask.java:317)
	at java.base/java.util.concurrent.FutureTask.run(FutureTask.java)
	at java.base/java.util.concurrent.ScheduledThreadPoolExecutor$ScheduledFutureTask.run(ScheduledThreadPoolExecutor.java:304)
	at java.base/java.util.concurrent.ThreadPoolExecutor.runWorker(ThreadPoolExecutor.java:1144)
	at java.base/java.util.concurrent.ThreadPoolExecutor$Worker.run(ThreadPoolExecutor.java:642)
	at java.base/java.lang.Thread.run(Thread.java:1583)
:2025-08-12 11:25:37.373 ERROR com.alibaba.nacos.client.Worker.0 c.a.c.n.c.NacosConfigDataLoader: Error getting properties from nacos: NacosConfigDataResource{properties=NacosConfigProperties{serverAddr='192.168.0.201:8848', encode='null', group='DEFAULT_GROUP', prefix='null', fileExtension='properties', timeout=3000, maxRetry='null', configLongPollTimeout='null', configRetryTime='null', enableRemoteSyncConfig=false, endpoint='null', namespace='5d42b64c-af69-4a94-8189-c7e890784c35', accessKey='null', secretKey='null', ramRoleName='null', contextPath='null', clusterName='null', name='null'', shares=null, extensions=null, refreshEnabled=true}, optional=false, profiles=[Profiles@7a90651e active = '[]', default = '[default]', accepted = '[default]'], config=NacosItemConfig{group='DEFAULT_GROUP', dataId='application-dev.yml', suffix='yml', refreshEnabled=true, preference=null}}
org.yaml.snakeyaml.constructor.DuplicateKeyException: while constructing a mapping
 in 'reader', line 2, column 1:
    jasypt:
    ^
found duplicate key spring
 in 'reader', line 73, column 1:
    spring:
    ^

	at org.yaml.snakeyaml.constructor.SafeConstructor.processDuplicateKeys(SafeConstructor.java:126)
	at org.yaml.snakeyaml.constructor.SafeConstructor.flattenMapping(SafeConstructor.java:78)
	at org.yaml.snakeyaml.constructor.SafeConstructor.flattenMapping(SafeConstructor.java:73)
	at org.yaml.snakeyaml.constructor.SafeConstructor.constructMapping2ndStep(SafeConstructor.java:209)
	at org.yaml.snakeyaml.constructor.BaseConstructor.constructMapping(BaseConstructor.java:552)
	at org.yaml.snakeyaml.constructor.SafeConstructor$ConstructYamlMap.construct(SafeConstructor.java:597)
	at org.yaml.snakeyaml.constructor.BaseConstructor.constructObjectNoCheck(BaseConstructor.java:264)
	at org.yaml.snakeyaml.constructor.BaseConstructor.constructObject(BaseConstructor.java:247)
	at org.springframework.boot.env.OriginTrackedYamlLoader$OriginTrackingConstructor.constructObject(OriginTrackedYamlLoader.java:119)
	at org.yaml.snakeyaml.constructor.BaseConstructor.constructDocument(BaseConstructor.java:201)
	at org.yaml.snakeyaml.constructor.BaseConstructor.getData(BaseConstructor.java:166)
	at org.springframework.boot.env.OriginTrackedYamlLoader$OriginTrackingConstructor.getData(OriginTrackedYamlLoader.java:99)
	at org.yaml.snakeyaml.Yaml$1.next(Yaml.java:529)
	at org.springframework.beans.factory.config.YamlProcessor.process(YamlProcessor.java:203)
	at org.springframework.beans.factory.config.YamlProcessor.process(YamlProcessor.java:169)
	at org.springframework.boot.env.OriginTrackedYamlLoader.load(OriginTrackedYamlLoader.java:84)
	at org.springframework.boot.env.YamlPropertySourceLoader.load(YamlPropertySourceLoader.java:50)
	at com.alibaba.cloud.nacos.parser.NacosDataParserHandler.parseNacosData(NacosDataParserHandler.java:92)
	at com.alibaba.cloud.nacos.configdata.NacosConfigDataLoader.pullConfig(NacosConfigDataLoader.java:146)
	at com.alibaba.cloud.nacos.configdata.NacosConfigDataLoader.doLoad(NacosConfigDataLoader.java:80)
	at com.alibaba.cloud.nacos.configdata.NacosConfigDataLoader.load(NacosConfigDataLoader.java:67)
	at com.alibaba.cloud.nacos.configdata.NacosConfigDataLoader.load(NacosConfigDataLoader.java:56)
	at org.springframework.boot.context.config.ConfigDataLoaders.load(ConfigDataLoaders.java:96)
	at org.springframework.boot.context.config.ConfigDataImporter.load(ConfigDataImporter.java:132)
	at org.springframework.boot.context.config.ConfigDataImporter.resolveAndLoad(ConfigDataImporter.java:87)
	at org.springframework.boot.context.config.ConfigDataEnvironmentContributors.withProcessedImports(ConfigDataEnvironmentContributors.java:121)
	at org.springframework.boot.context.config.ConfigDataEnvironment.processWithProfiles(ConfigDataEnvironment.java:316)
	at org.springframework.boot.context.config.ConfigDataEnvironment.processAndApply(ConfigDataEnvironment.java:237)
	at org.springframework.boot.context.config.ConfigDataEnvironmentPostProcessor.postProcessEnvironment(ConfigDataEnvironmentPostProcessor.java:96)
	at org.springframework.boot.context.config.ConfigDataEnvironmentPostProcessor.postProcessEnvironment(ConfigDataEnvironmentPostProcessor.java:89)
	at org.springframework.cloud.context.refresh.ConfigDataContextRefresher.updateEnvironment(ConfigDataContextRefresher.java:92)
	at org.springframework.cloud.context.refresh.ContextRefresher.refreshEnvironment(ContextRefresher.java:100)
	at org.springframework.cloud.context.refresh.ContextRefresher.refresh(ContextRefresher.java:93)
	at org.springframework.cloud.endpoint.event.RefreshEventListener.handle(RefreshEventListener.java:72)
	at org.springframework.cloud.endpoint.event.RefreshEventListener.onApplicationEvent(RefreshEventListener.java:61)
	at org.springframework.context.event.SimpleApplicationEventMulticaster.doInvokeListener(SimpleApplicationEventMulticaster.java:185)
	at org.springframework.context.event.SimpleApplicationEventMulticaster.invokeListener(SimpleApplicationEventMulticaster.java:178)
	at org.springframework.context.event.SimpleApplicationEventMulticaster.multicastEvent(SimpleApplicationEventMulticaster.java:156)
	at org.springframework.context.support.AbstractApplicationContext.publishEvent(AbstractApplicationContext.java:454)
	at org.springframework.context.support.AbstractApplicationContext.publishEvent(AbstractApplicationContext.java:387)
	at com.alibaba.cloud.nacos.configdata.NacosConfigRefreshEventListener.onApplicationEvent(NacosConfigRefreshEventListener.java:52)
	at org.springframework.context.event.SimpleApplicationEventMulticaster.doInvokeListener(SimpleApplicationEventMulticaster.java:185)
	at org.springframework.context.event.SimpleApplicationEventMulticaster.invokeListener(SimpleApplicationEventMulticaster.java:178)
	at org.springframework.context.event.SimpleApplicationEventMulticaster.multicastEvent(SimpleApplicationEventMulticaster.java:156)
	at org.springframework.context.support.AbstractApplicationContext.publishEvent(AbstractApplicationContext.java:454)
	at org.springframework.context.support.AbstractApplicationContext.publishEvent(AbstractApplicationContext.java:387)
	at com.alibaba.cloud.nacos.refresh.NacosContextRefresher$1.innerReceive(NacosContextRefresher.java:131)
	at com.alibaba.nacos.api.config.listener.AbstractSharedListener.receiveConfigInfo(AbstractSharedListener.java:40)
	at com.alibaba.nacos.client.config.impl.CacheData$1.run(CacheData.java:440)
	at com.alibaba.nacos.client.config.impl.CacheData.safeNotifyListener(CacheData.java:483)
	at com.alibaba.nacos.client.config.impl.CacheData.checkListenerMd5(CacheData.java:324)
	at com.alibaba.nacos.client.config.impl.ClientWorker$ConfigRpcTransportClient.executeConfigListen(ClientWorker.java:819)
	at com.alibaba.nacos.client.config.impl.ClientWorker$ConfigRpcTransportClient.lambda$startInternal$2(ClientWorker.java:779)
	at java.base/java.util.concurrent.Executors$RunnableAdapter.call(Executors.java:572)
	at java.base/java.util.concurrent.FutureTask.run$$$capture(FutureTask.java:317)
	at java.base/java.util.concurrent.FutureTask.run(FutureTask.java)
	at java.base/java.util.concurrent.ScheduledThreadPoolExecutor$ScheduledFutureTask.run(ScheduledThreadPoolExecutor.java:304)
	at java.base/java.util.concurrent.ThreadPoolExecutor.runWorker(ThreadPoolExecutor.java:1144)
	at java.base/java.util.concurrent.ThreadPoolExecutor$Worker.run(ThreadPoolExecutor.java:642)
	at java.base/java.lang.Thread.run(Thread.java:1583)
:2025-08-12 11:25:42.422 ERROR com.alibaba.nacos.client.Worker.0 c.a.c.n.c.NacosConfigDataLoader: Error getting properties from nacos: NacosConfigDataResource{properties=NacosConfigProperties{serverAddr='192.168.0.201:8848', encode='null', group='DEFAULT_GROUP', prefix='null', fileExtension='properties', timeout=3000, maxRetry='null', configLongPollTimeout='null', configRetryTime='null', enableRemoteSyncConfig=false, endpoint='null', namespace='5d42b64c-af69-4a94-8189-c7e890784c35', accessKey='null', secretKey='null', ramRoleName='null', contextPath='null', clusterName='null', name='null'', shares=null, extensions=null, refreshEnabled=true}, optional=false, profiles=[Profiles@7d07452b active = '[]', default = '[default]', accepted = '[default]'], config=NacosItemConfig{group='DEFAULT_GROUP', dataId='application-dev.yml', suffix='yml', refreshEnabled=true, preference=null}}
org.yaml.snakeyaml.constructor.DuplicateKeyException: while constructing a mapping
 in 'reader', line 2, column 1:
    jasypt:
    ^
found duplicate key spring
 in 'reader', line 73, column 1:
    spring:
    ^

	at org.yaml.snakeyaml.constructor.SafeConstructor.processDuplicateKeys(SafeConstructor.java:126)
	at org.yaml.snakeyaml.constructor.SafeConstructor.flattenMapping(SafeConstructor.java:78)
	at org.yaml.snakeyaml.constructor.SafeConstructor.flattenMapping(SafeConstructor.java:73)
	at org.yaml.snakeyaml.constructor.SafeConstructor.constructMapping2ndStep(SafeConstructor.java:209)
	at org.yaml.snakeyaml.constructor.BaseConstructor.constructMapping(BaseConstructor.java:552)
	at org.yaml.snakeyaml.constructor.SafeConstructor$ConstructYamlMap.construct(SafeConstructor.java:597)
	at org.yaml.snakeyaml.constructor.BaseConstructor.constructObjectNoCheck(BaseConstructor.java:264)
	at org.yaml.snakeyaml.constructor.BaseConstructor.constructObject(BaseConstructor.java:247)
	at org.springframework.boot.env.OriginTrackedYamlLoader$OriginTrackingConstructor.constructObject(OriginTrackedYamlLoader.java:119)
	at org.yaml.snakeyaml.constructor.BaseConstructor.constructDocument(BaseConstructor.java:201)
	at org.yaml.snakeyaml.constructor.BaseConstructor.getData(BaseConstructor.java:166)
	at org.springframework.boot.env.OriginTrackedYamlLoader$OriginTrackingConstructor.getData(OriginTrackedYamlLoader.java:99)
	at org.yaml.snakeyaml.Yaml$1.next(Yaml.java:529)
	at org.springframework.beans.factory.config.YamlProcessor.process(YamlProcessor.java:203)
	at org.springframework.beans.factory.config.YamlProcessor.process(YamlProcessor.java:169)
	at org.springframework.boot.env.OriginTrackedYamlLoader.load(OriginTrackedYamlLoader.java:84)
	at org.springframework.boot.env.YamlPropertySourceLoader.load(YamlPropertySourceLoader.java:50)
	at com.alibaba.cloud.nacos.parser.NacosDataParserHandler.parseNacosData(NacosDataParserHandler.java:92)
	at com.alibaba.cloud.nacos.configdata.NacosConfigDataLoader.pullConfig(NacosConfigDataLoader.java:146)
	at com.alibaba.cloud.nacos.configdata.NacosConfigDataLoader.doLoad(NacosConfigDataLoader.java:80)
	at com.alibaba.cloud.nacos.configdata.NacosConfigDataLoader.load(NacosConfigDataLoader.java:67)
	at com.alibaba.cloud.nacos.configdata.NacosConfigDataLoader.load(NacosConfigDataLoader.java:56)
	at org.springframework.boot.context.config.ConfigDataLoaders.load(ConfigDataLoaders.java:96)
	at org.springframework.boot.context.config.ConfigDataImporter.load(ConfigDataImporter.java:132)
	at org.springframework.boot.context.config.ConfigDataImporter.resolveAndLoad(ConfigDataImporter.java:87)
	at org.springframework.boot.context.config.ConfigDataEnvironmentContributors.withProcessedImports(ConfigDataEnvironmentContributors.java:121)
	at org.springframework.boot.context.config.ConfigDataEnvironment.processWithProfiles(ConfigDataEnvironment.java:316)
	at org.springframework.boot.context.config.ConfigDataEnvironment.processAndApply(ConfigDataEnvironment.java:237)
	at org.springframework.boot.context.config.ConfigDataEnvironmentPostProcessor.postProcessEnvironment(ConfigDataEnvironmentPostProcessor.java:96)
	at org.springframework.boot.context.config.ConfigDataEnvironmentPostProcessor.postProcessEnvironment(ConfigDataEnvironmentPostProcessor.java:89)
	at org.springframework.cloud.context.refresh.ConfigDataContextRefresher.updateEnvironment(ConfigDataContextRefresher.java:92)
	at org.springframework.cloud.context.refresh.ContextRefresher.refreshEnvironment(ContextRefresher.java:100)
	at org.springframework.cloud.context.refresh.ContextRefresher.refresh(ContextRefresher.java:93)
	at org.springframework.cloud.endpoint.event.RefreshEventListener.handle(RefreshEventListener.java:72)
	at org.springframework.cloud.endpoint.event.RefreshEventListener.onApplicationEvent(RefreshEventListener.java:61)
	at org.springframework.context.event.SimpleApplicationEventMulticaster.doInvokeListener(SimpleApplicationEventMulticaster.java:185)
	at org.springframework.context.event.SimpleApplicationEventMulticaster.invokeListener(SimpleApplicationEventMulticaster.java:178)
	at org.springframework.context.event.SimpleApplicationEventMulticaster.multicastEvent(SimpleApplicationEventMulticaster.java:156)
	at org.springframework.context.support.AbstractApplicationContext.publishEvent(AbstractApplicationContext.java:454)
	at org.springframework.context.support.AbstractApplicationContext.publishEvent(AbstractApplicationContext.java:387)
	at com.alibaba.cloud.nacos.configdata.NacosConfigRefreshEventListener.onApplicationEvent(NacosConfigRefreshEventListener.java:52)
	at org.springframework.context.event.SimpleApplicationEventMulticaster.doInvokeListener(SimpleApplicationEventMulticaster.java:185)
	at org.springframework.context.event.SimpleApplicationEventMulticaster.invokeListener(SimpleApplicationEventMulticaster.java:178)
	at org.springframework.context.event.SimpleApplicationEventMulticaster.multicastEvent(SimpleApplicationEventMulticaster.java:156)
	at org.springframework.context.support.AbstractApplicationContext.publishEvent(AbstractApplicationContext.java:454)
	at org.springframework.context.support.AbstractApplicationContext.publishEvent(AbstractApplicationContext.java:387)
	at com.alibaba.cloud.nacos.refresh.NacosContextRefresher$1.innerReceive(NacosContextRefresher.java:131)
	at com.alibaba.nacos.api.config.listener.AbstractSharedListener.receiveConfigInfo(AbstractSharedListener.java:40)
	at com.alibaba.nacos.client.config.impl.CacheData$1.run(CacheData.java:440)
	at com.alibaba.nacos.client.config.impl.CacheData.safeNotifyListener(CacheData.java:483)
	at com.alibaba.nacos.client.config.impl.CacheData.checkListenerMd5(CacheData.java:324)
	at com.alibaba.nacos.client.config.impl.ClientWorker$ConfigRpcTransportClient.executeConfigListen(ClientWorker.java:819)
	at com.alibaba.nacos.client.config.impl.ClientWorker$ConfigRpcTransportClient.lambda$startInternal$2(ClientWorker.java:779)
	at java.base/java.util.concurrent.Executors$RunnableAdapter.call(Executors.java:572)
	at java.base/java.util.concurrent.FutureTask.run$$$capture(FutureTask.java:317)
	at java.base/java.util.concurrent.FutureTask.run(FutureTask.java)
	at java.base/java.util.concurrent.ScheduledThreadPoolExecutor$ScheduledFutureTask.run(ScheduledThreadPoolExecutor.java:304)
	at java.base/java.util.concurrent.ThreadPoolExecutor.runWorker(ThreadPoolExecutor.java:1144)
	at java.base/java.util.concurrent.ThreadPoolExecutor$Worker.run(ThreadPoolExecutor.java:642)
	at java.base/java.lang.Thread.run(Thread.java:1583)
:2025-08-12 11:25:47.476 ERROR com.alibaba.nacos.client.Worker.0 c.a.c.n.c.NacosConfigDataLoader: Error getting properties from nacos: NacosConfigDataResource{properties=NacosConfigProperties{serverAddr='192.168.0.201:8848', encode='null', group='DEFAULT_GROUP', prefix='null', fileExtension='properties', timeout=3000, maxRetry='null', configLongPollTimeout='null', configRetryTime='null', enableRemoteSyncConfig=false, endpoint='null', namespace='5d42b64c-af69-4a94-8189-c7e890784c35', accessKey='null', secretKey='null', ramRoleName='null', contextPath='null', clusterName='null', name='null'', shares=null, extensions=null, refreshEnabled=true}, optional=false, profiles=[Profiles@4daaa86c active = '[]', default = '[default]', accepted = '[default]'], config=NacosItemConfig{group='DEFAULT_GROUP', dataId='application-dev.yml', suffix='yml', refreshEnabled=true, preference=null}}
org.yaml.snakeyaml.constructor.DuplicateKeyException: while constructing a mapping
 in 'reader', line 2, column 1:
    jasypt:
    ^
found duplicate key spring
 in 'reader', line 73, column 1:
    spring:
    ^

	at org.yaml.snakeyaml.constructor.SafeConstructor.processDuplicateKeys(SafeConstructor.java:126)
	at org.yaml.snakeyaml.constructor.SafeConstructor.flattenMapping(SafeConstructor.java:78)
	at org.yaml.snakeyaml.constructor.SafeConstructor.flattenMapping(SafeConstructor.java:73)
	at org.yaml.snakeyaml.constructor.SafeConstructor.constructMapping2ndStep(SafeConstructor.java:209)
	at org.yaml.snakeyaml.constructor.BaseConstructor.constructMapping(BaseConstructor.java:552)
	at org.yaml.snakeyaml.constructor.SafeConstructor$ConstructYamlMap.construct(SafeConstructor.java:597)
	at org.yaml.snakeyaml.constructor.BaseConstructor.constructObjectNoCheck(BaseConstructor.java:264)
	at org.yaml.snakeyaml.constructor.BaseConstructor.constructObject(BaseConstructor.java:247)
	at org.springframework.boot.env.OriginTrackedYamlLoader$OriginTrackingConstructor.constructObject(OriginTrackedYamlLoader.java:119)
	at org.yaml.snakeyaml.constructor.BaseConstructor.constructDocument(BaseConstructor.java:201)
	at org.yaml.snakeyaml.constructor.BaseConstructor.getData(BaseConstructor.java:166)
	at org.springframework.boot.env.OriginTrackedYamlLoader$OriginTrackingConstructor.getData(OriginTrackedYamlLoader.java:99)
	at org.yaml.snakeyaml.Yaml$1.next(Yaml.java:529)
	at org.springframework.beans.factory.config.YamlProcessor.process(YamlProcessor.java:203)
	at org.springframework.beans.factory.config.YamlProcessor.process(YamlProcessor.java:169)
	at org.springframework.boot.env.OriginTrackedYamlLoader.load(OriginTrackedYamlLoader.java:84)
	at org.springframework.boot.env.YamlPropertySourceLoader.load(YamlPropertySourceLoader.java:50)
	at com.alibaba.cloud.nacos.parser.NacosDataParserHandler.parseNacosData(NacosDataParserHandler.java:92)
	at com.alibaba.cloud.nacos.configdata.NacosConfigDataLoader.pullConfig(NacosConfigDataLoader.java:146)
	at com.alibaba.cloud.nacos.configdata.NacosConfigDataLoader.doLoad(NacosConfigDataLoader.java:80)
	at com.alibaba.cloud.nacos.configdata.NacosConfigDataLoader.load(NacosConfigDataLoader.java:67)
	at com.alibaba.cloud.nacos.configdata.NacosConfigDataLoader.load(NacosConfigDataLoader.java:56)
	at org.springframework.boot.context.config.ConfigDataLoaders.load(ConfigDataLoaders.java:96)
	at org.springframework.boot.context.config.ConfigDataImporter.load(ConfigDataImporter.java:132)
	at org.springframework.boot.context.config.ConfigDataImporter.resolveAndLoad(ConfigDataImporter.java:87)
	at org.springframework.boot.context.config.ConfigDataEnvironmentContributors.withProcessedImports(ConfigDataEnvironmentContributors.java:121)
	at org.springframework.boot.context.config.ConfigDataEnvironment.processWithProfiles(ConfigDataEnvironment.java:316)
	at org.springframework.boot.context.config.ConfigDataEnvironment.processAndApply(ConfigDataEnvironment.java:237)
	at org.springframework.boot.context.config.ConfigDataEnvironmentPostProcessor.postProcessEnvironment(ConfigDataEnvironmentPostProcessor.java:96)
	at org.springframework.boot.context.config.ConfigDataEnvironmentPostProcessor.postProcessEnvironment(ConfigDataEnvironmentPostProcessor.java:89)
	at org.springframework.cloud.context.refresh.ConfigDataContextRefresher.updateEnvironment(ConfigDataContextRefresher.java:92)
	at org.springframework.cloud.context.refresh.ContextRefresher.refreshEnvironment(ContextRefresher.java:100)
	at org.springframework.cloud.context.refresh.ContextRefresher.refresh(ContextRefresher.java:93)
	at org.springframework.cloud.endpoint.event.RefreshEventListener.handle(RefreshEventListener.java:72)
	at org.springframework.cloud.endpoint.event.RefreshEventListener.onApplicationEvent(RefreshEventListener.java:61)
	at org.springframework.context.event.SimpleApplicationEventMulticaster.doInvokeListener(SimpleApplicationEventMulticaster.java:185)
	at org.springframework.context.event.SimpleApplicationEventMulticaster.invokeListener(SimpleApplicationEventMulticaster.java:178)
	at org.springframework.context.event.SimpleApplicationEventMulticaster.multicastEvent(SimpleApplicationEventMulticaster.java:156)
	at org.springframework.context.support.AbstractApplicationContext.publishEvent(AbstractApplicationContext.java:454)
	at org.springframework.context.support.AbstractApplicationContext.publishEvent(AbstractApplicationContext.java:387)
	at com.alibaba.cloud.nacos.configdata.NacosConfigRefreshEventListener.onApplicationEvent(NacosConfigRefreshEventListener.java:52)
	at org.springframework.context.event.SimpleApplicationEventMulticaster.doInvokeListener(SimpleApplicationEventMulticaster.java:185)
	at org.springframework.context.event.SimpleApplicationEventMulticaster.invokeListener(SimpleApplicationEventMulticaster.java:178)
	at org.springframework.context.event.SimpleApplicationEventMulticaster.multicastEvent(SimpleApplicationEventMulticaster.java:156)
	at org.springframework.context.support.AbstractApplicationContext.publishEvent(AbstractApplicationContext.java:454)
	at org.springframework.context.support.AbstractApplicationContext.publishEvent(AbstractApplicationContext.java:387)
	at com.alibaba.cloud.nacos.refresh.NacosContextRefresher$1.innerReceive(NacosContextRefresher.java:131)
	at com.alibaba.nacos.api.config.listener.AbstractSharedListener.receiveConfigInfo(AbstractSharedListener.java:40)
	at com.alibaba.nacos.client.config.impl.CacheData$1.run(CacheData.java:440)
	at com.alibaba.nacos.client.config.impl.CacheData.safeNotifyListener(CacheData.java:483)
	at com.alibaba.nacos.client.config.impl.CacheData.checkListenerMd5(CacheData.java:324)
	at com.alibaba.nacos.client.config.impl.ClientWorker$ConfigRpcTransportClient.executeConfigListen(ClientWorker.java:819)
	at com.alibaba.nacos.client.config.impl.ClientWorker$ConfigRpcTransportClient.lambda$startInternal$2(ClientWorker.java:779)
	at java.base/java.util.concurrent.Executors$RunnableAdapter.call(Executors.java:572)
	at java.base/java.util.concurrent.FutureTask.run$$$capture(FutureTask.java:317)
	at java.base/java.util.concurrent.FutureTask.run(FutureTask.java)
	at java.base/java.util.concurrent.ScheduledThreadPoolExecutor$ScheduledFutureTask.run(ScheduledThreadPoolExecutor.java:304)
	at java.base/java.util.concurrent.ThreadPoolExecutor.runWorker(ThreadPoolExecutor.java:1144)
	at java.base/java.util.concurrent.ThreadPoolExecutor$Worker.run(ThreadPoolExecutor.java:642)
	at java.base/java.lang.Thread.run(Thread.java:1583)
:2025-08-12 11:25:52.517 ERROR com.alibaba.nacos.client.Worker.0 c.a.c.n.c.NacosConfigDataLoader: Error getting properties from nacos: NacosConfigDataResource{properties=NacosConfigProperties{serverAddr='192.168.0.201:8848', encode='null', group='DEFAULT_GROUP', prefix='null', fileExtension='properties', timeout=3000, maxRetry='null', configLongPollTimeout='null', configRetryTime='null', enableRemoteSyncConfig=false, endpoint='null', namespace='5d42b64c-af69-4a94-8189-c7e890784c35', accessKey='null', secretKey='null', ramRoleName='null', contextPath='null', clusterName='null', name='null'', shares=null, extensions=null, refreshEnabled=true}, optional=false, profiles=[Profiles@7e1b4131 active = '[]', default = '[default]', accepted = '[default]'], config=NacosItemConfig{group='DEFAULT_GROUP', dataId='application-dev.yml', suffix='yml', refreshEnabled=true, preference=null}}
org.yaml.snakeyaml.constructor.DuplicateKeyException: while constructing a mapping
 in 'reader', line 2, column 1:
    jasypt:
    ^
found duplicate key spring
 in 'reader', line 73, column 1:
    spring:
    ^

	at org.yaml.snakeyaml.constructor.SafeConstructor.processDuplicateKeys(SafeConstructor.java:126)
	at org.yaml.snakeyaml.constructor.SafeConstructor.flattenMapping(SafeConstructor.java:78)
	at org.yaml.snakeyaml.constructor.SafeConstructor.flattenMapping(SafeConstructor.java:73)
	at org.yaml.snakeyaml.constructor.SafeConstructor.constructMapping2ndStep(SafeConstructor.java:209)
	at org.yaml.snakeyaml.constructor.BaseConstructor.constructMapping(BaseConstructor.java:552)
	at org.yaml.snakeyaml.constructor.SafeConstructor$ConstructYamlMap.construct(SafeConstructor.java:597)
	at org.yaml.snakeyaml.constructor.BaseConstructor.constructObjectNoCheck(BaseConstructor.java:264)
	at org.yaml.snakeyaml.constructor.BaseConstructor.constructObject(BaseConstructor.java:247)
	at org.springframework.boot.env.OriginTrackedYamlLoader$OriginTrackingConstructor.constructObject(OriginTrackedYamlLoader.java:119)
	at org.yaml.snakeyaml.constructor.BaseConstructor.constructDocument(BaseConstructor.java:201)
	at org.yaml.snakeyaml.constructor.BaseConstructor.getData(BaseConstructor.java:166)
	at org.springframework.boot.env.OriginTrackedYamlLoader$OriginTrackingConstructor.getData(OriginTrackedYamlLoader.java:99)
	at org.yaml.snakeyaml.Yaml$1.next(Yaml.java:529)
	at org.springframework.beans.factory.config.YamlProcessor.process(YamlProcessor.java:203)
	at org.springframework.beans.factory.config.YamlProcessor.process(YamlProcessor.java:169)
	at org.springframework.boot.env.OriginTrackedYamlLoader.load(OriginTrackedYamlLoader.java:84)
	at org.springframework.boot.env.YamlPropertySourceLoader.load(YamlPropertySourceLoader.java:50)
	at com.alibaba.cloud.nacos.parser.NacosDataParserHandler.parseNacosData(NacosDataParserHandler.java:92)
	at com.alibaba.cloud.nacos.configdata.NacosConfigDataLoader.pullConfig(NacosConfigDataLoader.java:146)
	at com.alibaba.cloud.nacos.configdata.NacosConfigDataLoader.doLoad(NacosConfigDataLoader.java:80)
	at com.alibaba.cloud.nacos.configdata.NacosConfigDataLoader.load(NacosConfigDataLoader.java:67)
	at com.alibaba.cloud.nacos.configdata.NacosConfigDataLoader.load(NacosConfigDataLoader.java:56)
	at org.springframework.boot.context.config.ConfigDataLoaders.load(ConfigDataLoaders.java:96)
	at org.springframework.boot.context.config.ConfigDataImporter.load(ConfigDataImporter.java:132)
	at org.springframework.boot.context.config.ConfigDataImporter.resolveAndLoad(ConfigDataImporter.java:87)
	at org.springframework.boot.context.config.ConfigDataEnvironmentContributors.withProcessedImports(ConfigDataEnvironmentContributors.java:121)
	at org.springframework.boot.context.config.ConfigDataEnvironment.processWithProfiles(ConfigDataEnvironment.java:316)
	at org.springframework.boot.context.config.ConfigDataEnvironment.processAndApply(ConfigDataEnvironment.java:237)
	at org.springframework.boot.context.config.ConfigDataEnvironmentPostProcessor.postProcessEnvironment(ConfigDataEnvironmentPostProcessor.java:96)
	at org.springframework.boot.context.config.ConfigDataEnvironmentPostProcessor.postProcessEnvironment(ConfigDataEnvironmentPostProcessor.java:89)
	at org.springframework.cloud.context.refresh.ConfigDataContextRefresher.updateEnvironment(ConfigDataContextRefresher.java:92)
	at org.springframework.cloud.context.refresh.ContextRefresher.refreshEnvironment(ContextRefresher.java:100)
	at org.springframework.cloud.context.refresh.ContextRefresher.refresh(ContextRefresher.java:93)
	at org.springframework.cloud.endpoint.event.RefreshEventListener.handle(RefreshEventListener.java:72)
	at org.springframework.cloud.endpoint.event.RefreshEventListener.onApplicationEvent(RefreshEventListener.java:61)
	at org.springframework.context.event.SimpleApplicationEventMulticaster.doInvokeListener(SimpleApplicationEventMulticaster.java:185)
	at org.springframework.context.event.SimpleApplicationEventMulticaster.invokeListener(SimpleApplicationEventMulticaster.java:178)
	at org.springframework.context.event.SimpleApplicationEventMulticaster.multicastEvent(SimpleApplicationEventMulticaster.java:156)
	at org.springframework.context.support.AbstractApplicationContext.publishEvent(AbstractApplicationContext.java:454)
	at org.springframework.context.support.AbstractApplicationContext.publishEvent(AbstractApplicationContext.java:387)
	at com.alibaba.cloud.nacos.configdata.NacosConfigRefreshEventListener.onApplicationEvent(NacosConfigRefreshEventListener.java:52)
	at org.springframework.context.event.SimpleApplicationEventMulticaster.doInvokeListener(SimpleApplicationEventMulticaster.java:185)
	at org.springframework.context.event.SimpleApplicationEventMulticaster.invokeListener(SimpleApplicationEventMulticaster.java:178)
	at org.springframework.context.event.SimpleApplicationEventMulticaster.multicastEvent(SimpleApplicationEventMulticaster.java:156)
	at org.springframework.context.support.AbstractApplicationContext.publishEvent(AbstractApplicationContext.java:454)
	at org.springframework.context.support.AbstractApplicationContext.publishEvent(AbstractApplicationContext.java:387)
	at com.alibaba.cloud.nacos.refresh.NacosContextRefresher$1.innerReceive(NacosContextRefresher.java:131)
	at com.alibaba.nacos.api.config.listener.AbstractSharedListener.receiveConfigInfo(AbstractSharedListener.java:40)
	at com.alibaba.nacos.client.config.impl.CacheData$1.run(CacheData.java:440)
	at com.alibaba.nacos.client.config.impl.CacheData.safeNotifyListener(CacheData.java:483)
	at com.alibaba.nacos.client.config.impl.CacheData.checkListenerMd5(CacheData.java:324)
	at com.alibaba.nacos.client.config.impl.ClientWorker$ConfigRpcTransportClient.executeConfigListen(ClientWorker.java:819)
	at com.alibaba.nacos.client.config.impl.ClientWorker$ConfigRpcTransportClient.lambda$startInternal$2(ClientWorker.java:779)
	at java.base/java.util.concurrent.Executors$RunnableAdapter.call(Executors.java:572)
	at java.base/java.util.concurrent.FutureTask.run$$$capture(FutureTask.java:317)
	at java.base/java.util.concurrent.FutureTask.run(FutureTask.java)
	at java.base/java.util.concurrent.ScheduledThreadPoolExecutor$ScheduledFutureTask.run(ScheduledThreadPoolExecutor.java:304)
	at java.base/java.util.concurrent.ThreadPoolExecutor.runWorker(ThreadPoolExecutor.java:1144)
	at java.base/java.util.concurrent.ThreadPoolExecutor$Worker.run(ThreadPoolExecutor.java:642)
	at java.base/java.lang.Thread.run(Thread.java:1583)
:2025-08-12 11:25:57.558 ERROR com.alibaba.nacos.client.Worker.0 c.a.c.n.c.NacosConfigDataLoader: Error getting properties from nacos: NacosConfigDataResource{properties=NacosConfigProperties{serverAddr='192.168.0.201:8848', encode='null', group='DEFAULT_GROUP', prefix='null', fileExtension='properties', timeout=3000, maxRetry='null', configLongPollTimeout='null', configRetryTime='null', enableRemoteSyncConfig=false, endpoint='null', namespace='5d42b64c-af69-4a94-8189-c7e890784c35', accessKey='null', secretKey='null', ramRoleName='null', contextPath='null', clusterName='null', name='null'', shares=null, extensions=null, refreshEnabled=true}, optional=false, profiles=[Profiles@110dd7fe active = '[]', default = '[default]', accepted = '[default]'], config=NacosItemConfig{group='DEFAULT_GROUP', dataId='application-dev.yml', suffix='yml', refreshEnabled=true, preference=null}}
org.yaml.snakeyaml.constructor.DuplicateKeyException: while constructing a mapping
 in 'reader', line 2, column 1:
    jasypt:
    ^
found duplicate key spring
 in 'reader', line 73, column 1:
    spring:
    ^

	at org.yaml.snakeyaml.constructor.SafeConstructor.processDuplicateKeys(SafeConstructor.java:126)
	at org.yaml.snakeyaml.constructor.SafeConstructor.flattenMapping(SafeConstructor.java:78)
	at org.yaml.snakeyaml.constructor.SafeConstructor.flattenMapping(SafeConstructor.java:73)
	at org.yaml.snakeyaml.constructor.SafeConstructor.constructMapping2ndStep(SafeConstructor.java:209)
	at org.yaml.snakeyaml.constructor.BaseConstructor.constructMapping(BaseConstructor.java:552)
	at org.yaml.snakeyaml.constructor.SafeConstructor$ConstructYamlMap.construct(SafeConstructor.java:597)
	at org.yaml.snakeyaml.constructor.BaseConstructor.constructObjectNoCheck(BaseConstructor.java:264)
	at org.yaml.snakeyaml.constructor.BaseConstructor.constructObject(BaseConstructor.java:247)
	at org.springframework.boot.env.OriginTrackedYamlLoader$OriginTrackingConstructor.constructObject(OriginTrackedYamlLoader.java:119)
	at org.yaml.snakeyaml.constructor.BaseConstructor.constructDocument(BaseConstructor.java:201)
	at org.yaml.snakeyaml.constructor.BaseConstructor.getData(BaseConstructor.java:166)
	at org.springframework.boot.env.OriginTrackedYamlLoader$OriginTrackingConstructor.getData(OriginTrackedYamlLoader.java:99)
	at org.yaml.snakeyaml.Yaml$1.next(Yaml.java:529)
	at org.springframework.beans.factory.config.YamlProcessor.process(YamlProcessor.java:203)
	at org.springframework.beans.factory.config.YamlProcessor.process(YamlProcessor.java:169)
	at org.springframework.boot.env.OriginTrackedYamlLoader.load(OriginTrackedYamlLoader.java:84)
	at org.springframework.boot.env.YamlPropertySourceLoader.load(YamlPropertySourceLoader.java:50)
	at com.alibaba.cloud.nacos.parser.NacosDataParserHandler.parseNacosData(NacosDataParserHandler.java:92)
	at com.alibaba.cloud.nacos.configdata.NacosConfigDataLoader.pullConfig(NacosConfigDataLoader.java:146)
	at com.alibaba.cloud.nacos.configdata.NacosConfigDataLoader.doLoad(NacosConfigDataLoader.java:80)
	at com.alibaba.cloud.nacos.configdata.NacosConfigDataLoader.load(NacosConfigDataLoader.java:67)
	at com.alibaba.cloud.nacos.configdata.NacosConfigDataLoader.load(NacosConfigDataLoader.java:56)
	at org.springframework.boot.context.config.ConfigDataLoaders.load(ConfigDataLoaders.java:96)
	at org.springframework.boot.context.config.ConfigDataImporter.load(ConfigDataImporter.java:132)
	at org.springframework.boot.context.config.ConfigDataImporter.resolveAndLoad(ConfigDataImporter.java:87)
	at org.springframework.boot.context.config.ConfigDataEnvironmentContributors.withProcessedImports(ConfigDataEnvironmentContributors.java:121)
	at org.springframework.boot.context.config.ConfigDataEnvironment.processWithProfiles(ConfigDataEnvironment.java:316)
	at org.springframework.boot.context.config.ConfigDataEnvironment.processAndApply(ConfigDataEnvironment.java:237)
	at org.springframework.boot.context.config.ConfigDataEnvironmentPostProcessor.postProcessEnvironment(ConfigDataEnvironmentPostProcessor.java:96)
	at org.springframework.boot.context.config.ConfigDataEnvironmentPostProcessor.postProcessEnvironment(ConfigDataEnvironmentPostProcessor.java:89)
	at org.springframework.cloud.context.refresh.ConfigDataContextRefresher.updateEnvironment(ConfigDataContextRefresher.java:92)
	at org.springframework.cloud.context.refresh.ContextRefresher.refreshEnvironment(ContextRefresher.java:100)
	at org.springframework.cloud.context.refresh.ContextRefresher.refresh(ContextRefresher.java:93)
	at org.springframework.cloud.endpoint.event.RefreshEventListener.handle(RefreshEventListener.java:72)
	at org.springframework.cloud.endpoint.event.RefreshEventListener.onApplicationEvent(RefreshEventListener.java:61)
	at org.springframework.context.event.SimpleApplicationEventMulticaster.doInvokeListener(SimpleApplicationEventMulticaster.java:185)
	at org.springframework.context.event.SimpleApplicationEventMulticaster.invokeListener(SimpleApplicationEventMulticaster.java:178)
	at org.springframework.context.event.SimpleApplicationEventMulticaster.multicastEvent(SimpleApplicationEventMulticaster.java:156)
	at org.springframework.context.support.AbstractApplicationContext.publishEvent(AbstractApplicationContext.java:454)
	at org.springframework.context.support.AbstractApplicationContext.publishEvent(AbstractApplicationContext.java:387)
	at com.alibaba.cloud.nacos.configdata.NacosConfigRefreshEventListener.onApplicationEvent(NacosConfigRefreshEventListener.java:52)
	at org.springframework.context.event.SimpleApplicationEventMulticaster.doInvokeListener(SimpleApplicationEventMulticaster.java:185)
	at org.springframework.context.event.SimpleApplicationEventMulticaster.invokeListener(SimpleApplicationEventMulticaster.java:178)
	at org.springframework.context.event.SimpleApplicationEventMulticaster.multicastEvent(SimpleApplicationEventMulticaster.java:156)
	at org.springframework.context.support.AbstractApplicationContext.publishEvent(AbstractApplicationContext.java:454)
	at org.springframework.context.support.AbstractApplicationContext.publishEvent(AbstractApplicationContext.java:387)
	at com.alibaba.cloud.nacos.refresh.NacosContextRefresher$1.innerReceive(NacosContextRefresher.java:131)
	at com.alibaba.nacos.api.config.listener.AbstractSharedListener.receiveConfigInfo(AbstractSharedListener.java:40)
	at com.alibaba.nacos.client.config.impl.CacheData$1.run(CacheData.java:440)
	at com.alibaba.nacos.client.config.impl.CacheData.safeNotifyListener(CacheData.java:483)
	at com.alibaba.nacos.client.config.impl.CacheData.checkListenerMd5(CacheData.java:324)
	at com.alibaba.nacos.client.config.impl.ClientWorker$ConfigRpcTransportClient.executeConfigListen(ClientWorker.java:819)
	at com.alibaba.nacos.client.config.impl.ClientWorker$ConfigRpcTransportClient.lambda$startInternal$2(ClientWorker.java:779)
	at java.base/java.util.concurrent.Executors$RunnableAdapter.call(Executors.java:572)
	at java.base/java.util.concurrent.FutureTask.run$$$capture(FutureTask.java:317)
	at java.base/java.util.concurrent.FutureTask.run(FutureTask.java)
	at java.base/java.util.concurrent.ScheduledThreadPoolExecutor$ScheduledFutureTask.run(ScheduledThreadPoolExecutor.java:304)
	at java.base/java.util.concurrent.ThreadPoolExecutor.runWorker(ThreadPoolExecutor.java:1144)
	at java.base/java.util.concurrent.ThreadPoolExecutor$Worker.run(ThreadPoolExecutor.java:642)
	at java.base/java.lang.Thread.run(Thread.java:1583)
:2025-08-12 11:26:02.597 ERROR com.alibaba.nacos.client.Worker.0 c.a.c.n.c.NacosConfigDataLoader: Error getting properties from nacos: NacosConfigDataResource{properties=NacosConfigProperties{serverAddr='192.168.0.201:8848', encode='null', group='DEFAULT_GROUP', prefix='null', fileExtension='properties', timeout=3000, maxRetry='null', configLongPollTimeout='null', configRetryTime='null', enableRemoteSyncConfig=false, endpoint='null', namespace='5d42b64c-af69-4a94-8189-c7e890784c35', accessKey='null', secretKey='null', ramRoleName='null', contextPath='null', clusterName='null', name='null'', shares=null, extensions=null, refreshEnabled=true}, optional=false, profiles=[Profiles@5620f43c active = '[]', default = '[default]', accepted = '[default]'], config=NacosItemConfig{group='DEFAULT_GROUP', dataId='application-dev.yml', suffix='yml', refreshEnabled=true, preference=null}}
org.yaml.snakeyaml.constructor.DuplicateKeyException: while constructing a mapping
 in 'reader', line 2, column 1:
    jasypt:
    ^
found duplicate key spring
 in 'reader', line 73, column 1:
    spring:
    ^

	at org.yaml.snakeyaml.constructor.SafeConstructor.processDuplicateKeys(SafeConstructor.java:126)
	at org.yaml.snakeyaml.constructor.SafeConstructor.flattenMapping(SafeConstructor.java:78)
	at org.yaml.snakeyaml.constructor.SafeConstructor.flattenMapping(SafeConstructor.java:73)
	at org.yaml.snakeyaml.constructor.SafeConstructor.constructMapping2ndStep(SafeConstructor.java:209)
	at org.yaml.snakeyaml.constructor.BaseConstructor.constructMapping(BaseConstructor.java:552)
	at org.yaml.snakeyaml.constructor.SafeConstructor$ConstructYamlMap.construct(SafeConstructor.java:597)
	at org.yaml.snakeyaml.constructor.BaseConstructor.constructObjectNoCheck(BaseConstructor.java:264)
	at org.yaml.snakeyaml.constructor.BaseConstructor.constructObject(BaseConstructor.java:247)
	at org.springframework.boot.env.OriginTrackedYamlLoader$OriginTrackingConstructor.constructObject(OriginTrackedYamlLoader.java:119)
	at org.yaml.snakeyaml.constructor.BaseConstructor.constructDocument(BaseConstructor.java:201)
	at org.yaml.snakeyaml.constructor.BaseConstructor.getData(BaseConstructor.java:166)
	at org.springframework.boot.env.OriginTrackedYamlLoader$OriginTrackingConstructor.getData(OriginTrackedYamlLoader.java:99)
	at org.yaml.snakeyaml.Yaml$1.next(Yaml.java:529)
	at org.springframework.beans.factory.config.YamlProcessor.process(YamlProcessor.java:203)
	at org.springframework.beans.factory.config.YamlProcessor.process(YamlProcessor.java:169)
	at org.springframework.boot.env.OriginTrackedYamlLoader.load(OriginTrackedYamlLoader.java:84)
	at org.springframework.boot.env.YamlPropertySourceLoader.load(YamlPropertySourceLoader.java:50)
	at com.alibaba.cloud.nacos.parser.NacosDataParserHandler.parseNacosData(NacosDataParserHandler.java:92)
	at com.alibaba.cloud.nacos.configdata.NacosConfigDataLoader.pullConfig(NacosConfigDataLoader.java:146)
	at com.alibaba.cloud.nacos.configdata.NacosConfigDataLoader.doLoad(NacosConfigDataLoader.java:80)
	at com.alibaba.cloud.nacos.configdata.NacosConfigDataLoader.load(NacosConfigDataLoader.java:67)
	at com.alibaba.cloud.nacos.configdata.NacosConfigDataLoader.load(NacosConfigDataLoader.java:56)
	at org.springframework.boot.context.config.ConfigDataLoaders.load(ConfigDataLoaders.java:96)
	at org.springframework.boot.context.config.ConfigDataImporter.load(ConfigDataImporter.java:132)
	at org.springframework.boot.context.config.ConfigDataImporter.resolveAndLoad(ConfigDataImporter.java:87)
	at org.springframework.boot.context.config.ConfigDataEnvironmentContributors.withProcessedImports(ConfigDataEnvironmentContributors.java:121)
	at org.springframework.boot.context.config.ConfigDataEnvironment.processWithProfiles(ConfigDataEnvironment.java:316)
	at org.springframework.boot.context.config.ConfigDataEnvironment.processAndApply(ConfigDataEnvironment.java:237)
	at org.springframework.boot.context.config.ConfigDataEnvironmentPostProcessor.postProcessEnvironment(ConfigDataEnvironmentPostProcessor.java:96)
	at org.springframework.boot.context.config.ConfigDataEnvironmentPostProcessor.postProcessEnvironment(ConfigDataEnvironmentPostProcessor.java:89)
	at org.springframework.cloud.context.refresh.ConfigDataContextRefresher.updateEnvironment(ConfigDataContextRefresher.java:92)
	at org.springframework.cloud.context.refresh.ContextRefresher.refreshEnvironment(ContextRefresher.java:100)
	at org.springframework.cloud.context.refresh.ContextRefresher.refresh(ContextRefresher.java:93)
	at org.springframework.cloud.endpoint.event.RefreshEventListener.handle(RefreshEventListener.java:72)
	at org.springframework.cloud.endpoint.event.RefreshEventListener.onApplicationEvent(RefreshEventListener.java:61)
	at org.springframework.context.event.SimpleApplicationEventMulticaster.doInvokeListener(SimpleApplicationEventMulticaster.java:185)
	at org.springframework.context.event.SimpleApplicationEventMulticaster.invokeListener(SimpleApplicationEventMulticaster.java:178)
	at org.springframework.context.event.SimpleApplicationEventMulticaster.multicastEvent(SimpleApplicationEventMulticaster.java:156)
	at org.springframework.context.support.AbstractApplicationContext.publishEvent(AbstractApplicationContext.java:454)
	at org.springframework.context.support.AbstractApplicationContext.publishEvent(AbstractApplicationContext.java:387)
	at com.alibaba.cloud.nacos.configdata.NacosConfigRefreshEventListener.onApplicationEvent(NacosConfigRefreshEventListener.java:52)
	at org.springframework.context.event.SimpleApplicationEventMulticaster.doInvokeListener(SimpleApplicationEventMulticaster.java:185)
	at org.springframework.context.event.SimpleApplicationEventMulticaster.invokeListener(SimpleApplicationEventMulticaster.java:178)
	at org.springframework.context.event.SimpleApplicationEventMulticaster.multicastEvent(SimpleApplicationEventMulticaster.java:156)
	at org.springframework.context.support.AbstractApplicationContext.publishEvent(AbstractApplicationContext.java:454)
	at org.springframework.context.support.AbstractApplicationContext.publishEvent(AbstractApplicationContext.java:387)
	at com.alibaba.cloud.nacos.refresh.NacosContextRefresher$1.innerReceive(NacosContextRefresher.java:131)
	at com.alibaba.nacos.api.config.listener.AbstractSharedListener.receiveConfigInfo(AbstractSharedListener.java:40)
	at com.alibaba.nacos.client.config.impl.CacheData$1.run(CacheData.java:440)
	at com.alibaba.nacos.client.config.impl.CacheData.safeNotifyListener(CacheData.java:483)
	at com.alibaba.nacos.client.config.impl.CacheData.checkListenerMd5(CacheData.java:324)
	at com.alibaba.nacos.client.config.impl.ClientWorker$ConfigRpcTransportClient.executeConfigListen(ClientWorker.java:819)
	at com.alibaba.nacos.client.config.impl.ClientWorker$ConfigRpcTransportClient.lambda$startInternal$2(ClientWorker.java:779)
	at java.base/java.util.concurrent.Executors$RunnableAdapter.call(Executors.java:572)
	at java.base/java.util.concurrent.FutureTask.run$$$capture(FutureTask.java:317)
	at java.base/java.util.concurrent.FutureTask.run(FutureTask.java)
	at java.base/java.util.concurrent.ScheduledThreadPoolExecutor$ScheduledFutureTask.run(ScheduledThreadPoolExecutor.java:304)
	at java.base/java.util.concurrent.ThreadPoolExecutor.runWorker(ThreadPoolExecutor.java:1144)
	at java.base/java.util.concurrent.ThreadPoolExecutor$Worker.run(ThreadPoolExecutor.java:642)
	at java.base/java.lang.Thread.run(Thread.java:1583)
:2025-08-12 11:26:07.639 ERROR com.alibaba.nacos.client.Worker.0 c.a.c.n.c.NacosConfigDataLoader: Error getting properties from nacos: NacosConfigDataResource{properties=NacosConfigProperties{serverAddr='192.168.0.201:8848', encode='null', group='DEFAULT_GROUP', prefix='null', fileExtension='properties', timeout=3000, maxRetry='null', configLongPollTimeout='null', configRetryTime='null', enableRemoteSyncConfig=false, endpoint='null', namespace='5d42b64c-af69-4a94-8189-c7e890784c35', accessKey='null', secretKey='null', ramRoleName='null', contextPath='null', clusterName='null', name='null'', shares=null, extensions=null, refreshEnabled=true}, optional=false, profiles=[Profiles@21051d48 active = '[]', default = '[default]', accepted = '[default]'], config=NacosItemConfig{group='DEFAULT_GROUP', dataId='application-dev.yml', suffix='yml', refreshEnabled=true, preference=null}}
org.yaml.snakeyaml.constructor.DuplicateKeyException: while constructing a mapping
 in 'reader', line 2, column 1:
    jasypt:
    ^
found duplicate key spring
 in 'reader', line 73, column 1:
    spring:
    ^

	at org.yaml.snakeyaml.constructor.SafeConstructor.processDuplicateKeys(SafeConstructor.java:126)
	at org.yaml.snakeyaml.constructor.SafeConstructor.flattenMapping(SafeConstructor.java:78)
	at org.yaml.snakeyaml.constructor.SafeConstructor.flattenMapping(SafeConstructor.java:73)
	at org.yaml.snakeyaml.constructor.SafeConstructor.constructMapping2ndStep(SafeConstructor.java:209)
	at org.yaml.snakeyaml.constructor.BaseConstructor.constructMapping(BaseConstructor.java:552)
	at org.yaml.snakeyaml.constructor.SafeConstructor$ConstructYamlMap.construct(SafeConstructor.java:597)
	at org.yaml.snakeyaml.constructor.BaseConstructor.constructObjectNoCheck(BaseConstructor.java:264)
	at org.yaml.snakeyaml.constructor.BaseConstructor.constructObject(BaseConstructor.java:247)
	at org.springframework.boot.env.OriginTrackedYamlLoader$OriginTrackingConstructor.constructObject(OriginTrackedYamlLoader.java:119)
	at org.yaml.snakeyaml.constructor.BaseConstructor.constructDocument(BaseConstructor.java:201)
	at org.yaml.snakeyaml.constructor.BaseConstructor.getData(BaseConstructor.java:166)
	at org.springframework.boot.env.OriginTrackedYamlLoader$OriginTrackingConstructor.getData(OriginTrackedYamlLoader.java:99)
	at org.yaml.snakeyaml.Yaml$1.next(Yaml.java:529)
	at org.springframework.beans.factory.config.YamlProcessor.process(YamlProcessor.java:203)
	at org.springframework.beans.factory.config.YamlProcessor.process(YamlProcessor.java:169)
	at org.springframework.boot.env.OriginTrackedYamlLoader.load(OriginTrackedYamlLoader.java:84)
	at org.springframework.boot.env.YamlPropertySourceLoader.load(YamlPropertySourceLoader.java:50)
	at com.alibaba.cloud.nacos.parser.NacosDataParserHandler.parseNacosData(NacosDataParserHandler.java:92)
	at com.alibaba.cloud.nacos.configdata.NacosConfigDataLoader.pullConfig(NacosConfigDataLoader.java:146)
	at com.alibaba.cloud.nacos.configdata.NacosConfigDataLoader.doLoad(NacosConfigDataLoader.java:80)
	at com.alibaba.cloud.nacos.configdata.NacosConfigDataLoader.load(NacosConfigDataLoader.java:67)
	at com.alibaba.cloud.nacos.configdata.NacosConfigDataLoader.load(NacosConfigDataLoader.java:56)
	at org.springframework.boot.context.config.ConfigDataLoaders.load(ConfigDataLoaders.java:96)
	at org.springframework.boot.context.config.ConfigDataImporter.load(ConfigDataImporter.java:132)
	at org.springframework.boot.context.config.ConfigDataImporter.resolveAndLoad(ConfigDataImporter.java:87)
	at org.springframework.boot.context.config.ConfigDataEnvironmentContributors.withProcessedImports(ConfigDataEnvironmentContributors.java:121)
	at org.springframework.boot.context.config.ConfigDataEnvironment.processWithProfiles(ConfigDataEnvironment.java:316)
	at org.springframework.boot.context.config.ConfigDataEnvironment.processAndApply(ConfigDataEnvironment.java:237)
	at org.springframework.boot.context.config.ConfigDataEnvironmentPostProcessor.postProcessEnvironment(ConfigDataEnvironmentPostProcessor.java:96)
	at org.springframework.boot.context.config.ConfigDataEnvironmentPostProcessor.postProcessEnvironment(ConfigDataEnvironmentPostProcessor.java:89)
	at org.springframework.cloud.context.refresh.ConfigDataContextRefresher.updateEnvironment(ConfigDataContextRefresher.java:92)
	at org.springframework.cloud.context.refresh.ContextRefresher.refreshEnvironment(ContextRefresher.java:100)
	at org.springframework.cloud.context.refresh.ContextRefresher.refresh(ContextRefresher.java:93)
	at org.springframework.cloud.endpoint.event.RefreshEventListener.handle(RefreshEventListener.java:72)
	at org.springframework.cloud.endpoint.event.RefreshEventListener.onApplicationEvent(RefreshEventListener.java:61)
	at org.springframework.context.event.SimpleApplicationEventMulticaster.doInvokeListener(SimpleApplicationEventMulticaster.java:185)
	at org.springframework.context.event.SimpleApplicationEventMulticaster.invokeListener(SimpleApplicationEventMulticaster.java:178)
	at org.springframework.context.event.SimpleApplicationEventMulticaster.multicastEvent(SimpleApplicationEventMulticaster.java:156)
	at org.springframework.context.support.AbstractApplicationContext.publishEvent(AbstractApplicationContext.java:454)
	at org.springframework.context.support.AbstractApplicationContext.publishEvent(AbstractApplicationContext.java:387)
	at com.alibaba.cloud.nacos.configdata.NacosConfigRefreshEventListener.onApplicationEvent(NacosConfigRefreshEventListener.java:52)
	at org.springframework.context.event.SimpleApplicationEventMulticaster.doInvokeListener(SimpleApplicationEventMulticaster.java:185)
	at org.springframework.context.event.SimpleApplicationEventMulticaster.invokeListener(SimpleApplicationEventMulticaster.java:178)
	at org.springframework.context.event.SimpleApplicationEventMulticaster.multicastEvent(SimpleApplicationEventMulticaster.java:156)
	at org.springframework.context.support.AbstractApplicationContext.publishEvent(AbstractApplicationContext.java:454)
	at org.springframework.context.support.AbstractApplicationContext.publishEvent(AbstractApplicationContext.java:387)
	at com.alibaba.cloud.nacos.refresh.NacosContextRefresher$1.innerReceive(NacosContextRefresher.java:131)
	at com.alibaba.nacos.api.config.listener.AbstractSharedListener.receiveConfigInfo(AbstractSharedListener.java:40)
	at com.alibaba.nacos.client.config.impl.CacheData$1.run(CacheData.java:440)
	at com.alibaba.nacos.client.config.impl.CacheData.safeNotifyListener(CacheData.java:483)
	at com.alibaba.nacos.client.config.impl.CacheData.checkListenerMd5(CacheData.java:324)
	at com.alibaba.nacos.client.config.impl.ClientWorker$ConfigRpcTransportClient.executeConfigListen(ClientWorker.java:819)
	at com.alibaba.nacos.client.config.impl.ClientWorker$ConfigRpcTransportClient.lambda$startInternal$2(ClientWorker.java:779)
	at java.base/java.util.concurrent.Executors$RunnableAdapter.call(Executors.java:572)
	at java.base/java.util.concurrent.FutureTask.run$$$capture(FutureTask.java:317)
	at java.base/java.util.concurrent.FutureTask.run(FutureTask.java)
	at java.base/java.util.concurrent.ScheduledThreadPoolExecutor$ScheduledFutureTask.run(ScheduledThreadPoolExecutor.java:304)
	at java.base/java.util.concurrent.ThreadPoolExecutor.runWorker(ThreadPoolExecutor.java:1144)
	at java.base/java.util.concurrent.ThreadPoolExecutor$Worker.run(ThreadPoolExecutor.java:642)
	at java.base/java.lang.Thread.run(Thread.java:1583)
:2025-08-12 11:26:12.675 ERROR com.alibaba.nacos.client.Worker.0 c.a.c.n.c.NacosConfigDataLoader: Error getting properties from nacos: NacosConfigDataResource{properties=NacosConfigProperties{serverAddr='192.168.0.201:8848', encode='null', group='DEFAULT_GROUP', prefix='null', fileExtension='properties', timeout=3000, maxRetry='null', configLongPollTimeout='null', configRetryTime='null', enableRemoteSyncConfig=false, endpoint='null', namespace='5d42b64c-af69-4a94-8189-c7e890784c35', accessKey='null', secretKey='null', ramRoleName='null', contextPath='null', clusterName='null', name='null'', shares=null, extensions=null, refreshEnabled=true}, optional=false, profiles=[Profiles@7ccd6587 active = '[]', default = '[default]', accepted = '[default]'], config=NacosItemConfig{group='DEFAULT_GROUP', dataId='application-dev.yml', suffix='yml', refreshEnabled=true, preference=null}}
org.yaml.snakeyaml.constructor.DuplicateKeyException: while constructing a mapping
 in 'reader', line 2, column 1:
    jasypt:
    ^
found duplicate key spring
 in 'reader', line 73, column 1:
    spring:
    ^

	at org.yaml.snakeyaml.constructor.SafeConstructor.processDuplicateKeys(SafeConstructor.java:126)
	at org.yaml.snakeyaml.constructor.SafeConstructor.flattenMapping(SafeConstructor.java:78)
	at org.yaml.snakeyaml.constructor.SafeConstructor.flattenMapping(SafeConstructor.java:73)
	at org.yaml.snakeyaml.constructor.SafeConstructor.constructMapping2ndStep(SafeConstructor.java:209)
	at org.yaml.snakeyaml.constructor.BaseConstructor.constructMapping(BaseConstructor.java:552)
	at org.yaml.snakeyaml.constructor.SafeConstructor$ConstructYamlMap.construct(SafeConstructor.java:597)
	at org.yaml.snakeyaml.constructor.BaseConstructor.constructObjectNoCheck(BaseConstructor.java:264)
	at org.yaml.snakeyaml.constructor.BaseConstructor.constructObject(BaseConstructor.java:247)
	at org.springframework.boot.env.OriginTrackedYamlLoader$OriginTrackingConstructor.constructObject(OriginTrackedYamlLoader.java:119)
	at org.yaml.snakeyaml.constructor.BaseConstructor.constructDocument(BaseConstructor.java:201)
	at org.yaml.snakeyaml.constructor.BaseConstructor.getData(BaseConstructor.java:166)
	at org.springframework.boot.env.OriginTrackedYamlLoader$OriginTrackingConstructor.getData(OriginTrackedYamlLoader.java:99)
	at org.yaml.snakeyaml.Yaml$1.next(Yaml.java:529)
	at org.springframework.beans.factory.config.YamlProcessor.process(YamlProcessor.java:203)
	at org.springframework.beans.factory.config.YamlProcessor.process(YamlProcessor.java:169)
	at org.springframework.boot.env.OriginTrackedYamlLoader.load(OriginTrackedYamlLoader.java:84)
	at org.springframework.boot.env.YamlPropertySourceLoader.load(YamlPropertySourceLoader.java:50)
	at com.alibaba.cloud.nacos.parser.NacosDataParserHandler.parseNacosData(NacosDataParserHandler.java:92)
	at com.alibaba.cloud.nacos.configdata.NacosConfigDataLoader.pullConfig(NacosConfigDataLoader.java:146)
	at com.alibaba.cloud.nacos.configdata.NacosConfigDataLoader.doLoad(NacosConfigDataLoader.java:80)
	at com.alibaba.cloud.nacos.configdata.NacosConfigDataLoader.load(NacosConfigDataLoader.java:67)
	at com.alibaba.cloud.nacos.configdata.NacosConfigDataLoader.load(NacosConfigDataLoader.java:56)
	at org.springframework.boot.context.config.ConfigDataLoaders.load(ConfigDataLoaders.java:96)
	at org.springframework.boot.context.config.ConfigDataImporter.load(ConfigDataImporter.java:132)
	at org.springframework.boot.context.config.ConfigDataImporter.resolveAndLoad(ConfigDataImporter.java:87)
	at org.springframework.boot.context.config.ConfigDataEnvironmentContributors.withProcessedImports(ConfigDataEnvironmentContributors.java:121)
	at org.springframework.boot.context.config.ConfigDataEnvironment.processWithProfiles(ConfigDataEnvironment.java:316)
	at org.springframework.boot.context.config.ConfigDataEnvironment.processAndApply(ConfigDataEnvironment.java:237)
	at org.springframework.boot.context.config.ConfigDataEnvironmentPostProcessor.postProcessEnvironment(ConfigDataEnvironmentPostProcessor.java:96)
	at org.springframework.boot.context.config.ConfigDataEnvironmentPostProcessor.postProcessEnvironment(ConfigDataEnvironmentPostProcessor.java:89)
	at org.springframework.cloud.context.refresh.ConfigDataContextRefresher.updateEnvironment(ConfigDataContextRefresher.java:92)
	at org.springframework.cloud.context.refresh.ContextRefresher.refreshEnvironment(ContextRefresher.java:100)
	at org.springframework.cloud.context.refresh.ContextRefresher.refresh(ContextRefresher.java:93)
	at org.springframework.cloud.endpoint.event.RefreshEventListener.handle(RefreshEventListener.java:72)
	at org.springframework.cloud.endpoint.event.RefreshEventListener.onApplicationEvent(RefreshEventListener.java:61)
	at org.springframework.context.event.SimpleApplicationEventMulticaster.doInvokeListener(SimpleApplicationEventMulticaster.java:185)
	at org.springframework.context.event.SimpleApplicationEventMulticaster.invokeListener(SimpleApplicationEventMulticaster.java:178)
	at org.springframework.context.event.SimpleApplicationEventMulticaster.multicastEvent(SimpleApplicationEventMulticaster.java:156)
	at org.springframework.context.support.AbstractApplicationContext.publishEvent(AbstractApplicationContext.java:454)
	at org.springframework.context.support.AbstractApplicationContext.publishEvent(AbstractApplicationContext.java:387)
	at com.alibaba.cloud.nacos.configdata.NacosConfigRefreshEventListener.onApplicationEvent(NacosConfigRefreshEventListener.java:52)
	at org.springframework.context.event.SimpleApplicationEventMulticaster.doInvokeListener(SimpleApplicationEventMulticaster.java:185)
	at org.springframework.context.event.SimpleApplicationEventMulticaster.invokeListener(SimpleApplicationEventMulticaster.java:178)
	at org.springframework.context.event.SimpleApplicationEventMulticaster.multicastEvent(SimpleApplicationEventMulticaster.java:156)
	at org.springframework.context.support.AbstractApplicationContext.publishEvent(AbstractApplicationContext.java:454)
	at org.springframework.context.support.AbstractApplicationContext.publishEvent(AbstractApplicationContext.java:387)
	at com.alibaba.cloud.nacos.refresh.NacosContextRefresher$1.innerReceive(NacosContextRefresher.java:131)
	at com.alibaba.nacos.api.config.listener.AbstractSharedListener.receiveConfigInfo(AbstractSharedListener.java:40)
	at com.alibaba.nacos.client.config.impl.CacheData$1.run(CacheData.java:440)
	at com.alibaba.nacos.client.config.impl.CacheData.safeNotifyListener(CacheData.java:483)
	at com.alibaba.nacos.client.config.impl.CacheData.checkListenerMd5(CacheData.java:324)
	at com.alibaba.nacos.client.config.impl.ClientWorker$ConfigRpcTransportClient.executeConfigListen(ClientWorker.java:819)
	at com.alibaba.nacos.client.config.impl.ClientWorker$ConfigRpcTransportClient.lambda$startInternal$2(ClientWorker.java:779)
	at java.base/java.util.concurrent.Executors$RunnableAdapter.call(Executors.java:572)
	at java.base/java.util.concurrent.FutureTask.run$$$capture(FutureTask.java:317)
	at java.base/java.util.concurrent.FutureTask.run(FutureTask.java)
	at java.base/java.util.concurrent.ScheduledThreadPoolExecutor$ScheduledFutureTask.run(ScheduledThreadPoolExecutor.java:304)
	at java.base/java.util.concurrent.ThreadPoolExecutor.runWorker(ThreadPoolExecutor.java:1144)
	at java.base/java.util.concurrent.ThreadPoolExecutor$Worker.run(ThreadPoolExecutor.java:642)
	at java.base/java.lang.Thread.run(Thread.java:1583)
:2025-08-12 11:26:17.708 ERROR com.alibaba.nacos.client.Worker.0 c.a.c.n.c.NacosConfigDataLoader: Error getting properties from nacos: NacosConfigDataResource{properties=NacosConfigProperties{serverAddr='192.168.0.201:8848', encode='null', group='DEFAULT_GROUP', prefix='null', fileExtension='properties', timeout=3000, maxRetry='null', configLongPollTimeout='null', configRetryTime='null', enableRemoteSyncConfig=false, endpoint='null', namespace='5d42b64c-af69-4a94-8189-c7e890784c35', accessKey='null', secretKey='null', ramRoleName='null', contextPath='null', clusterName='null', name='null'', shares=null, extensions=null, refreshEnabled=true}, optional=false, profiles=[Profiles@68234a20 active = '[]', default = '[default]', accepted = '[default]'], config=NacosItemConfig{group='DEFAULT_GROUP', dataId='application-dev.yml', suffix='yml', refreshEnabled=true, preference=null}}
org.yaml.snakeyaml.constructor.DuplicateKeyException: while constructing a mapping
 in 'reader', line 2, column 1:
    jasypt:
    ^
found duplicate key spring
 in 'reader', line 73, column 1:
    spring:
    ^

	at org.yaml.snakeyaml.constructor.SafeConstructor.processDuplicateKeys(SafeConstructor.java:126)
	at org.yaml.snakeyaml.constructor.SafeConstructor.flattenMapping(SafeConstructor.java:78)
	at org.yaml.snakeyaml.constructor.SafeConstructor.flattenMapping(SafeConstructor.java:73)
	at org.yaml.snakeyaml.constructor.SafeConstructor.constructMapping2ndStep(SafeConstructor.java:209)
	at org.yaml.snakeyaml.constructor.BaseConstructor.constructMapping(BaseConstructor.java:552)
	at org.yaml.snakeyaml.constructor.SafeConstructor$ConstructYamlMap.construct(SafeConstructor.java:597)
	at org.yaml.snakeyaml.constructor.BaseConstructor.constructObjectNoCheck(BaseConstructor.java:264)
	at org.yaml.snakeyaml.constructor.BaseConstructor.constructObject(BaseConstructor.java:247)
	at org.springframework.boot.env.OriginTrackedYamlLoader$OriginTrackingConstructor.constructObject(OriginTrackedYamlLoader.java:119)
	at org.yaml.snakeyaml.constructor.BaseConstructor.constructDocument(BaseConstructor.java:201)
	at org.yaml.snakeyaml.constructor.BaseConstructor.getData(BaseConstructor.java:166)
	at org.springframework.boot.env.OriginTrackedYamlLoader$OriginTrackingConstructor.getData(OriginTrackedYamlLoader.java:99)
	at org.yaml.snakeyaml.Yaml$1.next(Yaml.java:529)
	at org.springframework.beans.factory.config.YamlProcessor.process(YamlProcessor.java:203)
	at org.springframework.beans.factory.config.YamlProcessor.process(YamlProcessor.java:169)
	at org.springframework.boot.env.OriginTrackedYamlLoader.load(OriginTrackedYamlLoader.java:84)
	at org.springframework.boot.env.YamlPropertySourceLoader.load(YamlPropertySourceLoader.java:50)
	at com.alibaba.cloud.nacos.parser.NacosDataParserHandler.parseNacosData(NacosDataParserHandler.java:92)
	at com.alibaba.cloud.nacos.configdata.NacosConfigDataLoader.pullConfig(NacosConfigDataLoader.java:146)
	at com.alibaba.cloud.nacos.configdata.NacosConfigDataLoader.doLoad(NacosConfigDataLoader.java:80)
	at com.alibaba.cloud.nacos.configdata.NacosConfigDataLoader.load(NacosConfigDataLoader.java:67)
	at com.alibaba.cloud.nacos.configdata.NacosConfigDataLoader.load(NacosConfigDataLoader.java:56)
	at org.springframework.boot.context.config.ConfigDataLoaders.load(ConfigDataLoaders.java:96)
	at org.springframework.boot.context.config.ConfigDataImporter.load(ConfigDataImporter.java:132)
	at org.springframework.boot.context.config.ConfigDataImporter.resolveAndLoad(ConfigDataImporter.java:87)
	at org.springframework.boot.context.config.ConfigDataEnvironmentContributors.withProcessedImports(ConfigDataEnvironmentContributors.java:121)
	at org.springframework.boot.context.config.ConfigDataEnvironment.processWithProfiles(ConfigDataEnvironment.java:316)
	at org.springframework.boot.context.config.ConfigDataEnvironment.processAndApply(ConfigDataEnvironment.java:237)
	at org.springframework.boot.context.config.ConfigDataEnvironmentPostProcessor.postProcessEnvironment(ConfigDataEnvironmentPostProcessor.java:96)
	at org.springframework.boot.context.config.ConfigDataEnvironmentPostProcessor.postProcessEnvironment(ConfigDataEnvironmentPostProcessor.java:89)
	at org.springframework.cloud.context.refresh.ConfigDataContextRefresher.updateEnvironment(ConfigDataContextRefresher.java:92)
	at org.springframework.cloud.context.refresh.ContextRefresher.refreshEnvironment(ContextRefresher.java:100)
	at org.springframework.cloud.context.refresh.ContextRefresher.refresh(ContextRefresher.java:93)
	at org.springframework.cloud.endpoint.event.RefreshEventListener.handle(RefreshEventListener.java:72)
	at org.springframework.cloud.endpoint.event.RefreshEventListener.onApplicationEvent(RefreshEventListener.java:61)
	at org.springframework.context.event.SimpleApplicationEventMulticaster.doInvokeListener(SimpleApplicationEventMulticaster.java:185)
	at org.springframework.context.event.SimpleApplicationEventMulticaster.invokeListener(SimpleApplicationEventMulticaster.java:178)
	at org.springframework.context.event.SimpleApplicationEventMulticaster.multicastEvent(SimpleApplicationEventMulticaster.java:156)
	at org.springframework.context.support.AbstractApplicationContext.publishEvent(AbstractApplicationContext.java:454)
	at org.springframework.context.support.AbstractApplicationContext.publishEvent(AbstractApplicationContext.java:387)
	at com.alibaba.cloud.nacos.configdata.NacosConfigRefreshEventListener.onApplicationEvent(NacosConfigRefreshEventListener.java:52)
	at org.springframework.context.event.SimpleApplicationEventMulticaster.doInvokeListener(SimpleApplicationEventMulticaster.java:185)
	at org.springframework.context.event.SimpleApplicationEventMulticaster.invokeListener(SimpleApplicationEventMulticaster.java:178)
	at org.springframework.context.event.SimpleApplicationEventMulticaster.multicastEvent(SimpleApplicationEventMulticaster.java:156)
	at org.springframework.context.support.AbstractApplicationContext.publishEvent(AbstractApplicationContext.java:454)
	at org.springframework.context.support.AbstractApplicationContext.publishEvent(AbstractApplicationContext.java:387)
	at com.alibaba.cloud.nacos.refresh.NacosContextRefresher$1.innerReceive(NacosContextRefresher.java:131)
	at com.alibaba.nacos.api.config.listener.AbstractSharedListener.receiveConfigInfo(AbstractSharedListener.java:40)
	at com.alibaba.nacos.client.config.impl.CacheData$1.run(CacheData.java:440)
	at com.alibaba.nacos.client.config.impl.CacheData.safeNotifyListener(CacheData.java:483)
	at com.alibaba.nacos.client.config.impl.CacheData.checkListenerMd5(CacheData.java:324)
	at com.alibaba.nacos.client.config.impl.ClientWorker$ConfigRpcTransportClient.executeConfigListen(ClientWorker.java:819)
	at com.alibaba.nacos.client.config.impl.ClientWorker$ConfigRpcTransportClient.lambda$startInternal$2(ClientWorker.java:779)
	at java.base/java.util.concurrent.Executors$RunnableAdapter.call(Executors.java:572)
	at java.base/java.util.concurrent.FutureTask.run$$$capture(FutureTask.java:317)
	at java.base/java.util.concurrent.FutureTask.run(FutureTask.java)
	at java.base/java.util.concurrent.ScheduledThreadPoolExecutor$ScheduledFutureTask.run(ScheduledThreadPoolExecutor.java:304)
	at java.base/java.util.concurrent.ThreadPoolExecutor.runWorker(ThreadPoolExecutor.java:1144)
	at java.base/java.util.concurrent.ThreadPoolExecutor$Worker.run(ThreadPoolExecutor.java:642)
	at java.base/java.lang.Thread.run(Thread.java:1583)
:2025-08-12 11:26:22.753 ERROR com.alibaba.nacos.client.Worker.0 c.a.c.n.c.NacosConfigDataLoader: Error getting properties from nacos: NacosConfigDataResource{properties=NacosConfigProperties{serverAddr='192.168.0.201:8848', encode='null', group='DEFAULT_GROUP', prefix='null', fileExtension='properties', timeout=3000, maxRetry='null', configLongPollTimeout='null', configRetryTime='null', enableRemoteSyncConfig=false, endpoint='null', namespace='5d42b64c-af69-4a94-8189-c7e890784c35', accessKey='null', secretKey='null', ramRoleName='null', contextPath='null', clusterName='null', name='null'', shares=null, extensions=null, refreshEnabled=true}, optional=false, profiles=[Profiles@65f0e0cb active = '[]', default = '[default]', accepted = '[default]'], config=NacosItemConfig{group='DEFAULT_GROUP', dataId='application-dev.yml', suffix='yml', refreshEnabled=true, preference=null}}
org.yaml.snakeyaml.constructor.DuplicateKeyException: while constructing a mapping
 in 'reader', line 2, column 1:
    jasypt:
    ^
found duplicate key spring
 in 'reader', line 73, column 1:
    spring:
    ^

	at org.yaml.snakeyaml.constructor.SafeConstructor.processDuplicateKeys(SafeConstructor.java:126)
	at org.yaml.snakeyaml.constructor.SafeConstructor.flattenMapping(SafeConstructor.java:78)
	at org.yaml.snakeyaml.constructor.SafeConstructor.flattenMapping(SafeConstructor.java:73)
	at org.yaml.snakeyaml.constructor.SafeConstructor.constructMapping2ndStep(SafeConstructor.java:209)
	at org.yaml.snakeyaml.constructor.BaseConstructor.constructMapping(BaseConstructor.java:552)
	at org.yaml.snakeyaml.constructor.SafeConstructor$ConstructYamlMap.construct(SafeConstructor.java:597)
	at org.yaml.snakeyaml.constructor.BaseConstructor.constructObjectNoCheck(BaseConstructor.java:264)
	at org.yaml.snakeyaml.constructor.BaseConstructor.constructObject(BaseConstructor.java:247)
	at org.springframework.boot.env.OriginTrackedYamlLoader$OriginTrackingConstructor.constructObject(OriginTrackedYamlLoader.java:119)
	at org.yaml.snakeyaml.constructor.BaseConstructor.constructDocument(BaseConstructor.java:201)
	at org.yaml.snakeyaml.constructor.BaseConstructor.getData(BaseConstructor.java:166)
	at org.springframework.boot.env.OriginTrackedYamlLoader$OriginTrackingConstructor.getData(OriginTrackedYamlLoader.java:99)
	at org.yaml.snakeyaml.Yaml$1.next(Yaml.java:529)
	at org.springframework.beans.factory.config.YamlProcessor.process(YamlProcessor.java:203)
	at org.springframework.beans.factory.config.YamlProcessor.process(YamlProcessor.java:169)
	at org.springframework.boot.env.OriginTrackedYamlLoader.load(OriginTrackedYamlLoader.java:84)
	at org.springframework.boot.env.YamlPropertySourceLoader.load(YamlPropertySourceLoader.java:50)
	at com.alibaba.cloud.nacos.parser.NacosDataParserHandler.parseNacosData(NacosDataParserHandler.java:92)
	at com.alibaba.cloud.nacos.configdata.NacosConfigDataLoader.pullConfig(NacosConfigDataLoader.java:146)
	at com.alibaba.cloud.nacos.configdata.NacosConfigDataLoader.doLoad(NacosConfigDataLoader.java:80)
	at com.alibaba.cloud.nacos.configdata.NacosConfigDataLoader.load(NacosConfigDataLoader.java:67)
	at com.alibaba.cloud.nacos.configdata.NacosConfigDataLoader.load(NacosConfigDataLoader.java:56)
	at org.springframework.boot.context.config.ConfigDataLoaders.load(ConfigDataLoaders.java:96)
	at org.springframework.boot.context.config.ConfigDataImporter.load(ConfigDataImporter.java:132)
	at org.springframework.boot.context.config.ConfigDataImporter.resolveAndLoad(ConfigDataImporter.java:87)
	at org.springframework.boot.context.config.ConfigDataEnvironmentContributors.withProcessedImports(ConfigDataEnvironmentContributors.java:121)
	at org.springframework.boot.context.config.ConfigDataEnvironment.processWithProfiles(ConfigDataEnvironment.java:316)
	at org.springframework.boot.context.config.ConfigDataEnvironment.processAndApply(ConfigDataEnvironment.java:237)
	at org.springframework.boot.context.config.ConfigDataEnvironmentPostProcessor.postProcessEnvironment(ConfigDataEnvironmentPostProcessor.java:96)
	at org.springframework.boot.context.config.ConfigDataEnvironmentPostProcessor.postProcessEnvironment(ConfigDataEnvironmentPostProcessor.java:89)
	at org.springframework.cloud.context.refresh.ConfigDataContextRefresher.updateEnvironment(ConfigDataContextRefresher.java:92)
	at org.springframework.cloud.context.refresh.ContextRefresher.refreshEnvironment(ContextRefresher.java:100)
	at org.springframework.cloud.context.refresh.ContextRefresher.refresh(ContextRefresher.java:93)
	at org.springframework.cloud.endpoint.event.RefreshEventListener.handle(RefreshEventListener.java:72)
	at org.springframework.cloud.endpoint.event.RefreshEventListener.onApplicationEvent(RefreshEventListener.java:61)
	at org.springframework.context.event.SimpleApplicationEventMulticaster.doInvokeListener(SimpleApplicationEventMulticaster.java:185)
	at org.springframework.context.event.SimpleApplicationEventMulticaster.invokeListener(SimpleApplicationEventMulticaster.java:178)
	at org.springframework.context.event.SimpleApplicationEventMulticaster.multicastEvent(SimpleApplicationEventMulticaster.java:156)
	at org.springframework.context.support.AbstractApplicationContext.publishEvent(AbstractApplicationContext.java:454)
	at org.springframework.context.support.AbstractApplicationContext.publishEvent(AbstractApplicationContext.java:387)
	at com.alibaba.cloud.nacos.configdata.NacosConfigRefreshEventListener.onApplicationEvent(NacosConfigRefreshEventListener.java:52)
	at org.springframework.context.event.SimpleApplicationEventMulticaster.doInvokeListener(SimpleApplicationEventMulticaster.java:185)
	at org.springframework.context.event.SimpleApplicationEventMulticaster.invokeListener(SimpleApplicationEventMulticaster.java:178)
	at org.springframework.context.event.SimpleApplicationEventMulticaster.multicastEvent(SimpleApplicationEventMulticaster.java:156)
	at org.springframework.context.support.AbstractApplicationContext.publishEvent(AbstractApplicationContext.java:454)
	at org.springframework.context.support.AbstractApplicationContext.publishEvent(AbstractApplicationContext.java:387)
	at com.alibaba.cloud.nacos.refresh.NacosContextRefresher$1.innerReceive(NacosContextRefresher.java:131)
	at com.alibaba.nacos.api.config.listener.AbstractSharedListener.receiveConfigInfo(AbstractSharedListener.java:40)
	at com.alibaba.nacos.client.config.impl.CacheData$1.run(CacheData.java:440)
	at com.alibaba.nacos.client.config.impl.CacheData.safeNotifyListener(CacheData.java:483)
	at com.alibaba.nacos.client.config.impl.CacheData.checkListenerMd5(CacheData.java:324)
	at com.alibaba.nacos.client.config.impl.ClientWorker$ConfigRpcTransportClient.executeConfigListen(ClientWorker.java:819)
	at com.alibaba.nacos.client.config.impl.ClientWorker$ConfigRpcTransportClient.lambda$startInternal$2(ClientWorker.java:779)
	at java.base/java.util.concurrent.Executors$RunnableAdapter.call(Executors.java:572)
	at java.base/java.util.concurrent.FutureTask.run$$$capture(FutureTask.java:317)
	at java.base/java.util.concurrent.FutureTask.run(FutureTask.java)
	at java.base/java.util.concurrent.ScheduledThreadPoolExecutor$ScheduledFutureTask.run(ScheduledThreadPoolExecutor.java:304)
	at java.base/java.util.concurrent.ThreadPoolExecutor.runWorker(ThreadPoolExecutor.java:1144)
	at java.base/java.util.concurrent.ThreadPoolExecutor$Worker.run(ThreadPoolExecutor.java:642)
	at java.base/java.lang.Thread.run(Thread.java:1583)
:2025-08-12 11:26:27.780 ERROR com.alibaba.nacos.client.Worker.0 c.a.c.n.c.NacosConfigDataLoader: Error getting properties from nacos: NacosConfigDataResource{properties=NacosConfigProperties{serverAddr='192.168.0.201:8848', encode='null', group='DEFAULT_GROUP', prefix='null', fileExtension='properties', timeout=3000, maxRetry='null', configLongPollTimeout='null', configRetryTime='null', enableRemoteSyncConfig=false, endpoint='null', namespace='5d42b64c-af69-4a94-8189-c7e890784c35', accessKey='null', secretKey='null', ramRoleName='null', contextPath='null', clusterName='null', name='null'', shares=null, extensions=null, refreshEnabled=true}, optional=false, profiles=[Profiles@2bc17739 active = '[]', default = '[default]', accepted = '[default]'], config=NacosItemConfig{group='DEFAULT_GROUP', dataId='application-dev.yml', suffix='yml', refreshEnabled=true, preference=null}}
org.yaml.snakeyaml.constructor.DuplicateKeyException: while constructing a mapping
 in 'reader', line 2, column 1:
    jasypt:
    ^
found duplicate key spring
 in 'reader', line 73, column 1:
    spring:
    ^

	at org.yaml.snakeyaml.constructor.SafeConstructor.processDuplicateKeys(SafeConstructor.java:126)
	at org.yaml.snakeyaml.constructor.SafeConstructor.flattenMapping(SafeConstructor.java:78)
	at org.yaml.snakeyaml.constructor.SafeConstructor.flattenMapping(SafeConstructor.java:73)
	at org.yaml.snakeyaml.constructor.SafeConstructor.constructMapping2ndStep(SafeConstructor.java:209)
	at org.yaml.snakeyaml.constructor.BaseConstructor.constructMapping(BaseConstructor.java:552)
	at org.yaml.snakeyaml.constructor.SafeConstructor$ConstructYamlMap.construct(SafeConstructor.java:597)
	at org.yaml.snakeyaml.constructor.BaseConstructor.constructObjectNoCheck(BaseConstructor.java:264)
	at org.yaml.snakeyaml.constructor.BaseConstructor.constructObject(BaseConstructor.java:247)
	at org.springframework.boot.env.OriginTrackedYamlLoader$OriginTrackingConstructor.constructObject(OriginTrackedYamlLoader.java:119)
	at org.yaml.snakeyaml.constructor.BaseConstructor.constructDocument(BaseConstructor.java:201)
	at org.yaml.snakeyaml.constructor.BaseConstructor.getData(BaseConstructor.java:166)
	at org.springframework.boot.env.OriginTrackedYamlLoader$OriginTrackingConstructor.getData(OriginTrackedYamlLoader.java:99)
	at org.yaml.snakeyaml.Yaml$1.next(Yaml.java:529)
	at org.springframework.beans.factory.config.YamlProcessor.process(YamlProcessor.java:203)
	at org.springframework.beans.factory.config.YamlProcessor.process(YamlProcessor.java:169)
	at org.springframework.boot.env.OriginTrackedYamlLoader.load(OriginTrackedYamlLoader.java:84)
	at org.springframework.boot.env.YamlPropertySourceLoader.load(YamlPropertySourceLoader.java:50)
	at com.alibaba.cloud.nacos.parser.NacosDataParserHandler.parseNacosData(NacosDataParserHandler.java:92)
	at com.alibaba.cloud.nacos.configdata.NacosConfigDataLoader.pullConfig(NacosConfigDataLoader.java:146)
	at com.alibaba.cloud.nacos.configdata.NacosConfigDataLoader.doLoad(NacosConfigDataLoader.java:80)
	at com.alibaba.cloud.nacos.configdata.NacosConfigDataLoader.load(NacosConfigDataLoader.java:67)
	at com.alibaba.cloud.nacos.configdata.NacosConfigDataLoader.load(NacosConfigDataLoader.java:56)
	at org.springframework.boot.context.config.ConfigDataLoaders.load(ConfigDataLoaders.java:96)
	at org.springframework.boot.context.config.ConfigDataImporter.load(ConfigDataImporter.java:132)
	at org.springframework.boot.context.config.ConfigDataImporter.resolveAndLoad(ConfigDataImporter.java:87)
	at org.springframework.boot.context.config.ConfigDataEnvironmentContributors.withProcessedImports(ConfigDataEnvironmentContributors.java:121)
	at org.springframework.boot.context.config.ConfigDataEnvironment.processWithProfiles(ConfigDataEnvironment.java:316)
	at org.springframework.boot.context.config.ConfigDataEnvironment.processAndApply(ConfigDataEnvironment.java:237)
	at org.springframework.boot.context.config.ConfigDataEnvironmentPostProcessor.postProcessEnvironment(ConfigDataEnvironmentPostProcessor.java:96)
	at org.springframework.boot.context.config.ConfigDataEnvironmentPostProcessor.postProcessEnvironment(ConfigDataEnvironmentPostProcessor.java:89)
	at org.springframework.cloud.context.refresh.ConfigDataContextRefresher.updateEnvironment(ConfigDataContextRefresher.java:92)
	at org.springframework.cloud.context.refresh.ContextRefresher.refreshEnvironment(ContextRefresher.java:100)
	at org.springframework.cloud.context.refresh.ContextRefresher.refresh(ContextRefresher.java:93)
	at org.springframework.cloud.endpoint.event.RefreshEventListener.handle(RefreshEventListener.java:72)
	at org.springframework.cloud.endpoint.event.RefreshEventListener.onApplicationEvent(RefreshEventListener.java:61)
	at org.springframework.context.event.SimpleApplicationEventMulticaster.doInvokeListener(SimpleApplicationEventMulticaster.java:185)
	at org.springframework.context.event.SimpleApplicationEventMulticaster.invokeListener(SimpleApplicationEventMulticaster.java:178)
	at org.springframework.context.event.SimpleApplicationEventMulticaster.multicastEvent(SimpleApplicationEventMulticaster.java:156)
	at org.springframework.context.support.AbstractApplicationContext.publishEvent(AbstractApplicationContext.java:454)
	at org.springframework.context.support.AbstractApplicationContext.publishEvent(AbstractApplicationContext.java:387)
	at com.alibaba.cloud.nacos.configdata.NacosConfigRefreshEventListener.onApplicationEvent(NacosConfigRefreshEventListener.java:52)
	at org.springframework.context.event.SimpleApplicationEventMulticaster.doInvokeListener(SimpleApplicationEventMulticaster.java:185)
	at org.springframework.context.event.SimpleApplicationEventMulticaster.invokeListener(SimpleApplicationEventMulticaster.java:178)
	at org.springframework.context.event.SimpleApplicationEventMulticaster.multicastEvent(SimpleApplicationEventMulticaster.java:156)
	at org.springframework.context.support.AbstractApplicationContext.publishEvent(AbstractApplicationContext.java:454)
	at org.springframework.context.support.AbstractApplicationContext.publishEvent(AbstractApplicationContext.java:387)
	at com.alibaba.cloud.nacos.refresh.NacosContextRefresher$1.innerReceive(NacosContextRefresher.java:131)
	at com.alibaba.nacos.api.config.listener.AbstractSharedListener.receiveConfigInfo(AbstractSharedListener.java:40)
	at com.alibaba.nacos.client.config.impl.CacheData$1.run(CacheData.java:440)
	at com.alibaba.nacos.client.config.impl.CacheData.safeNotifyListener(CacheData.java:483)
	at com.alibaba.nacos.client.config.impl.CacheData.checkListenerMd5(CacheData.java:324)
	at com.alibaba.nacos.client.config.impl.ClientWorker$ConfigRpcTransportClient.executeConfigListen(ClientWorker.java:819)
	at com.alibaba.nacos.client.config.impl.ClientWorker$ConfigRpcTransportClient.lambda$startInternal$2(ClientWorker.java:779)
	at java.base/java.util.concurrent.Executors$RunnableAdapter.call(Executors.java:572)
	at java.base/java.util.concurrent.FutureTask.run$$$capture(FutureTask.java:317)
	at java.base/java.util.concurrent.FutureTask.run(FutureTask.java)
	at java.base/java.util.concurrent.ScheduledThreadPoolExecutor$ScheduledFutureTask.run(ScheduledThreadPoolExecutor.java:304)
	at java.base/java.util.concurrent.ThreadPoolExecutor.runWorker(ThreadPoolExecutor.java:1144)
	at java.base/java.util.concurrent.ThreadPoolExecutor$Worker.run(ThreadPoolExecutor.java:642)
	at java.base/java.lang.Thread.run(Thread.java:1583)
:2025-08-12 11:26:32.800 ERROR com.alibaba.nacos.client.Worker.0 c.a.c.n.c.NacosConfigDataLoader: Error getting properties from nacos: NacosConfigDataResource{properties=NacosConfigProperties{serverAddr='192.168.0.201:8848', encode='null', group='DEFAULT_GROUP', prefix='null', fileExtension='properties', timeout=3000, maxRetry='null', configLongPollTimeout='null', configRetryTime='null', enableRemoteSyncConfig=false, endpoint='null', namespace='5d42b64c-af69-4a94-8189-c7e890784c35', accessKey='null', secretKey='null', ramRoleName='null', contextPath='null', clusterName='null', name='null'', shares=null, extensions=null, refreshEnabled=true}, optional=false, profiles=[Profiles@2bcd936 active = '[]', default = '[default]', accepted = '[default]'], config=NacosItemConfig{group='DEFAULT_GROUP', dataId='application-dev.yml', suffix='yml', refreshEnabled=true, preference=null}}
org.yaml.snakeyaml.constructor.DuplicateKeyException: while constructing a mapping
 in 'reader', line 2, column 1:
    jasypt:
    ^
found duplicate key spring
 in 'reader', line 73, column 1:
    spring:
    ^

	at org.yaml.snakeyaml.constructor.SafeConstructor.processDuplicateKeys(SafeConstructor.java:126)
	at org.yaml.snakeyaml.constructor.SafeConstructor.flattenMapping(SafeConstructor.java:78)
	at org.yaml.snakeyaml.constructor.SafeConstructor.flattenMapping(SafeConstructor.java:73)
	at org.yaml.snakeyaml.constructor.SafeConstructor.constructMapping2ndStep(SafeConstructor.java:209)
	at org.yaml.snakeyaml.constructor.BaseConstructor.constructMapping(BaseConstructor.java:552)
	at org.yaml.snakeyaml.constructor.SafeConstructor$ConstructYamlMap.construct(SafeConstructor.java:597)
	at org.yaml.snakeyaml.constructor.BaseConstructor.constructObjectNoCheck(BaseConstructor.java:264)
	at org.yaml.snakeyaml.constructor.BaseConstructor.constructObject(BaseConstructor.java:247)
	at org.springframework.boot.env.OriginTrackedYamlLoader$OriginTrackingConstructor.constructObject(OriginTrackedYamlLoader.java:119)
	at org.yaml.snakeyaml.constructor.BaseConstructor.constructDocument(BaseConstructor.java:201)
	at org.yaml.snakeyaml.constructor.BaseConstructor.getData(BaseConstructor.java:166)
	at org.springframework.boot.env.OriginTrackedYamlLoader$OriginTrackingConstructor.getData(OriginTrackedYamlLoader.java:99)
	at org.yaml.snakeyaml.Yaml$1.next(Yaml.java:529)
	at org.springframework.beans.factory.config.YamlProcessor.process(YamlProcessor.java:203)
	at org.springframework.beans.factory.config.YamlProcessor.process(YamlProcessor.java:169)
	at org.springframework.boot.env.OriginTrackedYamlLoader.load(OriginTrackedYamlLoader.java:84)
	at org.springframework.boot.env.YamlPropertySourceLoader.load(YamlPropertySourceLoader.java:50)
	at com.alibaba.cloud.nacos.parser.NacosDataParserHandler.parseNacosData(NacosDataParserHandler.java:92)
	at com.alibaba.cloud.nacos.configdata.NacosConfigDataLoader.pullConfig(NacosConfigDataLoader.java:146)
	at com.alibaba.cloud.nacos.configdata.NacosConfigDataLoader.doLoad(NacosConfigDataLoader.java:80)
	at com.alibaba.cloud.nacos.configdata.NacosConfigDataLoader.load(NacosConfigDataLoader.java:67)
	at com.alibaba.cloud.nacos.configdata.NacosConfigDataLoader.load(NacosConfigDataLoader.java:56)
	at org.springframework.boot.context.config.ConfigDataLoaders.load(ConfigDataLoaders.java:96)
	at org.springframework.boot.context.config.ConfigDataImporter.load(ConfigDataImporter.java:132)
	at org.springframework.boot.context.config.ConfigDataImporter.resolveAndLoad(ConfigDataImporter.java:87)
	at org.springframework.boot.context.config.ConfigDataEnvironmentContributors.withProcessedImports(ConfigDataEnvironmentContributors.java:121)
	at org.springframework.boot.context.config.ConfigDataEnvironment.processWithProfiles(ConfigDataEnvironment.java:316)
	at org.springframework.boot.context.config.ConfigDataEnvironment.processAndApply(ConfigDataEnvironment.java:237)
	at org.springframework.boot.context.config.ConfigDataEnvironmentPostProcessor.postProcessEnvironment(ConfigDataEnvironmentPostProcessor.java:96)
	at org.springframework.boot.context.config.ConfigDataEnvironmentPostProcessor.postProcessEnvironment(ConfigDataEnvironmentPostProcessor.java:89)
	at org.springframework.cloud.context.refresh.ConfigDataContextRefresher.updateEnvironment(ConfigDataContextRefresher.java:92)
	at org.springframework.cloud.context.refresh.ContextRefresher.refreshEnvironment(ContextRefresher.java:100)
	at org.springframework.cloud.context.refresh.ContextRefresher.refresh(ContextRefresher.java:93)
	at org.springframework.cloud.endpoint.event.RefreshEventListener.handle(RefreshEventListener.java:72)
	at org.springframework.cloud.endpoint.event.RefreshEventListener.onApplicationEvent(RefreshEventListener.java:61)
	at org.springframework.context.event.SimpleApplicationEventMulticaster.doInvokeListener(SimpleApplicationEventMulticaster.java:185)
	at org.springframework.context.event.SimpleApplicationEventMulticaster.invokeListener(SimpleApplicationEventMulticaster.java:178)
	at org.springframework.context.event.SimpleApplicationEventMulticaster.multicastEvent(SimpleApplicationEventMulticaster.java:156)
	at org.springframework.context.support.AbstractApplicationContext.publishEvent(AbstractApplicationContext.java:454)
	at org.springframework.context.support.AbstractApplicationContext.publishEvent(AbstractApplicationContext.java:387)
	at com.alibaba.cloud.nacos.configdata.NacosConfigRefreshEventListener.onApplicationEvent(NacosConfigRefreshEventListener.java:52)
	at org.springframework.context.event.SimpleApplicationEventMulticaster.doInvokeListener(SimpleApplicationEventMulticaster.java:185)
	at org.springframework.context.event.SimpleApplicationEventMulticaster.invokeListener(SimpleApplicationEventMulticaster.java:178)
	at org.springframework.context.event.SimpleApplicationEventMulticaster.multicastEvent(SimpleApplicationEventMulticaster.java:156)
	at org.springframework.context.support.AbstractApplicationContext.publishEvent(AbstractApplicationContext.java:454)
	at org.springframework.context.support.AbstractApplicationContext.publishEvent(AbstractApplicationContext.java:387)
	at com.alibaba.cloud.nacos.refresh.NacosContextRefresher$1.innerReceive(NacosContextRefresher.java:131)
	at com.alibaba.nacos.api.config.listener.AbstractSharedListener.receiveConfigInfo(AbstractSharedListener.java:40)
	at com.alibaba.nacos.client.config.impl.CacheData$1.run(CacheData.java:440)
	at com.alibaba.nacos.client.config.impl.CacheData.safeNotifyListener(CacheData.java:483)
	at com.alibaba.nacos.client.config.impl.CacheData.checkListenerMd5(CacheData.java:324)
	at com.alibaba.nacos.client.config.impl.ClientWorker$ConfigRpcTransportClient.executeConfigListen(ClientWorker.java:819)
	at com.alibaba.nacos.client.config.impl.ClientWorker$ConfigRpcTransportClient.lambda$startInternal$2(ClientWorker.java:779)
	at java.base/java.util.concurrent.Executors$RunnableAdapter.call(Executors.java:572)
	at java.base/java.util.concurrent.FutureTask.run$$$capture(FutureTask.java:317)
	at java.base/java.util.concurrent.FutureTask.run(FutureTask.java)
	at java.base/java.util.concurrent.ScheduledThreadPoolExecutor$ScheduledFutureTask.run(ScheduledThreadPoolExecutor.java:304)
	at java.base/java.util.concurrent.ThreadPoolExecutor.runWorker(ThreadPoolExecutor.java:1144)
	at java.base/java.util.concurrent.ThreadPoolExecutor$Worker.run(ThreadPoolExecutor.java:642)
	at java.base/java.lang.Thread.run(Thread.java:1583)
:2025-08-12 11:26:37.821 ERROR com.alibaba.nacos.client.Worker.0 c.a.c.n.c.NacosConfigDataLoader: Error getting properties from nacos: NacosConfigDataResource{properties=NacosConfigProperties{serverAddr='192.168.0.201:8848', encode='null', group='DEFAULT_GROUP', prefix='null', fileExtension='properties', timeout=3000, maxRetry='null', configLongPollTimeout='null', configRetryTime='null', enableRemoteSyncConfig=false, endpoint='null', namespace='5d42b64c-af69-4a94-8189-c7e890784c35', accessKey='null', secretKey='null', ramRoleName='null', contextPath='null', clusterName='null', name='null'', shares=null, extensions=null, refreshEnabled=true}, optional=false, profiles=[Profiles@159031ed active = '[]', default = '[default]', accepted = '[default]'], config=NacosItemConfig{group='DEFAULT_GROUP', dataId='application-dev.yml', suffix='yml', refreshEnabled=true, preference=null}}
org.yaml.snakeyaml.constructor.DuplicateKeyException: while constructing a mapping
 in 'reader', line 2, column 1:
    jasypt:
    ^
found duplicate key spring
 in 'reader', line 73, column 1:
    spring:
    ^

	at org.yaml.snakeyaml.constructor.SafeConstructor.processDuplicateKeys(SafeConstructor.java:126)
	at org.yaml.snakeyaml.constructor.SafeConstructor.flattenMapping(SafeConstructor.java:78)
	at org.yaml.snakeyaml.constructor.SafeConstructor.flattenMapping(SafeConstructor.java:73)
	at org.yaml.snakeyaml.constructor.SafeConstructor.constructMapping2ndStep(SafeConstructor.java:209)
	at org.yaml.snakeyaml.constructor.BaseConstructor.constructMapping(BaseConstructor.java:552)
	at org.yaml.snakeyaml.constructor.SafeConstructor$ConstructYamlMap.construct(SafeConstructor.java:597)
	at org.yaml.snakeyaml.constructor.BaseConstructor.constructObjectNoCheck(BaseConstructor.java:264)
	at org.yaml.snakeyaml.constructor.BaseConstructor.constructObject(BaseConstructor.java:247)
	at org.springframework.boot.env.OriginTrackedYamlLoader$OriginTrackingConstructor.constructObject(OriginTrackedYamlLoader.java:119)
	at org.yaml.snakeyaml.constructor.BaseConstructor.constructDocument(BaseConstructor.java:201)
	at org.yaml.snakeyaml.constructor.BaseConstructor.getData(BaseConstructor.java:166)
	at org.springframework.boot.env.OriginTrackedYamlLoader$OriginTrackingConstructor.getData(OriginTrackedYamlLoader.java:99)
	at org.yaml.snakeyaml.Yaml$1.next(Yaml.java:529)
	at org.springframework.beans.factory.config.YamlProcessor.process(YamlProcessor.java:203)
	at org.springframework.beans.factory.config.YamlProcessor.process(YamlProcessor.java:169)
	at org.springframework.boot.env.OriginTrackedYamlLoader.load(OriginTrackedYamlLoader.java:84)
	at org.springframework.boot.env.YamlPropertySourceLoader.load(YamlPropertySourceLoader.java:50)
	at com.alibaba.cloud.nacos.parser.NacosDataParserHandler.parseNacosData(NacosDataParserHandler.java:92)
	at com.alibaba.cloud.nacos.configdata.NacosConfigDataLoader.pullConfig(NacosConfigDataLoader.java:146)
	at com.alibaba.cloud.nacos.configdata.NacosConfigDataLoader.doLoad(NacosConfigDataLoader.java:80)
	at com.alibaba.cloud.nacos.configdata.NacosConfigDataLoader.load(NacosConfigDataLoader.java:67)
	at com.alibaba.cloud.nacos.configdata.NacosConfigDataLoader.load(NacosConfigDataLoader.java:56)
	at org.springframework.boot.context.config.ConfigDataLoaders.load(ConfigDataLoaders.java:96)
	at org.springframework.boot.context.config.ConfigDataImporter.load(ConfigDataImporter.java:132)
	at org.springframework.boot.context.config.ConfigDataImporter.resolveAndLoad(ConfigDataImporter.java:87)
	at org.springframework.boot.context.config.ConfigDataEnvironmentContributors.withProcessedImports(ConfigDataEnvironmentContributors.java:121)
	at org.springframework.boot.context.config.ConfigDataEnvironment.processWithProfiles(ConfigDataEnvironment.java:316)
	at org.springframework.boot.context.config.ConfigDataEnvironment.processAndApply(ConfigDataEnvironment.java:237)
	at org.springframework.boot.context.config.ConfigDataEnvironmentPostProcessor.postProcessEnvironment(ConfigDataEnvironmentPostProcessor.java:96)
	at org.springframework.boot.context.config.ConfigDataEnvironmentPostProcessor.postProcessEnvironment(ConfigDataEnvironmentPostProcessor.java:89)
	at org.springframework.cloud.context.refresh.ConfigDataContextRefresher.updateEnvironment(ConfigDataContextRefresher.java:92)
	at org.springframework.cloud.context.refresh.ContextRefresher.refreshEnvironment(ContextRefresher.java:100)
	at org.springframework.cloud.context.refresh.ContextRefresher.refresh(ContextRefresher.java:93)
	at org.springframework.cloud.endpoint.event.RefreshEventListener.handle(RefreshEventListener.java:72)
	at org.springframework.cloud.endpoint.event.RefreshEventListener.onApplicationEvent(RefreshEventListener.java:61)
	at org.springframework.context.event.SimpleApplicationEventMulticaster.doInvokeListener(SimpleApplicationEventMulticaster.java:185)
	at org.springframework.context.event.SimpleApplicationEventMulticaster.invokeListener(SimpleApplicationEventMulticaster.java:178)
	at org.springframework.context.event.SimpleApplicationEventMulticaster.multicastEvent(SimpleApplicationEventMulticaster.java:156)
	at org.springframework.context.support.AbstractApplicationContext.publishEvent(AbstractApplicationContext.java:454)
	at org.springframework.context.support.AbstractApplicationContext.publishEvent(AbstractApplicationContext.java:387)
	at com.alibaba.cloud.nacos.configdata.NacosConfigRefreshEventListener.onApplicationEvent(NacosConfigRefreshEventListener.java:52)
	at org.springframework.context.event.SimpleApplicationEventMulticaster.doInvokeListener(SimpleApplicationEventMulticaster.java:185)
	at org.springframework.context.event.SimpleApplicationEventMulticaster.invokeListener(SimpleApplicationEventMulticaster.java:178)
	at org.springframework.context.event.SimpleApplicationEventMulticaster.multicastEvent(SimpleApplicationEventMulticaster.java:156)
	at org.springframework.context.support.AbstractApplicationContext.publishEvent(AbstractApplicationContext.java:454)
	at org.springframework.context.support.AbstractApplicationContext.publishEvent(AbstractApplicationContext.java:387)
	at com.alibaba.cloud.nacos.refresh.NacosContextRefresher$1.innerReceive(NacosContextRefresher.java:131)
	at com.alibaba.nacos.api.config.listener.AbstractSharedListener.receiveConfigInfo(AbstractSharedListener.java:40)
	at com.alibaba.nacos.client.config.impl.CacheData$1.run(CacheData.java:440)
	at com.alibaba.nacos.client.config.impl.CacheData.safeNotifyListener(CacheData.java:483)
	at com.alibaba.nacos.client.config.impl.CacheData.checkListenerMd5(CacheData.java:324)
	at com.alibaba.nacos.client.config.impl.ClientWorker$ConfigRpcTransportClient.executeConfigListen(ClientWorker.java:819)
	at com.alibaba.nacos.client.config.impl.ClientWorker$ConfigRpcTransportClient.lambda$startInternal$2(ClientWorker.java:779)
	at java.base/java.util.concurrent.Executors$RunnableAdapter.call(Executors.java:572)
	at java.base/java.util.concurrent.FutureTask.run$$$capture(FutureTask.java:317)
	at java.base/java.util.concurrent.FutureTask.run(FutureTask.java)
	at java.base/java.util.concurrent.ScheduledThreadPoolExecutor$ScheduledFutureTask.run(ScheduledThreadPoolExecutor.java:304)
	at java.base/java.util.concurrent.ThreadPoolExecutor.runWorker(ThreadPoolExecutor.java:1144)
	at java.base/java.util.concurrent.ThreadPoolExecutor$Worker.run(ThreadPoolExecutor.java:642)
	at java.base/java.lang.Thread.run(Thread.java:1583)
:2025-08-12 11:26:42.859 ERROR com.alibaba.nacos.client.Worker.0 c.a.c.n.c.NacosConfigDataLoader: Error getting properties from nacos: NacosConfigDataResource{properties=NacosConfigProperties{serverAddr='192.168.0.201:8848', encode='null', group='DEFAULT_GROUP', prefix='null', fileExtension='properties', timeout=3000, maxRetry='null', configLongPollTimeout='null', configRetryTime='null', enableRemoteSyncConfig=false, endpoint='null', namespace='5d42b64c-af69-4a94-8189-c7e890784c35', accessKey='null', secretKey='null', ramRoleName='null', contextPath='null', clusterName='null', name='null'', shares=null, extensions=null, refreshEnabled=true}, optional=false, profiles=[Profiles@793ebfba active = '[]', default = '[default]', accepted = '[default]'], config=NacosItemConfig{group='DEFAULT_GROUP', dataId='application-dev.yml', suffix='yml', refreshEnabled=true, preference=null}}
org.yaml.snakeyaml.constructor.DuplicateKeyException: while constructing a mapping
 in 'reader', line 2, column 1:
    jasypt:
    ^
found duplicate key spring
 in 'reader', line 73, column 1:
    spring:
    ^

	at org.yaml.snakeyaml.constructor.SafeConstructor.processDuplicateKeys(SafeConstructor.java:126)
	at org.yaml.snakeyaml.constructor.SafeConstructor.flattenMapping(SafeConstructor.java:78)
	at org.yaml.snakeyaml.constructor.SafeConstructor.flattenMapping(SafeConstructor.java:73)
	at org.yaml.snakeyaml.constructor.SafeConstructor.constructMapping2ndStep(SafeConstructor.java:209)
	at org.yaml.snakeyaml.constructor.BaseConstructor.constructMapping(BaseConstructor.java:552)
	at org.yaml.snakeyaml.constructor.SafeConstructor$ConstructYamlMap.construct(SafeConstructor.java:597)
	at org.yaml.snakeyaml.constructor.BaseConstructor.constructObjectNoCheck(BaseConstructor.java:264)
	at org.yaml.snakeyaml.constructor.BaseConstructor.constructObject(BaseConstructor.java:247)
	at org.springframework.boot.env.OriginTrackedYamlLoader$OriginTrackingConstructor.constructObject(OriginTrackedYamlLoader.java:119)
	at org.yaml.snakeyaml.constructor.BaseConstructor.constructDocument(BaseConstructor.java:201)
	at org.yaml.snakeyaml.constructor.BaseConstructor.getData(BaseConstructor.java:166)
	at org.springframework.boot.env.OriginTrackedYamlLoader$OriginTrackingConstructor.getData(OriginTrackedYamlLoader.java:99)
	at org.yaml.snakeyaml.Yaml$1.next(Yaml.java:529)
	at org.springframework.beans.factory.config.YamlProcessor.process(YamlProcessor.java:203)
	at org.springframework.beans.factory.config.YamlProcessor.process(YamlProcessor.java:169)
	at org.springframework.boot.env.OriginTrackedYamlLoader.load(OriginTrackedYamlLoader.java:84)
	at org.springframework.boot.env.YamlPropertySourceLoader.load(YamlPropertySourceLoader.java:50)
	at com.alibaba.cloud.nacos.parser.NacosDataParserHandler.parseNacosData(NacosDataParserHandler.java:92)
	at com.alibaba.cloud.nacos.configdata.NacosConfigDataLoader.pullConfig(NacosConfigDataLoader.java:146)
	at com.alibaba.cloud.nacos.configdata.NacosConfigDataLoader.doLoad(NacosConfigDataLoader.java:80)
	at com.alibaba.cloud.nacos.configdata.NacosConfigDataLoader.load(NacosConfigDataLoader.java:67)
	at com.alibaba.cloud.nacos.configdata.NacosConfigDataLoader.load(NacosConfigDataLoader.java:56)
	at org.springframework.boot.context.config.ConfigDataLoaders.load(ConfigDataLoaders.java:96)
	at org.springframework.boot.context.config.ConfigDataImporter.load(ConfigDataImporter.java:132)
	at org.springframework.boot.context.config.ConfigDataImporter.resolveAndLoad(ConfigDataImporter.java:87)
	at org.springframework.boot.context.config.ConfigDataEnvironmentContributors.withProcessedImports(ConfigDataEnvironmentContributors.java:121)
	at org.springframework.boot.context.config.ConfigDataEnvironment.processWithProfiles(ConfigDataEnvironment.java:316)
	at org.springframework.boot.context.config.ConfigDataEnvironment.processAndApply(ConfigDataEnvironment.java:237)
	at org.springframework.boot.context.config.ConfigDataEnvironmentPostProcessor.postProcessEnvironment(ConfigDataEnvironmentPostProcessor.java:96)
	at org.springframework.boot.context.config.ConfigDataEnvironmentPostProcessor.postProcessEnvironment(ConfigDataEnvironmentPostProcessor.java:89)
	at org.springframework.cloud.context.refresh.ConfigDataContextRefresher.updateEnvironment(ConfigDataContextRefresher.java:92)
	at org.springframework.cloud.context.refresh.ContextRefresher.refreshEnvironment(ContextRefresher.java:100)
	at org.springframework.cloud.context.refresh.ContextRefresher.refresh(ContextRefresher.java:93)
	at org.springframework.cloud.endpoint.event.RefreshEventListener.handle(RefreshEventListener.java:72)
	at org.springframework.cloud.endpoint.event.RefreshEventListener.onApplicationEvent(RefreshEventListener.java:61)
	at org.springframework.context.event.SimpleApplicationEventMulticaster.doInvokeListener(SimpleApplicationEventMulticaster.java:185)
	at org.springframework.context.event.SimpleApplicationEventMulticaster.invokeListener(SimpleApplicationEventMulticaster.java:178)
	at org.springframework.context.event.SimpleApplicationEventMulticaster.multicastEvent(SimpleApplicationEventMulticaster.java:156)
	at org.springframework.context.support.AbstractApplicationContext.publishEvent(AbstractApplicationContext.java:454)
	at org.springframework.context.support.AbstractApplicationContext.publishEvent(AbstractApplicationContext.java:387)
	at com.alibaba.cloud.nacos.configdata.NacosConfigRefreshEventListener.onApplicationEvent(NacosConfigRefreshEventListener.java:52)
	at org.springframework.context.event.SimpleApplicationEventMulticaster.doInvokeListener(SimpleApplicationEventMulticaster.java:185)
	at org.springframework.context.event.SimpleApplicationEventMulticaster.invokeListener(SimpleApplicationEventMulticaster.java:178)
	at org.springframework.context.event.SimpleApplicationEventMulticaster.multicastEvent(SimpleApplicationEventMulticaster.java:156)
	at org.springframework.context.support.AbstractApplicationContext.publishEvent(AbstractApplicationContext.java:454)
	at org.springframework.context.support.AbstractApplicationContext.publishEvent(AbstractApplicationContext.java:387)
	at com.alibaba.cloud.nacos.refresh.NacosContextRefresher$1.innerReceive(NacosContextRefresher.java:131)
	at com.alibaba.nacos.api.config.listener.AbstractSharedListener.receiveConfigInfo(AbstractSharedListener.java:40)
	at com.alibaba.nacos.client.config.impl.CacheData$1.run(CacheData.java:440)
	at com.alibaba.nacos.client.config.impl.CacheData.safeNotifyListener(CacheData.java:483)
	at com.alibaba.nacos.client.config.impl.CacheData.checkListenerMd5(CacheData.java:324)
	at com.alibaba.nacos.client.config.impl.ClientWorker$ConfigRpcTransportClient.executeConfigListen(ClientWorker.java:819)
	at com.alibaba.nacos.client.config.impl.ClientWorker$ConfigRpcTransportClient.lambda$startInternal$2(ClientWorker.java:779)
	at java.base/java.util.concurrent.Executors$RunnableAdapter.call(Executors.java:572)
	at java.base/java.util.concurrent.FutureTask.run$$$capture(FutureTask.java:317)
	at java.base/java.util.concurrent.FutureTask.run(FutureTask.java)
	at java.base/java.util.concurrent.ScheduledThreadPoolExecutor$ScheduledFutureTask.run(ScheduledThreadPoolExecutor.java:304)
	at java.base/java.util.concurrent.ThreadPoolExecutor.runWorker(ThreadPoolExecutor.java:1144)
	at java.base/java.util.concurrent.ThreadPoolExecutor$Worker.run(ThreadPoolExecutor.java:642)
	at java.base/java.lang.Thread.run(Thread.java:1583)
:2025-08-12 11:26:47.883 ERROR com.alibaba.nacos.client.Worker.0 c.a.c.n.c.NacosConfigDataLoader: Error getting properties from nacos: NacosConfigDataResource{properties=NacosConfigProperties{serverAddr='192.168.0.201:8848', encode='null', group='DEFAULT_GROUP', prefix='null', fileExtension='properties', timeout=3000, maxRetry='null', configLongPollTimeout='null', configRetryTime='null', enableRemoteSyncConfig=false, endpoint='null', namespace='5d42b64c-af69-4a94-8189-c7e890784c35', accessKey='null', secretKey='null', ramRoleName='null', contextPath='null', clusterName='null', name='null'', shares=null, extensions=null, refreshEnabled=true}, optional=false, profiles=[Profiles@2b9ca7bb active = '[]', default = '[default]', accepted = '[default]'], config=NacosItemConfig{group='DEFAULT_GROUP', dataId='application-dev.yml', suffix='yml', refreshEnabled=true, preference=null}}
org.yaml.snakeyaml.constructor.DuplicateKeyException: while constructing a mapping
 in 'reader', line 2, column 1:
    jasypt:
    ^
found duplicate key spring
 in 'reader', line 73, column 1:
    spring:
    ^

	at org.yaml.snakeyaml.constructor.SafeConstructor.processDuplicateKeys(SafeConstructor.java:126)
	at org.yaml.snakeyaml.constructor.SafeConstructor.flattenMapping(SafeConstructor.java:78)
	at org.yaml.snakeyaml.constructor.SafeConstructor.flattenMapping(SafeConstructor.java:73)
	at org.yaml.snakeyaml.constructor.SafeConstructor.constructMapping2ndStep(SafeConstructor.java:209)
	at org.yaml.snakeyaml.constructor.BaseConstructor.constructMapping(BaseConstructor.java:552)
	at org.yaml.snakeyaml.constructor.SafeConstructor$ConstructYamlMap.construct(SafeConstructor.java:597)
	at org.yaml.snakeyaml.constructor.BaseConstructor.constructObjectNoCheck(BaseConstructor.java:264)
	at org.yaml.snakeyaml.constructor.BaseConstructor.constructObject(BaseConstructor.java:247)
	at org.springframework.boot.env.OriginTrackedYamlLoader$OriginTrackingConstructor.constructObject(OriginTrackedYamlLoader.java:119)
	at org.yaml.snakeyaml.constructor.BaseConstructor.constructDocument(BaseConstructor.java:201)
	at org.yaml.snakeyaml.constructor.BaseConstructor.getData(BaseConstructor.java:166)
	at org.springframework.boot.env.OriginTrackedYamlLoader$OriginTrackingConstructor.getData(OriginTrackedYamlLoader.java:99)
	at org.yaml.snakeyaml.Yaml$1.next(Yaml.java:529)
	at org.springframework.beans.factory.config.YamlProcessor.process(YamlProcessor.java:203)
	at org.springframework.beans.factory.config.YamlProcessor.process(YamlProcessor.java:169)
	at org.springframework.boot.env.OriginTrackedYamlLoader.load(OriginTrackedYamlLoader.java:84)
	at org.springframework.boot.env.YamlPropertySourceLoader.load(YamlPropertySourceLoader.java:50)
	at com.alibaba.cloud.nacos.parser.NacosDataParserHandler.parseNacosData(NacosDataParserHandler.java:92)
	at com.alibaba.cloud.nacos.configdata.NacosConfigDataLoader.pullConfig(NacosConfigDataLoader.java:146)
	at com.alibaba.cloud.nacos.configdata.NacosConfigDataLoader.doLoad(NacosConfigDataLoader.java:80)
	at com.alibaba.cloud.nacos.configdata.NacosConfigDataLoader.load(NacosConfigDataLoader.java:67)
	at com.alibaba.cloud.nacos.configdata.NacosConfigDataLoader.load(NacosConfigDataLoader.java:56)
	at org.springframework.boot.context.config.ConfigDataLoaders.load(ConfigDataLoaders.java:96)
	at org.springframework.boot.context.config.ConfigDataImporter.load(ConfigDataImporter.java:132)
	at org.springframework.boot.context.config.ConfigDataImporter.resolveAndLoad(ConfigDataImporter.java:87)
	at org.springframework.boot.context.config.ConfigDataEnvironmentContributors.withProcessedImports(ConfigDataEnvironmentContributors.java:121)
	at org.springframework.boot.context.config.ConfigDataEnvironment.processWithProfiles(ConfigDataEnvironment.java:316)
	at org.springframework.boot.context.config.ConfigDataEnvironment.processAndApply(ConfigDataEnvironment.java:237)
	at org.springframework.boot.context.config.ConfigDataEnvironmentPostProcessor.postProcessEnvironment(ConfigDataEnvironmentPostProcessor.java:96)
	at org.springframework.boot.context.config.ConfigDataEnvironmentPostProcessor.postProcessEnvironment(ConfigDataEnvironmentPostProcessor.java:89)
	at org.springframework.cloud.context.refresh.ConfigDataContextRefresher.updateEnvironment(ConfigDataContextRefresher.java:92)
	at org.springframework.cloud.context.refresh.ContextRefresher.refreshEnvironment(ContextRefresher.java:100)
	at org.springframework.cloud.context.refresh.ContextRefresher.refresh(ContextRefresher.java:93)
	at org.springframework.cloud.endpoint.event.RefreshEventListener.handle(RefreshEventListener.java:72)
	at org.springframework.cloud.endpoint.event.RefreshEventListener.onApplicationEvent(RefreshEventListener.java:61)
	at org.springframework.context.event.SimpleApplicationEventMulticaster.doInvokeListener(SimpleApplicationEventMulticaster.java:185)
	at org.springframework.context.event.SimpleApplicationEventMulticaster.invokeListener(SimpleApplicationEventMulticaster.java:178)
	at org.springframework.context.event.SimpleApplicationEventMulticaster.multicastEvent(SimpleApplicationEventMulticaster.java:156)
	at org.springframework.context.support.AbstractApplicationContext.publishEvent(AbstractApplicationContext.java:454)
	at org.springframework.context.support.AbstractApplicationContext.publishEvent(AbstractApplicationContext.java:387)
	at com.alibaba.cloud.nacos.configdata.NacosConfigRefreshEventListener.onApplicationEvent(NacosConfigRefreshEventListener.java:52)
	at org.springframework.context.event.SimpleApplicationEventMulticaster.doInvokeListener(SimpleApplicationEventMulticaster.java:185)
	at org.springframework.context.event.SimpleApplicationEventMulticaster.invokeListener(SimpleApplicationEventMulticaster.java:178)
	at org.springframework.context.event.SimpleApplicationEventMulticaster.multicastEvent(SimpleApplicationEventMulticaster.java:156)
	at org.springframework.context.support.AbstractApplicationContext.publishEvent(AbstractApplicationContext.java:454)
	at org.springframework.context.support.AbstractApplicationContext.publishEvent(AbstractApplicationContext.java:387)
	at com.alibaba.cloud.nacos.refresh.NacosContextRefresher$1.innerReceive(NacosContextRefresher.java:131)
	at com.alibaba.nacos.api.config.listener.AbstractSharedListener.receiveConfigInfo(AbstractSharedListener.java:40)
	at com.alibaba.nacos.client.config.impl.CacheData$1.run(CacheData.java:440)
	at com.alibaba.nacos.client.config.impl.CacheData.safeNotifyListener(CacheData.java:483)
	at com.alibaba.nacos.client.config.impl.CacheData.checkListenerMd5(CacheData.java:324)
	at com.alibaba.nacos.client.config.impl.ClientWorker$ConfigRpcTransportClient.executeConfigListen(ClientWorker.java:819)
	at com.alibaba.nacos.client.config.impl.ClientWorker$ConfigRpcTransportClient.lambda$startInternal$2(ClientWorker.java:779)
	at java.base/java.util.concurrent.Executors$RunnableAdapter.call(Executors.java:572)
	at java.base/java.util.concurrent.FutureTask.run$$$capture(FutureTask.java:317)
	at java.base/java.util.concurrent.FutureTask.run(FutureTask.java)
	at java.base/java.util.concurrent.ScheduledThreadPoolExecutor$ScheduledFutureTask.run(ScheduledThreadPoolExecutor.java:304)
	at java.base/java.util.concurrent.ThreadPoolExecutor.runWorker(ThreadPoolExecutor.java:1144)
	at java.base/java.util.concurrent.ThreadPoolExecutor$Worker.run(ThreadPoolExecutor.java:642)
	at java.base/java.lang.Thread.run(Thread.java:1583)
:2025-08-12 11:26:52.909 ERROR com.alibaba.nacos.client.Worker.0 c.a.c.n.c.NacosConfigDataLoader: Error getting properties from nacos: NacosConfigDataResource{properties=NacosConfigProperties{serverAddr='192.168.0.201:8848', encode='null', group='DEFAULT_GROUP', prefix='null', fileExtension='properties', timeout=3000, maxRetry='null', configLongPollTimeout='null', configRetryTime='null', enableRemoteSyncConfig=false, endpoint='null', namespace='5d42b64c-af69-4a94-8189-c7e890784c35', accessKey='null', secretKey='null', ramRoleName='null', contextPath='null', clusterName='null', name='null'', shares=null, extensions=null, refreshEnabled=true}, optional=false, profiles=[Profiles@289fbd7c active = '[]', default = '[default]', accepted = '[default]'], config=NacosItemConfig{group='DEFAULT_GROUP', dataId='application-dev.yml', suffix='yml', refreshEnabled=true, preference=null}}
org.yaml.snakeyaml.constructor.DuplicateKeyException: while constructing a mapping
 in 'reader', line 2, column 1:
    jasypt:
    ^
found duplicate key spring
 in 'reader', line 73, column 1:
    spring:
    ^

	at org.yaml.snakeyaml.constructor.SafeConstructor.processDuplicateKeys(SafeConstructor.java:126)
	at org.yaml.snakeyaml.constructor.SafeConstructor.flattenMapping(SafeConstructor.java:78)
	at org.yaml.snakeyaml.constructor.SafeConstructor.flattenMapping(SafeConstructor.java:73)
	at org.yaml.snakeyaml.constructor.SafeConstructor.constructMapping2ndStep(SafeConstructor.java:209)
	at org.yaml.snakeyaml.constructor.BaseConstructor.constructMapping(BaseConstructor.java:552)
	at org.yaml.snakeyaml.constructor.SafeConstructor$ConstructYamlMap.construct(SafeConstructor.java:597)
	at org.yaml.snakeyaml.constructor.BaseConstructor.constructObjectNoCheck(BaseConstructor.java:264)
	at org.yaml.snakeyaml.constructor.BaseConstructor.constructObject(BaseConstructor.java:247)
	at org.springframework.boot.env.OriginTrackedYamlLoader$OriginTrackingConstructor.constructObject(OriginTrackedYamlLoader.java:119)
	at org.yaml.snakeyaml.constructor.BaseConstructor.constructDocument(BaseConstructor.java:201)
	at org.yaml.snakeyaml.constructor.BaseConstructor.getData(BaseConstructor.java:166)
	at org.springframework.boot.env.OriginTrackedYamlLoader$OriginTrackingConstructor.getData(OriginTrackedYamlLoader.java:99)
	at org.yaml.snakeyaml.Yaml$1.next(Yaml.java:529)
	at org.springframework.beans.factory.config.YamlProcessor.process(YamlProcessor.java:203)
	at org.springframework.beans.factory.config.YamlProcessor.process(YamlProcessor.java:169)
	at org.springframework.boot.env.OriginTrackedYamlLoader.load(OriginTrackedYamlLoader.java:84)
	at org.springframework.boot.env.YamlPropertySourceLoader.load(YamlPropertySourceLoader.java:50)
	at com.alibaba.cloud.nacos.parser.NacosDataParserHandler.parseNacosData(NacosDataParserHandler.java:92)
	at com.alibaba.cloud.nacos.configdata.NacosConfigDataLoader.pullConfig(NacosConfigDataLoader.java:146)
	at com.alibaba.cloud.nacos.configdata.NacosConfigDataLoader.doLoad(NacosConfigDataLoader.java:80)
	at com.alibaba.cloud.nacos.configdata.NacosConfigDataLoader.load(NacosConfigDataLoader.java:67)
	at com.alibaba.cloud.nacos.configdata.NacosConfigDataLoader.load(NacosConfigDataLoader.java:56)
	at org.springframework.boot.context.config.ConfigDataLoaders.load(ConfigDataLoaders.java:96)
	at org.springframework.boot.context.config.ConfigDataImporter.load(ConfigDataImporter.java:132)
	at org.springframework.boot.context.config.ConfigDataImporter.resolveAndLoad(ConfigDataImporter.java:87)
	at org.springframework.boot.context.config.ConfigDataEnvironmentContributors.withProcessedImports(ConfigDataEnvironmentContributors.java:121)
	at org.springframework.boot.context.config.ConfigDataEnvironment.processWithProfiles(ConfigDataEnvironment.java:316)
	at org.springframework.boot.context.config.ConfigDataEnvironment.processAndApply(ConfigDataEnvironment.java:237)
	at org.springframework.boot.context.config.ConfigDataEnvironmentPostProcessor.postProcessEnvironment(ConfigDataEnvironmentPostProcessor.java:96)
	at org.springframework.boot.context.config.ConfigDataEnvironmentPostProcessor.postProcessEnvironment(ConfigDataEnvironmentPostProcessor.java:89)
	at org.springframework.cloud.context.refresh.ConfigDataContextRefresher.updateEnvironment(ConfigDataContextRefresher.java:92)
	at org.springframework.cloud.context.refresh.ContextRefresher.refreshEnvironment(ContextRefresher.java:100)
	at org.springframework.cloud.context.refresh.ContextRefresher.refresh(ContextRefresher.java:93)
	at org.springframework.cloud.endpoint.event.RefreshEventListener.handle(RefreshEventListener.java:72)
	at org.springframework.cloud.endpoint.event.RefreshEventListener.onApplicationEvent(RefreshEventListener.java:61)
	at org.springframework.context.event.SimpleApplicationEventMulticaster.doInvokeListener(SimpleApplicationEventMulticaster.java:185)
	at org.springframework.context.event.SimpleApplicationEventMulticaster.invokeListener(SimpleApplicationEventMulticaster.java:178)
	at org.springframework.context.event.SimpleApplicationEventMulticaster.multicastEvent(SimpleApplicationEventMulticaster.java:156)
	at org.springframework.context.support.AbstractApplicationContext.publishEvent(AbstractApplicationContext.java:454)
	at org.springframework.context.support.AbstractApplicationContext.publishEvent(AbstractApplicationContext.java:387)
	at com.alibaba.cloud.nacos.configdata.NacosConfigRefreshEventListener.onApplicationEvent(NacosConfigRefreshEventListener.java:52)
	at org.springframework.context.event.SimpleApplicationEventMulticaster.doInvokeListener(SimpleApplicationEventMulticaster.java:185)
	at org.springframework.context.event.SimpleApplicationEventMulticaster.invokeListener(SimpleApplicationEventMulticaster.java:178)
	at org.springframework.context.event.SimpleApplicationEventMulticaster.multicastEvent(SimpleApplicationEventMulticaster.java:156)
	at org.springframework.context.support.AbstractApplicationContext.publishEvent(AbstractApplicationContext.java:454)
	at org.springframework.context.support.AbstractApplicationContext.publishEvent(AbstractApplicationContext.java:387)
	at com.alibaba.cloud.nacos.refresh.NacosContextRefresher$1.innerReceive(NacosContextRefresher.java:131)
	at com.alibaba.nacos.api.config.listener.AbstractSharedListener.receiveConfigInfo(AbstractSharedListener.java:40)
	at com.alibaba.nacos.client.config.impl.CacheData$1.run(CacheData.java:440)
	at com.alibaba.nacos.client.config.impl.CacheData.safeNotifyListener(CacheData.java:483)
	at com.alibaba.nacos.client.config.impl.CacheData.checkListenerMd5(CacheData.java:324)
	at com.alibaba.nacos.client.config.impl.ClientWorker$ConfigRpcTransportClient.executeConfigListen(ClientWorker.java:819)
	at com.alibaba.nacos.client.config.impl.ClientWorker$ConfigRpcTransportClient.lambda$startInternal$2(ClientWorker.java:779)
	at java.base/java.util.concurrent.Executors$RunnableAdapter.call(Executors.java:572)
	at java.base/java.util.concurrent.FutureTask.run$$$capture(FutureTask.java:317)
	at java.base/java.util.concurrent.FutureTask.run(FutureTask.java)
	at java.base/java.util.concurrent.ScheduledThreadPoolExecutor$ScheduledFutureTask.run(ScheduledThreadPoolExecutor.java:304)
	at java.base/java.util.concurrent.ThreadPoolExecutor.runWorker(ThreadPoolExecutor.java:1144)
	at java.base/java.util.concurrent.ThreadPoolExecutor$Worker.run(ThreadPoolExecutor.java:642)
	at java.base/java.lang.Thread.run(Thread.java:1583)
