:2025-08-13 00:00:04.754 DEBUG HikariPool-1 housekeeper c.z.h.p.HikariPool: HikariPool-1 - Pool stats (total=10, active=0, idle=10, waiting=0)
:2025-08-13 00:00:04.760 DEBUG HikariPool-1 housekeeper c.z.h.p.HikariPool: HikariPool-1 - Fill pool skipped, pool has sufficient level or currently being filled.
:2025-08-13 00:00:34.773 DEBUG HikariPool-1 housekeeper c.z.h.p.HikariPool: HikariPool-1 - Pool stats (total=10, active=0, idle=10, waiting=0)
:2025-08-13 00:00:34.773 DEBUG HikariPool-1 housekeeper c.z.h.p.HikariPool: HikariPool-1 - Fill pool skipped, pool has sufficient level or currently being filled.
:2025-08-13 00:01:04.788 DEBUG HikariPool-1 housekeeper c.z.h.p.HikariPool: HikariPool-1 - Pool stats (total=10, active=0, idle=10, waiting=0)
:2025-08-13 00:01:04.788 DEBUG HikariPool-1 housekeeper c.z.h.p.HikariPool: HikariPool-1 - Fill pool skipped, pool has sufficient level or currently being filled.
:2025-08-13 00:01:34.798 DEBUG HikariPool-1 housekeeper c.z.h.p.HikariPool: HikariPool-1 - Pool stats (total=10, active=0, idle=10, waiting=0)
:2025-08-13 00:01:34.798 DEBUG HikariPool-1 housekeeper c.z.h.p.HikariPool: HikariPool-1 - Fill pool skipped, pool has sufficient level or currently being filled.
:2025-08-13 00:02:04.810 DEBUG HikariPool-1 housekeeper c.z.h.p.HikariPool: HikariPool-1 - Pool stats (total=10, active=0, idle=10, waiting=0)
:2025-08-13 00:02:04.810 DEBUG HikariPool-1 housekeeper c.z.h.p.HikariPool: HikariPool-1 - Fill pool skipped, pool has sufficient level or currently being filled.
:2025-08-13 00:02:34.825 DEBUG HikariPool-1 housekeeper c.z.h.p.HikariPool: HikariPool-1 - Pool stats (total=10, active=0, idle=10, waiting=0)
:2025-08-13 00:02:34.825 DEBUG HikariPool-1 housekeeper c.z.h.p.HikariPool: HikariPool-1 - Fill pool skipped, pool has sufficient level or currently being filled.
:2025-08-13 00:03:04.840 DEBUG HikariPool-1 housekeeper c.z.h.p.HikariPool: HikariPool-1 - Pool stats (total=10, active=0, idle=10, waiting=0)
:2025-08-13 00:03:04.840 DEBUG HikariPool-1 housekeeper c.z.h.p.HikariPool: HikariPool-1 - Fill pool skipped, pool has sufficient level or currently being filled.
:2025-08-13 00:03:34.850 DEBUG HikariPool-1 housekeeper c.z.h.p.HikariPool: HikariPool-1 - Pool stats (total=10, active=0, idle=10, waiting=0)
:2025-08-13 00:03:34.850 DEBUG HikariPool-1 housekeeper c.z.h.p.HikariPool: HikariPool-1 - Fill pool skipped, pool has sufficient level or currently being filled.
:2025-08-13 00:04:04.854 DEBUG HikariPool-1 housekeeper c.z.h.p.HikariPool: HikariPool-1 - Pool stats (total=10, active=0, idle=10, waiting=0)
:2025-08-13 00:04:04.854 DEBUG HikariPool-1 housekeeper c.z.h.p.HikariPool: HikariPool-1 - Fill pool skipped, pool has sufficient level or currently being filled.
:2025-08-13 00:04:34.855 DEBUG HikariPool-1 housekeeper c.z.h.p.HikariPool: HikariPool-1 - Pool stats (total=10, active=0, idle=10, waiting=0)
:2025-08-13 00:04:34.855 DEBUG HikariPool-1 housekeeper c.z.h.p.HikariPool: HikariPool-1 - Fill pool skipped, pool has sufficient level or currently being filled.
:2025-08-13 00:05:04.857 DEBUG HikariPool-1 housekeeper c.z.h.p.HikariPool: HikariPool-1 - Pool stats (total=10, active=0, idle=10, waiting=0)
:2025-08-13 00:05:04.857 DEBUG HikariPool-1 housekeeper c.z.h.p.HikariPool: HikariPool-1 - Fill pool skipped, pool has sufficient level or currently being filled.
:2025-08-13 00:05:34.863 DEBUG HikariPool-1 housekeeper c.z.h.p.HikariPool: HikariPool-1 - Pool stats (total=10, active=0, idle=10, waiting=0)
:2025-08-13 00:05:34.863 DEBUG HikariPool-1 housekeeper c.z.h.p.HikariPool: HikariPool-1 - Fill pool skipped, pool has sufficient level or currently being filled.
:2025-08-13 00:06:04.869 DEBUG HikariPool-1 housekeeper c.z.h.p.HikariPool: HikariPool-1 - Pool stats (total=10, active=0, idle=10, waiting=0)
:2025-08-13 00:06:04.869 DEBUG HikariPool-1 housekeeper c.z.h.p.HikariPool: HikariPool-1 - Fill pool skipped, pool has sufficient level or currently being filled.
:2025-08-13 00:06:34.876 DEBUG HikariPool-1 housekeeper c.z.h.p.HikariPool: HikariPool-1 - Pool stats (total=10, active=0, idle=10, waiting=0)
:2025-08-13 00:06:34.876 DEBUG HikariPool-1 housekeeper c.z.h.p.HikariPool: HikariPool-1 - Fill pool skipped, pool has sufficient level or currently being filled.
:2025-08-13 00:07:04.887 DEBUG HikariPool-1 housekeeper c.z.h.p.HikariPool: HikariPool-1 - Pool stats (total=10, active=0, idle=10, waiting=0)
:2025-08-13 00:07:04.887 DEBUG HikariPool-1 housekeeper c.z.h.p.HikariPool: HikariPool-1 - Fill pool skipped, pool has sufficient level or currently being filled.
:2025-08-13 00:07:34.889 DEBUG HikariPool-1 housekeeper c.z.h.p.HikariPool: HikariPool-1 - Pool stats (total=10, active=0, idle=10, waiting=0)
:2025-08-13 00:07:34.889 DEBUG HikariPool-1 housekeeper c.z.h.p.HikariPool: HikariPool-1 - Fill pool skipped, pool has sufficient level or currently being filled.
:2025-08-13 00:08:04.903 DEBUG HikariPool-1 housekeeper c.z.h.p.HikariPool: HikariPool-1 - Pool stats (total=10, active=0, idle=10, waiting=0)
:2025-08-13 00:08:04.903 DEBUG HikariPool-1 housekeeper c.z.h.p.HikariPool: HikariPool-1 - Fill pool skipped, pool has sufficient level or currently being filled.
:2025-08-13 00:08:14.051 DEBUG HikariPool-1 connection closer c.z.h.p.PoolBase: HikariPool-1 - Closing connection com.mysql.cj.jdbc.ConnectionImpl@177af7d2: (connection has passed maxLifetime)
:2025-08-13 00:08:14.056 DEBUG HikariPool-1 connection adder c.z.h.p.HikariPool: HikariPool-1 - Added connection com.mysql.cj.jdbc.ConnectionImpl@5db871a2
:2025-08-13 00:08:14.098 DEBUG HikariPool-1 connection adder c.z.h.p.HikariPool: HikariPool-1 - Connection not added, stats (total=10, active=0, idle=10, waiting=0)
:2025-08-13 00:08:34.912 DEBUG HikariPool-1 housekeeper c.z.h.p.HikariPool: HikariPool-1 - Pool stats (total=10, active=0, idle=10, waiting=0)
:2025-08-13 00:08:34.912 DEBUG HikariPool-1 housekeeper c.z.h.p.HikariPool: HikariPool-1 - Fill pool skipped, pool has sufficient level or currently being filled.
:2025-08-13 00:09:01.756 DEBUG HikariPool-1 connection closer c.z.h.p.PoolBase: HikariPool-1 - Closing connection com.mysql.cj.jdbc.ConnectionImpl@558f0e69: (connection has passed maxLifetime)
:2025-08-13 00:09:01.760 DEBUG HikariPool-1 connection adder c.z.h.p.HikariPool: HikariPool-1 - Added connection com.mysql.cj.jdbc.ConnectionImpl@29ce6b6b
:2025-08-13 00:09:01.792 DEBUG HikariPool-1 connection adder c.z.h.p.HikariPool: HikariPool-1 - Connection not added, stats (total=10, active=0, idle=10, waiting=0)
:2025-08-13 00:09:04.917 DEBUG HikariPool-1 housekeeper c.z.h.p.HikariPool: HikariPool-1 - Pool stats (total=10, active=0, idle=10, waiting=0)
:2025-08-13 00:09:04.917 DEBUG HikariPool-1 housekeeper c.z.h.p.HikariPool: HikariPool-1 - Fill pool skipped, pool has sufficient level or currently being filled.
:2025-08-13 00:09:06.951 DEBUG HikariPool-1 connection closer c.z.h.p.PoolBase: HikariPool-1 - Closing connection com.mysql.cj.jdbc.ConnectionImpl@2d2d2983: (connection has passed maxLifetime)
:2025-08-13 00:09:06.955 DEBUG HikariPool-1 connection adder c.z.h.p.HikariPool: HikariPool-1 - Added connection com.mysql.cj.jdbc.ConnectionImpl@77b834a4
:2025-08-13 00:09:06.997 DEBUG HikariPool-1 connection adder c.z.h.p.HikariPool: HikariPool-1 - Connection not added, stats (total=10, active=0, idle=10, waiting=0)
:2025-08-13 00:09:34.929 DEBUG HikariPool-1 housekeeper c.z.h.p.HikariPool: HikariPool-1 - Pool stats (total=10, active=0, idle=10, waiting=0)
:2025-08-13 00:09:34.929 DEBUG HikariPool-1 housekeeper c.z.h.p.HikariPool: HikariPool-1 - Fill pool skipped, pool has sufficient level or currently being filled.
:2025-08-13 00:09:42.314 DEBUG HikariPool-1 connection closer c.z.h.p.PoolBase: HikariPool-1 - Closing connection com.mysql.cj.jdbc.ConnectionImpl@1afb6ef9: (connection has passed maxLifetime)
:2025-08-13 00:09:42.318 DEBUG HikariPool-1 connection adder c.z.h.p.HikariPool: HikariPool-1 - Added connection com.mysql.cj.jdbc.ConnectionImpl@76b3be81
:2025-08-13 00:09:42.360 DEBUG HikariPool-1 connection adder c.z.h.p.HikariPool: HikariPool-1 - Connection not added, stats (total=10, active=0, idle=10, waiting=0)
:2025-08-13 00:09:53.840 DEBUG HikariPool-1 connection closer c.z.h.p.PoolBase: HikariPool-1 - Closing connection com.mysql.cj.jdbc.ConnectionImpl@757846de: (connection has passed maxLifetime)
:2025-08-13 00:09:53.844 DEBUG HikariPool-1 connection adder c.z.h.p.HikariPool: HikariPool-1 - Added connection com.mysql.cj.jdbc.ConnectionImpl@15332229
:2025-08-13 00:09:53.887 DEBUG HikariPool-1 connection adder c.z.h.p.HikariPool: HikariPool-1 - Connection not added, stats (total=10, active=0, idle=10, waiting=0)
:2025-08-13 00:09:57.151 DEBUG HikariPool-1 connection closer c.z.h.p.PoolBase: HikariPool-1 - Closing connection com.mysql.cj.jdbc.ConnectionImpl@6ca8867e: (connection has passed maxLifetime)
:2025-08-13 00:09:57.155 DEBUG HikariPool-1 connection adder c.z.h.p.HikariPool: HikariPool-1 - Added connection com.mysql.cj.jdbc.ConnectionImpl@61ab286f
:2025-08-13 00:09:57.187 DEBUG HikariPool-1 connection adder c.z.h.p.HikariPool: HikariPool-1 - Connection not added, stats (total=10, active=0, idle=10, waiting=0)
:2025-08-13 00:10:03.442 DEBUG HikariPool-1 connection closer c.z.h.p.PoolBase: HikariPool-1 - Closing connection com.mysql.cj.jdbc.ConnectionImpl@6e982368: (connection has passed maxLifetime)
:2025-08-13 00:10:03.446 DEBUG HikariPool-1 connection adder c.z.h.p.HikariPool: HikariPool-1 - Added connection com.mysql.cj.jdbc.ConnectionImpl@21719d5a
:2025-08-13 00:10:03.483 DEBUG HikariPool-1 connection adder c.z.h.p.HikariPool: HikariPool-1 - Connection not added, stats (total=10, active=0, idle=10, waiting=0)
:2025-08-13 00:10:04.939 DEBUG HikariPool-1 housekeeper c.z.h.p.HikariPool: HikariPool-1 - Pool stats (total=10, active=0, idle=10, waiting=0)
:2025-08-13 00:10:04.939 DEBUG HikariPool-1 housekeeper c.z.h.p.HikariPool: HikariPool-1 - Fill pool skipped, pool has sufficient level or currently being filled.
:2025-08-13 00:10:07.310 DEBUG HikariPool-1 connection closer c.z.h.p.PoolBase: HikariPool-1 - Closing connection com.mysql.cj.jdbc.ConnectionImpl@2dc2844c: (connection has passed maxLifetime)
:2025-08-13 00:10:07.313 DEBUG HikariPool-1 connection adder c.z.h.p.HikariPool: HikariPool-1 - Added connection com.mysql.cj.jdbc.ConnectionImpl@555d7769
:2025-08-13 00:10:07.358 DEBUG HikariPool-1 connection adder c.z.h.p.HikariPool: HikariPool-1 - Connection not added, stats (total=10, active=0, idle=10, waiting=0)
:2025-08-13 00:10:23.024 DEBUG HikariPool-1 connection closer c.z.h.p.PoolBase: HikariPool-1 - Closing connection com.mysql.cj.jdbc.ConnectionImpl@4c61a5d3: (connection has passed maxLifetime)
:2025-08-13 00:10:23.027 DEBUG HikariPool-1 connection adder c.z.h.p.HikariPool: HikariPool-1 - Added connection com.mysql.cj.jdbc.ConnectionImpl@7176c796
:2025-08-13 00:10:23.071 DEBUG HikariPool-1 connection adder c.z.h.p.HikariPool: HikariPool-1 - Connection not added, stats (total=10, active=0, idle=10, waiting=0)
:2025-08-13 00:10:34.952 DEBUG HikariPool-1 housekeeper c.z.h.p.HikariPool: HikariPool-1 - Pool stats (total=10, active=0, idle=10, waiting=0)
:2025-08-13 00:10:34.952 DEBUG HikariPool-1 housekeeper c.z.h.p.HikariPool: HikariPool-1 - Fill pool skipped, pool has sufficient level or currently being filled.
:2025-08-13 00:10:37.559 DEBUG HikariPool-1 connection closer c.z.h.p.PoolBase: HikariPool-1 - Closing connection com.mysql.cj.jdbc.ConnectionImpl@59e2c053: (connection has passed maxLifetime)
:2025-08-13 00:10:37.562 DEBUG HikariPool-1 connection adder c.z.h.p.HikariPool: HikariPool-1 - Added connection com.mysql.cj.jdbc.ConnectionImpl@372d599c
:2025-08-13 00:10:37.602 DEBUG HikariPool-1 connection adder c.z.h.p.HikariPool: HikariPool-1 - Connection not added, stats (total=10, active=0, idle=10, waiting=0)
:2025-08-13 00:11:04.966 DEBUG HikariPool-1 housekeeper c.z.h.p.HikariPool: HikariPool-1 - Pool stats (total=10, active=0, idle=10, waiting=0)
:2025-08-13 00:11:04.966 DEBUG HikariPool-1 housekeeper c.z.h.p.HikariPool: HikariPool-1 - Fill pool skipped, pool has sufficient level or currently being filled.
:2025-08-13 00:11:34.967 DEBUG HikariPool-1 housekeeper c.z.h.p.HikariPool: HikariPool-1 - Pool stats (total=10, active=0, idle=10, waiting=0)
:2025-08-13 00:11:34.967 DEBUG HikariPool-1 housekeeper c.z.h.p.HikariPool: HikariPool-1 - Fill pool skipped, pool has sufficient level or currently being filled.
:2025-08-13 00:12:04.981 DEBUG HikariPool-1 housekeeper c.z.h.p.HikariPool: HikariPool-1 - Pool stats (total=10, active=0, idle=10, waiting=0)
:2025-08-13 00:12:04.981 DEBUG HikariPool-1 housekeeper c.z.h.p.HikariPool: HikariPool-1 - Fill pool skipped, pool has sufficient level or currently being filled.
:2025-08-13 00:12:34.984 DEBUG HikariPool-1 housekeeper c.z.h.p.HikariPool: HikariPool-1 - Pool stats (total=10, active=0, idle=10, waiting=0)
:2025-08-13 00:12:34.984 DEBUG HikariPool-1 housekeeper c.z.h.p.HikariPool: HikariPool-1 - Fill pool skipped, pool has sufficient level or currently being filled.
:2025-08-13 00:13:04.985 DEBUG HikariPool-1 housekeeper c.z.h.p.HikariPool: HikariPool-1 - Pool stats (total=10, active=0, idle=10, waiting=0)
:2025-08-13 00:13:04.985 DEBUG HikariPool-1 housekeeper c.z.h.p.HikariPool: HikariPool-1 - Fill pool skipped, pool has sufficient level or currently being filled.
:2025-08-13 00:13:34.988 DEBUG HikariPool-1 housekeeper c.z.h.p.HikariPool: HikariPool-1 - Pool stats (total=10, active=0, idle=10, waiting=0)
:2025-08-13 00:13:34.988 DEBUG HikariPool-1 housekeeper c.z.h.p.HikariPool: HikariPool-1 - Fill pool skipped, pool has sufficient level or currently being filled.
:2025-08-13 00:14:04.994 DEBUG HikariPool-1 housekeeper c.z.h.p.HikariPool: HikariPool-1 - Pool stats (total=10, active=0, idle=10, waiting=0)
:2025-08-13 00:14:04.994 DEBUG HikariPool-1 housekeeper c.z.h.p.HikariPool: HikariPool-1 - Fill pool skipped, pool has sufficient level or currently being filled.
:2025-08-13 00:14:35.003 DEBUG HikariPool-1 housekeeper c.z.h.p.HikariPool: HikariPool-1 - Pool stats (total=10, active=0, idle=10, waiting=0)
:2025-08-13 00:14:35.003 DEBUG HikariPool-1 housekeeper c.z.h.p.HikariPool: HikariPool-1 - Fill pool skipped, pool has sufficient level or currently being filled.
:2025-08-13 00:15:05.008 DEBUG HikariPool-1 housekeeper c.z.h.p.HikariPool: HikariPool-1 - Pool stats (total=10, active=0, idle=10, waiting=0)
:2025-08-13 00:15:05.008 DEBUG HikariPool-1 housekeeper c.z.h.p.HikariPool: HikariPool-1 - Fill pool skipped, pool has sufficient level or currently being filled.
:2025-08-13 00:15:35.019 DEBUG HikariPool-1 housekeeper c.z.h.p.HikariPool: HikariPool-1 - Pool stats (total=10, active=0, idle=10, waiting=0)
:2025-08-13 00:15:35.019 DEBUG HikariPool-1 housekeeper c.z.h.p.HikariPool: HikariPool-1 - Fill pool skipped, pool has sufficient level or currently being filled.
:2025-08-13 00:16:05.023 DEBUG HikariPool-1 housekeeper c.z.h.p.HikariPool: HikariPool-1 - Pool stats (total=10, active=0, idle=10, waiting=0)
:2025-08-13 00:16:05.023 DEBUG HikariPool-1 housekeeper c.z.h.p.HikariPool: HikariPool-1 - Fill pool skipped, pool has sufficient level or currently being filled.
:2025-08-13 00:16:35.034 DEBUG HikariPool-1 housekeeper c.z.h.p.HikariPool: HikariPool-1 - Pool stats (total=10, active=0, idle=10, waiting=0)
:2025-08-13 00:16:35.034 DEBUG HikariPool-1 housekeeper c.z.h.p.HikariPool: HikariPool-1 - Fill pool skipped, pool has sufficient level or currently being filled.
:2025-08-13 00:17:05.041 DEBUG HikariPool-1 housekeeper c.z.h.p.HikariPool: HikariPool-1 - Pool stats (total=10, active=0, idle=10, waiting=0)
:2025-08-13 00:17:05.041 DEBUG HikariPool-1 housekeeper c.z.h.p.HikariPool: HikariPool-1 - Fill pool skipped, pool has sufficient level or currently being filled.
:2025-08-13 00:17:35.053 DEBUG HikariPool-1 housekeeper c.z.h.p.HikariPool: HikariPool-1 - Pool stats (total=10, active=0, idle=10, waiting=0)
:2025-08-13 00:17:35.053 DEBUG HikariPool-1 housekeeper c.z.h.p.HikariPool: HikariPool-1 - Fill pool skipped, pool has sufficient level or currently being filled.
:2025-08-13 00:18:05.067 DEBUG HikariPool-1 housekeeper c.z.h.p.HikariPool: HikariPool-1 - Pool stats (total=10, active=0, idle=10, waiting=0)
:2025-08-13 00:18:05.067 DEBUG HikariPool-1 housekeeper c.z.h.p.HikariPool: HikariPool-1 - Fill pool skipped, pool has sufficient level or currently being filled.
:2025-08-13 00:18:35.074 DEBUG HikariPool-1 housekeeper c.z.h.p.HikariPool: HikariPool-1 - Pool stats (total=10, active=0, idle=10, waiting=0)
:2025-08-13 00:18:35.074 DEBUG HikariPool-1 housekeeper c.z.h.p.HikariPool: HikariPool-1 - Fill pool skipped, pool has sufficient level or currently being filled.
:2025-08-13 00:19:05.089 DEBUG HikariPool-1 housekeeper c.z.h.p.HikariPool: HikariPool-1 - Pool stats (total=10, active=0, idle=10, waiting=0)
:2025-08-13 00:19:05.089 DEBUG HikariPool-1 housekeeper c.z.h.p.HikariPool: HikariPool-1 - Fill pool skipped, pool has sufficient level or currently being filled.
:2025-08-13 00:19:35.103 DEBUG HikariPool-1 housekeeper c.z.h.p.HikariPool: HikariPool-1 - Pool stats (total=10, active=0, idle=10, waiting=0)
:2025-08-13 00:19:35.103 DEBUG HikariPool-1 housekeeper c.z.h.p.HikariPool: HikariPool-1 - Fill pool skipped, pool has sufficient level or currently being filled.
:2025-08-13 00:20:05.104 DEBUG HikariPool-1 housekeeper c.z.h.p.HikariPool: HikariPool-1 - Pool stats (total=10, active=0, idle=10, waiting=0)
:2025-08-13 00:20:05.104 DEBUG HikariPool-1 housekeeper c.z.h.p.HikariPool: HikariPool-1 - Fill pool skipped, pool has sufficient level or currently being filled.
:2025-08-13 00:20:35.109 DEBUG HikariPool-1 housekeeper c.z.h.p.HikariPool: HikariPool-1 - Pool stats (total=10, active=0, idle=10, waiting=0)
:2025-08-13 00:20:35.109 DEBUG HikariPool-1 housekeeper c.z.h.p.HikariPool: HikariPool-1 - Fill pool skipped, pool has sufficient level or currently being filled.
:2025-08-13 00:21:05.119 DEBUG HikariPool-1 housekeeper c.z.h.p.HikariPool: HikariPool-1 - Pool stats (total=10, active=0, idle=10, waiting=0)
:2025-08-13 00:21:05.119 DEBUG HikariPool-1 housekeeper c.z.h.p.HikariPool: HikariPool-1 - Fill pool skipped, pool has sufficient level or currently being filled.
:2025-08-13 00:21:35.132 DEBUG HikariPool-1 housekeeper c.z.h.p.HikariPool: HikariPool-1 - Pool stats (total=10, active=0, idle=10, waiting=0)
:2025-08-13 00:21:35.132 DEBUG HikariPool-1 housekeeper c.z.h.p.HikariPool: HikariPool-1 - Fill pool skipped, pool has sufficient level or currently being filled.
:2025-08-13 00:22:05.133 DEBUG HikariPool-1 housekeeper c.z.h.p.HikariPool: HikariPool-1 - Pool stats (total=10, active=0, idle=10, waiting=0)
:2025-08-13 00:22:05.133 DEBUG HikariPool-1 housekeeper c.z.h.p.HikariPool: HikariPool-1 - Fill pool skipped, pool has sufficient level or currently being filled.
:2025-08-13 00:22:35.145 DEBUG HikariPool-1 housekeeper c.z.h.p.HikariPool: HikariPool-1 - Pool stats (total=10, active=0, idle=10, waiting=0)
:2025-08-13 00:22:35.145 DEBUG HikariPool-1 housekeeper c.z.h.p.HikariPool: HikariPool-1 - Fill pool skipped, pool has sufficient level or currently being filled.
:2025-08-13 00:23:05.146 DEBUG HikariPool-1 housekeeper c.z.h.p.HikariPool: HikariPool-1 - Pool stats (total=10, active=0, idle=10, waiting=0)
:2025-08-13 00:23:05.146 DEBUG HikariPool-1 housekeeper c.z.h.p.HikariPool: HikariPool-1 - Fill pool skipped, pool has sufficient level or currently being filled.
:2025-08-13 00:23:35.157 DEBUG HikariPool-1 housekeeper c.z.h.p.HikariPool: HikariPool-1 - Pool stats (total=10, active=0, idle=10, waiting=0)
:2025-08-13 00:23:35.157 DEBUG HikariPool-1 housekeeper c.z.h.p.HikariPool: HikariPool-1 - Fill pool skipped, pool has sufficient level or currently being filled.
:2025-08-13 00:24:05.158 DEBUG HikariPool-1 housekeeper c.z.h.p.HikariPool: HikariPool-1 - Pool stats (total=10, active=0, idle=10, waiting=0)
:2025-08-13 00:24:05.158 DEBUG HikariPool-1 housekeeper c.z.h.p.HikariPool: HikariPool-1 - Fill pool skipped, pool has sufficient level or currently being filled.
:2025-08-13 00:24:35.159 DEBUG HikariPool-1 housekeeper c.z.h.p.HikariPool: HikariPool-1 - Pool stats (total=10, active=0, idle=10, waiting=0)
:2025-08-13 00:24:35.159 DEBUG HikariPool-1 housekeeper c.z.h.p.HikariPool: HikariPool-1 - Fill pool skipped, pool has sufficient level or currently being filled.
:2025-08-13 00:25:05.175 DEBUG HikariPool-1 housekeeper c.z.h.p.HikariPool: HikariPool-1 - Pool stats (total=10, active=0, idle=10, waiting=0)
:2025-08-13 00:25:05.175 DEBUG HikariPool-1 housekeeper c.z.h.p.HikariPool: HikariPool-1 - Fill pool skipped, pool has sufficient level or currently being filled.
:2025-08-13 00:25:35.188 DEBUG HikariPool-1 housekeeper c.z.h.p.HikariPool: HikariPool-1 - Pool stats (total=10, active=0, idle=10, waiting=0)
:2025-08-13 00:25:35.188 DEBUG HikariPool-1 housekeeper c.z.h.p.HikariPool: HikariPool-1 - Fill pool skipped, pool has sufficient level or currently being filled.
:2025-08-13 00:26:05.201 DEBUG HikariPool-1 housekeeper c.z.h.p.HikariPool: HikariPool-1 - Pool stats (total=10, active=0, idle=10, waiting=0)
:2025-08-13 00:26:05.201 DEBUG HikariPool-1 housekeeper c.z.h.p.HikariPool: HikariPool-1 - Fill pool skipped, pool has sufficient level or currently being filled.
:2025-08-13 00:26:35.211 DEBUG HikariPool-1 housekeeper c.z.h.p.HikariPool: HikariPool-1 - Pool stats (total=10, active=0, idle=10, waiting=0)
:2025-08-13 00:26:35.211 DEBUG HikariPool-1 housekeeper c.z.h.p.HikariPool: HikariPool-1 - Fill pool skipped, pool has sufficient level or currently being filled.
:2025-08-13 00:27:05.214 DEBUG HikariPool-1 housekeeper c.z.h.p.HikariPool: HikariPool-1 - Pool stats (total=10, active=0, idle=10, waiting=0)
:2025-08-13 00:27:05.214 DEBUG HikariPool-1 housekeeper c.z.h.p.HikariPool: HikariPool-1 - Fill pool skipped, pool has sufficient level or currently being filled.
:2025-08-13 00:27:35.225 DEBUG HikariPool-1 housekeeper c.z.h.p.HikariPool: HikariPool-1 - Pool stats (total=10, active=0, idle=10, waiting=0)
:2025-08-13 00:27:35.225 DEBUG HikariPool-1 housekeeper c.z.h.p.HikariPool: HikariPool-1 - Fill pool skipped, pool has sufficient level or currently being filled.
:2025-08-13 00:28:05.226 DEBUG HikariPool-1 housekeeper c.z.h.p.HikariPool: HikariPool-1 - Pool stats (total=10, active=0, idle=10, waiting=0)
:2025-08-13 00:28:05.226 DEBUG HikariPool-1 housekeeper c.z.h.p.HikariPool: HikariPool-1 - Fill pool skipped, pool has sufficient level or currently being filled.
:2025-08-13 00:28:35.242 DEBUG HikariPool-1 housekeeper c.z.h.p.HikariPool: HikariPool-1 - Pool stats (total=10, active=0, idle=10, waiting=0)
:2025-08-13 00:28:35.242 DEBUG HikariPool-1 housekeeper c.z.h.p.HikariPool: HikariPool-1 - Fill pool skipped, pool has sufficient level or currently being filled.
:2025-08-13 00:29:05.244 DEBUG HikariPool-1 housekeeper c.z.h.p.HikariPool: HikariPool-1 - Pool stats (total=10, active=0, idle=10, waiting=0)
:2025-08-13 00:29:05.244 DEBUG HikariPool-1 housekeeper c.z.h.p.HikariPool: HikariPool-1 - Fill pool skipped, pool has sufficient level or currently being filled.
:2025-08-13 00:29:35.250 DEBUG HikariPool-1 housekeeper c.z.h.p.HikariPool: HikariPool-1 - Pool stats (total=10, active=0, idle=10, waiting=0)
:2025-08-13 00:29:35.250 DEBUG HikariPool-1 housekeeper c.z.h.p.HikariPool: HikariPool-1 - Fill pool skipped, pool has sufficient level or currently being filled.
:2025-08-13 00:30:05.256 DEBUG HikariPool-1 housekeeper c.z.h.p.HikariPool: HikariPool-1 - Pool stats (total=10, active=0, idle=10, waiting=0)
:2025-08-13 00:30:05.256 DEBUG HikariPool-1 housekeeper c.z.h.p.HikariPool: HikariPool-1 - Fill pool skipped, pool has sufficient level or currently being filled.
:2025-08-13 00:30:35.266 DEBUG HikariPool-1 housekeeper c.z.h.p.HikariPool: HikariPool-1 - Pool stats (total=10, active=0, idle=10, waiting=0)
:2025-08-13 00:30:35.266 DEBUG HikariPool-1 housekeeper c.z.h.p.HikariPool: HikariPool-1 - Fill pool skipped, pool has sufficient level or currently being filled.
:2025-08-13 00:31:05.269 DEBUG HikariPool-1 housekeeper c.z.h.p.HikariPool: HikariPool-1 - Pool stats (total=10, active=0, idle=10, waiting=0)
:2025-08-13 00:31:05.269 DEBUG HikariPool-1 housekeeper c.z.h.p.HikariPool: HikariPool-1 - Fill pool skipped, pool has sufficient level or currently being filled.
:2025-08-13 00:31:35.279 DEBUG HikariPool-1 housekeeper c.z.h.p.HikariPool: HikariPool-1 - Pool stats (total=10, active=0, idle=10, waiting=0)
:2025-08-13 00:31:35.279 DEBUG HikariPool-1 housekeeper c.z.h.p.HikariPool: HikariPool-1 - Fill pool skipped, pool has sufficient level or currently being filled.
:2025-08-13 00:32:05.294 DEBUG HikariPool-1 housekeeper c.z.h.p.HikariPool: HikariPool-1 - Pool stats (total=10, active=0, idle=10, waiting=0)
:2025-08-13 00:32:05.294 DEBUG HikariPool-1 housekeeper c.z.h.p.HikariPool: HikariPool-1 - Fill pool skipped, pool has sufficient level or currently being filled.
:2025-08-13 00:32:35.298 DEBUG HikariPool-1 housekeeper c.z.h.p.HikariPool: HikariPool-1 - Pool stats (total=10, active=0, idle=10, waiting=0)
:2025-08-13 00:32:35.298 DEBUG HikariPool-1 housekeeper c.z.h.p.HikariPool: HikariPool-1 - Fill pool skipped, pool has sufficient level or currently being filled.
:2025-08-13 00:33:05.311 DEBUG HikariPool-1 housekeeper c.z.h.p.HikariPool: HikariPool-1 - Pool stats (total=10, active=0, idle=10, waiting=0)
:2025-08-13 00:33:05.311 DEBUG HikariPool-1 housekeeper c.z.h.p.HikariPool: HikariPool-1 - Fill pool skipped, pool has sufficient level or currently being filled.
:2025-08-13 00:33:35.312 DEBUG HikariPool-1 housekeeper c.z.h.p.HikariPool: HikariPool-1 - Pool stats (total=10, active=0, idle=10, waiting=0)
:2025-08-13 00:33:35.312 DEBUG HikariPool-1 housekeeper c.z.h.p.HikariPool: HikariPool-1 - Fill pool skipped, pool has sufficient level or currently being filled.
:2025-08-13 00:34:05.326 DEBUG HikariPool-1 housekeeper c.z.h.p.HikariPool: HikariPool-1 - Pool stats (total=10, active=0, idle=10, waiting=0)
:2025-08-13 00:34:05.326 DEBUG HikariPool-1 housekeeper c.z.h.p.HikariPool: HikariPool-1 - Fill pool skipped, pool has sufficient level or currently being filled.
:2025-08-13 00:34:35.330 DEBUG HikariPool-1 housekeeper c.z.h.p.HikariPool: HikariPool-1 - Pool stats (total=10, active=0, idle=10, waiting=0)
:2025-08-13 00:34:35.330 DEBUG HikariPool-1 housekeeper c.z.h.p.HikariPool: HikariPool-1 - Fill pool skipped, pool has sufficient level or currently being filled.
:2025-08-13 00:35:05.345 DEBUG HikariPool-1 housekeeper c.z.h.p.HikariPool: HikariPool-1 - Pool stats (total=10, active=0, idle=10, waiting=0)
:2025-08-13 00:35:05.345 DEBUG HikariPool-1 housekeeper c.z.h.p.HikariPool: HikariPool-1 - Fill pool skipped, pool has sufficient level or currently being filled.
:2025-08-13 00:35:35.358 DEBUG HikariPool-1 housekeeper c.z.h.p.HikariPool: HikariPool-1 - Pool stats (total=10, active=0, idle=10, waiting=0)
:2025-08-13 00:35:35.358 DEBUG HikariPool-1 housekeeper c.z.h.p.HikariPool: HikariPool-1 - Fill pool skipped, pool has sufficient level or currently being filled.
:2025-08-13 00:36:05.359 DEBUG HikariPool-1 housekeeper c.z.h.p.HikariPool: HikariPool-1 - Pool stats (total=10, active=0, idle=10, waiting=0)
:2025-08-13 00:36:05.359 DEBUG HikariPool-1 housekeeper c.z.h.p.HikariPool: HikariPool-1 - Fill pool skipped, pool has sufficient level or currently being filled.
:2025-08-13 00:36:35.359 DEBUG HikariPool-1 housekeeper c.z.h.p.HikariPool: HikariPool-1 - Pool stats (total=10, active=0, idle=10, waiting=0)
:2025-08-13 00:36:35.359 DEBUG HikariPool-1 housekeeper c.z.h.p.HikariPool: HikariPool-1 - Fill pool skipped, pool has sufficient level or currently being filled.
:2025-08-13 00:37:05.368 DEBUG HikariPool-1 housekeeper c.z.h.p.HikariPool: HikariPool-1 - Pool stats (total=10, active=0, idle=10, waiting=0)
:2025-08-13 00:37:05.368 DEBUG HikariPool-1 housekeeper c.z.h.p.HikariPool: HikariPool-1 - Fill pool skipped, pool has sufficient level or currently being filled.
:2025-08-13 00:37:35.369 DEBUG HikariPool-1 housekeeper c.z.h.p.HikariPool: HikariPool-1 - Pool stats (total=10, active=0, idle=10, waiting=0)
:2025-08-13 00:37:35.369 DEBUG HikariPool-1 housekeeper c.z.h.p.HikariPool: HikariPool-1 - Fill pool skipped, pool has sufficient level or currently being filled.
:2025-08-13 00:37:46.465 DEBUG HikariPool-1 connection closer c.z.h.p.PoolBase: HikariPool-1 - Closing connection com.mysql.cj.jdbc.ConnectionImpl@5db871a2: (connection has passed maxLifetime)
:2025-08-13 00:37:46.470 DEBUG HikariPool-1 connection adder c.z.h.p.HikariPool: HikariPool-1 - Added connection com.mysql.cj.jdbc.ConnectionImpl@5cee004a
:2025-08-13 00:37:46.511 DEBUG HikariPool-1 connection adder c.z.h.p.HikariPool: HikariPool-1 - Connection not added, stats (total=10, active=0, idle=10, waiting=0)
:2025-08-13 00:38:05.383 DEBUG HikariPool-1 housekeeper c.z.h.p.HikariPool: HikariPool-1 - Pool stats (total=10, active=0, idle=10, waiting=0)
:2025-08-13 00:38:05.383 DEBUG HikariPool-1 housekeeper c.z.h.p.HikariPool: HikariPool-1 - Fill pool skipped, pool has sufficient level or currently being filled.
:2025-08-13 00:38:25.004 DEBUG HikariPool-1 connection closer c.z.h.p.PoolBase: HikariPool-1 - Closing connection com.mysql.cj.jdbc.ConnectionImpl@77b834a4: (connection has passed maxLifetime)
:2025-08-13 00:38:25.011 DEBUG HikariPool-1 connection adder c.z.h.p.HikariPool: HikariPool-1 - Added connection com.mysql.cj.jdbc.ConnectionImpl@460a1669
:2025-08-13 00:38:25.051 DEBUG HikariPool-1 connection adder c.z.h.p.HikariPool: HikariPool-1 - Connection not added, stats (total=10, active=0, idle=10, waiting=0)
:2025-08-13 00:38:26.404 DEBUG HikariPool-1 connection closer c.z.h.p.PoolBase: HikariPool-1 - Closing connection com.mysql.cj.jdbc.ConnectionImpl@29ce6b6b: (connection has passed maxLifetime)
:2025-08-13 00:38:26.408 DEBUG HikariPool-1 connection adder c.z.h.p.HikariPool: HikariPool-1 - Added connection com.mysql.cj.jdbc.ConnectionImpl@3241f45d
:2025-08-13 00:38:26.452 DEBUG HikariPool-1 connection adder c.z.h.p.HikariPool: HikariPool-1 - Connection not added, stats (total=10, active=0, idle=10, waiting=0)
:2025-08-13 00:38:35.395 DEBUG HikariPool-1 housekeeper c.z.h.p.HikariPool: HikariPool-1 - Pool stats (total=10, active=0, idle=10, waiting=0)
:2025-08-13 00:38:35.395 DEBUG HikariPool-1 housekeeper c.z.h.p.HikariPool: HikariPool-1 - Fill pool skipped, pool has sufficient level or currently being filled.
:2025-08-13 00:39:05.401 DEBUG HikariPool-1 housekeeper c.z.h.p.HikariPool: HikariPool-1 - Pool stats (total=10, active=0, idle=10, waiting=0)
:2025-08-13 00:39:05.401 DEBUG HikariPool-1 housekeeper c.z.h.p.HikariPool: HikariPool-1 - Fill pool skipped, pool has sufficient level or currently being filled.
:2025-08-13 00:39:14.827 DEBUG HikariPool-1 connection closer c.z.h.p.PoolBase: HikariPool-1 - Closing connection com.mysql.cj.jdbc.ConnectionImpl@61ab286f: (connection has passed maxLifetime)
:2025-08-13 00:39:14.832 DEBUG HikariPool-1 connection adder c.z.h.p.HikariPool: HikariPool-1 - Added connection com.mysql.cj.jdbc.ConnectionImpl@29a19060
:2025-08-13 00:39:14.874 DEBUG HikariPool-1 connection adder c.z.h.p.HikariPool: HikariPool-1 - Connection not added, stats (total=10, active=0, idle=10, waiting=0)
:2025-08-13 00:39:18.722 DEBUG HikariPool-1 connection closer c.z.h.p.PoolBase: HikariPool-1 - Closing connection com.mysql.cj.jdbc.ConnectionImpl@15332229: (connection has passed maxLifetime)
:2025-08-13 00:39:18.726 DEBUG HikariPool-1 connection adder c.z.h.p.HikariPool: HikariPool-1 - Added connection com.mysql.cj.jdbc.ConnectionImpl@5d052384
:2025-08-13 00:39:18.768 DEBUG HikariPool-1 connection adder c.z.h.p.HikariPool: HikariPool-1 - Connection not added, stats (total=10, active=0, idle=10, waiting=0)
:2025-08-13 00:39:23.689 DEBUG HikariPool-1 connection closer c.z.h.p.PoolBase: HikariPool-1 - Closing connection com.mysql.cj.jdbc.ConnectionImpl@76b3be81: (connection has passed maxLifetime)
:2025-08-13 00:39:23.694 DEBUG HikariPool-1 connection adder c.z.h.p.HikariPool: HikariPool-1 - Added connection com.mysql.cj.jdbc.ConnectionImpl@7b53c9b5
:2025-08-13 00:39:23.735 DEBUG HikariPool-1 connection adder c.z.h.p.HikariPool: HikariPool-1 - Connection not added, stats (total=10, active=0, idle=10, waiting=0)
:2025-08-13 00:39:35.404 DEBUG HikariPool-1 housekeeper c.z.h.p.HikariPool: HikariPool-1 - Pool stats (total=10, active=0, idle=10, waiting=0)
:2025-08-13 00:39:35.404 DEBUG HikariPool-1 housekeeper c.z.h.p.HikariPool: HikariPool-1 - Fill pool skipped, pool has sufficient level or currently being filled.
:2025-08-13 00:39:36.542 DEBUG HikariPool-1 connection closer c.z.h.p.PoolBase: HikariPool-1 - Closing connection com.mysql.cj.jdbc.ConnectionImpl@555d7769: (connection has passed maxLifetime)
:2025-08-13 00:39:36.546 DEBUG HikariPool-1 connection adder c.z.h.p.HikariPool: HikariPool-1 - Added connection com.mysql.cj.jdbc.ConnectionImpl@778dffcd
:2025-08-13 00:39:36.588 DEBUG HikariPool-1 connection adder c.z.h.p.HikariPool: HikariPool-1 - Connection not added, stats (total=10, active=0, idle=10, waiting=0)
:2025-08-13 00:39:58.313 DEBUG HikariPool-1 connection closer c.z.h.p.PoolBase: HikariPool-1 - Closing connection com.mysql.cj.jdbc.ConnectionImpl@21719d5a: (connection has passed maxLifetime)
:2025-08-13 00:39:58.318 DEBUG HikariPool-1 connection adder c.z.h.p.HikariPool: HikariPool-1 - Added connection com.mysql.cj.jdbc.ConnectionImpl@63d2a749
:2025-08-13 00:39:58.361 DEBUG HikariPool-1 connection adder c.z.h.p.HikariPool: HikariPool-1 - Connection not added, stats (total=10, active=0, idle=10, waiting=0)
:2025-08-13 00:40:05.417 DEBUG HikariPool-1 housekeeper c.z.h.p.HikariPool: HikariPool-1 - Pool stats (total=10, active=0, idle=10, waiting=0)
:2025-08-13 00:40:05.417 DEBUG HikariPool-1 housekeeper c.z.h.p.HikariPool: HikariPool-1 - Fill pool skipped, pool has sufficient level or currently being filled.
:2025-08-13 00:40:09.625 DEBUG HikariPool-1 connection closer c.z.h.p.PoolBase: HikariPool-1 - Closing connection com.mysql.cj.jdbc.ConnectionImpl@7176c796: (connection has passed maxLifetime)
:2025-08-13 00:40:09.630 DEBUG HikariPool-1 connection adder c.z.h.p.HikariPool: HikariPool-1 - Added connection com.mysql.cj.jdbc.ConnectionImpl@4d2a0f0b
:2025-08-13 00:40:09.672 DEBUG HikariPool-1 connection adder c.z.h.p.HikariPool: HikariPool-1 - Connection not added, stats (total=10, active=0, idle=10, waiting=0)
:2025-08-13 00:40:13.565 DEBUG HikariPool-1 connection closer c.z.h.p.PoolBase: HikariPool-1 - Closing connection com.mysql.cj.jdbc.ConnectionImpl@372d599c: (connection has passed maxLifetime)
:2025-08-13 00:40:13.569 DEBUG HikariPool-1 connection adder c.z.h.p.HikariPool: HikariPool-1 - Added connection com.mysql.cj.jdbc.ConnectionImpl@39ea5762
:2025-08-13 00:40:13.612 DEBUG HikariPool-1 connection adder c.z.h.p.HikariPool: HikariPool-1 - Connection not added, stats (total=10, active=0, idle=10, waiting=0)
:2025-08-13 00:40:35.418 DEBUG HikariPool-1 housekeeper c.z.h.p.HikariPool: HikariPool-1 - Pool stats (total=10, active=0, idle=10, waiting=0)
:2025-08-13 00:40:35.418 DEBUG HikariPool-1 housekeeper c.z.h.p.HikariPool: HikariPool-1 - Fill pool skipped, pool has sufficient level or currently being filled.
:2025-08-13 00:41:05.426 DEBUG HikariPool-1 housekeeper c.z.h.p.HikariPool: HikariPool-1 - Pool stats (total=10, active=0, idle=10, waiting=0)
:2025-08-13 00:41:05.427 DEBUG HikariPool-1 housekeeper c.z.h.p.HikariPool: HikariPool-1 - Fill pool skipped, pool has sufficient level or currently being filled.
:2025-08-13 00:41:35.439 DEBUG HikariPool-1 housekeeper c.z.h.p.HikariPool: HikariPool-1 - Pool stats (total=10, active=0, idle=10, waiting=0)
:2025-08-13 00:41:35.439 DEBUG HikariPool-1 housekeeper c.z.h.p.HikariPool: HikariPool-1 - Fill pool skipped, pool has sufficient level or currently being filled.
:2025-08-13 00:42:05.441 DEBUG HikariPool-1 housekeeper c.z.h.p.HikariPool: HikariPool-1 - Pool stats (total=10, active=0, idle=10, waiting=0)
:2025-08-13 00:42:05.441 DEBUG HikariPool-1 housekeeper c.z.h.p.HikariPool: HikariPool-1 - Fill pool skipped, pool has sufficient level or currently being filled.
:2025-08-13 00:42:35.448 DEBUG HikariPool-1 housekeeper c.z.h.p.HikariPool: HikariPool-1 - Pool stats (total=10, active=0, idle=10, waiting=0)
:2025-08-13 00:42:35.448 DEBUG HikariPool-1 housekeeper c.z.h.p.HikariPool: HikariPool-1 - Fill pool skipped, pool has sufficient level or currently being filled.
:2025-08-13 00:43:05.449 DEBUG HikariPool-1 housekeeper c.z.h.p.HikariPool: HikariPool-1 - Pool stats (total=10, active=0, idle=10, waiting=0)
:2025-08-13 00:43:05.449 DEBUG HikariPool-1 housekeeper c.z.h.p.HikariPool: HikariPool-1 - Fill pool skipped, pool has sufficient level or currently being filled.
:2025-08-13 00:43:35.453 DEBUG HikariPool-1 housekeeper c.z.h.p.HikariPool: HikariPool-1 - Pool stats (total=10, active=0, idle=10, waiting=0)
:2025-08-13 00:43:35.453 DEBUG HikariPool-1 housekeeper c.z.h.p.HikariPool: HikariPool-1 - Fill pool skipped, pool has sufficient level or currently being filled.
:2025-08-13 00:44:05.455 DEBUG HikariPool-1 housekeeper c.z.h.p.HikariPool: HikariPool-1 - Pool stats (total=10, active=0, idle=10, waiting=0)
:2025-08-13 00:44:05.455 DEBUG HikariPool-1 housekeeper c.z.h.p.HikariPool: HikariPool-1 - Fill pool skipped, pool has sufficient level or currently being filled.
:2025-08-13 00:44:35.464 DEBUG HikariPool-1 housekeeper c.z.h.p.HikariPool: HikariPool-1 - Pool stats (total=10, active=0, idle=10, waiting=0)
:2025-08-13 00:44:35.464 DEBUG HikariPool-1 housekeeper c.z.h.p.HikariPool: HikariPool-1 - Fill pool skipped, pool has sufficient level or currently being filled.
:2025-08-13 00:45:05.477 DEBUG HikariPool-1 housekeeper c.z.h.p.HikariPool: HikariPool-1 - Pool stats (total=10, active=0, idle=10, waiting=0)
:2025-08-13 00:45:05.477 DEBUG HikariPool-1 housekeeper c.z.h.p.HikariPool: HikariPool-1 - Fill pool skipped, pool has sufficient level or currently being filled.
:2025-08-13 00:45:35.479 DEBUG HikariPool-1 housekeeper c.z.h.p.HikariPool: HikariPool-1 - Pool stats (total=10, active=0, idle=10, waiting=0)
:2025-08-13 00:45:35.479 DEBUG HikariPool-1 housekeeper c.z.h.p.HikariPool: HikariPool-1 - Fill pool skipped, pool has sufficient level or currently being filled.
:2025-08-13 00:46:05.489 DEBUG HikariPool-1 housekeeper c.z.h.p.HikariPool: HikariPool-1 - Pool stats (total=10, active=0, idle=10, waiting=0)
:2025-08-13 00:46:05.489 DEBUG HikariPool-1 housekeeper c.z.h.p.HikariPool: HikariPool-1 - Fill pool skipped, pool has sufficient level or currently being filled.
:2025-08-13 00:46:35.492 DEBUG HikariPool-1 housekeeper c.z.h.p.HikariPool: HikariPool-1 - Pool stats (total=10, active=0, idle=10, waiting=0)
:2025-08-13 00:46:35.492 DEBUG HikariPool-1 housekeeper c.z.h.p.HikariPool: HikariPool-1 - Fill pool skipped, pool has sufficient level or currently being filled.
:2025-08-13 00:47:05.501 DEBUG HikariPool-1 housekeeper c.z.h.p.HikariPool: HikariPool-1 - Pool stats (total=10, active=0, idle=10, waiting=0)
:2025-08-13 00:47:05.501 DEBUG HikariPool-1 housekeeper c.z.h.p.HikariPool: HikariPool-1 - Fill pool skipped, pool has sufficient level or currently being filled.
:2025-08-13 00:47:35.504 DEBUG HikariPool-1 housekeeper c.z.h.p.HikariPool: HikariPool-1 - Pool stats (total=10, active=0, idle=10, waiting=0)
:2025-08-13 00:47:35.504 DEBUG HikariPool-1 housekeeper c.z.h.p.HikariPool: HikariPool-1 - Fill pool skipped, pool has sufficient level or currently being filled.
:2025-08-13 00:48:05.516 DEBUG HikariPool-1 housekeeper c.z.h.p.HikariPool: HikariPool-1 - Pool stats (total=10, active=0, idle=10, waiting=0)
:2025-08-13 00:48:05.516 DEBUG HikariPool-1 housekeeper c.z.h.p.HikariPool: HikariPool-1 - Fill pool skipped, pool has sufficient level or currently being filled.
:2025-08-13 00:48:35.527 DEBUG HikariPool-1 housekeeper c.z.h.p.HikariPool: HikariPool-1 - Pool stats (total=10, active=0, idle=10, waiting=0)
:2025-08-13 00:48:35.527 DEBUG HikariPool-1 housekeeper c.z.h.p.HikariPool: HikariPool-1 - Fill pool skipped, pool has sufficient level or currently being filled.
:2025-08-13 00:49:05.527 DEBUG HikariPool-1 housekeeper c.z.h.p.HikariPool: HikariPool-1 - Pool stats (total=10, active=0, idle=10, waiting=0)
:2025-08-13 00:49:05.527 DEBUG HikariPool-1 housekeeper c.z.h.p.HikariPool: HikariPool-1 - Fill pool skipped, pool has sufficient level or currently being filled.
:2025-08-13 00:49:35.532 DEBUG HikariPool-1 housekeeper c.z.h.p.HikariPool: HikariPool-1 - Pool stats (total=10, active=0, idle=10, waiting=0)
:2025-08-13 00:49:35.532 DEBUG HikariPool-1 housekeeper c.z.h.p.HikariPool: HikariPool-1 - Fill pool skipped, pool has sufficient level or currently being filled.
:2025-08-13 00:50:05.543 DEBUG HikariPool-1 housekeeper c.z.h.p.HikariPool: HikariPool-1 - Pool stats (total=10, active=0, idle=10, waiting=0)
:2025-08-13 00:50:05.543 DEBUG HikariPool-1 housekeeper c.z.h.p.HikariPool: HikariPool-1 - Fill pool skipped, pool has sufficient level or currently being filled.
:2025-08-13 00:50:35.550 DEBUG HikariPool-1 housekeeper c.z.h.p.HikariPool: HikariPool-1 - Pool stats (total=10, active=0, idle=10, waiting=0)
:2025-08-13 00:50:35.550 DEBUG HikariPool-1 housekeeper c.z.h.p.HikariPool: HikariPool-1 - Fill pool skipped, pool has sufficient level or currently being filled.
:2025-08-13 00:51:05.558 DEBUG HikariPool-1 housekeeper c.z.h.p.HikariPool: HikariPool-1 - Pool stats (total=10, active=0, idle=10, waiting=0)
:2025-08-13 00:51:05.558 DEBUG HikariPool-1 housekeeper c.z.h.p.HikariPool: HikariPool-1 - Fill pool skipped, pool has sufficient level or currently being filled.
:2025-08-13 00:51:35.564 DEBUG HikariPool-1 housekeeper c.z.h.p.HikariPool: HikariPool-1 - Pool stats (total=10, active=0, idle=10, waiting=0)
:2025-08-13 00:51:35.564 DEBUG HikariPool-1 housekeeper c.z.h.p.HikariPool: HikariPool-1 - Fill pool skipped, pool has sufficient level or currently being filled.
:2025-08-13 00:52:05.579 DEBUG HikariPool-1 housekeeper c.z.h.p.HikariPool: HikariPool-1 - Pool stats (total=10, active=0, idle=10, waiting=0)
:2025-08-13 00:52:05.579 DEBUG HikariPool-1 housekeeper c.z.h.p.HikariPool: HikariPool-1 - Fill pool skipped, pool has sufficient level or currently being filled.
:2025-08-13 00:52:35.592 DEBUG HikariPool-1 housekeeper c.z.h.p.HikariPool: HikariPool-1 - Pool stats (total=10, active=0, idle=10, waiting=0)
:2025-08-13 00:52:35.592 DEBUG HikariPool-1 housekeeper c.z.h.p.HikariPool: HikariPool-1 - Fill pool skipped, pool has sufficient level or currently being filled.
:2025-08-13 00:53:05.593 DEBUG HikariPool-1 housekeeper c.z.h.p.HikariPool: HikariPool-1 - Pool stats (total=10, active=0, idle=10, waiting=0)
:2025-08-13 00:53:05.593 DEBUG HikariPool-1 housekeeper c.z.h.p.HikariPool: HikariPool-1 - Fill pool skipped, pool has sufficient level or currently being filled.
:2025-08-13 00:53:35.605 DEBUG HikariPool-1 housekeeper c.z.h.p.HikariPool: HikariPool-1 - Pool stats (total=10, active=0, idle=10, waiting=0)
:2025-08-13 00:53:35.605 DEBUG HikariPool-1 housekeeper c.z.h.p.HikariPool: HikariPool-1 - Fill pool skipped, pool has sufficient level or currently being filled.
:2025-08-13 00:54:05.611 DEBUG HikariPool-1 housekeeper c.z.h.p.HikariPool: HikariPool-1 - Pool stats (total=10, active=0, idle=10, waiting=0)
:2025-08-13 00:54:05.611 DEBUG HikariPool-1 housekeeper c.z.h.p.HikariPool: HikariPool-1 - Fill pool skipped, pool has sufficient level or currently being filled.
:2025-08-13 00:54:35.618 DEBUG HikariPool-1 housekeeper c.z.h.p.HikariPool: HikariPool-1 - Pool stats (total=10, active=0, idle=10, waiting=0)
:2025-08-13 00:54:35.618 DEBUG HikariPool-1 housekeeper c.z.h.p.HikariPool: HikariPool-1 - Fill pool skipped, pool has sufficient level or currently being filled.
:2025-08-13 00:55:05.621 DEBUG HikariPool-1 housekeeper c.z.h.p.HikariPool: HikariPool-1 - Pool stats (total=10, active=0, idle=10, waiting=0)
:2025-08-13 00:55:05.621 DEBUG HikariPool-1 housekeeper c.z.h.p.HikariPool: HikariPool-1 - Fill pool skipped, pool has sufficient level or currently being filled.
:2025-08-13 00:55:35.624 DEBUG HikariPool-1 housekeeper c.z.h.p.HikariPool: HikariPool-1 - Pool stats (total=10, active=0, idle=10, waiting=0)
:2025-08-13 00:55:35.624 DEBUG HikariPool-1 housekeeper c.z.h.p.HikariPool: HikariPool-1 - Fill pool skipped, pool has sufficient level or currently being filled.
:2025-08-13 00:56:05.626 DEBUG HikariPool-1 housekeeper c.z.h.p.HikariPool: HikariPool-1 - Pool stats (total=10, active=0, idle=10, waiting=0)
:2025-08-13 00:56:05.626 DEBUG HikariPool-1 housekeeper c.z.h.p.HikariPool: HikariPool-1 - Fill pool skipped, pool has sufficient level or currently being filled.
:2025-08-13 00:56:35.627 DEBUG HikariPool-1 housekeeper c.z.h.p.HikariPool: HikariPool-1 - Pool stats (total=10, active=0, idle=10, waiting=0)
:2025-08-13 00:56:35.627 DEBUG HikariPool-1 housekeeper c.z.h.p.HikariPool: HikariPool-1 - Fill pool skipped, pool has sufficient level or currently being filled.
:2025-08-13 00:57:05.635 DEBUG HikariPool-1 housekeeper c.z.h.p.HikariPool: HikariPool-1 - Pool stats (total=10, active=0, idle=10, waiting=0)
:2025-08-13 00:57:05.635 DEBUG HikariPool-1 housekeeper c.z.h.p.HikariPool: HikariPool-1 - Fill pool skipped, pool has sufficient level or currently being filled.
:2025-08-13 00:57:35.644 DEBUG HikariPool-1 housekeeper c.z.h.p.HikariPool: HikariPool-1 - Pool stats (total=10, active=0, idle=10, waiting=0)
:2025-08-13 00:57:35.644 DEBUG HikariPool-1 housekeeper c.z.h.p.HikariPool: HikariPool-1 - Fill pool skipped, pool has sufficient level or currently being filled.
:2025-08-13 00:58:05.655 DEBUG HikariPool-1 housekeeper c.z.h.p.HikariPool: HikariPool-1 - Pool stats (total=10, active=0, idle=10, waiting=0)
:2025-08-13 00:58:05.655 DEBUG HikariPool-1 housekeeper c.z.h.p.HikariPool: HikariPool-1 - Fill pool skipped, pool has sufficient level or currently being filled.
:2025-08-13 00:58:35.656 DEBUG HikariPool-1 housekeeper c.z.h.p.HikariPool: HikariPool-1 - Pool stats (total=10, active=0, idle=10, waiting=0)
:2025-08-13 00:58:35.656 DEBUG HikariPool-1 housekeeper c.z.h.p.HikariPool: HikariPool-1 - Fill pool skipped, pool has sufficient level or currently being filled.
:2025-08-13 00:59:05.666 DEBUG HikariPool-1 housekeeper c.z.h.p.HikariPool: HikariPool-1 - Pool stats (total=10, active=0, idle=10, waiting=0)
:2025-08-13 00:59:05.666 DEBUG HikariPool-1 housekeeper c.z.h.p.HikariPool: HikariPool-1 - Fill pool skipped, pool has sufficient level or currently being filled.
:2025-08-13 00:59:35.671 DEBUG HikariPool-1 housekeeper c.z.h.p.HikariPool: HikariPool-1 - Pool stats (total=10, active=0, idle=10, waiting=0)
:2025-08-13 00:59:35.671 DEBUG HikariPool-1 housekeeper c.z.h.p.HikariPool: HikariPool-1 - Fill pool skipped, pool has sufficient level or currently being filled.
:2025-08-13 01:00:05.680 DEBUG HikariPool-1 housekeeper c.z.h.p.HikariPool: HikariPool-1 - Pool stats (total=10, active=0, idle=10, waiting=0)
:2025-08-13 01:00:05.680 DEBUG HikariPool-1 housekeeper c.z.h.p.HikariPool: HikariPool-1 - Fill pool skipped, pool has sufficient level or currently being filled.
:2025-08-13 01:00:35.682 DEBUG HikariPool-1 housekeeper c.z.h.p.HikariPool: HikariPool-1 - Pool stats (total=10, active=0, idle=10, waiting=0)
:2025-08-13 01:00:35.682 DEBUG HikariPool-1 housekeeper c.z.h.p.HikariPool: HikariPool-1 - Fill pool skipped, pool has sufficient level or currently being filled.
:2025-08-13 01:01:05.689 DEBUG HikariPool-1 housekeeper c.z.h.p.HikariPool: HikariPool-1 - Pool stats (total=10, active=0, idle=10, waiting=0)
:2025-08-13 01:01:05.689 DEBUG HikariPool-1 housekeeper c.z.h.p.HikariPool: HikariPool-1 - Fill pool skipped, pool has sufficient level or currently being filled.
:2025-08-13 01:01:35.691 DEBUG HikariPool-1 housekeeper c.z.h.p.HikariPool: HikariPool-1 - Pool stats (total=10, active=0, idle=10, waiting=0)
:2025-08-13 01:01:35.691 DEBUG HikariPool-1 housekeeper c.z.h.p.HikariPool: HikariPool-1 - Fill pool skipped, pool has sufficient level or currently being filled.
:2025-08-13 01:02:05.696 DEBUG HikariPool-1 housekeeper c.z.h.p.HikariPool: HikariPool-1 - Pool stats (total=10, active=0, idle=10, waiting=0)
:2025-08-13 01:02:05.696 DEBUG HikariPool-1 housekeeper c.z.h.p.HikariPool: HikariPool-1 - Fill pool skipped, pool has sufficient level or currently being filled.
:2025-08-13 01:02:35.700 DEBUG HikariPool-1 housekeeper c.z.h.p.HikariPool: HikariPool-1 - Pool stats (total=10, active=0, idle=10, waiting=0)
:2025-08-13 01:02:35.700 DEBUG HikariPool-1 housekeeper c.z.h.p.HikariPool: HikariPool-1 - Fill pool skipped, pool has sufficient level or currently being filled.
:2025-08-13 01:03:05.703 DEBUG HikariPool-1 housekeeper c.z.h.p.HikariPool: HikariPool-1 - Pool stats (total=10, active=0, idle=10, waiting=0)
:2025-08-13 01:03:05.703 DEBUG HikariPool-1 housekeeper c.z.h.p.HikariPool: HikariPool-1 - Fill pool skipped, pool has sufficient level or currently being filled.
:2025-08-13 01:03:35.718 DEBUG HikariPool-1 housekeeper c.z.h.p.HikariPool: HikariPool-1 - Pool stats (total=10, active=0, idle=10, waiting=0)
:2025-08-13 01:03:35.718 DEBUG HikariPool-1 housekeeper c.z.h.p.HikariPool: HikariPool-1 - Fill pool skipped, pool has sufficient level or currently being filled.
:2025-08-13 01:04:05.728 DEBUG HikariPool-1 housekeeper c.z.h.p.HikariPool: HikariPool-1 - Pool stats (total=10, active=0, idle=10, waiting=0)
:2025-08-13 01:04:05.728 DEBUG HikariPool-1 housekeeper c.z.h.p.HikariPool: HikariPool-1 - Fill pool skipped, pool has sufficient level or currently being filled.
:2025-08-13 01:04:35.739 DEBUG HikariPool-1 housekeeper c.z.h.p.HikariPool: HikariPool-1 - Pool stats (total=10, active=0, idle=10, waiting=0)
:2025-08-13 01:04:35.739 DEBUG HikariPool-1 housekeeper c.z.h.p.HikariPool: HikariPool-1 - Fill pool skipped, pool has sufficient level or currently being filled.
:2025-08-13 01:05:05.748 DEBUG HikariPool-1 housekeeper c.z.h.p.HikariPool: HikariPool-1 - Pool stats (total=10, active=0, idle=10, waiting=0)
:2025-08-13 01:05:05.748 DEBUG HikariPool-1 housekeeper c.z.h.p.HikariPool: HikariPool-1 - Fill pool skipped, pool has sufficient level or currently being filled.
:2025-08-13 01:05:35.753 DEBUG HikariPool-1 housekeeper c.z.h.p.HikariPool: HikariPool-1 - Pool stats (total=10, active=0, idle=10, waiting=0)
:2025-08-13 01:05:35.753 DEBUG HikariPool-1 housekeeper c.z.h.p.HikariPool: HikariPool-1 - Fill pool skipped, pool has sufficient level or currently being filled.
:2025-08-13 01:06:05.754 DEBUG HikariPool-1 housekeeper c.z.h.p.HikariPool: HikariPool-1 - Pool stats (total=10, active=0, idle=10, waiting=0)
:2025-08-13 01:06:05.754 DEBUG HikariPool-1 housekeeper c.z.h.p.HikariPool: HikariPool-1 - Fill pool skipped, pool has sufficient level or currently being filled.
:2025-08-13 01:06:35.762 DEBUG HikariPool-1 housekeeper c.z.h.p.HikariPool: HikariPool-1 - Pool stats (total=10, active=0, idle=10, waiting=0)
:2025-08-13 01:06:35.762 DEBUG HikariPool-1 housekeeper c.z.h.p.HikariPool: HikariPool-1 - Fill pool skipped, pool has sufficient level or currently being filled.
:2025-08-13 01:07:01.927 DEBUG HikariPool-1 connection closer c.z.h.p.PoolBase: HikariPool-1 - Closing connection com.mysql.cj.jdbc.ConnectionImpl@5cee004a: (connection has passed maxLifetime)
:2025-08-13 01:07:01.932 DEBUG HikariPool-1 connection adder c.z.h.p.HikariPool: HikariPool-1 - Added connection com.mysql.cj.jdbc.ConnectionImpl@6a6a1a60
:2025-08-13 01:07:01.975 DEBUG HikariPool-1 connection adder c.z.h.p.HikariPool: HikariPool-1 - Connection not added, stats (total=10, active=0, idle=10, waiting=0)
:2025-08-13 01:07:05.764 DEBUG HikariPool-1 housekeeper c.z.h.p.HikariPool: HikariPool-1 - Pool stats (total=10, active=0, idle=10, waiting=0)
:2025-08-13 01:07:05.764 DEBUG HikariPool-1 housekeeper c.z.h.p.HikariPool: HikariPool-1 - Fill pool skipped, pool has sufficient level or currently being filled.
:2025-08-13 01:07:35.767 DEBUG HikariPool-1 housekeeper c.z.h.p.HikariPool: HikariPool-1 - Pool stats (total=10, active=0, idle=10, waiting=0)
:2025-08-13 01:07:35.767 DEBUG HikariPool-1 housekeeper c.z.h.p.HikariPool: HikariPool-1 - Fill pool skipped, pool has sufficient level or currently being filled.
:2025-08-13 01:07:50.182 DEBUG HikariPool-1 connection closer c.z.h.p.PoolBase: HikariPool-1 - Closing connection com.mysql.cj.jdbc.ConnectionImpl@3241f45d: (connection has passed maxLifetime)
:2025-08-13 01:07:50.186 DEBUG HikariPool-1 connection adder c.z.h.p.HikariPool: HikariPool-1 - Added connection com.mysql.cj.jdbc.ConnectionImpl@52129e96
:2025-08-13 01:07:50.230 DEBUG HikariPool-1 connection adder c.z.h.p.HikariPool: HikariPool-1 - Connection not added, stats (total=10, active=0, idle=10, waiting=0)
:2025-08-13 01:08:01.641 DEBUG HikariPool-1 connection closer c.z.h.p.PoolBase: HikariPool-1 - Closing connection com.mysql.cj.jdbc.ConnectionImpl@460a1669: (connection has passed maxLifetime)
:2025-08-13 01:08:01.646 DEBUG HikariPool-1 connection adder c.z.h.p.HikariPool: HikariPool-1 - Added connection com.mysql.cj.jdbc.ConnectionImpl@baaad22
:2025-08-13 01:08:01.689 DEBUG HikariPool-1 connection adder c.z.h.p.HikariPool: HikariPool-1 - Connection not added, stats (total=10, active=0, idle=10, waiting=0)
:2025-08-13 01:08:05.768 DEBUG HikariPool-1 housekeeper c.z.h.p.HikariPool: HikariPool-1 - Pool stats (total=10, active=0, idle=10, waiting=0)
:2025-08-13 01:08:05.768 DEBUG HikariPool-1 housekeeper c.z.h.p.HikariPool: HikariPool-1 - Fill pool skipped, pool has sufficient level or currently being filled.
:2025-08-13 01:08:30.406 DEBUG HikariPool-1 connection closer c.z.h.p.PoolBase: HikariPool-1 - Closing connection com.mysql.cj.jdbc.ConnectionImpl@29a19060: (connection has passed maxLifetime)
:2025-08-13 01:08:30.410 DEBUG HikariPool-1 connection adder c.z.h.p.HikariPool: HikariPool-1 - Added connection com.mysql.cj.jdbc.ConnectionImpl@3904ee88
:2025-08-13 01:08:30.453 DEBUG HikariPool-1 connection adder c.z.h.p.HikariPool: HikariPool-1 - Connection not added, stats (total=10, active=0, idle=10, waiting=0)
:2025-08-13 01:08:35.773 DEBUG HikariPool-1 housekeeper c.z.h.p.HikariPool: HikariPool-1 - Pool stats (total=10, active=0, idle=10, waiting=0)
:2025-08-13 01:08:35.773 DEBUG HikariPool-1 housekeeper c.z.h.p.HikariPool: HikariPool-1 - Fill pool skipped, pool has sufficient level or currently being filled.
:2025-08-13 01:09:05.775 DEBUG HikariPool-1 housekeeper c.z.h.p.HikariPool: HikariPool-1 - Pool stats (total=10, active=0, idle=10, waiting=0)
:2025-08-13 01:09:05.775 DEBUG HikariPool-1 housekeeper c.z.h.p.HikariPool: HikariPool-1 - Fill pool skipped, pool has sufficient level or currently being filled.
:2025-08-13 01:09:08.439 DEBUG HikariPool-1 connection closer c.z.h.p.PoolBase: HikariPool-1 - Closing connection com.mysql.cj.jdbc.ConnectionImpl@5d052384: (connection has passed maxLifetime)
:2025-08-13 01:09:08.444 DEBUG HikariPool-1 connection adder c.z.h.p.HikariPool: HikariPool-1 - Added connection com.mysql.cj.jdbc.ConnectionImpl@28694eae
:2025-08-13 01:09:08.486 DEBUG HikariPool-1 connection adder c.z.h.p.HikariPool: HikariPool-1 - Connection not added, stats (total=10, active=0, idle=10, waiting=0)
:2025-08-13 01:09:15.003 DEBUG HikariPool-1 connection closer c.z.h.p.PoolBase: HikariPool-1 - Closing connection com.mysql.cj.jdbc.ConnectionImpl@63d2a749: (connection has passed maxLifetime)
:2025-08-13 01:09:15.007 DEBUG HikariPool-1 connection adder c.z.h.p.HikariPool: HikariPool-1 - Added connection com.mysql.cj.jdbc.ConnectionImpl@184bd23a
:2025-08-13 01:09:15.051 DEBUG HikariPool-1 connection adder c.z.h.p.HikariPool: HikariPool-1 - Connection not added, stats (total=10, active=0, idle=10, waiting=0)
:2025-08-13 01:09:20.871 DEBUG HikariPool-1 connection closer c.z.h.p.PoolBase: HikariPool-1 - Closing connection com.mysql.cj.jdbc.ConnectionImpl@7b53c9b5: (connection has passed maxLifetime)
:2025-08-13 01:09:20.876 DEBUG HikariPool-1 connection adder c.z.h.p.HikariPool: HikariPool-1 - Added connection com.mysql.cj.jdbc.ConnectionImpl@2806be64
:2025-08-13 01:09:20.903 DEBUG HikariPool-1 connection closer c.z.h.p.PoolBase: HikariPool-1 - Closing connection com.mysql.cj.jdbc.ConnectionImpl@778dffcd: (connection has passed maxLifetime)
:2025-08-13 01:09:20.918 DEBUG HikariPool-1 connection adder c.z.h.p.HikariPool: HikariPool-1 - Connection not added, stats (total=9, active=0, idle=9, waiting=0)
:2025-08-13 01:09:20.921 DEBUG HikariPool-1 connection adder c.z.h.p.HikariPool: HikariPool-1 - Added connection com.mysql.cj.jdbc.ConnectionImpl@5ca3ab3d
:2025-08-13 01:09:20.965 DEBUG HikariPool-1 connection adder c.z.h.p.HikariPool: HikariPool-1 - Connection not added, stats (total=10, active=0, idle=10, waiting=0)
:2025-08-13 01:09:29.903 DEBUG HikariPool-1 connection closer c.z.h.p.PoolBase: HikariPool-1 - Closing connection com.mysql.cj.jdbc.ConnectionImpl@4d2a0f0b: (connection has passed maxLifetime)
:2025-08-13 01:09:29.908 DEBUG HikariPool-1 connection adder c.z.h.p.HikariPool: HikariPool-1 - Added connection com.mysql.cj.jdbc.ConnectionImpl@2e298e99
:2025-08-13 01:09:29.951 DEBUG HikariPool-1 connection adder c.z.h.p.HikariPool: HikariPool-1 - Connection not added, stats (total=10, active=0, idle=10, waiting=0)
:2025-08-13 01:09:35.778 DEBUG HikariPool-1 housekeeper c.z.h.p.HikariPool: HikariPool-1 - Pool stats (total=10, active=0, idle=10, waiting=0)
:2025-08-13 01:09:35.778 DEBUG HikariPool-1 housekeeper c.z.h.p.HikariPool: HikariPool-1 - Fill pool skipped, pool has sufficient level or currently being filled.
:2025-08-13 01:09:51.388 DEBUG HikariPool-1 connection closer c.z.h.p.PoolBase: HikariPool-1 - Closing connection com.mysql.cj.jdbc.ConnectionImpl@39ea5762: (connection has passed maxLifetime)
:2025-08-13 01:09:51.392 DEBUG HikariPool-1 connection adder c.z.h.p.HikariPool: HikariPool-1 - Added connection com.mysql.cj.jdbc.ConnectionImpl@4fd156e0
:2025-08-13 01:09:51.433 DEBUG HikariPool-1 connection adder c.z.h.p.HikariPool: HikariPool-1 - Connection not added, stats (total=10, active=0, idle=10, waiting=0)
:2025-08-13 01:10:05.781 DEBUG HikariPool-1 housekeeper c.z.h.p.HikariPool: HikariPool-1 - Pool stats (total=10, active=0, idle=10, waiting=0)
:2025-08-13 01:10:05.781 DEBUG HikariPool-1 housekeeper c.z.h.p.HikariPool: HikariPool-1 - Fill pool skipped, pool has sufficient level or currently being filled.
:2025-08-13 01:10:35.789 DEBUG HikariPool-1 housekeeper c.z.h.p.HikariPool: HikariPool-1 - Pool stats (total=10, active=0, idle=10, waiting=0)
:2025-08-13 01:10:35.789 DEBUG HikariPool-1 housekeeper c.z.h.p.HikariPool: HikariPool-1 - Fill pool skipped, pool has sufficient level or currently being filled.
:2025-08-13 01:11:05.803 DEBUG HikariPool-1 housekeeper c.z.h.p.HikariPool: HikariPool-1 - Pool stats (total=10, active=0, idle=10, waiting=0)
:2025-08-13 01:11:05.803 DEBUG HikariPool-1 housekeeper c.z.h.p.HikariPool: HikariPool-1 - Fill pool skipped, pool has sufficient level or currently being filled.
:2025-08-13 01:11:35.808 DEBUG HikariPool-1 housekeeper c.z.h.p.HikariPool: HikariPool-1 - Pool stats (total=10, active=0, idle=10, waiting=0)
:2025-08-13 01:11:35.808 DEBUG HikariPool-1 housekeeper c.z.h.p.HikariPool: HikariPool-1 - Fill pool skipped, pool has sufficient level or currently being filled.
:2025-08-13 01:12:05.813 DEBUG HikariPool-1 housekeeper c.z.h.p.HikariPool: HikariPool-1 - Pool stats (total=10, active=0, idle=10, waiting=0)
:2025-08-13 01:12:05.813 DEBUG HikariPool-1 housekeeper c.z.h.p.HikariPool: HikariPool-1 - Fill pool skipped, pool has sufficient level or currently being filled.
:2025-08-13 01:12:35.814 DEBUG HikariPool-1 housekeeper c.z.h.p.HikariPool: HikariPool-1 - Pool stats (total=10, active=0, idle=10, waiting=0)
:2025-08-13 01:12:35.814 DEBUG HikariPool-1 housekeeper c.z.h.p.HikariPool: HikariPool-1 - Fill pool skipped, pool has sufficient level or currently being filled.
:2025-08-13 01:13:05.827 DEBUG HikariPool-1 housekeeper c.z.h.p.HikariPool: HikariPool-1 - Pool stats (total=10, active=0, idle=10, waiting=0)
:2025-08-13 01:13:05.827 DEBUG HikariPool-1 housekeeper c.z.h.p.HikariPool: HikariPool-1 - Fill pool skipped, pool has sufficient level or currently being filled.
:2025-08-13 01:13:35.840 DEBUG HikariPool-1 housekeeper c.z.h.p.HikariPool: HikariPool-1 - Pool stats (total=10, active=0, idle=10, waiting=0)
:2025-08-13 01:13:35.840 DEBUG HikariPool-1 housekeeper c.z.h.p.HikariPool: HikariPool-1 - Fill pool skipped, pool has sufficient level or currently being filled.
:2025-08-13 01:14:05.846 DEBUG HikariPool-1 housekeeper c.z.h.p.HikariPool: HikariPool-1 - Pool stats (total=10, active=0, idle=10, waiting=0)
:2025-08-13 01:14:05.846 DEBUG HikariPool-1 housekeeper c.z.h.p.HikariPool: HikariPool-1 - Fill pool skipped, pool has sufficient level or currently being filled.
:2025-08-13 01:14:35.848 DEBUG HikariPool-1 housekeeper c.z.h.p.HikariPool: HikariPool-1 - Pool stats (total=10, active=0, idle=10, waiting=0)
:2025-08-13 01:14:35.848 DEBUG HikariPool-1 housekeeper c.z.h.p.HikariPool: HikariPool-1 - Fill pool skipped, pool has sufficient level or currently being filled.
:2025-08-13 01:15:05.851 DEBUG HikariPool-1 housekeeper c.z.h.p.HikariPool: HikariPool-1 - Pool stats (total=10, active=0, idle=10, waiting=0)
:2025-08-13 01:15:05.851 DEBUG HikariPool-1 housekeeper c.z.h.p.HikariPool: HikariPool-1 - Fill pool skipped, pool has sufficient level or currently being filled.
:2025-08-13 01:15:35.856 DEBUG HikariPool-1 housekeeper c.z.h.p.HikariPool: HikariPool-1 - Pool stats (total=10, active=0, idle=10, waiting=0)
:2025-08-13 01:15:35.856 DEBUG HikariPool-1 housekeeper c.z.h.p.HikariPool: HikariPool-1 - Fill pool skipped, pool has sufficient level or currently being filled.
:2025-08-13 01:16:05.856 DEBUG HikariPool-1 housekeeper c.z.h.p.HikariPool: HikariPool-1 - Pool stats (total=10, active=0, idle=10, waiting=0)
:2025-08-13 01:16:05.856 DEBUG HikariPool-1 housekeeper c.z.h.p.HikariPool: HikariPool-1 - Fill pool skipped, pool has sufficient level or currently being filled.
:2025-08-13 01:16:35.871 DEBUG HikariPool-1 housekeeper c.z.h.p.HikariPool: HikariPool-1 - Pool stats (total=10, active=0, idle=10, waiting=0)
:2025-08-13 01:16:35.871 DEBUG HikariPool-1 housekeeper c.z.h.p.HikariPool: HikariPool-1 - Fill pool skipped, pool has sufficient level or currently being filled.
:2025-08-13 01:17:05.877 DEBUG HikariPool-1 housekeeper c.z.h.p.HikariPool: HikariPool-1 - Pool stats (total=10, active=0, idle=10, waiting=0)
:2025-08-13 01:17:05.877 DEBUG HikariPool-1 housekeeper c.z.h.p.HikariPool: HikariPool-1 - Fill pool skipped, pool has sufficient level or currently being filled.
:2025-08-13 01:17:35.885 DEBUG HikariPool-1 housekeeper c.z.h.p.HikariPool: HikariPool-1 - Pool stats (total=10, active=0, idle=10, waiting=0)
:2025-08-13 01:17:35.885 DEBUG HikariPool-1 housekeeper c.z.h.p.HikariPool: HikariPool-1 - Fill pool skipped, pool has sufficient level or currently being filled.
:2025-08-13 01:18:05.896 DEBUG HikariPool-1 housekeeper c.z.h.p.HikariPool: HikariPool-1 - Pool stats (total=10, active=0, idle=10, waiting=0)
:2025-08-13 01:18:05.896 DEBUG HikariPool-1 housekeeper c.z.h.p.HikariPool: HikariPool-1 - Fill pool skipped, pool has sufficient level or currently being filled.
:2025-08-13 01:18:35.905 DEBUG HikariPool-1 housekeeper c.z.h.p.HikariPool: HikariPool-1 - Pool stats (total=10, active=0, idle=10, waiting=0)
:2025-08-13 01:18:35.905 DEBUG HikariPool-1 housekeeper c.z.h.p.HikariPool: HikariPool-1 - Fill pool skipped, pool has sufficient level or currently being filled.
:2025-08-13 01:19:05.915 DEBUG HikariPool-1 housekeeper c.z.h.p.HikariPool: HikariPool-1 - Pool stats (total=10, active=0, idle=10, waiting=0)
:2025-08-13 01:19:05.915 DEBUG HikariPool-1 housekeeper c.z.h.p.HikariPool: HikariPool-1 - Fill pool skipped, pool has sufficient level or currently being filled.
:2025-08-13 01:19:35.920 DEBUG HikariPool-1 housekeeper c.z.h.p.HikariPool: HikariPool-1 - Pool stats (total=10, active=0, idle=10, waiting=0)
:2025-08-13 01:19:35.920 DEBUG HikariPool-1 housekeeper c.z.h.p.HikariPool: HikariPool-1 - Fill pool skipped, pool has sufficient level or currently being filled.
:2025-08-13 01:20:05.920 DEBUG HikariPool-1 housekeeper c.z.h.p.HikariPool: HikariPool-1 - Pool stats (total=10, active=0, idle=10, waiting=0)
:2025-08-13 01:20:05.920 DEBUG HikariPool-1 housekeeper c.z.h.p.HikariPool: HikariPool-1 - Fill pool skipped, pool has sufficient level or currently being filled.
:2025-08-13 01:20:35.931 DEBUG HikariPool-1 housekeeper c.z.h.p.HikariPool: HikariPool-1 - Pool stats (total=10, active=0, idle=10, waiting=0)
:2025-08-13 01:20:35.931 DEBUG HikariPool-1 housekeeper c.z.h.p.HikariPool: HikariPool-1 - Fill pool skipped, pool has sufficient level or currently being filled.
:2025-08-13 01:21:05.937 DEBUG HikariPool-1 housekeeper c.z.h.p.HikariPool: HikariPool-1 - Pool stats (total=10, active=0, idle=10, waiting=0)
:2025-08-13 01:21:05.937 DEBUG HikariPool-1 housekeeper c.z.h.p.HikariPool: HikariPool-1 - Fill pool skipped, pool has sufficient level or currently being filled.
:2025-08-13 01:21:35.945 DEBUG HikariPool-1 housekeeper c.z.h.p.HikariPool: HikariPool-1 - Pool stats (total=10, active=0, idle=10, waiting=0)
:2025-08-13 01:21:35.945 DEBUG HikariPool-1 housekeeper c.z.h.p.HikariPool: HikariPool-1 - Fill pool skipped, pool has sufficient level or currently being filled.
:2025-08-13 01:22:05.949 DEBUG HikariPool-1 housekeeper c.z.h.p.HikariPool: HikariPool-1 - Pool stats (total=10, active=0, idle=10, waiting=0)
:2025-08-13 01:22:05.949 DEBUG HikariPool-1 housekeeper c.z.h.p.HikariPool: HikariPool-1 - Fill pool skipped, pool has sufficient level or currently being filled.
:2025-08-13 01:22:35.959 DEBUG HikariPool-1 housekeeper c.z.h.p.HikariPool: HikariPool-1 - Pool stats (total=10, active=0, idle=10, waiting=0)
:2025-08-13 01:22:35.959 DEBUG HikariPool-1 housekeeper c.z.h.p.HikariPool: HikariPool-1 - Fill pool skipped, pool has sufficient level or currently being filled.
:2025-08-13 01:23:05.962 DEBUG HikariPool-1 housekeeper c.z.h.p.HikariPool: HikariPool-1 - Pool stats (total=10, active=0, idle=10, waiting=0)
:2025-08-13 01:23:05.962 DEBUG HikariPool-1 housekeeper c.z.h.p.HikariPool: HikariPool-1 - Fill pool skipped, pool has sufficient level or currently being filled.
:2025-08-13 01:23:35.977 DEBUG HikariPool-1 housekeeper c.z.h.p.HikariPool: HikariPool-1 - Pool stats (total=10, active=0, idle=10, waiting=0)
:2025-08-13 01:23:35.977 DEBUG HikariPool-1 housekeeper c.z.h.p.HikariPool: HikariPool-1 - Fill pool skipped, pool has sufficient level or currently being filled.
:2025-08-13 01:24:05.988 DEBUG HikariPool-1 housekeeper c.z.h.p.HikariPool: HikariPool-1 - Pool stats (total=10, active=0, idle=10, waiting=0)
:2025-08-13 01:24:05.988 DEBUG HikariPool-1 housekeeper c.z.h.p.HikariPool: HikariPool-1 - Fill pool skipped, pool has sufficient level or currently being filled.
:2025-08-13 01:24:35.994 DEBUG HikariPool-1 housekeeper c.z.h.p.HikariPool: HikariPool-1 - Pool stats (total=10, active=0, idle=10, waiting=0)
:2025-08-13 01:24:35.994 DEBUG HikariPool-1 housekeeper c.z.h.p.HikariPool: HikariPool-1 - Fill pool skipped, pool has sufficient level or currently being filled.
:2025-08-13 01:25:06.001 DEBUG HikariPool-1 housekeeper c.z.h.p.HikariPool: HikariPool-1 - Pool stats (total=10, active=0, idle=10, waiting=0)
:2025-08-13 01:25:06.001 DEBUG HikariPool-1 housekeeper c.z.h.p.HikariPool: HikariPool-1 - Fill pool skipped, pool has sufficient level or currently being filled.
:2025-08-13 01:25:36.006 DEBUG HikariPool-1 housekeeper c.z.h.p.HikariPool: HikariPool-1 - Pool stats (total=10, active=0, idle=10, waiting=0)
:2025-08-13 01:25:36.006 DEBUG HikariPool-1 housekeeper c.z.h.p.HikariPool: HikariPool-1 - Fill pool skipped, pool has sufficient level or currently being filled.
:2025-08-13 01:26:06.008 DEBUG HikariPool-1 housekeeper c.z.h.p.HikariPool: HikariPool-1 - Pool stats (total=10, active=0, idle=10, waiting=0)
:2025-08-13 01:26:06.008 DEBUG HikariPool-1 housekeeper c.z.h.p.HikariPool: HikariPool-1 - Fill pool skipped, pool has sufficient level or currently being filled.
:2025-08-13 01:26:36.021 DEBUG HikariPool-1 housekeeper c.z.h.p.HikariPool: HikariPool-1 - Pool stats (total=10, active=0, idle=10, waiting=0)
:2025-08-13 01:26:36.021 DEBUG HikariPool-1 housekeeper c.z.h.p.HikariPool: HikariPool-1 - Fill pool skipped, pool has sufficient level or currently being filled.
:2025-08-13 01:27:06.023 DEBUG HikariPool-1 housekeeper c.z.h.p.HikariPool: HikariPool-1 - Pool stats (total=10, active=0, idle=10, waiting=0)
:2025-08-13 01:27:06.023 DEBUG HikariPool-1 housekeeper c.z.h.p.HikariPool: HikariPool-1 - Fill pool skipped, pool has sufficient level or currently being filled.
:2025-08-13 01:27:36.035 DEBUG HikariPool-1 housekeeper c.z.h.p.HikariPool: HikariPool-1 - Pool stats (total=10, active=0, idle=10, waiting=0)
:2025-08-13 01:27:36.035 DEBUG HikariPool-1 housekeeper c.z.h.p.HikariPool: HikariPool-1 - Fill pool skipped, pool has sufficient level or currently being filled.
:2025-08-13 01:28:06.044 DEBUG HikariPool-1 housekeeper c.z.h.p.HikariPool: HikariPool-1 - Pool stats (total=10, active=0, idle=10, waiting=0)
:2025-08-13 01:28:06.044 DEBUG HikariPool-1 housekeeper c.z.h.p.HikariPool: HikariPool-1 - Fill pool skipped, pool has sufficient level or currently being filled.
:2025-08-13 01:28:36.046 DEBUG HikariPool-1 housekeeper c.z.h.p.HikariPool: HikariPool-1 - Pool stats (total=10, active=0, idle=10, waiting=0)
:2025-08-13 01:28:36.046 DEBUG HikariPool-1 housekeeper c.z.h.p.HikariPool: HikariPool-1 - Fill pool skipped, pool has sufficient level or currently being filled.
:2025-08-13 01:29:06.062 DEBUG HikariPool-1 housekeeper c.z.h.p.HikariPool: HikariPool-1 - Pool stats (total=10, active=0, idle=10, waiting=0)
:2025-08-13 01:29:06.062 DEBUG HikariPool-1 housekeeper c.z.h.p.HikariPool: HikariPool-1 - Fill pool skipped, pool has sufficient level or currently being filled.
:2025-08-13 01:29:36.072 DEBUG HikariPool-1 housekeeper c.z.h.p.HikariPool: HikariPool-1 - Pool stats (total=10, active=0, idle=10, waiting=0)
:2025-08-13 01:29:36.072 DEBUG HikariPool-1 housekeeper c.z.h.p.HikariPool: HikariPool-1 - Fill pool skipped, pool has sufficient level or currently being filled.
:2025-08-13 01:30:06.084 DEBUG HikariPool-1 housekeeper c.z.h.p.HikariPool: HikariPool-1 - Pool stats (total=10, active=0, idle=10, waiting=0)
:2025-08-13 01:30:06.084 DEBUG HikariPool-1 housekeeper c.z.h.p.HikariPool: HikariPool-1 - Fill pool skipped, pool has sufficient level or currently being filled.
:2025-08-13 01:30:36.089 DEBUG HikariPool-1 housekeeper c.z.h.p.HikariPool: HikariPool-1 - Pool stats (total=10, active=0, idle=10, waiting=0)
:2025-08-13 01:30:36.089 DEBUG HikariPool-1 housekeeper c.z.h.p.HikariPool: HikariPool-1 - Fill pool skipped, pool has sufficient level or currently being filled.
:2025-08-13 01:31:06.092 DEBUG HikariPool-1 housekeeper c.z.h.p.HikariPool: HikariPool-1 - Pool stats (total=10, active=0, idle=10, waiting=0)
:2025-08-13 01:31:06.092 DEBUG HikariPool-1 housekeeper c.z.h.p.HikariPool: HikariPool-1 - Fill pool skipped, pool has sufficient level or currently being filled.
:2025-08-13 01:31:36.095 DEBUG HikariPool-1 housekeeper c.z.h.p.HikariPool: HikariPool-1 - Pool stats (total=10, active=0, idle=10, waiting=0)
:2025-08-13 01:31:36.095 DEBUG HikariPool-1 housekeeper c.z.h.p.HikariPool: HikariPool-1 - Fill pool skipped, pool has sufficient level or currently being filled.
:2025-08-13 01:32:06.105 DEBUG HikariPool-1 housekeeper c.z.h.p.HikariPool: HikariPool-1 - Pool stats (total=10, active=0, idle=10, waiting=0)
:2025-08-13 01:32:06.105 DEBUG HikariPool-1 housekeeper c.z.h.p.HikariPool: HikariPool-1 - Fill pool skipped, pool has sufficient level or currently being filled.
:2025-08-13 01:32:36.114 DEBUG HikariPool-1 housekeeper c.z.h.p.HikariPool: HikariPool-1 - Pool stats (total=10, active=0, idle=10, waiting=0)
:2025-08-13 01:32:36.114 DEBUG HikariPool-1 housekeeper c.z.h.p.HikariPool: HikariPool-1 - Fill pool skipped, pool has sufficient level or currently being filled.
:2025-08-13 01:33:06.123 DEBUG HikariPool-1 housekeeper c.z.h.p.HikariPool: HikariPool-1 - Pool stats (total=10, active=0, idle=10, waiting=0)
:2025-08-13 01:33:06.123 DEBUG HikariPool-1 housekeeper c.z.h.p.HikariPool: HikariPool-1 - Fill pool skipped, pool has sufficient level or currently being filled.
:2025-08-13 01:33:36.126 DEBUG HikariPool-1 housekeeper c.z.h.p.HikariPool: HikariPool-1 - Pool stats (total=10, active=0, idle=10, waiting=0)
:2025-08-13 01:33:36.126 DEBUG HikariPool-1 housekeeper c.z.h.p.HikariPool: HikariPool-1 - Fill pool skipped, pool has sufficient level or currently being filled.
:2025-08-13 01:34:06.133 DEBUG HikariPool-1 housekeeper c.z.h.p.HikariPool: HikariPool-1 - Pool stats (total=10, active=0, idle=10, waiting=0)
:2025-08-13 01:34:06.133 DEBUG HikariPool-1 housekeeper c.z.h.p.HikariPool: HikariPool-1 - Fill pool skipped, pool has sufficient level or currently being filled.
:2025-08-13 01:34:36.146 DEBUG HikariPool-1 housekeeper c.z.h.p.HikariPool: HikariPool-1 - Pool stats (total=10, active=0, idle=10, waiting=0)
:2025-08-13 01:34:36.146 DEBUG HikariPool-1 housekeeper c.z.h.p.HikariPool: HikariPool-1 - Fill pool skipped, pool has sufficient level or currently being filled.
:2025-08-13 01:35:06.156 DEBUG HikariPool-1 housekeeper c.z.h.p.HikariPool: HikariPool-1 - Pool stats (total=10, active=0, idle=10, waiting=0)
:2025-08-13 01:35:06.156 DEBUG HikariPool-1 housekeeper c.z.h.p.HikariPool: HikariPool-1 - Fill pool skipped, pool has sufficient level or currently being filled.
:2025-08-13 01:35:36.157 DEBUG HikariPool-1 housekeeper c.z.h.p.HikariPool: HikariPool-1 - Pool stats (total=10, active=0, idle=10, waiting=0)
:2025-08-13 01:35:36.157 DEBUG HikariPool-1 housekeeper c.z.h.p.HikariPool: HikariPool-1 - Fill pool skipped, pool has sufficient level or currently being filled.
:2025-08-13 01:36:06.170 DEBUG HikariPool-1 housekeeper c.z.h.p.HikariPool: HikariPool-1 - Pool stats (total=10, active=0, idle=10, waiting=0)
:2025-08-13 01:36:06.170 DEBUG HikariPool-1 housekeeper c.z.h.p.HikariPool: HikariPool-1 - Fill pool skipped, pool has sufficient level or currently being filled.
:2025-08-13 01:36:36.175 DEBUG HikariPool-1 housekeeper c.z.h.p.HikariPool: HikariPool-1 - Pool stats (total=10, active=0, idle=10, waiting=0)
:2025-08-13 01:36:36.175 DEBUG HikariPool-1 housekeeper c.z.h.p.HikariPool: HikariPool-1 - Fill pool skipped, pool has sufficient level or currently being filled.
:2025-08-13 01:37:00.539 DEBUG HikariPool-1 connection closer c.z.h.p.PoolBase: HikariPool-1 - Closing connection com.mysql.cj.jdbc.ConnectionImpl@6a6a1a60: (connection has passed maxLifetime)
:2025-08-13 01:37:00.543 DEBUG HikariPool-1 connection adder c.z.h.p.HikariPool: HikariPool-1 - Added connection com.mysql.cj.jdbc.ConnectionImpl@583c19e8
:2025-08-13 01:37:00.587 DEBUG HikariPool-1 connection adder c.z.h.p.HikariPool: HikariPool-1 - Connection not added, stats (total=10, active=0, idle=10, waiting=0)
:2025-08-13 01:37:05.499 DEBUG HikariPool-1 connection closer c.z.h.p.PoolBase: HikariPool-1 - Closing connection com.mysql.cj.jdbc.ConnectionImpl@52129e96: (connection has passed maxLifetime)
:2025-08-13 01:37:05.503 DEBUG HikariPool-1 connection adder c.z.h.p.HikariPool: HikariPool-1 - Added connection com.mysql.cj.jdbc.ConnectionImpl@2ce95033
:2025-08-13 01:37:05.547 DEBUG HikariPool-1 connection adder c.z.h.p.HikariPool: HikariPool-1 - Connection not added, stats (total=10, active=0, idle=10, waiting=0)
:2025-08-13 01:37:06.179 DEBUG HikariPool-1 housekeeper c.z.h.p.HikariPool: HikariPool-1 - Pool stats (total=10, active=0, idle=10, waiting=0)
:2025-08-13 01:37:06.179 DEBUG HikariPool-1 housekeeper c.z.h.p.HikariPool: HikariPool-1 - Fill pool skipped, pool has sufficient level or currently being filled.
:2025-08-13 01:37:36.190 DEBUG HikariPool-1 housekeeper c.z.h.p.HikariPool: HikariPool-1 - Pool stats (total=10, active=0, idle=10, waiting=0)
:2025-08-13 01:37:36.190 DEBUG HikariPool-1 housekeeper c.z.h.p.HikariPool: HikariPool-1 - Fill pool skipped, pool has sufficient level or currently being filled.
:2025-08-13 01:37:49.080 DEBUG HikariPool-1 connection closer c.z.h.p.PoolBase: HikariPool-1 - Closing connection com.mysql.cj.jdbc.ConnectionImpl@baaad22: (connection has passed maxLifetime)
:2025-08-13 01:37:49.084 DEBUG HikariPool-1 connection adder c.z.h.p.HikariPool: HikariPool-1 - Added connection com.mysql.cj.jdbc.ConnectionImpl@64e3ec4b
:2025-08-13 01:37:49.127 DEBUG HikariPool-1 connection adder c.z.h.p.HikariPool: HikariPool-1 - Connection not added, stats (total=10, active=0, idle=10, waiting=0)
:2025-08-13 01:37:53.079 DEBUG HikariPool-1 connection closer c.z.h.p.PoolBase: HikariPool-1 - Closing connection com.mysql.cj.jdbc.ConnectionImpl@3904ee88: (connection has passed maxLifetime)
:2025-08-13 01:37:53.082 DEBUG HikariPool-1 connection adder c.z.h.p.HikariPool: HikariPool-1 - Added connection com.mysql.cj.jdbc.ConnectionImpl@108ac939
:2025-08-13 01:37:53.126 DEBUG HikariPool-1 connection adder c.z.h.p.HikariPool: HikariPool-1 - Connection not added, stats (total=10, active=0, idle=10, waiting=0)
:2025-08-13 01:38:06.202 DEBUG HikariPool-1 housekeeper c.z.h.p.HikariPool: HikariPool-1 - Pool stats (total=10, active=0, idle=10, waiting=0)
:2025-08-13 01:38:06.202 DEBUG HikariPool-1 housekeeper c.z.h.p.HikariPool: HikariPool-1 - Fill pool skipped, pool has sufficient level or currently being filled.
:2025-08-13 01:38:24.140 DEBUG HikariPool-1 connection closer c.z.h.p.PoolBase: HikariPool-1 - Closing connection com.mysql.cj.jdbc.ConnectionImpl@28694eae: (connection has passed maxLifetime)
:2025-08-13 01:38:24.145 DEBUG HikariPool-1 connection adder c.z.h.p.HikariPool: HikariPool-1 - Added connection com.mysql.cj.jdbc.ConnectionImpl@44745d39
:2025-08-13 01:38:24.188 DEBUG HikariPool-1 connection adder c.z.h.p.HikariPool: HikariPool-1 - Connection not added, stats (total=10, active=0, idle=10, waiting=0)
:2025-08-13 01:38:34.578 DEBUG HikariPool-1 connection closer c.z.h.p.PoolBase: HikariPool-1 - Closing connection com.mysql.cj.jdbc.ConnectionImpl@184bd23a: (connection has passed maxLifetime)
:2025-08-13 01:38:34.582 DEBUG HikariPool-1 connection adder c.z.h.p.HikariPool: HikariPool-1 - Added connection com.mysql.cj.jdbc.ConnectionImpl@3c4bce15
:2025-08-13 01:38:34.626 DEBUG HikariPool-1 connection adder c.z.h.p.HikariPool: HikariPool-1 - Connection not added, stats (total=10, active=0, idle=10, waiting=0)
:2025-08-13 01:38:36.205 DEBUG HikariPool-1 housekeeper c.z.h.p.HikariPool: HikariPool-1 - Pool stats (total=10, active=0, idle=10, waiting=0)
:2025-08-13 01:38:36.205 DEBUG HikariPool-1 housekeeper c.z.h.p.HikariPool: HikariPool-1 - Fill pool skipped, pool has sufficient level or currently being filled.
:2025-08-13 01:38:44.291 DEBUG HikariPool-1 connection closer c.z.h.p.PoolBase: HikariPool-1 - Closing connection com.mysql.cj.jdbc.ConnectionImpl@2806be64: (connection has passed maxLifetime)
:2025-08-13 01:38:44.294 DEBUG HikariPool-1 connection adder c.z.h.p.HikariPool: HikariPool-1 - Added connection com.mysql.cj.jdbc.ConnectionImpl@56dbae74
:2025-08-13 01:38:44.327 DEBUG HikariPool-1 connection adder c.z.h.p.HikariPool: HikariPool-1 - Connection not added, stats (total=10, active=0, idle=10, waiting=0)
:2025-08-13 01:39:06.219 DEBUG HikariPool-1 housekeeper c.z.h.p.HikariPool: HikariPool-1 - Pool stats (total=10, active=0, idle=10, waiting=0)
:2025-08-13 01:39:06.219 DEBUG HikariPool-1 housekeeper c.z.h.p.HikariPool: HikariPool-1 - Fill pool skipped, pool has sufficient level or currently being filled.
:2025-08-13 01:39:10.329 DEBUG HikariPool-1 connection closer c.z.h.p.PoolBase: HikariPool-1 - Closing connection com.mysql.cj.jdbc.ConnectionImpl@2e298e99: (connection has passed maxLifetime)
:2025-08-13 01:39:10.333 DEBUG HikariPool-1 connection adder c.z.h.p.HikariPool: HikariPool-1 - Added connection com.mysql.cj.jdbc.ConnectionImpl@1eb62d7d
:2025-08-13 01:39:10.375 DEBUG HikariPool-1 connection adder c.z.h.p.HikariPool: HikariPool-1 - Connection not added, stats (total=10, active=0, idle=10, waiting=0)
:2025-08-13 01:39:13.172 DEBUG HikariPool-1 connection closer c.z.h.p.PoolBase: HikariPool-1 - Closing connection com.mysql.cj.jdbc.ConnectionImpl@5ca3ab3d: (connection has passed maxLifetime)
:2025-08-13 01:39:13.175 DEBUG HikariPool-1 connection adder c.z.h.p.HikariPool: HikariPool-1 - Added connection com.mysql.cj.jdbc.ConnectionImpl@6a25a8c1
:2025-08-13 01:39:13.219 DEBUG HikariPool-1 connection adder c.z.h.p.HikariPool: HikariPool-1 - Connection not added, stats (total=10, active=0, idle=10, waiting=0)
:2025-08-13 01:39:36.230 DEBUG HikariPool-1 housekeeper c.z.h.p.HikariPool: HikariPool-1 - Pool stats (total=10, active=0, idle=10, waiting=0)
:2025-08-13 01:39:36.230 DEBUG HikariPool-1 housekeeper c.z.h.p.HikariPool: HikariPool-1 - Fill pool skipped, pool has sufficient level or currently being filled.
:2025-08-13 01:39:37.890 DEBUG HikariPool-1 connection closer c.z.h.p.PoolBase: HikariPool-1 - Closing connection com.mysql.cj.jdbc.ConnectionImpl@4fd156e0: (connection has passed maxLifetime)
:2025-08-13 01:39:37.894 DEBUG HikariPool-1 connection adder c.z.h.p.HikariPool: HikariPool-1 - Added connection com.mysql.cj.jdbc.ConnectionImpl@49b3ce5e
:2025-08-13 01:39:37.925 DEBUG HikariPool-1 connection adder c.z.h.p.HikariPool: HikariPool-1 - Connection not added, stats (total=10, active=0, idle=10, waiting=0)
:2025-08-13 01:40:06.230 DEBUG HikariPool-1 housekeeper c.z.h.p.HikariPool: HikariPool-1 - Pool stats (total=10, active=0, idle=10, waiting=0)
:2025-08-13 01:40:06.230 DEBUG HikariPool-1 housekeeper c.z.h.p.HikariPool: HikariPool-1 - Fill pool skipped, pool has sufficient level or currently being filled.
:2025-08-13 01:40:36.232 DEBUG HikariPool-1 housekeeper c.z.h.p.HikariPool: HikariPool-1 - Pool stats (total=10, active=0, idle=10, waiting=0)
:2025-08-13 01:40:36.232 DEBUG HikariPool-1 housekeeper c.z.h.p.HikariPool: HikariPool-1 - Fill pool skipped, pool has sufficient level or currently being filled.
:2025-08-13 01:41:06.238 DEBUG HikariPool-1 housekeeper c.z.h.p.HikariPool: HikariPool-1 - Pool stats (total=10, active=0, idle=10, waiting=0)
:2025-08-13 01:41:06.238 DEBUG HikariPool-1 housekeeper c.z.h.p.HikariPool: HikariPool-1 - Fill pool skipped, pool has sufficient level or currently being filled.
:2025-08-13 01:41:36.246 DEBUG HikariPool-1 housekeeper c.z.h.p.HikariPool: HikariPool-1 - Pool stats (total=10, active=0, idle=10, waiting=0)
:2025-08-13 01:41:36.246 DEBUG HikariPool-1 housekeeper c.z.h.p.HikariPool: HikariPool-1 - Fill pool skipped, pool has sufficient level or currently being filled.
:2025-08-13 01:42:06.251 DEBUG HikariPool-1 housekeeper c.z.h.p.HikariPool: HikariPool-1 - Pool stats (total=10, active=0, idle=10, waiting=0)
:2025-08-13 01:42:06.251 DEBUG HikariPool-1 housekeeper c.z.h.p.HikariPool: HikariPool-1 - Fill pool skipped, pool has sufficient level or currently being filled.
:2025-08-13 01:42:36.255 DEBUG HikariPool-1 housekeeper c.z.h.p.HikariPool: HikariPool-1 - Pool stats (total=10, active=0, idle=10, waiting=0)
:2025-08-13 01:42:36.255 DEBUG HikariPool-1 housekeeper c.z.h.p.HikariPool: HikariPool-1 - Fill pool skipped, pool has sufficient level or currently being filled.
:2025-08-13 01:43:06.259 DEBUG HikariPool-1 housekeeper c.z.h.p.HikariPool: HikariPool-1 - Pool stats (total=10, active=0, idle=10, waiting=0)
:2025-08-13 01:43:06.259 DEBUG HikariPool-1 housekeeper c.z.h.p.HikariPool: HikariPool-1 - Fill pool skipped, pool has sufficient level or currently being filled.
:2025-08-13 01:43:36.260 DEBUG HikariPool-1 housekeeper c.z.h.p.HikariPool: HikariPool-1 - Pool stats (total=10, active=0, idle=10, waiting=0)
:2025-08-13 01:43:36.260 DEBUG HikariPool-1 housekeeper c.z.h.p.HikariPool: HikariPool-1 - Fill pool skipped, pool has sufficient level or currently being filled.
:2025-08-13 01:44:06.275 DEBUG HikariPool-1 housekeeper c.z.h.p.HikariPool: HikariPool-1 - Pool stats (total=10, active=0, idle=10, waiting=0)
:2025-08-13 01:44:06.275 DEBUG HikariPool-1 housekeeper c.z.h.p.HikariPool: HikariPool-1 - Fill pool skipped, pool has sufficient level or currently being filled.
:2025-08-13 01:44:36.281 DEBUG HikariPool-1 housekeeper c.z.h.p.HikariPool: HikariPool-1 - Pool stats (total=10, active=0, idle=10, waiting=0)
:2025-08-13 01:44:36.281 DEBUG HikariPool-1 housekeeper c.z.h.p.HikariPool: HikariPool-1 - Fill pool skipped, pool has sufficient level or currently being filled.
:2025-08-13 01:45:06.281 DEBUG HikariPool-1 housekeeper c.z.h.p.HikariPool: HikariPool-1 - Pool stats (total=10, active=0, idle=10, waiting=0)
:2025-08-13 01:45:06.281 DEBUG HikariPool-1 housekeeper c.z.h.p.HikariPool: HikariPool-1 - Fill pool skipped, pool has sufficient level or currently being filled.
:2025-08-13 01:45:36.288 DEBUG HikariPool-1 housekeeper c.z.h.p.HikariPool: HikariPool-1 - Pool stats (total=10, active=0, idle=10, waiting=0)
:2025-08-13 01:45:36.288 DEBUG HikariPool-1 housekeeper c.z.h.p.HikariPool: HikariPool-1 - Fill pool skipped, pool has sufficient level or currently being filled.
:2025-08-13 01:46:06.302 DEBUG HikariPool-1 housekeeper c.z.h.p.HikariPool: HikariPool-1 - Pool stats (total=10, active=0, idle=10, waiting=0)
:2025-08-13 01:46:06.302 DEBUG HikariPool-1 housekeeper c.z.h.p.HikariPool: HikariPool-1 - Fill pool skipped, pool has sufficient level or currently being filled.
:2025-08-13 01:46:36.304 DEBUG HikariPool-1 housekeeper c.z.h.p.HikariPool: HikariPool-1 - Pool stats (total=10, active=0, idle=10, waiting=0)
:2025-08-13 01:46:36.304 DEBUG HikariPool-1 housekeeper c.z.h.p.HikariPool: HikariPool-1 - Fill pool skipped, pool has sufficient level or currently being filled.
:2025-08-13 01:47:06.309 DEBUG HikariPool-1 housekeeper c.z.h.p.HikariPool: HikariPool-1 - Pool stats (total=10, active=0, idle=10, waiting=0)
:2025-08-13 01:47:06.309 DEBUG HikariPool-1 housekeeper c.z.h.p.HikariPool: HikariPool-1 - Fill pool skipped, pool has sufficient level or currently being filled.
:2025-08-13 01:47:36.320 DEBUG HikariPool-1 housekeeper c.z.h.p.HikariPool: HikariPool-1 - Pool stats (total=10, active=0, idle=10, waiting=0)
:2025-08-13 01:47:36.320 DEBUG HikariPool-1 housekeeper c.z.h.p.HikariPool: HikariPool-1 - Fill pool skipped, pool has sufficient level or currently being filled.
:2025-08-13 01:48:06.332 DEBUG HikariPool-1 housekeeper c.z.h.p.HikariPool: HikariPool-1 - Pool stats (total=10, active=0, idle=10, waiting=0)
:2025-08-13 01:48:06.332 DEBUG HikariPool-1 housekeeper c.z.h.p.HikariPool: HikariPool-1 - Fill pool skipped, pool has sufficient level or currently being filled.
:2025-08-13 01:48:36.346 DEBUG HikariPool-1 housekeeper c.z.h.p.HikariPool: HikariPool-1 - Pool stats (total=10, active=0, idle=10, waiting=0)
:2025-08-13 01:48:36.346 DEBUG HikariPool-1 housekeeper c.z.h.p.HikariPool: HikariPool-1 - Fill pool skipped, pool has sufficient level or currently being filled.
:2025-08-13 01:49:06.347 DEBUG HikariPool-1 housekeeper c.z.h.p.HikariPool: HikariPool-1 - Pool stats (total=10, active=0, idle=10, waiting=0)
:2025-08-13 01:49:06.347 DEBUG HikariPool-1 housekeeper c.z.h.p.HikariPool: HikariPool-1 - Fill pool skipped, pool has sufficient level or currently being filled.
:2025-08-13 01:49:36.349 DEBUG HikariPool-1 housekeeper c.z.h.p.HikariPool: HikariPool-1 - Pool stats (total=10, active=0, idle=10, waiting=0)
:2025-08-13 01:49:36.349 DEBUG HikariPool-1 housekeeper c.z.h.p.HikariPool: HikariPool-1 - Fill pool skipped, pool has sufficient level or currently being filled.
:2025-08-13 01:50:06.351 DEBUG HikariPool-1 housekeeper c.z.h.p.HikariPool: HikariPool-1 - Pool stats (total=10, active=0, idle=10, waiting=0)
:2025-08-13 01:50:06.351 DEBUG HikariPool-1 housekeeper c.z.h.p.HikariPool: HikariPool-1 - Fill pool skipped, pool has sufficient level or currently being filled.
:2025-08-13 01:50:36.364 DEBUG HikariPool-1 housekeeper c.z.h.p.HikariPool: HikariPool-1 - Pool stats (total=10, active=0, idle=10, waiting=0)
:2025-08-13 01:50:36.364 DEBUG HikariPool-1 housekeeper c.z.h.p.HikariPool: HikariPool-1 - Fill pool skipped, pool has sufficient level or currently being filled.
:2025-08-13 01:51:06.376 DEBUG HikariPool-1 housekeeper c.z.h.p.HikariPool: HikariPool-1 - Pool stats (total=10, active=0, idle=10, waiting=0)
:2025-08-13 01:51:06.376 DEBUG HikariPool-1 housekeeper c.z.h.p.HikariPool: HikariPool-1 - Fill pool skipped, pool has sufficient level or currently being filled.
:2025-08-13 01:51:36.381 DEBUG HikariPool-1 housekeeper c.z.h.p.HikariPool: HikariPool-1 - Pool stats (total=10, active=0, idle=10, waiting=0)
:2025-08-13 01:51:36.381 DEBUG HikariPool-1 housekeeper c.z.h.p.HikariPool: HikariPool-1 - Fill pool skipped, pool has sufficient level or currently being filled.
:2025-08-13 01:52:06.384 DEBUG HikariPool-1 housekeeper c.z.h.p.HikariPool: HikariPool-1 - Pool stats (total=10, active=0, idle=10, waiting=0)
:2025-08-13 01:52:06.384 DEBUG HikariPool-1 housekeeper c.z.h.p.HikariPool: HikariPool-1 - Fill pool skipped, pool has sufficient level or currently being filled.
:2025-08-13 01:52:36.389 DEBUG HikariPool-1 housekeeper c.z.h.p.HikariPool: HikariPool-1 - Pool stats (total=10, active=0, idle=10, waiting=0)
:2025-08-13 01:52:36.389 DEBUG HikariPool-1 housekeeper c.z.h.p.HikariPool: HikariPool-1 - Fill pool skipped, pool has sufficient level or currently being filled.
:2025-08-13 01:53:06.391 DEBUG HikariPool-1 housekeeper c.z.h.p.HikariPool: HikariPool-1 - Pool stats (total=10, active=0, idle=10, waiting=0)
:2025-08-13 01:53:06.391 DEBUG HikariPool-1 housekeeper c.z.h.p.HikariPool: HikariPool-1 - Fill pool skipped, pool has sufficient level or currently being filled.
:2025-08-13 01:53:36.393 DEBUG HikariPool-1 housekeeper c.z.h.p.HikariPool: HikariPool-1 - Pool stats (total=10, active=0, idle=10, waiting=0)
:2025-08-13 01:53:36.393 DEBUG HikariPool-1 housekeeper c.z.h.p.HikariPool: HikariPool-1 - Fill pool skipped, pool has sufficient level or currently being filled.
:2025-08-13 01:54:06.397 DEBUG HikariPool-1 housekeeper c.z.h.p.HikariPool: HikariPool-1 - Pool stats (total=10, active=0, idle=10, waiting=0)
:2025-08-13 01:54:06.397 DEBUG HikariPool-1 housekeeper c.z.h.p.HikariPool: HikariPool-1 - Fill pool skipped, pool has sufficient level or currently being filled.
:2025-08-13 01:54:36.406 DEBUG HikariPool-1 housekeeper c.z.h.p.HikariPool: HikariPool-1 - Pool stats (total=10, active=0, idle=10, waiting=0)
:2025-08-13 01:54:36.406 DEBUG HikariPool-1 housekeeper c.z.h.p.HikariPool: HikariPool-1 - Fill pool skipped, pool has sufficient level or currently being filled.
:2025-08-13 01:55:06.412 DEBUG HikariPool-1 housekeeper c.z.h.p.HikariPool: HikariPool-1 - Pool stats (total=10, active=0, idle=10, waiting=0)
:2025-08-13 01:55:06.412 DEBUG HikariPool-1 housekeeper c.z.h.p.HikariPool: HikariPool-1 - Fill pool skipped, pool has sufficient level or currently being filled.
:2025-08-13 01:55:36.417 DEBUG HikariPool-1 housekeeper c.z.h.p.HikariPool: HikariPool-1 - Pool stats (total=10, active=0, idle=10, waiting=0)
:2025-08-13 01:55:36.417 DEBUG HikariPool-1 housekeeper c.z.h.p.HikariPool: HikariPool-1 - Fill pool skipped, pool has sufficient level or currently being filled.
:2025-08-13 01:56:06.432 DEBUG HikariPool-1 housekeeper c.z.h.p.HikariPool: HikariPool-1 - Pool stats (total=10, active=0, idle=10, waiting=0)
:2025-08-13 01:56:06.432 DEBUG HikariPool-1 housekeeper c.z.h.p.HikariPool: HikariPool-1 - Fill pool skipped, pool has sufficient level or currently being filled.
:2025-08-13 01:56:36.436 DEBUG HikariPool-1 housekeeper c.z.h.p.HikariPool: HikariPool-1 - Pool stats (total=10, active=0, idle=10, waiting=0)
:2025-08-13 01:56:36.436 DEBUG HikariPool-1 housekeeper c.z.h.p.HikariPool: HikariPool-1 - Fill pool skipped, pool has sufficient level or currently being filled.
:2025-08-13 01:57:06.445 DEBUG HikariPool-1 housekeeper c.z.h.p.HikariPool: HikariPool-1 - Pool stats (total=10, active=0, idle=10, waiting=0)
:2025-08-13 01:57:06.445 DEBUG HikariPool-1 housekeeper c.z.h.p.HikariPool: HikariPool-1 - Fill pool skipped, pool has sufficient level or currently being filled.
:2025-08-13 01:57:36.451 DEBUG HikariPool-1 housekeeper c.z.h.p.HikariPool: HikariPool-1 - Pool stats (total=10, active=0, idle=10, waiting=0)
:2025-08-13 01:57:36.451 DEBUG HikariPool-1 housekeeper c.z.h.p.HikariPool: HikariPool-1 - Fill pool skipped, pool has sufficient level or currently being filled.
:2025-08-13 01:58:06.459 DEBUG HikariPool-1 housekeeper c.z.h.p.HikariPool: HikariPool-1 - Pool stats (total=10, active=0, idle=10, waiting=0)
:2025-08-13 01:58:06.459 DEBUG HikariPool-1 housekeeper c.z.h.p.HikariPool: HikariPool-1 - Fill pool skipped, pool has sufficient level or currently being filled.
:2025-08-13 01:58:36.463 DEBUG HikariPool-1 housekeeper c.z.h.p.HikariPool: HikariPool-1 - Pool stats (total=10, active=0, idle=10, waiting=0)
:2025-08-13 01:58:36.463 DEBUG HikariPool-1 housekeeper c.z.h.p.HikariPool: HikariPool-1 - Fill pool skipped, pool has sufficient level or currently being filled.
:2025-08-13 01:59:06.475 DEBUG HikariPool-1 housekeeper c.z.h.p.HikariPool: HikariPool-1 - Pool stats (total=10, active=0, idle=10, waiting=0)
:2025-08-13 01:59:06.475 DEBUG HikariPool-1 housekeeper c.z.h.p.HikariPool: HikariPool-1 - Fill pool skipped, pool has sufficient level or currently being filled.
:2025-08-13 01:59:36.481 DEBUG HikariPool-1 housekeeper c.z.h.p.HikariPool: HikariPool-1 - Pool stats (total=10, active=0, idle=10, waiting=0)
:2025-08-13 01:59:36.481 DEBUG HikariPool-1 housekeeper c.z.h.p.HikariPool: HikariPool-1 - Fill pool skipped, pool has sufficient level or currently being filled.
:2025-08-13 02:00:06.481 DEBUG HikariPool-1 housekeeper c.z.h.p.HikariPool: HikariPool-1 - Pool stats (total=10, active=0, idle=10, waiting=0)
:2025-08-13 02:00:06.481 DEBUG HikariPool-1 housekeeper c.z.h.p.HikariPool: HikariPool-1 - Fill pool skipped, pool has sufficient level or currently being filled.
:2025-08-13 02:00:36.497 DEBUG HikariPool-1 housekeeper c.z.h.p.HikariPool: HikariPool-1 - Pool stats (total=10, active=0, idle=10, waiting=0)
:2025-08-13 02:00:36.497 DEBUG HikariPool-1 housekeeper c.z.h.p.HikariPool: HikariPool-1 - Fill pool skipped, pool has sufficient level or currently being filled.
:2025-08-13 02:01:06.498 DEBUG HikariPool-1 housekeeper c.z.h.p.HikariPool: HikariPool-1 - Pool stats (total=10, active=0, idle=10, waiting=0)
:2025-08-13 02:01:06.498 DEBUG HikariPool-1 housekeeper c.z.h.p.HikariPool: HikariPool-1 - Fill pool skipped, pool has sufficient level or currently being filled.
:2025-08-13 02:01:36.507 DEBUG HikariPool-1 housekeeper c.z.h.p.HikariPool: HikariPool-1 - Pool stats (total=10, active=0, idle=10, waiting=0)
:2025-08-13 02:01:36.507 DEBUG HikariPool-1 housekeeper c.z.h.p.HikariPool: HikariPool-1 - Fill pool skipped, pool has sufficient level or currently being filled.
:2025-08-13 02:02:06.518 DEBUG HikariPool-1 housekeeper c.z.h.p.HikariPool: HikariPool-1 - Pool stats (total=10, active=0, idle=10, waiting=0)
:2025-08-13 02:02:06.518 DEBUG HikariPool-1 housekeeper c.z.h.p.HikariPool: HikariPool-1 - Fill pool skipped, pool has sufficient level or currently being filled.
:2025-08-13 02:02:36.532 DEBUG HikariPool-1 housekeeper c.z.h.p.HikariPool: HikariPool-1 - Pool stats (total=10, active=0, idle=10, waiting=0)
:2025-08-13 02:02:36.532 DEBUG HikariPool-1 housekeeper c.z.h.p.HikariPool: HikariPool-1 - Fill pool skipped, pool has sufficient level or currently being filled.
:2025-08-13 02:03:06.537 DEBUG HikariPool-1 housekeeper c.z.h.p.HikariPool: HikariPool-1 - Pool stats (total=10, active=0, idle=10, waiting=0)
:2025-08-13 02:03:06.537 DEBUG HikariPool-1 housekeeper c.z.h.p.HikariPool: HikariPool-1 - Fill pool skipped, pool has sufficient level or currently being filled.
:2025-08-13 02:03:36.552 DEBUG HikariPool-1 housekeeper c.z.h.p.HikariPool: HikariPool-1 - Pool stats (total=10, active=0, idle=10, waiting=0)
:2025-08-13 02:03:36.552 DEBUG HikariPool-1 housekeeper c.z.h.p.HikariPool: HikariPool-1 - Fill pool skipped, pool has sufficient level or currently being filled.
:2025-08-13 02:04:06.565 DEBUG HikariPool-1 housekeeper c.z.h.p.HikariPool: HikariPool-1 - Pool stats (total=10, active=0, idle=10, waiting=0)
:2025-08-13 02:04:06.565 DEBUG HikariPool-1 housekeeper c.z.h.p.HikariPool: HikariPool-1 - Fill pool skipped, pool has sufficient level or currently being filled.
:2025-08-13 02:04:36.571 DEBUG HikariPool-1 housekeeper c.z.h.p.HikariPool: HikariPool-1 - Pool stats (total=10, active=0, idle=10, waiting=0)
:2025-08-13 02:04:36.571 DEBUG HikariPool-1 housekeeper c.z.h.p.HikariPool: HikariPool-1 - Fill pool skipped, pool has sufficient level or currently being filled.
:2025-08-13 02:05:06.585 DEBUG HikariPool-1 housekeeper c.z.h.p.HikariPool: HikariPool-1 - Pool stats (total=10, active=0, idle=10, waiting=0)
:2025-08-13 02:05:06.585 DEBUG HikariPool-1 housekeeper c.z.h.p.HikariPool: HikariPool-1 - Fill pool skipped, pool has sufficient level or currently being filled.
:2025-08-13 02:05:36.593 DEBUG HikariPool-1 housekeeper c.z.h.p.HikariPool: HikariPool-1 - Pool stats (total=10, active=0, idle=10, waiting=0)
:2025-08-13 02:05:36.593 DEBUG HikariPool-1 housekeeper c.z.h.p.HikariPool: HikariPool-1 - Fill pool skipped, pool has sufficient level or currently being filled.
:2025-08-13 02:06:06.600 DEBUG HikariPool-1 housekeeper c.z.h.p.HikariPool: HikariPool-1 - Pool stats (total=10, active=0, idle=10, waiting=0)
:2025-08-13 02:06:06.600 DEBUG HikariPool-1 housekeeper c.z.h.p.HikariPool: HikariPool-1 - Fill pool skipped, pool has sufficient level or currently being filled.
:2025-08-13 02:06:36.600 DEBUG HikariPool-1 housekeeper c.z.h.p.HikariPool: HikariPool-1 - Pool stats (total=10, active=0, idle=10, waiting=0)
:2025-08-13 02:06:36.600 DEBUG HikariPool-1 housekeeper c.z.h.p.HikariPool: HikariPool-1 - Fill pool skipped, pool has sufficient level or currently being filled.
:2025-08-13 02:06:42.184 DEBUG HikariPool-1 connection closer c.z.h.p.PoolBase: HikariPool-1 - Closing connection com.mysql.cj.jdbc.ConnectionImpl@583c19e8: (connection has passed maxLifetime)
:2025-08-13 02:06:42.189 DEBUG HikariPool-1 connection adder c.z.h.p.HikariPool: HikariPool-1 - Added connection com.mysql.cj.jdbc.ConnectionImpl@7b68a7ef
:2025-08-13 02:06:42.230 DEBUG HikariPool-1 connection adder c.z.h.p.HikariPool: HikariPool-1 - Connection not added, stats (total=10, active=0, idle=10, waiting=0)
:2025-08-13 02:06:53.391 DEBUG HikariPool-1 connection closer c.z.h.p.PoolBase: HikariPool-1 - Closing connection com.mysql.cj.jdbc.ConnectionImpl@2ce95033: (connection has passed maxLifetime)
:2025-08-13 02:06:53.395 DEBUG HikariPool-1 connection adder c.z.h.p.HikariPool: HikariPool-1 - Added connection com.mysql.cj.jdbc.ConnectionImpl@be15a6a
:2025-08-13 02:06:53.438 DEBUG HikariPool-1 connection adder c.z.h.p.HikariPool: HikariPool-1 - Connection not added, stats (total=10, active=0, idle=10, waiting=0)
:2025-08-13 02:07:06.606 DEBUG HikariPool-1 housekeeper c.z.h.p.HikariPool: HikariPool-1 - Pool stats (total=10, active=0, idle=10, waiting=0)
:2025-08-13 02:07:06.606 DEBUG HikariPool-1 housekeeper c.z.h.p.HikariPool: HikariPool-1 - Fill pool skipped, pool has sufficient level or currently being filled.
:2025-08-13 02:07:25.711 DEBUG HikariPool-1 connection closer c.z.h.p.PoolBase: HikariPool-1 - Closing connection com.mysql.cj.jdbc.ConnectionImpl@108ac939: (connection has passed maxLifetime)
:2025-08-13 02:07:25.717 DEBUG HikariPool-1 connection adder c.z.h.p.HikariPool: HikariPool-1 - Added connection com.mysql.cj.jdbc.ConnectionImpl@2dcb8f8b
:2025-08-13 02:07:25.756 DEBUG HikariPool-1 connection adder c.z.h.p.HikariPool: HikariPool-1 - Connection not added, stats (total=10, active=0, idle=10, waiting=0)
:2025-08-13 02:07:36.619 DEBUG HikariPool-1 housekeeper c.z.h.p.HikariPool: HikariPool-1 - Pool stats (total=10, active=0, idle=10, waiting=0)
:2025-08-13 02:07:36.619 DEBUG HikariPool-1 housekeeper c.z.h.p.HikariPool: HikariPool-1 - Fill pool skipped, pool has sufficient level or currently being filled.
:2025-08-13 02:07:43.196 DEBUG HikariPool-1 connection closer c.z.h.p.PoolBase: HikariPool-1 - Closing connection com.mysql.cj.jdbc.ConnectionImpl@64e3ec4b: (connection has passed maxLifetime)
:2025-08-13 02:07:43.200 DEBUG HikariPool-1 connection adder c.z.h.p.HikariPool: HikariPool-1 - Added connection com.mysql.cj.jdbc.ConnectionImpl@76c3b7db
:2025-08-13 02:07:43.242 DEBUG HikariPool-1 connection adder c.z.h.p.HikariPool: HikariPool-1 - Connection not added, stats (total=10, active=0, idle=10, waiting=0)
:2025-08-13 02:07:46.127 DEBUG HikariPool-1 connection closer c.z.h.p.PoolBase: HikariPool-1 - Closing connection com.mysql.cj.jdbc.ConnectionImpl@44745d39: (connection has passed maxLifetime)
:2025-08-13 02:07:46.131 DEBUG HikariPool-1 connection adder c.z.h.p.HikariPool: HikariPool-1 - Added connection com.mysql.cj.jdbc.ConnectionImpl@2383296
:2025-08-13 02:07:46.174 DEBUG HikariPool-1 connection adder c.z.h.p.HikariPool: HikariPool-1 - Connection not added, stats (total=10, active=0, idle=10, waiting=0)
:2025-08-13 02:08:00.829 DEBUG HikariPool-1 connection closer c.z.h.p.PoolBase: HikariPool-1 - Closing connection com.mysql.cj.jdbc.ConnectionImpl@3c4bce15: (connection has passed maxLifetime)
:2025-08-13 02:08:00.833 DEBUG HikariPool-1 connection adder c.z.h.p.HikariPool: HikariPool-1 - Added connection com.mysql.cj.jdbc.ConnectionImpl@5b95178b
:2025-08-13 02:08:00.877 DEBUG HikariPool-1 connection adder c.z.h.p.HikariPool: HikariPool-1 - Connection not added, stats (total=10, active=0, idle=10, waiting=0)
:2025-08-13 02:08:06.632 DEBUG HikariPool-1 housekeeper c.z.h.p.HikariPool: HikariPool-1 - Pool stats (total=10, active=0, idle=10, waiting=0)
:2025-08-13 02:08:06.632 DEBUG HikariPool-1 housekeeper c.z.h.p.HikariPool: HikariPool-1 - Fill pool skipped, pool has sufficient level or currently being filled.
:2025-08-13 02:08:14.723 DEBUG HikariPool-1 connection closer c.z.h.p.PoolBase: HikariPool-1 - Closing connection com.mysql.cj.jdbc.ConnectionImpl@56dbae74: (connection has passed maxLifetime)
:2025-08-13 02:08:14.728 DEBUG HikariPool-1 connection adder c.z.h.p.HikariPool: HikariPool-1 - Added connection com.mysql.cj.jdbc.ConnectionImpl@7411378c
:2025-08-13 02:08:14.771 DEBUG HikariPool-1 connection adder c.z.h.p.HikariPool: HikariPool-1 - Connection not added, stats (total=10, active=0, idle=10, waiting=0)
:2025-08-13 02:08:36.639 DEBUG HikariPool-1 housekeeper c.z.h.p.HikariPool: HikariPool-1 - Pool stats (total=10, active=0, idle=10, waiting=0)
:2025-08-13 02:08:36.639 DEBUG HikariPool-1 housekeeper c.z.h.p.HikariPool: HikariPool-1 - Fill pool skipped, pool has sufficient level or currently being filled.
:2025-08-13 02:08:37.755 DEBUG HikariPool-1 connection closer c.z.h.p.PoolBase: HikariPool-1 - Closing connection com.mysql.cj.jdbc.ConnectionImpl@6a25a8c1: (connection has passed maxLifetime)
:2025-08-13 02:08:37.759 DEBUG HikariPool-1 connection adder c.z.h.p.HikariPool: HikariPool-1 - Added connection com.mysql.cj.jdbc.ConnectionImpl@4e3b0b3a
:2025-08-13 02:08:37.802 DEBUG HikariPool-1 connection adder c.z.h.p.HikariPool: HikariPool-1 - Connection not added, stats (total=10, active=0, idle=10, waiting=0)
:2025-08-13 02:08:38.839 DEBUG HikariPool-1 connection closer c.z.h.p.PoolBase: HikariPool-1 - Closing connection com.mysql.cj.jdbc.ConnectionImpl@1eb62d7d: (connection has passed maxLifetime)
:2025-08-13 02:08:38.843 DEBUG HikariPool-1 connection adder c.z.h.p.HikariPool: HikariPool-1 - Added connection com.mysql.cj.jdbc.ConnectionImpl@3af85134
:2025-08-13 02:08:38.887 DEBUG HikariPool-1 connection adder c.z.h.p.HikariPool: HikariPool-1 - Connection not added, stats (total=10, active=0, idle=10, waiting=0)
:2025-08-13 02:09:00.647 DEBUG HikariPool-1 connection closer c.z.h.p.PoolBase: HikariPool-1 - Closing connection com.mysql.cj.jdbc.ConnectionImpl@49b3ce5e: (connection has passed maxLifetime)
:2025-08-13 02:09:00.651 DEBUG HikariPool-1 connection adder c.z.h.p.HikariPool: HikariPool-1 - Added connection com.mysql.cj.jdbc.ConnectionImpl@4f9631d3
:2025-08-13 02:09:00.694 DEBUG HikariPool-1 connection adder c.z.h.p.HikariPool: HikariPool-1 - Connection not added, stats (total=10, active=0, idle=10, waiting=0)
:2025-08-13 02:09:06.646 DEBUG HikariPool-1 housekeeper c.z.h.p.HikariPool: HikariPool-1 - Pool stats (total=10, active=0, idle=10, waiting=0)
:2025-08-13 02:09:06.646 DEBUG HikariPool-1 housekeeper c.z.h.p.HikariPool: HikariPool-1 - Fill pool skipped, pool has sufficient level or currently being filled.
:2025-08-13 02:09:36.655 DEBUG HikariPool-1 housekeeper c.z.h.p.HikariPool: HikariPool-1 - Pool stats (total=10, active=0, idle=10, waiting=0)
:2025-08-13 02:09:36.655 DEBUG HikariPool-1 housekeeper c.z.h.p.HikariPool: HikariPool-1 - Fill pool skipped, pool has sufficient level or currently being filled.
:2025-08-13 02:10:06.668 DEBUG HikariPool-1 housekeeper c.z.h.p.HikariPool: HikariPool-1 - Pool stats (total=10, active=0, idle=10, waiting=0)
:2025-08-13 02:10:06.668 DEBUG HikariPool-1 housekeeper c.z.h.p.HikariPool: HikariPool-1 - Fill pool skipped, pool has sufficient level or currently being filled.
:2025-08-13 02:10:36.679 DEBUG HikariPool-1 housekeeper c.z.h.p.HikariPool: HikariPool-1 - Pool stats (total=10, active=0, idle=10, waiting=0)
:2025-08-13 02:10:36.679 DEBUG HikariPool-1 housekeeper c.z.h.p.HikariPool: HikariPool-1 - Fill pool skipped, pool has sufficient level or currently being filled.
:2025-08-13 02:11:06.686 DEBUG HikariPool-1 housekeeper c.z.h.p.HikariPool: HikariPool-1 - Pool stats (total=10, active=0, idle=10, waiting=0)
:2025-08-13 02:11:06.686 DEBUG HikariPool-1 housekeeper c.z.h.p.HikariPool: HikariPool-1 - Fill pool skipped, pool has sufficient level or currently being filled.
:2025-08-13 02:11:36.699 DEBUG HikariPool-1 housekeeper c.z.h.p.HikariPool: HikariPool-1 - Pool stats (total=10, active=0, idle=10, waiting=0)
:2025-08-13 02:11:36.699 DEBUG HikariPool-1 housekeeper c.z.h.p.HikariPool: HikariPool-1 - Fill pool skipped, pool has sufficient level or currently being filled.
:2025-08-13 02:12:06.707 DEBUG HikariPool-1 housekeeper c.z.h.p.HikariPool: HikariPool-1 - Pool stats (total=10, active=0, idle=10, waiting=0)
:2025-08-13 02:12:06.707 DEBUG HikariPool-1 housekeeper c.z.h.p.HikariPool: HikariPool-1 - Fill pool skipped, pool has sufficient level or currently being filled.
:2025-08-13 02:12:36.713 DEBUG HikariPool-1 housekeeper c.z.h.p.HikariPool: HikariPool-1 - Pool stats (total=10, active=0, idle=10, waiting=0)
:2025-08-13 02:12:36.713 DEBUG HikariPool-1 housekeeper c.z.h.p.HikariPool: HikariPool-1 - Fill pool skipped, pool has sufficient level or currently being filled.
:2025-08-13 02:13:06.716 DEBUG HikariPool-1 housekeeper c.z.h.p.HikariPool: HikariPool-1 - Pool stats (total=10, active=0, idle=10, waiting=0)
:2025-08-13 02:13:06.716 DEBUG HikariPool-1 housekeeper c.z.h.p.HikariPool: HikariPool-1 - Fill pool skipped, pool has sufficient level or currently being filled.
:2025-08-13 02:13:36.731 DEBUG HikariPool-1 housekeeper c.z.h.p.HikariPool: HikariPool-1 - Pool stats (total=10, active=0, idle=10, waiting=0)
:2025-08-13 02:13:36.731 DEBUG HikariPool-1 housekeeper c.z.h.p.HikariPool: HikariPool-1 - Fill pool skipped, pool has sufficient level or currently being filled.
:2025-08-13 02:14:06.733 DEBUG HikariPool-1 housekeeper c.z.h.p.HikariPool: HikariPool-1 - Pool stats (total=10, active=0, idle=10, waiting=0)
:2025-08-13 02:14:06.733 DEBUG HikariPool-1 housekeeper c.z.h.p.HikariPool: HikariPool-1 - Fill pool skipped, pool has sufficient level or currently being filled.
:2025-08-13 02:14:36.740 DEBUG HikariPool-1 housekeeper c.z.h.p.HikariPool: HikariPool-1 - Pool stats (total=10, active=0, idle=10, waiting=0)
:2025-08-13 02:14:36.740 DEBUG HikariPool-1 housekeeper c.z.h.p.HikariPool: HikariPool-1 - Fill pool skipped, pool has sufficient level or currently being filled.
:2025-08-13 02:15:06.743 DEBUG HikariPool-1 housekeeper c.z.h.p.HikariPool: HikariPool-1 - Pool stats (total=10, active=0, idle=10, waiting=0)
:2025-08-13 02:15:06.743 DEBUG HikariPool-1 housekeeper c.z.h.p.HikariPool: HikariPool-1 - Fill pool skipped, pool has sufficient level or currently being filled.
:2025-08-13 02:15:36.754 DEBUG HikariPool-1 housekeeper c.z.h.p.HikariPool: HikariPool-1 - Pool stats (total=10, active=0, idle=10, waiting=0)
:2025-08-13 02:15:36.754 DEBUG HikariPool-1 housekeeper c.z.h.p.HikariPool: HikariPool-1 - Fill pool skipped, pool has sufficient level or currently being filled.
:2025-08-13 02:16:06.765 DEBUG HikariPool-1 housekeeper c.z.h.p.HikariPool: HikariPool-1 - Pool stats (total=10, active=0, idle=10, waiting=0)
:2025-08-13 02:16:06.765 DEBUG HikariPool-1 housekeeper c.z.h.p.HikariPool: HikariPool-1 - Fill pool skipped, pool has sufficient level or currently being filled.
:2025-08-13 02:16:36.771 DEBUG HikariPool-1 housekeeper c.z.h.p.HikariPool: HikariPool-1 - Pool stats (total=10, active=0, idle=10, waiting=0)
:2025-08-13 02:16:36.771 DEBUG HikariPool-1 housekeeper c.z.h.p.HikariPool: HikariPool-1 - Fill pool skipped, pool has sufficient level or currently being filled.
:2025-08-13 02:17:06.782 DEBUG HikariPool-1 housekeeper c.z.h.p.HikariPool: HikariPool-1 - Pool stats (total=10, active=0, idle=10, waiting=0)
:2025-08-13 02:17:06.782 DEBUG HikariPool-1 housekeeper c.z.h.p.HikariPool: HikariPool-1 - Fill pool skipped, pool has sufficient level or currently being filled.
:2025-08-13 02:17:36.792 DEBUG HikariPool-1 housekeeper c.z.h.p.HikariPool: HikariPool-1 - Pool stats (total=10, active=0, idle=10, waiting=0)
:2025-08-13 02:17:36.792 DEBUG HikariPool-1 housekeeper c.z.h.p.HikariPool: HikariPool-1 - Fill pool skipped, pool has sufficient level or currently being filled.
:2025-08-13 02:18:06.792 DEBUG HikariPool-1 housekeeper c.z.h.p.HikariPool: HikariPool-1 - Pool stats (total=10, active=0, idle=10, waiting=0)
:2025-08-13 02:18:06.792 DEBUG HikariPool-1 housekeeper c.z.h.p.HikariPool: HikariPool-1 - Fill pool skipped, pool has sufficient level or currently being filled.
:2025-08-13 02:18:36.807 DEBUG HikariPool-1 housekeeper c.z.h.p.HikariPool: HikariPool-1 - Pool stats (total=10, active=0, idle=10, waiting=0)
:2025-08-13 02:18:36.807 DEBUG HikariPool-1 housekeeper c.z.h.p.HikariPool: HikariPool-1 - Fill pool skipped, pool has sufficient level or currently being filled.
:2025-08-13 02:19:06.816 DEBUG HikariPool-1 housekeeper c.z.h.p.HikariPool: HikariPool-1 - Pool stats (total=10, active=0, idle=10, waiting=0)
:2025-08-13 02:19:06.816 DEBUG HikariPool-1 housekeeper c.z.h.p.HikariPool: HikariPool-1 - Fill pool skipped, pool has sufficient level or currently being filled.
:2025-08-13 02:19:36.826 DEBUG HikariPool-1 housekeeper c.z.h.p.HikariPool: HikariPool-1 - Pool stats (total=10, active=0, idle=10, waiting=0)
:2025-08-13 02:19:36.826 DEBUG HikariPool-1 housekeeper c.z.h.p.HikariPool: HikariPool-1 - Fill pool skipped, pool has sufficient level or currently being filled.
:2025-08-13 02:20:06.840 DEBUG HikariPool-1 housekeeper c.z.h.p.HikariPool: HikariPool-1 - Pool stats (total=10, active=0, idle=10, waiting=0)
:2025-08-13 02:20:06.840 DEBUG HikariPool-1 housekeeper c.z.h.p.HikariPool: HikariPool-1 - Fill pool skipped, pool has sufficient level or currently being filled.
:2025-08-13 02:20:36.843 DEBUG HikariPool-1 housekeeper c.z.h.p.HikariPool: HikariPool-1 - Pool stats (total=10, active=0, idle=10, waiting=0)
:2025-08-13 02:20:36.843 DEBUG HikariPool-1 housekeeper c.z.h.p.HikariPool: HikariPool-1 - Fill pool skipped, pool has sufficient level or currently being filled.
:2025-08-13 02:21:06.843 DEBUG HikariPool-1 housekeeper c.z.h.p.HikariPool: HikariPool-1 - Pool stats (total=10, active=0, idle=10, waiting=0)
:2025-08-13 02:21:06.843 DEBUG HikariPool-1 housekeeper c.z.h.p.HikariPool: HikariPool-1 - Fill pool skipped, pool has sufficient level or currently being filled.
:2025-08-13 02:21:36.850 DEBUG HikariPool-1 housekeeper c.z.h.p.HikariPool: HikariPool-1 - Pool stats (total=10, active=0, idle=10, waiting=0)
:2025-08-13 02:21:36.850 DEBUG HikariPool-1 housekeeper c.z.h.p.HikariPool: HikariPool-1 - Fill pool skipped, pool has sufficient level or currently being filled.
:2025-08-13 02:22:06.862 DEBUG HikariPool-1 housekeeper c.z.h.p.HikariPool: HikariPool-1 - Pool stats (total=10, active=0, idle=10, waiting=0)
:2025-08-13 02:22:06.862 DEBUG HikariPool-1 housekeeper c.z.h.p.HikariPool: HikariPool-1 - Fill pool skipped, pool has sufficient level or currently being filled.
:2025-08-13 02:22:36.869 DEBUG HikariPool-1 housekeeper c.z.h.p.HikariPool: HikariPool-1 - Pool stats (total=10, active=0, idle=10, waiting=0)
:2025-08-13 02:22:36.869 DEBUG HikariPool-1 housekeeper c.z.h.p.HikariPool: HikariPool-1 - Fill pool skipped, pool has sufficient level or currently being filled.
:2025-08-13 02:23:06.872 DEBUG HikariPool-1 housekeeper c.z.h.p.HikariPool: HikariPool-1 - Pool stats (total=10, active=0, idle=10, waiting=0)
:2025-08-13 02:23:06.872 DEBUG HikariPool-1 housekeeper c.z.h.p.HikariPool: HikariPool-1 - Fill pool skipped, pool has sufficient level or currently being filled.
:2025-08-13 02:23:36.883 DEBUG HikariPool-1 housekeeper c.z.h.p.HikariPool: HikariPool-1 - Pool stats (total=10, active=0, idle=10, waiting=0)
:2025-08-13 02:23:36.883 DEBUG HikariPool-1 housekeeper c.z.h.p.HikariPool: HikariPool-1 - Fill pool skipped, pool has sufficient level or currently being filled.
:2025-08-13 02:24:06.896 DEBUG HikariPool-1 housekeeper c.z.h.p.HikariPool: HikariPool-1 - Pool stats (total=10, active=0, idle=10, waiting=0)
:2025-08-13 02:24:06.896 DEBUG HikariPool-1 housekeeper c.z.h.p.HikariPool: HikariPool-1 - Fill pool skipped, pool has sufficient level or currently being filled.
:2025-08-13 02:24:36.898 DEBUG HikariPool-1 housekeeper c.z.h.p.HikariPool: HikariPool-1 - Pool stats (total=10, active=0, idle=10, waiting=0)
:2025-08-13 02:24:36.898 DEBUG HikariPool-1 housekeeper c.z.h.p.HikariPool: HikariPool-1 - Fill pool skipped, pool has sufficient level or currently being filled.
:2025-08-13 02:25:06.909 DEBUG HikariPool-1 housekeeper c.z.h.p.HikariPool: HikariPool-1 - Pool stats (total=10, active=0, idle=10, waiting=0)
:2025-08-13 02:25:06.909 DEBUG HikariPool-1 housekeeper c.z.h.p.HikariPool: HikariPool-1 - Fill pool skipped, pool has sufficient level or currently being filled.
:2025-08-13 02:25:36.922 DEBUG HikariPool-1 housekeeper c.z.h.p.HikariPool: HikariPool-1 - Pool stats (total=10, active=0, idle=10, waiting=0)
:2025-08-13 02:25:36.922 DEBUG HikariPool-1 housekeeper c.z.h.p.HikariPool: HikariPool-1 - Fill pool skipped, pool has sufficient level or currently being filled.
:2025-08-13 02:26:06.926 DEBUG HikariPool-1 housekeeper c.z.h.p.HikariPool: HikariPool-1 - Pool stats (total=10, active=0, idle=10, waiting=0)
:2025-08-13 02:26:06.926 DEBUG HikariPool-1 housekeeper c.z.h.p.HikariPool: HikariPool-1 - Fill pool skipped, pool has sufficient level or currently being filled.
:2025-08-13 02:26:36.941 DEBUG HikariPool-1 housekeeper c.z.h.p.HikariPool: HikariPool-1 - Pool stats (total=10, active=0, idle=10, waiting=0)
:2025-08-13 02:26:36.941 DEBUG HikariPool-1 housekeeper c.z.h.p.HikariPool: HikariPool-1 - Fill pool skipped, pool has sufficient level or currently being filled.
:2025-08-13 02:27:06.943 DEBUG HikariPool-1 housekeeper c.z.h.p.HikariPool: HikariPool-1 - Pool stats (total=10, active=0, idle=10, waiting=0)
:2025-08-13 02:27:06.943 DEBUG HikariPool-1 housekeeper c.z.h.p.HikariPool: HikariPool-1 - Fill pool skipped, pool has sufficient level or currently being filled.
:2025-08-13 02:27:36.950 DEBUG HikariPool-1 housekeeper c.z.h.p.HikariPool: HikariPool-1 - Pool stats (total=10, active=0, idle=10, waiting=0)
:2025-08-13 02:27:36.950 DEBUG HikariPool-1 housekeeper c.z.h.p.HikariPool: HikariPool-1 - Fill pool skipped, pool has sufficient level or currently being filled.
:2025-08-13 02:28:06.955 DEBUG HikariPool-1 housekeeper c.z.h.p.HikariPool: HikariPool-1 - Pool stats (total=10, active=0, idle=10, waiting=0)
:2025-08-13 02:28:06.955 DEBUG HikariPool-1 housekeeper c.z.h.p.HikariPool: HikariPool-1 - Fill pool skipped, pool has sufficient level or currently being filled.
:2025-08-13 02:28:36.961 DEBUG HikariPool-1 housekeeper c.z.h.p.HikariPool: HikariPool-1 - Pool stats (total=10, active=0, idle=10, waiting=0)
:2025-08-13 02:28:36.961 DEBUG HikariPool-1 housekeeper c.z.h.p.HikariPool: HikariPool-1 - Fill pool skipped, pool has sufficient level or currently being filled.
:2025-08-13 02:29:06.974 DEBUG HikariPool-1 housekeeper c.z.h.p.HikariPool: HikariPool-1 - Pool stats (total=10, active=0, idle=10, waiting=0)
:2025-08-13 02:29:06.974 DEBUG HikariPool-1 housekeeper c.z.h.p.HikariPool: HikariPool-1 - Fill pool skipped, pool has sufficient level or currently being filled.
:2025-08-13 02:29:36.985 DEBUG HikariPool-1 housekeeper c.z.h.p.HikariPool: HikariPool-1 - Pool stats (total=10, active=0, idle=10, waiting=0)
:2025-08-13 02:29:36.985 DEBUG HikariPool-1 housekeeper c.z.h.p.HikariPool: HikariPool-1 - Fill pool skipped, pool has sufficient level or currently being filled.
:2025-08-13 02:30:06.987 DEBUG HikariPool-1 housekeeper c.z.h.p.HikariPool: HikariPool-1 - Pool stats (total=10, active=0, idle=10, waiting=0)
:2025-08-13 02:30:06.987 DEBUG HikariPool-1 housekeeper c.z.h.p.HikariPool: HikariPool-1 - Fill pool skipped, pool has sufficient level or currently being filled.
:2025-08-13 02:30:37.001 DEBUG HikariPool-1 housekeeper c.z.h.p.HikariPool: HikariPool-1 - Pool stats (total=10, active=0, idle=10, waiting=0)
:2025-08-13 02:30:37.001 DEBUG HikariPool-1 housekeeper c.z.h.p.HikariPool: HikariPool-1 - Fill pool skipped, pool has sufficient level or currently being filled.
:2025-08-13 02:31:07.003 DEBUG HikariPool-1 housekeeper c.z.h.p.HikariPool: HikariPool-1 - Pool stats (total=10, active=0, idle=10, waiting=0)
:2025-08-13 02:31:07.003 DEBUG HikariPool-1 housekeeper c.z.h.p.HikariPool: HikariPool-1 - Fill pool skipped, pool has sufficient level or currently being filled.
:2025-08-13 02:31:37.018 DEBUG HikariPool-1 housekeeper c.z.h.p.HikariPool: HikariPool-1 - Pool stats (total=10, active=0, idle=10, waiting=0)
:2025-08-13 02:31:37.018 DEBUG HikariPool-1 housekeeper c.z.h.p.HikariPool: HikariPool-1 - Fill pool skipped, pool has sufficient level or currently being filled.
:2025-08-13 02:32:07.021 DEBUG HikariPool-1 housekeeper c.z.h.p.HikariPool: HikariPool-1 - Pool stats (total=10, active=0, idle=10, waiting=0)
:2025-08-13 02:32:07.021 DEBUG HikariPool-1 housekeeper c.z.h.p.HikariPool: HikariPool-1 - Fill pool skipped, pool has sufficient level or currently being filled.
:2025-08-13 02:32:37.022 DEBUG HikariPool-1 housekeeper c.z.h.p.HikariPool: HikariPool-1 - Pool stats (total=10, active=0, idle=10, waiting=0)
:2025-08-13 02:32:37.022 DEBUG HikariPool-1 housekeeper c.z.h.p.HikariPool: HikariPool-1 - Fill pool skipped, pool has sufficient level or currently being filled.
:2025-08-13 02:33:07.023 DEBUG HikariPool-1 housekeeper c.z.h.p.HikariPool: HikariPool-1 - Pool stats (total=10, active=0, idle=10, waiting=0)
:2025-08-13 02:33:07.023 DEBUG HikariPool-1 housekeeper c.z.h.p.HikariPool: HikariPool-1 - Fill pool skipped, pool has sufficient level or currently being filled.
:2025-08-13 02:33:37.024 DEBUG HikariPool-1 housekeeper c.z.h.p.HikariPool: HikariPool-1 - Pool stats (total=10, active=0, idle=10, waiting=0)
:2025-08-13 02:33:37.024 DEBUG HikariPool-1 housekeeper c.z.h.p.HikariPool: HikariPool-1 - Fill pool skipped, pool has sufficient level or currently being filled.
:2025-08-13 02:34:07.033 DEBUG HikariPool-1 housekeeper c.z.h.p.HikariPool: HikariPool-1 - Pool stats (total=10, active=0, idle=10, waiting=0)
:2025-08-13 02:34:07.033 DEBUG HikariPool-1 housekeeper c.z.h.p.HikariPool: HikariPool-1 - Fill pool skipped, pool has sufficient level or currently being filled.
:2025-08-13 02:34:37.044 DEBUG HikariPool-1 housekeeper c.z.h.p.HikariPool: HikariPool-1 - Pool stats (total=10, active=0, idle=10, waiting=0)
:2025-08-13 02:34:37.044 DEBUG HikariPool-1 housekeeper c.z.h.p.HikariPool: HikariPool-1 - Fill pool skipped, pool has sufficient level or currently being filled.
:2025-08-13 02:35:07.046 DEBUG HikariPool-1 housekeeper c.z.h.p.HikariPool: HikariPool-1 - Pool stats (total=10, active=0, idle=10, waiting=0)
:2025-08-13 02:35:07.046 DEBUG HikariPool-1 housekeeper c.z.h.p.HikariPool: HikariPool-1 - Fill pool skipped, pool has sufficient level or currently being filled.
:2025-08-13 02:35:37.050 DEBUG HikariPool-1 housekeeper c.z.h.p.HikariPool: HikariPool-1 - Pool stats (total=10, active=0, idle=10, waiting=0)
:2025-08-13 02:35:37.050 DEBUG HikariPool-1 housekeeper c.z.h.p.HikariPool: HikariPool-1 - Fill pool skipped, pool has sufficient level or currently being filled.
:2025-08-13 02:36:07.066 DEBUG HikariPool-1 housekeeper c.z.h.p.HikariPool: HikariPool-1 - Pool stats (total=10, active=0, idle=10, waiting=0)
:2025-08-13 02:36:07.066 DEBUG HikariPool-1 housekeeper c.z.h.p.HikariPool: HikariPool-1 - Fill pool skipped, pool has sufficient level or currently being filled.
:2025-08-13 02:36:19.570 DEBUG HikariPool-1 connection closer c.z.h.p.PoolBase: HikariPool-1 - Closing connection com.mysql.cj.jdbc.ConnectionImpl@be15a6a: (connection has passed maxLifetime)
:2025-08-13 02:36:19.575 DEBUG HikariPool-1 connection adder c.z.h.p.HikariPool: HikariPool-1 - Added connection com.mysql.cj.jdbc.ConnectionImpl@507b8e6b
:2025-08-13 02:36:19.617 DEBUG HikariPool-1 connection adder c.z.h.p.HikariPool: HikariPool-1 - Connection not added, stats (total=10, active=0, idle=10, waiting=0)
:2025-08-13 02:36:37.068 DEBUG HikariPool-1 housekeeper c.z.h.p.HikariPool: HikariPool-1 - Pool stats (total=10, active=0, idle=10, waiting=0)
:2025-08-13 02:36:37.068 DEBUG HikariPool-1 housekeeper c.z.h.p.HikariPool: HikariPool-1 - Fill pool skipped, pool has sufficient level or currently being filled.
:2025-08-13 02:36:41.651 DEBUG HikariPool-1 connection closer c.z.h.p.PoolBase: HikariPool-1 - Closing connection com.mysql.cj.jdbc.ConnectionImpl@7b68a7ef: (connection has passed maxLifetime)
:2025-08-13 02:36:41.655 DEBUG HikariPool-1 connection adder c.z.h.p.HikariPool: HikariPool-1 - Added connection com.mysql.cj.jdbc.ConnectionImpl@40b28265
:2025-08-13 02:36:41.697 DEBUG HikariPool-1 connection adder c.z.h.p.HikariPool: HikariPool-1 - Connection not added, stats (total=10, active=0, idle=10, waiting=0)
:2025-08-13 02:37:01.451 DEBUG HikariPool-1 connection closer c.z.h.p.PoolBase: HikariPool-1 - Closing connection com.mysql.cj.jdbc.ConnectionImpl@2dcb8f8b: (connection has passed maxLifetime)
:2025-08-13 02:37:01.454 DEBUG HikariPool-1 connection adder c.z.h.p.HikariPool: HikariPool-1 - Added connection com.mysql.cj.jdbc.ConnectionImpl@5fae6d37
:2025-08-13 02:37:01.498 DEBUG HikariPool-1 connection adder c.z.h.p.HikariPool: HikariPool-1 - Connection not added, stats (total=10, active=0, idle=10, waiting=0)
:2025-08-13 02:37:05.437 DEBUG HikariPool-1 connection closer c.z.h.p.PoolBase: HikariPool-1 - Closing connection com.mysql.cj.jdbc.ConnectionImpl@2383296: (connection has passed maxLifetime)
:2025-08-13 02:37:05.441 DEBUG HikariPool-1 connection adder c.z.h.p.HikariPool: HikariPool-1 - Added connection com.mysql.cj.jdbc.ConnectionImpl@2bfc31e8
:2025-08-13 02:37:05.484 DEBUG HikariPool-1 connection adder c.z.h.p.HikariPool: HikariPool-1 - Connection not added, stats (total=10, active=0, idle=10, waiting=0)
:2025-08-13 02:37:06.870 DEBUG HikariPool-1 connection closer c.z.h.p.PoolBase: HikariPool-1 - Closing connection com.mysql.cj.jdbc.ConnectionImpl@76c3b7db: (connection has passed maxLifetime)
:2025-08-13 02:37:06.873 DEBUG HikariPool-1 connection adder c.z.h.p.HikariPool: HikariPool-1 - Added connection com.mysql.cj.jdbc.ConnectionImpl@68b0c8d2
:2025-08-13 02:37:06.916 DEBUG HikariPool-1 connection adder c.z.h.p.HikariPool: HikariPool-1 - Connection not added, stats (total=10, active=0, idle=10, waiting=0)
:2025-08-13 02:37:07.072 DEBUG HikariPool-1 housekeeper c.z.h.p.HikariPool: HikariPool-1 - Pool stats (total=10, active=0, idle=10, waiting=0)
:2025-08-13 02:37:07.072 DEBUG HikariPool-1 housekeeper c.z.h.p.HikariPool: HikariPool-1 - Fill pool skipped, pool has sufficient level or currently being filled.
:2025-08-13 02:37:34.134 DEBUG HikariPool-1 connection closer c.z.h.p.PoolBase: HikariPool-1 - Closing connection com.mysql.cj.jdbc.ConnectionImpl@7411378c: (connection has passed maxLifetime)
:2025-08-13 02:37:34.138 DEBUG HikariPool-1 connection adder c.z.h.p.HikariPool: HikariPool-1 - Added connection com.mysql.cj.jdbc.ConnectionImpl@3f9e0860
:2025-08-13 02:37:34.179 DEBUG HikariPool-1 connection adder c.z.h.p.HikariPool: HikariPool-1 - Connection not added, stats (total=10, active=0, idle=10, waiting=0)
:2025-08-13 02:37:36.472 DEBUG HikariPool-1 connection closer c.z.h.p.PoolBase: HikariPool-1 - Closing connection com.mysql.cj.jdbc.ConnectionImpl@5b95178b: (connection has passed maxLifetime)
:2025-08-13 02:37:36.476 DEBUG HikariPool-1 connection adder c.z.h.p.HikariPool: HikariPool-1 - Added connection com.mysql.cj.jdbc.ConnectionImpl@4b2c88fc
:2025-08-13 02:37:36.519 DEBUG HikariPool-1 connection adder c.z.h.p.HikariPool: HikariPool-1 - Connection not added, stats (total=10, active=0, idle=10, waiting=0)
:2025-08-13 02:37:37.088 DEBUG HikariPool-1 housekeeper c.z.h.p.HikariPool: HikariPool-1 - Pool stats (total=10, active=0, idle=10, waiting=0)
:2025-08-13 02:37:37.088 DEBUG HikariPool-1 housekeeper c.z.h.p.HikariPool: HikariPool-1 - Fill pool skipped, pool has sufficient level or currently being filled.
:2025-08-13 02:37:56.193 DEBUG HikariPool-1 connection closer c.z.h.p.PoolBase: HikariPool-1 - Closing connection com.mysql.cj.jdbc.ConnectionImpl@3af85134: (connection has passed maxLifetime)
:2025-08-13 02:37:56.196 DEBUG HikariPool-1 connection adder c.z.h.p.HikariPool: HikariPool-1 - Added connection com.mysql.cj.jdbc.ConnectionImpl@57cf7c3e
:2025-08-13 02:37:56.240 DEBUG HikariPool-1 connection adder c.z.h.p.HikariPool: HikariPool-1 - Connection not added, stats (total=10, active=0, idle=10, waiting=0)
:2025-08-13 02:38:07.090 DEBUG HikariPool-1 housekeeper c.z.h.p.HikariPool: HikariPool-1 - Pool stats (total=10, active=0, idle=10, waiting=0)
:2025-08-13 02:38:07.090 DEBUG HikariPool-1 housekeeper c.z.h.p.HikariPool: HikariPool-1 - Fill pool skipped, pool has sufficient level or currently being filled.
:2025-08-13 02:38:26.609 DEBUG HikariPool-1 connection closer c.z.h.p.PoolBase: HikariPool-1 - Closing connection com.mysql.cj.jdbc.ConnectionImpl@4e3b0b3a: (connection has passed maxLifetime)
:2025-08-13 02:38:26.613 DEBUG HikariPool-1 connection adder c.z.h.p.HikariPool: HikariPool-1 - Added connection com.mysql.cj.jdbc.ConnectionImpl@17cb05eb
:2025-08-13 02:38:26.657 DEBUG HikariPool-1 connection adder c.z.h.p.HikariPool: HikariPool-1 - Connection not added, stats (total=10, active=0, idle=10, waiting=0)
:2025-08-13 02:38:37.104 DEBUG HikariPool-1 housekeeper c.z.h.p.HikariPool: HikariPool-1 - Pool stats (total=10, active=0, idle=10, waiting=0)
:2025-08-13 02:38:37.104 DEBUG HikariPool-1 housekeeper c.z.h.p.HikariPool: HikariPool-1 - Fill pool skipped, pool has sufficient level or currently being filled.
:2025-08-13 02:38:48.512 DEBUG HikariPool-1 connection closer c.z.h.p.PoolBase: HikariPool-1 - Closing connection com.mysql.cj.jdbc.ConnectionImpl@4f9631d3: (connection has passed maxLifetime)
:2025-08-13 02:38:48.516 DEBUG HikariPool-1 connection adder c.z.h.p.HikariPool: HikariPool-1 - Added connection com.mysql.cj.jdbc.ConnectionImpl@4b6edc12
:2025-08-13 02:38:48.559 DEBUG HikariPool-1 connection adder c.z.h.p.HikariPool: HikariPool-1 - Connection not added, stats (total=10, active=0, idle=10, waiting=0)
:2025-08-13 02:39:07.104 DEBUG HikariPool-1 housekeeper c.z.h.p.HikariPool: HikariPool-1 - Pool stats (total=10, active=0, idle=10, waiting=0)
:2025-08-13 02:39:07.104 DEBUG HikariPool-1 housekeeper c.z.h.p.HikariPool: HikariPool-1 - Fill pool skipped, pool has sufficient level or currently being filled.
:2025-08-13 02:39:37.105 DEBUG HikariPool-1 housekeeper c.z.h.p.HikariPool: HikariPool-1 - Pool stats (total=10, active=0, idle=10, waiting=0)
:2025-08-13 02:39:37.105 DEBUG HikariPool-1 housekeeper c.z.h.p.HikariPool: HikariPool-1 - Fill pool skipped, pool has sufficient level or currently being filled.
:2025-08-13 02:40:07.118 DEBUG HikariPool-1 housekeeper c.z.h.p.HikariPool: HikariPool-1 - Pool stats (total=10, active=0, idle=10, waiting=0)
:2025-08-13 02:40:07.118 DEBUG HikariPool-1 housekeeper c.z.h.p.HikariPool: HikariPool-1 - Fill pool skipped, pool has sufficient level or currently being filled.
:2025-08-13 02:40:37.123 DEBUG HikariPool-1 housekeeper c.z.h.p.HikariPool: HikariPool-1 - Pool stats (total=10, active=0, idle=10, waiting=0)
:2025-08-13 02:40:37.123 DEBUG HikariPool-1 housekeeper c.z.h.p.HikariPool: HikariPool-1 - Fill pool skipped, pool has sufficient level or currently being filled.
:2025-08-13 02:41:07.125 DEBUG HikariPool-1 housekeeper c.z.h.p.HikariPool: HikariPool-1 - Pool stats (total=10, active=0, idle=10, waiting=0)
:2025-08-13 02:41:07.125 DEBUG HikariPool-1 housekeeper c.z.h.p.HikariPool: HikariPool-1 - Fill pool skipped, pool has sufficient level or currently being filled.
:2025-08-13 02:41:37.139 DEBUG HikariPool-1 housekeeper c.z.h.p.HikariPool: HikariPool-1 - Pool stats (total=10, active=0, idle=10, waiting=0)
:2025-08-13 02:41:37.139 DEBUG HikariPool-1 housekeeper c.z.h.p.HikariPool: HikariPool-1 - Fill pool skipped, pool has sufficient level or currently being filled.
:2025-08-13 02:42:07.151 DEBUG HikariPool-1 housekeeper c.z.h.p.HikariPool: HikariPool-1 - Pool stats (total=10, active=0, idle=10, waiting=0)
:2025-08-13 02:42:07.151 DEBUG HikariPool-1 housekeeper c.z.h.p.HikariPool: HikariPool-1 - Fill pool skipped, pool has sufficient level or currently being filled.
:2025-08-13 02:42:37.160 DEBUG HikariPool-1 housekeeper c.z.h.p.HikariPool: HikariPool-1 - Pool stats (total=10, active=0, idle=10, waiting=0)
:2025-08-13 02:42:37.160 DEBUG HikariPool-1 housekeeper c.z.h.p.HikariPool: HikariPool-1 - Fill pool skipped, pool has sufficient level or currently being filled.
:2025-08-13 02:43:07.167 DEBUG HikariPool-1 housekeeper c.z.h.p.HikariPool: HikariPool-1 - Pool stats (total=10, active=0, idle=10, waiting=0)
:2025-08-13 02:43:07.167 DEBUG HikariPool-1 housekeeper c.z.h.p.HikariPool: HikariPool-1 - Fill pool skipped, pool has sufficient level or currently being filled.
:2025-08-13 02:43:37.178 DEBUG HikariPool-1 housekeeper c.z.h.p.HikariPool: HikariPool-1 - Pool stats (total=10, active=0, idle=10, waiting=0)
:2025-08-13 02:43:37.178 DEBUG HikariPool-1 housekeeper c.z.h.p.HikariPool: HikariPool-1 - Fill pool skipped, pool has sufficient level or currently being filled.
:2025-08-13 02:44:07.185 DEBUG HikariPool-1 housekeeper c.z.h.p.HikariPool: HikariPool-1 - Pool stats (total=10, active=0, idle=10, waiting=0)
:2025-08-13 02:44:07.185 DEBUG HikariPool-1 housekeeper c.z.h.p.HikariPool: HikariPool-1 - Fill pool skipped, pool has sufficient level or currently being filled.
:2025-08-13 02:44:37.193 DEBUG HikariPool-1 housekeeper c.z.h.p.HikariPool: HikariPool-1 - Pool stats (total=10, active=0, idle=10, waiting=0)
:2025-08-13 02:44:37.193 DEBUG HikariPool-1 housekeeper c.z.h.p.HikariPool: HikariPool-1 - Fill pool skipped, pool has sufficient level or currently being filled.
:2025-08-13 02:45:07.201 DEBUG HikariPool-1 housekeeper c.z.h.p.HikariPool: HikariPool-1 - Pool stats (total=10, active=0, idle=10, waiting=0)
:2025-08-13 02:45:07.201 DEBUG HikariPool-1 housekeeper c.z.h.p.HikariPool: HikariPool-1 - Fill pool skipped, pool has sufficient level or currently being filled.
:2025-08-13 02:45:37.210 DEBUG HikariPool-1 housekeeper c.z.h.p.HikariPool: HikariPool-1 - Pool stats (total=10, active=0, idle=10, waiting=0)
:2025-08-13 02:45:37.210 DEBUG HikariPool-1 housekeeper c.z.h.p.HikariPool: HikariPool-1 - Fill pool skipped, pool has sufficient level or currently being filled.
:2025-08-13 02:46:07.223 DEBUG HikariPool-1 housekeeper c.z.h.p.HikariPool: HikariPool-1 - Pool stats (total=10, active=0, idle=10, waiting=0)
:2025-08-13 02:46:07.223 DEBUG HikariPool-1 housekeeper c.z.h.p.HikariPool: HikariPool-1 - Fill pool skipped, pool has sufficient level or currently being filled.
:2025-08-13 02:46:37.229 DEBUG HikariPool-1 housekeeper c.z.h.p.HikariPool: HikariPool-1 - Pool stats (total=10, active=0, idle=10, waiting=0)
:2025-08-13 02:46:37.229 DEBUG HikariPool-1 housekeeper c.z.h.p.HikariPool: HikariPool-1 - Fill pool skipped, pool has sufficient level or currently being filled.
:2025-08-13 02:47:07.240 DEBUG HikariPool-1 housekeeper c.z.h.p.HikariPool: HikariPool-1 - Pool stats (total=10, active=0, idle=10, waiting=0)
:2025-08-13 02:47:07.240 DEBUG HikariPool-1 housekeeper c.z.h.p.HikariPool: HikariPool-1 - Fill pool skipped, pool has sufficient level or currently being filled.
:2025-08-13 02:47:37.242 DEBUG HikariPool-1 housekeeper c.z.h.p.HikariPool: HikariPool-1 - Pool stats (total=10, active=0, idle=10, waiting=0)
:2025-08-13 02:47:37.242 DEBUG HikariPool-1 housekeeper c.z.h.p.HikariPool: HikariPool-1 - Fill pool skipped, pool has sufficient level or currently being filled.
:2025-08-13 02:48:07.252 DEBUG HikariPool-1 housekeeper c.z.h.p.HikariPool: HikariPool-1 - Pool stats (total=10, active=0, idle=10, waiting=0)
:2025-08-13 02:48:07.252 DEBUG HikariPool-1 housekeeper c.z.h.p.HikariPool: HikariPool-1 - Fill pool skipped, pool has sufficient level or currently being filled.
:2025-08-13 02:48:37.258 DEBUG HikariPool-1 housekeeper c.z.h.p.HikariPool: HikariPool-1 - Pool stats (total=10, active=0, idle=10, waiting=0)
:2025-08-13 02:48:37.258 DEBUG HikariPool-1 housekeeper c.z.h.p.HikariPool: HikariPool-1 - Fill pool skipped, pool has sufficient level or currently being filled.
:2025-08-13 02:49:07.266 DEBUG HikariPool-1 housekeeper c.z.h.p.HikariPool: HikariPool-1 - Pool stats (total=10, active=0, idle=10, waiting=0)
:2025-08-13 02:49:07.266 DEBUG HikariPool-1 housekeeper c.z.h.p.HikariPool: HikariPool-1 - Fill pool skipped, pool has sufficient level or currently being filled.
:2025-08-13 02:49:37.269 DEBUG HikariPool-1 housekeeper c.z.h.p.HikariPool: HikariPool-1 - Pool stats (total=10, active=0, idle=10, waiting=0)
:2025-08-13 02:49:37.269 DEBUG HikariPool-1 housekeeper c.z.h.p.HikariPool: HikariPool-1 - Fill pool skipped, pool has sufficient level or currently being filled.
:2025-08-13 02:50:07.274 DEBUG HikariPool-1 housekeeper c.z.h.p.HikariPool: HikariPool-1 - Pool stats (total=10, active=0, idle=10, waiting=0)
:2025-08-13 02:50:07.274 DEBUG HikariPool-1 housekeeper c.z.h.p.HikariPool: HikariPool-1 - Fill pool skipped, pool has sufficient level or currently being filled.
:2025-08-13 02:50:37.286 DEBUG HikariPool-1 housekeeper c.z.h.p.HikariPool: HikariPool-1 - Pool stats (total=10, active=0, idle=10, waiting=0)
:2025-08-13 02:50:37.286 DEBUG HikariPool-1 housekeeper c.z.h.p.HikariPool: HikariPool-1 - Fill pool skipped, pool has sufficient level or currently being filled.
:2025-08-13 02:51:07.291 DEBUG HikariPool-1 housekeeper c.z.h.p.HikariPool: HikariPool-1 - Pool stats (total=10, active=0, idle=10, waiting=0)
:2025-08-13 02:51:07.291 DEBUG HikariPool-1 housekeeper c.z.h.p.HikariPool: HikariPool-1 - Fill pool skipped, pool has sufficient level or currently being filled.
:2025-08-13 02:51:37.302 DEBUG HikariPool-1 housekeeper c.z.h.p.HikariPool: HikariPool-1 - Pool stats (total=10, active=0, idle=10, waiting=0)
:2025-08-13 02:51:37.302 DEBUG HikariPool-1 housekeeper c.z.h.p.HikariPool: HikariPool-1 - Fill pool skipped, pool has sufficient level or currently being filled.
:2025-08-13 02:52:07.305 DEBUG HikariPool-1 housekeeper c.z.h.p.HikariPool: HikariPool-1 - Pool stats (total=10, active=0, idle=10, waiting=0)
:2025-08-13 02:52:07.305 DEBUG HikariPool-1 housekeeper c.z.h.p.HikariPool: HikariPool-1 - Fill pool skipped, pool has sufficient level or currently being filled.
:2025-08-13 02:52:37.308 DEBUG HikariPool-1 housekeeper c.z.h.p.HikariPool: HikariPool-1 - Pool stats (total=10, active=0, idle=10, waiting=0)
:2025-08-13 02:52:37.308 DEBUG HikariPool-1 housekeeper c.z.h.p.HikariPool: HikariPool-1 - Fill pool skipped, pool has sufficient level or currently being filled.
:2025-08-13 02:53:07.316 DEBUG HikariPool-1 housekeeper c.z.h.p.HikariPool: HikariPool-1 - Pool stats (total=10, active=0, idle=10, waiting=0)
:2025-08-13 02:53:07.316 DEBUG HikariPool-1 housekeeper c.z.h.p.HikariPool: HikariPool-1 - Fill pool skipped, pool has sufficient level or currently being filled.
:2025-08-13 02:53:37.317 DEBUG HikariPool-1 housekeeper c.z.h.p.HikariPool: HikariPool-1 - Pool stats (total=10, active=0, idle=10, waiting=0)
:2025-08-13 02:53:37.317 DEBUG HikariPool-1 housekeeper c.z.h.p.HikariPool: HikariPool-1 - Fill pool skipped, pool has sufficient level or currently being filled.
:2025-08-13 02:54:07.328 DEBUG HikariPool-1 housekeeper c.z.h.p.HikariPool: HikariPool-1 - Pool stats (total=10, active=0, idle=10, waiting=0)
:2025-08-13 02:54:07.328 DEBUG HikariPool-1 housekeeper c.z.h.p.HikariPool: HikariPool-1 - Fill pool skipped, pool has sufficient level or currently being filled.
:2025-08-13 02:54:37.339 DEBUG HikariPool-1 housekeeper c.z.h.p.HikariPool: HikariPool-1 - Pool stats (total=10, active=0, idle=10, waiting=0)
:2025-08-13 02:54:37.339 DEBUG HikariPool-1 housekeeper c.z.h.p.HikariPool: HikariPool-1 - Fill pool skipped, pool has sufficient level or currently being filled.
:2025-08-13 02:55:07.345 DEBUG HikariPool-1 housekeeper c.z.h.p.HikariPool: HikariPool-1 - Pool stats (total=10, active=0, idle=10, waiting=0)
:2025-08-13 02:55:07.345 DEBUG HikariPool-1 housekeeper c.z.h.p.HikariPool: HikariPool-1 - Fill pool skipped, pool has sufficient level or currently being filled.
:2025-08-13 02:55:37.359 DEBUG HikariPool-1 housekeeper c.z.h.p.HikariPool: HikariPool-1 - Pool stats (total=10, active=0, idle=10, waiting=0)
:2025-08-13 02:55:37.359 DEBUG HikariPool-1 housekeeper c.z.h.p.HikariPool: HikariPool-1 - Fill pool skipped, pool has sufficient level or currently being filled.
:2025-08-13 02:56:07.373 DEBUG HikariPool-1 housekeeper c.z.h.p.HikariPool: HikariPool-1 - Pool stats (total=10, active=0, idle=10, waiting=0)
:2025-08-13 02:56:07.373 DEBUG HikariPool-1 housekeeper c.z.h.p.HikariPool: HikariPool-1 - Fill pool skipped, pool has sufficient level or currently being filled.
:2025-08-13 02:56:37.389 DEBUG HikariPool-1 housekeeper c.z.h.p.HikariPool: HikariPool-1 - Pool stats (total=10, active=0, idle=10, waiting=0)
:2025-08-13 02:56:37.389 DEBUG HikariPool-1 housekeeper c.z.h.p.HikariPool: HikariPool-1 - Fill pool skipped, pool has sufficient level or currently being filled.
:2025-08-13 02:57:07.403 DEBUG HikariPool-1 housekeeper c.z.h.p.HikariPool: HikariPool-1 - Pool stats (total=10, active=0, idle=10, waiting=0)
:2025-08-13 02:57:07.403 DEBUG HikariPool-1 housekeeper c.z.h.p.HikariPool: HikariPool-1 - Fill pool skipped, pool has sufficient level or currently being filled.
:2025-08-13 02:57:37.417 DEBUG HikariPool-1 housekeeper c.z.h.p.HikariPool: HikariPool-1 - Pool stats (total=10, active=0, idle=10, waiting=0)
:2025-08-13 02:57:37.417 DEBUG HikariPool-1 housekeeper c.z.h.p.HikariPool: HikariPool-1 - Fill pool skipped, pool has sufficient level or currently being filled.
:2025-08-13 02:58:07.431 DEBUG HikariPool-1 housekeeper c.z.h.p.HikariPool: HikariPool-1 - Pool stats (total=10, active=0, idle=10, waiting=0)
:2025-08-13 02:58:07.431 DEBUG HikariPool-1 housekeeper c.z.h.p.HikariPool: HikariPool-1 - Fill pool skipped, pool has sufficient level or currently being filled.
:2025-08-13 02:58:37.437 DEBUG HikariPool-1 housekeeper c.z.h.p.HikariPool: HikariPool-1 - Pool stats (total=10, active=0, idle=10, waiting=0)
:2025-08-13 02:58:37.437 DEBUG HikariPool-1 housekeeper c.z.h.p.HikariPool: HikariPool-1 - Fill pool skipped, pool has sufficient level or currently being filled.
:2025-08-13 02:59:07.443 DEBUG HikariPool-1 housekeeper c.z.h.p.HikariPool: HikariPool-1 - Pool stats (total=10, active=0, idle=10, waiting=0)
:2025-08-13 02:59:07.443 DEBUG HikariPool-1 housekeeper c.z.h.p.HikariPool: HikariPool-1 - Fill pool skipped, pool has sufficient level or currently being filled.
:2025-08-13 02:59:37.447 DEBUG HikariPool-1 housekeeper c.z.h.p.HikariPool: HikariPool-1 - Pool stats (total=10, active=0, idle=10, waiting=0)
:2025-08-13 02:59:37.447 DEBUG HikariPool-1 housekeeper c.z.h.p.HikariPool: HikariPool-1 - Fill pool skipped, pool has sufficient level or currently being filled.
:2025-08-13 03:00:07.461 DEBUG HikariPool-1 housekeeper c.z.h.p.HikariPool: HikariPool-1 - Pool stats (total=10, active=0, idle=10, waiting=0)
:2025-08-13 03:00:07.461 DEBUG HikariPool-1 housekeeper c.z.h.p.HikariPool: HikariPool-1 - Fill pool skipped, pool has sufficient level or currently being filled.
:2025-08-13 03:00:37.464 DEBUG HikariPool-1 housekeeper c.z.h.p.HikariPool: HikariPool-1 - Pool stats (total=10, active=0, idle=10, waiting=0)
:2025-08-13 03:00:37.464 DEBUG HikariPool-1 housekeeper c.z.h.p.HikariPool: HikariPool-1 - Fill pool skipped, pool has sufficient level or currently being filled.
:2025-08-13 03:01:07.472 DEBUG HikariPool-1 housekeeper c.z.h.p.HikariPool: HikariPool-1 - Pool stats (total=10, active=0, idle=10, waiting=0)
:2025-08-13 03:01:07.472 DEBUG HikariPool-1 housekeeper c.z.h.p.HikariPool: HikariPool-1 - Fill pool skipped, pool has sufficient level or currently being filled.
:2025-08-13 03:01:37.483 DEBUG HikariPool-1 housekeeper c.z.h.p.HikariPool: HikariPool-1 - Pool stats (total=10, active=0, idle=10, waiting=0)
:2025-08-13 03:01:37.484 DEBUG HikariPool-1 housekeeper c.z.h.p.HikariPool: HikariPool-1 - Fill pool skipped, pool has sufficient level or currently being filled.
:2025-08-13 03:02:07.496 DEBUG HikariPool-1 housekeeper c.z.h.p.HikariPool: HikariPool-1 - Pool stats (total=10, active=0, idle=10, waiting=0)
:2025-08-13 03:02:07.496 DEBUG HikariPool-1 housekeeper c.z.h.p.HikariPool: HikariPool-1 - Fill pool skipped, pool has sufficient level or currently being filled.
:2025-08-13 03:02:37.507 DEBUG HikariPool-1 housekeeper c.z.h.p.HikariPool: HikariPool-1 - Pool stats (total=10, active=0, idle=10, waiting=0)
:2025-08-13 03:02:37.507 DEBUG HikariPool-1 housekeeper c.z.h.p.HikariPool: HikariPool-1 - Fill pool skipped, pool has sufficient level or currently being filled.
:2025-08-13 03:03:07.516 DEBUG HikariPool-1 housekeeper c.z.h.p.HikariPool: HikariPool-1 - Pool stats (total=10, active=0, idle=10, waiting=0)
:2025-08-13 03:03:07.516 DEBUG HikariPool-1 housekeeper c.z.h.p.HikariPool: HikariPool-1 - Fill pool skipped, pool has sufficient level or currently being filled.
:2025-08-13 03:03:37.517 DEBUG HikariPool-1 housekeeper c.z.h.p.HikariPool: HikariPool-1 - Pool stats (total=10, active=0, idle=10, waiting=0)
:2025-08-13 03:03:37.517 DEBUG HikariPool-1 housekeeper c.z.h.p.HikariPool: HikariPool-1 - Fill pool skipped, pool has sufficient level or currently being filled.
:2025-08-13 03:04:07.520 DEBUG HikariPool-1 housekeeper c.z.h.p.HikariPool: HikariPool-1 - Pool stats (total=10, active=0, idle=10, waiting=0)
:2025-08-13 03:04:07.520 DEBUG HikariPool-1 housekeeper c.z.h.p.HikariPool: HikariPool-1 - Fill pool skipped, pool has sufficient level or currently being filled.
:2025-08-13 03:04:37.531 DEBUG HikariPool-1 housekeeper c.z.h.p.HikariPool: HikariPool-1 - Pool stats (total=10, active=0, idle=10, waiting=0)
:2025-08-13 03:04:37.531 DEBUG HikariPool-1 housekeeper c.z.h.p.HikariPool: HikariPool-1 - Fill pool skipped, pool has sufficient level or currently being filled.
:2025-08-13 03:05:07.544 DEBUG HikariPool-1 housekeeper c.z.h.p.HikariPool: HikariPool-1 - Pool stats (total=10, active=0, idle=10, waiting=0)
:2025-08-13 03:05:07.544 DEBUG HikariPool-1 housekeeper c.z.h.p.HikariPool: HikariPool-1 - Fill pool skipped, pool has sufficient level or currently being filled.
:2025-08-13 03:05:37.547 DEBUG HikariPool-1 housekeeper c.z.h.p.HikariPool: HikariPool-1 - Pool stats (total=10, active=0, idle=10, waiting=0)
:2025-08-13 03:05:37.547 DEBUG HikariPool-1 housekeeper c.z.h.p.HikariPool: HikariPool-1 - Fill pool skipped, pool has sufficient level or currently being filled.
:2025-08-13 03:05:41.897 DEBUG HikariPool-1 connection closer c.z.h.p.PoolBase: HikariPool-1 - Closing connection com.mysql.cj.jdbc.ConnectionImpl@507b8e6b: (connection has passed maxLifetime)
:2025-08-13 03:05:41.904 DEBUG HikariPool-1 connection adder c.z.h.p.HikariPool: HikariPool-1 - Added connection com.mysql.cj.jdbc.ConnectionImpl@3da876c0
:2025-08-13 03:05:41.945 DEBUG HikariPool-1 connection adder c.z.h.p.HikariPool: HikariPool-1 - Connection not added, stats (total=10, active=0, idle=10, waiting=0)
:2025-08-13 03:06:07.548 DEBUG HikariPool-1 housekeeper c.z.h.p.HikariPool: HikariPool-1 - Pool stats (total=10, active=0, idle=10, waiting=0)
:2025-08-13 03:06:07.548 DEBUG HikariPool-1 housekeeper c.z.h.p.HikariPool: HikariPool-1 - Fill pool skipped, pool has sufficient level or currently being filled.
:2025-08-13 03:06:14.058 DEBUG HikariPool-1 connection closer c.z.h.p.PoolBase: HikariPool-1 - Closing connection com.mysql.cj.jdbc.ConnectionImpl@40b28265: (connection has passed maxLifetime)
:2025-08-13 03:06:14.063 DEBUG HikariPool-1 connection adder c.z.h.p.HikariPool: HikariPool-1 - Added connection com.mysql.cj.jdbc.ConnectionImpl@67961f8b
:2025-08-13 03:06:14.104 DEBUG HikariPool-1 connection adder c.z.h.p.HikariPool: HikariPool-1 - Connection not added, stats (total=10, active=0, idle=10, waiting=0)
:2025-08-13 03:06:30.855 DEBUG HikariPool-1 connection closer c.z.h.p.PoolBase: HikariPool-1 - Closing connection com.mysql.cj.jdbc.ConnectionImpl@68b0c8d2: (connection has passed maxLifetime)
:2025-08-13 03:06:30.859 DEBUG HikariPool-1 connection adder c.z.h.p.HikariPool: HikariPool-1 - Added connection com.mysql.cj.jdbc.ConnectionImpl@cf09729
:2025-08-13 03:06:30.889 DEBUG HikariPool-1 connection adder c.z.h.p.HikariPool: HikariPool-1 - Connection not added, stats (total=10, active=0, idle=10, waiting=0)
:2025-08-13 03:06:37.552 DEBUG HikariPool-1 housekeeper c.z.h.p.HikariPool: HikariPool-1 - Pool stats (total=10, active=0, idle=10, waiting=0)
:2025-08-13 03:06:37.552 DEBUG HikariPool-1 housekeeper c.z.h.p.HikariPool: HikariPool-1 - Fill pool skipped, pool has sufficient level or currently being filled.
:2025-08-13 03:06:42.190 DEBUG HikariPool-1 connection closer c.z.h.p.PoolBase: HikariPool-1 - Closing connection com.mysql.cj.jdbc.ConnectionImpl@5fae6d37: (connection has passed maxLifetime)
:2025-08-13 03:06:42.194 DEBUG HikariPool-1 connection adder c.z.h.p.HikariPool: HikariPool-1 - Added connection com.mysql.cj.jdbc.ConnectionImpl@83631f4
:2025-08-13 03:06:42.239 DEBUG HikariPool-1 connection adder c.z.h.p.HikariPool: HikariPool-1 - Connection not added, stats (total=10, active=0, idle=10, waiting=0)
:2025-08-13 03:06:45.357 DEBUG HikariPool-1 connection closer c.z.h.p.PoolBase: HikariPool-1 - Closing connection com.mysql.cj.jdbc.ConnectionImpl@2bfc31e8: (connection has passed maxLifetime)
:2025-08-13 03:06:45.361 DEBUG HikariPool-1 connection adder c.z.h.p.HikariPool: HikariPool-1 - Added connection com.mysql.cj.jdbc.ConnectionImpl@7cb32004
:2025-08-13 03:06:45.404 DEBUG HikariPool-1 connection adder c.z.h.p.HikariPool: HikariPool-1 - Connection not added, stats (total=10, active=0, idle=10, waiting=0)
:2025-08-13 03:07:07.561 DEBUG HikariPool-1 housekeeper c.z.h.p.HikariPool: HikariPool-1 - Pool stats (total=10, active=0, idle=10, waiting=0)
:2025-08-13 03:07:07.561 DEBUG HikariPool-1 housekeeper c.z.h.p.HikariPool: HikariPool-1 - Fill pool skipped, pool has sufficient level or currently being filled.
:2025-08-13 03:07:26.014 DEBUG HikariPool-1 connection closer c.z.h.p.PoolBase: HikariPool-1 - Closing connection com.mysql.cj.jdbc.ConnectionImpl@3f9e0860: (connection has passed maxLifetime)
:2025-08-13 03:07:26.018 DEBUG HikariPool-1 connection adder c.z.h.p.HikariPool: HikariPool-1 - Added connection com.mysql.cj.jdbc.ConnectionImpl@1bbfd986
:2025-08-13 03:07:26.062 DEBUG HikariPool-1 connection adder c.z.h.p.HikariPool: HikariPool-1 - Connection not added, stats (total=10, active=0, idle=10, waiting=0)
:2025-08-13 03:07:28.808 DEBUG HikariPool-1 connection closer c.z.h.p.PoolBase: HikariPool-1 - Closing connection com.mysql.cj.jdbc.ConnectionImpl@4b2c88fc: (connection has passed maxLifetime)
:2025-08-13 03:07:28.810 DEBUG HikariPool-1 connection adder c.z.h.p.HikariPool: HikariPool-1 - Added connection com.mysql.cj.jdbc.ConnectionImpl@6f29586e
:2025-08-13 03:07:28.855 DEBUG HikariPool-1 connection adder c.z.h.p.HikariPool: HikariPool-1 - Connection not added, stats (total=10, active=0, idle=10, waiting=0)
:2025-08-13 03:07:37.567 DEBUG HikariPool-1 housekeeper c.z.h.p.HikariPool: HikariPool-1 - Pool stats (total=10, active=0, idle=10, waiting=0)
:2025-08-13 03:07:37.567 DEBUG HikariPool-1 housekeeper c.z.h.p.HikariPool: HikariPool-1 - Fill pool skipped, pool has sufficient level or currently being filled.
:2025-08-13 03:07:55.454 DEBUG HikariPool-1 connection closer c.z.h.p.PoolBase: HikariPool-1 - Closing connection com.mysql.cj.jdbc.ConnectionImpl@57cf7c3e: (connection has passed maxLifetime)
:2025-08-13 03:07:55.457 DEBUG HikariPool-1 connection adder c.z.h.p.HikariPool: HikariPool-1 - Added connection com.mysql.cj.jdbc.ConnectionImpl@39b967b6
:2025-08-13 03:07:55.489 DEBUG HikariPool-1 connection adder c.z.h.p.HikariPool: HikariPool-1 - Connection not added, stats (total=10, active=0, idle=10, waiting=0)
:2025-08-13 03:07:55.692 DEBUG HikariPool-1 connection closer c.z.h.p.PoolBase: HikariPool-1 - Closing connection com.mysql.cj.jdbc.ConnectionImpl@17cb05eb: (connection has passed maxLifetime)
:2025-08-13 03:07:55.695 DEBUG HikariPool-1 connection adder c.z.h.p.HikariPool: HikariPool-1 - Added connection com.mysql.cj.jdbc.ConnectionImpl@4d8d56a6
:2025-08-13 03:07:55.734 DEBUG HikariPool-1 connection adder c.z.h.p.HikariPool: HikariPool-1 - Connection not added, stats (total=10, active=0, idle=10, waiting=0)
:2025-08-13 03:08:07.570 DEBUG HikariPool-1 housekeeper c.z.h.p.HikariPool: HikariPool-1 - Pool stats (total=10, active=0, idle=10, waiting=0)
:2025-08-13 03:08:07.570 DEBUG HikariPool-1 housekeeper c.z.h.p.HikariPool: HikariPool-1 - Fill pool skipped, pool has sufficient level or currently being filled.
:2025-08-13 03:08:33.338 DEBUG HikariPool-1 connection closer c.z.h.p.PoolBase: HikariPool-1 - Closing connection com.mysql.cj.jdbc.ConnectionImpl@4b6edc12: (connection has passed maxLifetime)
:2025-08-13 03:08:33.342 DEBUG HikariPool-1 connection adder c.z.h.p.HikariPool: HikariPool-1 - Added connection com.mysql.cj.jdbc.ConnectionImpl@26f11880
:2025-08-13 03:08:33.385 DEBUG HikariPool-1 connection adder c.z.h.p.HikariPool: HikariPool-1 - Connection not added, stats (total=10, active=0, idle=10, waiting=0)
:2025-08-13 03:08:37.581 DEBUG HikariPool-1 housekeeper c.z.h.p.HikariPool: HikariPool-1 - Pool stats (total=10, active=0, idle=10, waiting=0)
:2025-08-13 03:08:37.581 DEBUG HikariPool-1 housekeeper c.z.h.p.HikariPool: HikariPool-1 - Fill pool skipped, pool has sufficient level or currently being filled.
:2025-08-13 03:09:07.591 DEBUG HikariPool-1 housekeeper c.z.h.p.HikariPool: HikariPool-1 - Pool stats (total=10, active=0, idle=10, waiting=0)
:2025-08-13 03:09:07.591 DEBUG HikariPool-1 housekeeper c.z.h.p.HikariPool: HikariPool-1 - Fill pool skipped, pool has sufficient level or currently being filled.
:2025-08-13 03:09:37.595 DEBUG HikariPool-1 housekeeper c.z.h.p.HikariPool: HikariPool-1 - Pool stats (total=10, active=0, idle=10, waiting=0)
:2025-08-13 03:09:37.595 DEBUG HikariPool-1 housekeeper c.z.h.p.HikariPool: HikariPool-1 - Fill pool skipped, pool has sufficient level or currently being filled.
:2025-08-13 03:10:07.601 DEBUG HikariPool-1 housekeeper c.z.h.p.HikariPool: HikariPool-1 - Pool stats (total=10, active=0, idle=10, waiting=0)
:2025-08-13 03:10:07.601 DEBUG HikariPool-1 housekeeper c.z.h.p.HikariPool: HikariPool-1 - Fill pool skipped, pool has sufficient level or currently being filled.
:2025-08-13 03:10:37.613 DEBUG HikariPool-1 housekeeper c.z.h.p.HikariPool: HikariPool-1 - Pool stats (total=10, active=0, idle=10, waiting=0)
:2025-08-13 03:10:37.613 DEBUG HikariPool-1 housekeeper c.z.h.p.HikariPool: HikariPool-1 - Fill pool skipped, pool has sufficient level or currently being filled.
:2025-08-13 03:11:07.623 DEBUG HikariPool-1 housekeeper c.z.h.p.HikariPool: HikariPool-1 - Pool stats (total=10, active=0, idle=10, waiting=0)
:2025-08-13 03:11:07.623 DEBUG HikariPool-1 housekeeper c.z.h.p.HikariPool: HikariPool-1 - Fill pool skipped, pool has sufficient level or currently being filled.
:2025-08-13 03:11:37.634 DEBUG HikariPool-1 housekeeper c.z.h.p.HikariPool: HikariPool-1 - Pool stats (total=10, active=0, idle=10, waiting=0)
:2025-08-13 03:11:37.634 DEBUG HikariPool-1 housekeeper c.z.h.p.HikariPool: HikariPool-1 - Fill pool skipped, pool has sufficient level or currently being filled.
:2025-08-13 03:12:07.645 DEBUG HikariPool-1 housekeeper c.z.h.p.HikariPool: HikariPool-1 - Pool stats (total=10, active=0, idle=10, waiting=0)
:2025-08-13 03:12:07.645 DEBUG HikariPool-1 housekeeper c.z.h.p.HikariPool: HikariPool-1 - Fill pool skipped, pool has sufficient level or currently being filled.
:2025-08-13 03:12:37.649 DEBUG HikariPool-1 housekeeper c.z.h.p.HikariPool: HikariPool-1 - Pool stats (total=10, active=0, idle=10, waiting=0)
:2025-08-13 03:12:37.649 DEBUG HikariPool-1 housekeeper c.z.h.p.HikariPool: HikariPool-1 - Fill pool skipped, pool has sufficient level or currently being filled.
:2025-08-13 03:13:07.662 DEBUG HikariPool-1 housekeeper c.z.h.p.HikariPool: HikariPool-1 - Pool stats (total=10, active=0, idle=10, waiting=0)
:2025-08-13 03:13:07.662 DEBUG HikariPool-1 housekeeper c.z.h.p.HikariPool: HikariPool-1 - Fill pool skipped, pool has sufficient level or currently being filled.
:2025-08-13 03:13:37.665 DEBUG HikariPool-1 housekeeper c.z.h.p.HikariPool: HikariPool-1 - Pool stats (total=10, active=0, idle=10, waiting=0)
:2025-08-13 03:13:37.665 DEBUG HikariPool-1 housekeeper c.z.h.p.HikariPool: HikariPool-1 - Fill pool skipped, pool has sufficient level or currently being filled.
:2025-08-13 03:14:07.670 DEBUG HikariPool-1 housekeeper c.z.h.p.HikariPool: HikariPool-1 - Pool stats (total=10, active=0, idle=10, waiting=0)
:2025-08-13 03:14:07.670 DEBUG HikariPool-1 housekeeper c.z.h.p.HikariPool: HikariPool-1 - Fill pool skipped, pool has sufficient level or currently being filled.
:2025-08-13 03:14:37.671 DEBUG HikariPool-1 housekeeper c.z.h.p.HikariPool: HikariPool-1 - Pool stats (total=10, active=0, idle=10, waiting=0)
:2025-08-13 03:14:37.671 DEBUG HikariPool-1 housekeeper c.z.h.p.HikariPool: HikariPool-1 - Fill pool skipped, pool has sufficient level or currently being filled.
:2025-08-13 03:15:07.685 DEBUG HikariPool-1 housekeeper c.z.h.p.HikariPool: HikariPool-1 - Pool stats (total=10, active=0, idle=10, waiting=0)
:2025-08-13 03:15:07.685 DEBUG HikariPool-1 housekeeper c.z.h.p.HikariPool: HikariPool-1 - Fill pool skipped, pool has sufficient level or currently being filled.
:2025-08-13 03:15:37.689 DEBUG HikariPool-1 housekeeper c.z.h.p.HikariPool: HikariPool-1 - Pool stats (total=10, active=0, idle=10, waiting=0)
:2025-08-13 03:15:37.689 DEBUG HikariPool-1 housekeeper c.z.h.p.HikariPool: HikariPool-1 - Fill pool skipped, pool has sufficient level or currently being filled.
:2025-08-13 03:16:07.694 DEBUG HikariPool-1 housekeeper c.z.h.p.HikariPool: HikariPool-1 - Pool stats (total=10, active=0, idle=10, waiting=0)
:2025-08-13 03:16:07.694 DEBUG HikariPool-1 housekeeper c.z.h.p.HikariPool: HikariPool-1 - Fill pool skipped, pool has sufficient level or currently being filled.
:2025-08-13 03:16:37.703 DEBUG HikariPool-1 housekeeper c.z.h.p.HikariPool: HikariPool-1 - Pool stats (total=10, active=0, idle=10, waiting=0)
:2025-08-13 03:16:37.703 DEBUG HikariPool-1 housekeeper c.z.h.p.HikariPool: HikariPool-1 - Fill pool skipped, pool has sufficient level or currently being filled.
:2025-08-13 03:17:07.715 DEBUG HikariPool-1 housekeeper c.z.h.p.HikariPool: HikariPool-1 - Pool stats (total=10, active=0, idle=10, waiting=0)
:2025-08-13 03:17:07.715 DEBUG HikariPool-1 housekeeper c.z.h.p.HikariPool: HikariPool-1 - Fill pool skipped, pool has sufficient level or currently being filled.
:2025-08-13 03:17:37.722 DEBUG HikariPool-1 housekeeper c.z.h.p.HikariPool: HikariPool-1 - Pool stats (total=10, active=0, idle=10, waiting=0)
:2025-08-13 03:17:37.722 DEBUG HikariPool-1 housekeeper c.z.h.p.HikariPool: HikariPool-1 - Fill pool skipped, pool has sufficient level or currently being filled.
:2025-08-13 03:18:07.729 DEBUG HikariPool-1 housekeeper c.z.h.p.HikariPool: HikariPool-1 - Pool stats (total=10, active=0, idle=10, waiting=0)
:2025-08-13 03:18:07.729 DEBUG HikariPool-1 housekeeper c.z.h.p.HikariPool: HikariPool-1 - Fill pool skipped, pool has sufficient level or currently being filled.
:2025-08-13 03:18:37.737 DEBUG HikariPool-1 housekeeper c.z.h.p.HikariPool: HikariPool-1 - Pool stats (total=10, active=0, idle=10, waiting=0)
:2025-08-13 03:18:37.737 DEBUG HikariPool-1 housekeeper c.z.h.p.HikariPool: HikariPool-1 - Fill pool skipped, pool has sufficient level or currently being filled.
:2025-08-13 03:19:07.753 DEBUG HikariPool-1 housekeeper c.z.h.p.HikariPool: HikariPool-1 - Pool stats (total=10, active=0, idle=10, waiting=0)
:2025-08-13 03:19:07.753 DEBUG HikariPool-1 housekeeper c.z.h.p.HikariPool: HikariPool-1 - Fill pool skipped, pool has sufficient level or currently being filled.
:2025-08-13 03:19:37.765 DEBUG HikariPool-1 housekeeper c.z.h.p.HikariPool: HikariPool-1 - Pool stats (total=10, active=0, idle=10, waiting=0)
:2025-08-13 03:19:37.765 DEBUG HikariPool-1 housekeeper c.z.h.p.HikariPool: HikariPool-1 - Fill pool skipped, pool has sufficient level or currently being filled.
:2025-08-13 03:20:07.768 DEBUG HikariPool-1 housekeeper c.z.h.p.HikariPool: HikariPool-1 - Pool stats (total=10, active=0, idle=10, waiting=0)
:2025-08-13 03:20:07.768 DEBUG HikariPool-1 housekeeper c.z.h.p.HikariPool: HikariPool-1 - Fill pool skipped, pool has sufficient level or currently being filled.
:2025-08-13 03:20:37.774 DEBUG HikariPool-1 housekeeper c.z.h.p.HikariPool: HikariPool-1 - Pool stats (total=10, active=0, idle=10, waiting=0)
:2025-08-13 03:20:37.774 DEBUG HikariPool-1 housekeeper c.z.h.p.HikariPool: HikariPool-1 - Fill pool skipped, pool has sufficient level or currently being filled.
:2025-08-13 03:21:07.777 DEBUG HikariPool-1 housekeeper c.z.h.p.HikariPool: HikariPool-1 - Pool stats (total=10, active=0, idle=10, waiting=0)
:2025-08-13 03:21:07.777 DEBUG HikariPool-1 housekeeper c.z.h.p.HikariPool: HikariPool-1 - Fill pool skipped, pool has sufficient level or currently being filled.
:2025-08-13 03:21:37.778 DEBUG HikariPool-1 housekeeper c.z.h.p.HikariPool: HikariPool-1 - Pool stats (total=10, active=0, idle=10, waiting=0)
:2025-08-13 03:21:37.778 DEBUG HikariPool-1 housekeeper c.z.h.p.HikariPool: HikariPool-1 - Fill pool skipped, pool has sufficient level or currently being filled.
:2025-08-13 03:22:07.779 DEBUG HikariPool-1 housekeeper c.z.h.p.HikariPool: HikariPool-1 - Pool stats (total=10, active=0, idle=10, waiting=0)
:2025-08-13 03:22:07.779 DEBUG HikariPool-1 housekeeper c.z.h.p.HikariPool: HikariPool-1 - Fill pool skipped, pool has sufficient level or currently being filled.
:2025-08-13 03:22:37.784 DEBUG HikariPool-1 housekeeper c.z.h.p.HikariPool: HikariPool-1 - Pool stats (total=10, active=0, idle=10, waiting=0)
:2025-08-13 03:22:37.784 DEBUG HikariPool-1 housekeeper c.z.h.p.HikariPool: HikariPool-1 - Fill pool skipped, pool has sufficient level or currently being filled.
:2025-08-13 03:23:07.795 DEBUG HikariPool-1 housekeeper c.z.h.p.HikariPool: HikariPool-1 - Pool stats (total=10, active=0, idle=10, waiting=0)
:2025-08-13 03:23:07.795 DEBUG HikariPool-1 housekeeper c.z.h.p.HikariPool: HikariPool-1 - Fill pool skipped, pool has sufficient level or currently being filled.
:2025-08-13 03:23:37.807 DEBUG HikariPool-1 housekeeper c.z.h.p.HikariPool: HikariPool-1 - Pool stats (total=10, active=0, idle=10, waiting=0)
:2025-08-13 03:23:37.807 DEBUG HikariPool-1 housekeeper c.z.h.p.HikariPool: HikariPool-1 - Fill pool skipped, pool has sufficient level or currently being filled.
:2025-08-13 03:24:07.815 DEBUG HikariPool-1 housekeeper c.z.h.p.HikariPool: HikariPool-1 - Pool stats (total=10, active=0, idle=10, waiting=0)
:2025-08-13 03:24:07.815 DEBUG HikariPool-1 housekeeper c.z.h.p.HikariPool: HikariPool-1 - Fill pool skipped, pool has sufficient level or currently being filled.
:2025-08-13 03:24:37.817 DEBUG HikariPool-1 housekeeper c.z.h.p.HikariPool: HikariPool-1 - Pool stats (total=10, active=0, idle=10, waiting=0)
:2025-08-13 03:24:37.817 DEBUG HikariPool-1 housekeeper c.z.h.p.HikariPool: HikariPool-1 - Fill pool skipped, pool has sufficient level or currently being filled.
:2025-08-13 03:25:07.820 DEBUG HikariPool-1 housekeeper c.z.h.p.HikariPool: HikariPool-1 - Pool stats (total=10, active=0, idle=10, waiting=0)
:2025-08-13 03:25:07.820 DEBUG HikariPool-1 housekeeper c.z.h.p.HikariPool: HikariPool-1 - Fill pool skipped, pool has sufficient level or currently being filled.
:2025-08-13 03:25:37.821 DEBUG HikariPool-1 housekeeper c.z.h.p.HikariPool: HikariPool-1 - Pool stats (total=10, active=0, idle=10, waiting=0)
:2025-08-13 03:25:37.821 DEBUG HikariPool-1 housekeeper c.z.h.p.HikariPool: HikariPool-1 - Fill pool skipped, pool has sufficient level or currently being filled.
:2025-08-13 03:26:07.827 DEBUG HikariPool-1 housekeeper c.z.h.p.HikariPool: HikariPool-1 - Pool stats (total=10, active=0, idle=10, waiting=0)
:2025-08-13 03:26:07.827 DEBUG HikariPool-1 housekeeper c.z.h.p.HikariPool: HikariPool-1 - Fill pool skipped, pool has sufficient level or currently being filled.
:2025-08-13 03:26:37.840 DEBUG HikariPool-1 housekeeper c.z.h.p.HikariPool: HikariPool-1 - Pool stats (total=10, active=0, idle=10, waiting=0)
:2025-08-13 03:26:37.840 DEBUG HikariPool-1 housekeeper c.z.h.p.HikariPool: HikariPool-1 - Fill pool skipped, pool has sufficient level or currently being filled.
:2025-08-13 03:27:07.844 DEBUG HikariPool-1 housekeeper c.z.h.p.HikariPool: HikariPool-1 - Pool stats (total=10, active=0, idle=10, waiting=0)
:2025-08-13 03:27:07.844 DEBUG HikariPool-1 housekeeper c.z.h.p.HikariPool: HikariPool-1 - Fill pool skipped, pool has sufficient level or currently being filled.
:2025-08-13 03:27:37.858 DEBUG HikariPool-1 housekeeper c.z.h.p.HikariPool: HikariPool-1 - Pool stats (total=10, active=0, idle=10, waiting=0)
:2025-08-13 03:27:37.858 DEBUG HikariPool-1 housekeeper c.z.h.p.HikariPool: HikariPool-1 - Fill pool skipped, pool has sufficient level or currently being filled.
:2025-08-13 03:28:07.863 DEBUG HikariPool-1 housekeeper c.z.h.p.HikariPool: HikariPool-1 - Pool stats (total=10, active=0, idle=10, waiting=0)
:2025-08-13 03:28:07.863 DEBUG HikariPool-1 housekeeper c.z.h.p.HikariPool: HikariPool-1 - Fill pool skipped, pool has sufficient level or currently being filled.
:2025-08-13 03:28:37.868 DEBUG HikariPool-1 housekeeper c.z.h.p.HikariPool: HikariPool-1 - Pool stats (total=10, active=0, idle=10, waiting=0)
:2025-08-13 03:28:37.868 DEBUG HikariPool-1 housekeeper c.z.h.p.HikariPool: HikariPool-1 - Fill pool skipped, pool has sufficient level or currently being filled.
:2025-08-13 03:29:07.879 DEBUG HikariPool-1 housekeeper c.z.h.p.HikariPool: HikariPool-1 - Pool stats (total=10, active=0, idle=10, waiting=0)
:2025-08-13 03:29:07.879 DEBUG HikariPool-1 housekeeper c.z.h.p.HikariPool: HikariPool-1 - Fill pool skipped, pool has sufficient level or currently being filled.
:2025-08-13 03:29:37.884 DEBUG HikariPool-1 housekeeper c.z.h.p.HikariPool: HikariPool-1 - Pool stats (total=10, active=0, idle=10, waiting=0)
:2025-08-13 03:29:37.884 DEBUG HikariPool-1 housekeeper c.z.h.p.HikariPool: HikariPool-1 - Fill pool skipped, pool has sufficient level or currently being filled.
:2025-08-13 03:30:07.890 DEBUG HikariPool-1 housekeeper c.z.h.p.HikariPool: HikariPool-1 - Pool stats (total=10, active=0, idle=10, waiting=0)
:2025-08-13 03:30:07.890 DEBUG HikariPool-1 housekeeper c.z.h.p.HikariPool: HikariPool-1 - Fill pool skipped, pool has sufficient level or currently being filled.
:2025-08-13 03:30:37.901 DEBUG HikariPool-1 housekeeper c.z.h.p.HikariPool: HikariPool-1 - Pool stats (total=10, active=0, idle=10, waiting=0)
:2025-08-13 03:30:37.901 DEBUG HikariPool-1 housekeeper c.z.h.p.HikariPool: HikariPool-1 - Fill pool skipped, pool has sufficient level or currently being filled.
:2025-08-13 03:31:07.909 DEBUG HikariPool-1 housekeeper c.z.h.p.HikariPool: HikariPool-1 - Pool stats (total=10, active=0, idle=10, waiting=0)
:2025-08-13 03:31:07.909 DEBUG HikariPool-1 housekeeper c.z.h.p.HikariPool: HikariPool-1 - Fill pool skipped, pool has sufficient level or currently being filled.
:2025-08-13 03:31:37.910 DEBUG HikariPool-1 housekeeper c.z.h.p.HikariPool: HikariPool-1 - Pool stats (total=10, active=0, idle=10, waiting=0)
:2025-08-13 03:31:37.910 DEBUG HikariPool-1 housekeeper c.z.h.p.HikariPool: HikariPool-1 - Fill pool skipped, pool has sufficient level or currently being filled.
:2025-08-13 03:32:07.915 DEBUG HikariPool-1 housekeeper c.z.h.p.HikariPool: HikariPool-1 - Pool stats (total=10, active=0, idle=10, waiting=0)
:2025-08-13 03:32:07.915 DEBUG HikariPool-1 housekeeper c.z.h.p.HikariPool: HikariPool-1 - Fill pool skipped, pool has sufficient level or currently being filled.
:2025-08-13 03:32:37.916 DEBUG HikariPool-1 housekeeper c.z.h.p.HikariPool: HikariPool-1 - Pool stats (total=10, active=0, idle=10, waiting=0)
:2025-08-13 03:32:37.916 DEBUG HikariPool-1 housekeeper c.z.h.p.HikariPool: HikariPool-1 - Fill pool skipped, pool has sufficient level or currently being filled.
:2025-08-13 03:33:07.917 DEBUG HikariPool-1 housekeeper c.z.h.p.HikariPool: HikariPool-1 - Pool stats (total=10, active=0, idle=10, waiting=0)
:2025-08-13 03:33:07.917 DEBUG HikariPool-1 housekeeper c.z.h.p.HikariPool: HikariPool-1 - Fill pool skipped, pool has sufficient level or currently being filled.
:2025-08-13 03:33:37.923 DEBUG HikariPool-1 housekeeper c.z.h.p.HikariPool: HikariPool-1 - Pool stats (total=10, active=0, idle=10, waiting=0)
:2025-08-13 03:33:37.923 DEBUG HikariPool-1 housekeeper c.z.h.p.HikariPool: HikariPool-1 - Fill pool skipped, pool has sufficient level or currently being filled.
:2025-08-13 03:34:07.927 DEBUG HikariPool-1 housekeeper c.z.h.p.HikariPool: HikariPool-1 - Pool stats (total=10, active=0, idle=10, waiting=0)
:2025-08-13 03:34:07.927 DEBUG HikariPool-1 housekeeper c.z.h.p.HikariPool: HikariPool-1 - Fill pool skipped, pool has sufficient level or currently being filled.
:2025-08-13 03:34:37.942 DEBUG HikariPool-1 housekeeper c.z.h.p.HikariPool: HikariPool-1 - Pool stats (total=10, active=0, idle=10, waiting=0)
:2025-08-13 03:34:37.942 DEBUG HikariPool-1 housekeeper c.z.h.p.HikariPool: HikariPool-1 - Fill pool skipped, pool has sufficient level or currently being filled.
:2025-08-13 03:35:07.949 DEBUG HikariPool-1 housekeeper c.z.h.p.HikariPool: HikariPool-1 - Pool stats (total=10, active=0, idle=10, waiting=0)
:2025-08-13 03:35:07.949 DEBUG HikariPool-1 housekeeper c.z.h.p.HikariPool: HikariPool-1 - Fill pool skipped, pool has sufficient level or currently being filled.
:2025-08-13 03:35:15.053 DEBUG HikariPool-1 connection closer c.z.h.p.PoolBase: HikariPool-1 - Closing connection com.mysql.cj.jdbc.ConnectionImpl@3da876c0: (connection has passed maxLifetime)
:2025-08-13 03:35:15.057 DEBUG HikariPool-1 connection adder c.z.h.p.HikariPool: HikariPool-1 - Added connection com.mysql.cj.jdbc.ConnectionImpl@46a3dfd3
:2025-08-13 03:35:15.088 DEBUG HikariPool-1 connection adder c.z.h.p.HikariPool: HikariPool-1 - Connection not added, stats (total=10, active=0, idle=10, waiting=0)
:2025-08-13 03:35:36.583 DEBUG HikariPool-1 connection closer c.z.h.p.PoolBase: HikariPool-1 - Closing connection com.mysql.cj.jdbc.ConnectionImpl@67961f8b: (connection has passed maxLifetime)
:2025-08-13 03:35:36.587 DEBUG HikariPool-1 connection adder c.z.h.p.HikariPool: HikariPool-1 - Added connection com.mysql.cj.jdbc.ConnectionImpl@6b21a5b2
:2025-08-13 03:35:36.629 DEBUG HikariPool-1 connection adder c.z.h.p.HikariPool: HikariPool-1 - Connection not added, stats (total=10, active=0, idle=10, waiting=0)
:2025-08-13 03:35:37.953 DEBUG HikariPool-1 housekeeper c.z.h.p.HikariPool: HikariPool-1 - Pool stats (total=10, active=0, idle=10, waiting=0)
:2025-08-13 03:35:37.953 DEBUG HikariPool-1 housekeeper c.z.h.p.HikariPool: HikariPool-1 - Fill pool skipped, pool has sufficient level or currently being filled.
:2025-08-13 03:36:07.960 DEBUG HikariPool-1 housekeeper c.z.h.p.HikariPool: HikariPool-1 - Pool stats (total=10, active=0, idle=10, waiting=0)
:2025-08-13 03:36:07.960 DEBUG HikariPool-1 housekeeper c.z.h.p.HikariPool: HikariPool-1 - Fill pool skipped, pool has sufficient level or currently being filled.
:2025-08-13 03:36:25.814 DEBUG HikariPool-1 connection closer c.z.h.p.PoolBase: HikariPool-1 - Closing connection com.mysql.cj.jdbc.ConnectionImpl@7cb32004: (connection has passed maxLifetime)
:2025-08-13 03:36:25.819 DEBUG HikariPool-1 connection adder c.z.h.p.HikariPool: HikariPool-1 - Added connection com.mysql.cj.jdbc.ConnectionImpl@3d6cf5b9
:2025-08-13 03:36:25.861 DEBUG HikariPool-1 connection adder c.z.h.p.HikariPool: HikariPool-1 - Connection not added, stats (total=10, active=0, idle=10, waiting=0)
:2025-08-13 03:36:28.851 DEBUG HikariPool-1 connection closer c.z.h.p.PoolBase: HikariPool-1 - Closing connection com.mysql.cj.jdbc.ConnectionImpl@cf09729: (connection has passed maxLifetime)
:2025-08-13 03:36:28.854 DEBUG HikariPool-1 connection adder c.z.h.p.HikariPool: HikariPool-1 - Added connection com.mysql.cj.jdbc.ConnectionImpl@495c0564
:2025-08-13 03:36:28.897 DEBUG HikariPool-1 connection adder c.z.h.p.HikariPool: HikariPool-1 - Connection not added, stats (total=10, active=0, idle=10, waiting=0)
:2025-08-13 03:36:29.331 DEBUG HikariPool-1 connection closer c.z.h.p.PoolBase: HikariPool-1 - Closing connection com.mysql.cj.jdbc.ConnectionImpl@83631f4: (connection has passed maxLifetime)
:2025-08-13 03:36:29.334 DEBUG HikariPool-1 connection adder c.z.h.p.HikariPool: HikariPool-1 - Added connection com.mysql.cj.jdbc.ConnectionImpl@df06382
:2025-08-13 03:36:29.377 DEBUG HikariPool-1 connection adder c.z.h.p.HikariPool: HikariPool-1 - Connection not added, stats (total=10, active=0, idle=10, waiting=0)
:2025-08-13 03:36:37.970 DEBUG HikariPool-1 housekeeper c.z.h.p.HikariPool: HikariPool-1 - Pool stats (total=10, active=0, idle=10, waiting=0)
:2025-08-13 03:36:37.970 DEBUG HikariPool-1 housekeeper c.z.h.p.HikariPool: HikariPool-1 - Fill pool skipped, pool has sufficient level or currently being filled.
:2025-08-13 03:37:07.971 DEBUG HikariPool-1 housekeeper c.z.h.p.HikariPool: HikariPool-1 - Pool stats (total=10, active=0, idle=10, waiting=0)
:2025-08-13 03:37:07.971 DEBUG HikariPool-1 housekeeper c.z.h.p.HikariPool: HikariPool-1 - Fill pool skipped, pool has sufficient level or currently being filled.
:2025-08-13 03:37:22.376 DEBUG HikariPool-1 connection closer c.z.h.p.PoolBase: HikariPool-1 - Closing connection com.mysql.cj.jdbc.ConnectionImpl@6f29586e: (connection has passed maxLifetime)
:2025-08-13 03:37:22.380 DEBUG HikariPool-1 connection adder c.z.h.p.HikariPool: HikariPool-1 - Added connection com.mysql.cj.jdbc.ConnectionImpl@727227a7
:2025-08-13 03:37:22.423 DEBUG HikariPool-1 connection adder c.z.h.p.HikariPool: HikariPool-1 - Connection not added, stats (total=10, active=0, idle=10, waiting=0)
:2025-08-13 03:37:24.449 DEBUG HikariPool-1 connection closer c.z.h.p.PoolBase: HikariPool-1 - Closing connection com.mysql.cj.jdbc.ConnectionImpl@1bbfd986: (connection has passed maxLifetime)
:2025-08-13 03:37:24.453 DEBUG HikariPool-1 connection adder c.z.h.p.HikariPool: HikariPool-1 - Added connection com.mysql.cj.jdbc.ConnectionImpl@60d974d
:2025-08-13 03:37:24.496 DEBUG HikariPool-1 connection adder c.z.h.p.HikariPool: HikariPool-1 - Connection not added, stats (total=10, active=0, idle=10, waiting=0)
:2025-08-13 03:37:35.233 DEBUG HikariPool-1 connection closer c.z.h.p.PoolBase: HikariPool-1 - Closing connection com.mysql.cj.jdbc.ConnectionImpl@4d8d56a6: (connection has passed maxLifetime)
:2025-08-13 03:37:35.240 DEBUG HikariPool-1 connection adder c.z.h.p.HikariPool: HikariPool-1 - Added connection com.mysql.cj.jdbc.ConnectionImpl@97c7224
:2025-08-13 03:37:35.280 DEBUG HikariPool-1 connection adder c.z.h.p.HikariPool: HikariPool-1 - Connection not added, stats (total=10, active=0, idle=10, waiting=0)
:2025-08-13 03:37:37.968 DEBUG HikariPool-1 connection closer c.z.h.p.PoolBase: HikariPool-1 - Closing connection com.mysql.cj.jdbc.ConnectionImpl@39b967b6: (connection has passed maxLifetime)
:2025-08-13 03:37:37.971 DEBUG HikariPool-1 connection adder c.z.h.p.HikariPool: HikariPool-1 - Added connection com.mysql.cj.jdbc.ConnectionImpl@7df820fc
:2025-08-13 03:37:37.984 DEBUG HikariPool-1 housekeeper c.z.h.p.HikariPool: HikariPool-1 - Pool stats (total=10, active=0, idle=10, waiting=0)
:2025-08-13 03:37:37.984 DEBUG HikariPool-1 housekeeper c.z.h.p.HikariPool: HikariPool-1 - Fill pool skipped, pool has sufficient level or currently being filled.
:2025-08-13 03:37:38.015 DEBUG HikariPool-1 connection adder c.z.h.p.HikariPool: HikariPool-1 - Connection not added, stats (total=10, active=0, idle=10, waiting=0)
:2025-08-13 03:37:54.079 DEBUG HikariPool-1 connection closer c.z.h.p.PoolBase: HikariPool-1 - Closing connection com.mysql.cj.jdbc.ConnectionImpl@26f11880: (connection has passed maxLifetime)
:2025-08-13 03:37:54.082 DEBUG HikariPool-1 connection adder c.z.h.p.HikariPool: HikariPool-1 - Added connection com.mysql.cj.jdbc.ConnectionImpl@5e2c0179
:2025-08-13 03:37:54.126 DEBUG HikariPool-1 connection adder c.z.h.p.HikariPool: HikariPool-1 - Connection not added, stats (total=10, active=0, idle=10, waiting=0)
:2025-08-13 03:38:07.996 DEBUG HikariPool-1 housekeeper c.z.h.p.HikariPool: HikariPool-1 - Pool stats (total=10, active=0, idle=10, waiting=0)
:2025-08-13 03:38:07.996 DEBUG HikariPool-1 housekeeper c.z.h.p.HikariPool: HikariPool-1 - Fill pool skipped, pool has sufficient level or currently being filled.
:2025-08-13 03:38:38.004 DEBUG HikariPool-1 housekeeper c.z.h.p.HikariPool: HikariPool-1 - Pool stats (total=10, active=0, idle=10, waiting=0)
:2025-08-13 03:38:38.004 DEBUG HikariPool-1 housekeeper c.z.h.p.HikariPool: HikariPool-1 - Fill pool skipped, pool has sufficient level or currently being filled.
:2025-08-13 03:39:08.005 DEBUG HikariPool-1 housekeeper c.z.h.p.HikariPool: HikariPool-1 - Pool stats (total=10, active=0, idle=10, waiting=0)
:2025-08-13 03:39:08.005 DEBUG HikariPool-1 housekeeper c.z.h.p.HikariPool: HikariPool-1 - Fill pool skipped, pool has sufficient level or currently being filled.
:2025-08-13 03:39:38.012 DEBUG HikariPool-1 housekeeper c.z.h.p.HikariPool: HikariPool-1 - Pool stats (total=10, active=0, idle=10, waiting=0)
:2025-08-13 03:39:38.012 DEBUG HikariPool-1 housekeeper c.z.h.p.HikariPool: HikariPool-1 - Fill pool skipped, pool has sufficient level or currently being filled.
:2025-08-13 03:40:08.022 DEBUG HikariPool-1 housekeeper c.z.h.p.HikariPool: HikariPool-1 - Pool stats (total=10, active=0, idle=10, waiting=0)
:2025-08-13 03:40:08.022 DEBUG HikariPool-1 housekeeper c.z.h.p.HikariPool: HikariPool-1 - Fill pool skipped, pool has sufficient level or currently being filled.
:2025-08-13 03:40:38.028 DEBUG HikariPool-1 housekeeper c.z.h.p.HikariPool: HikariPool-1 - Pool stats (total=10, active=0, idle=10, waiting=0)
:2025-08-13 03:40:38.028 DEBUG HikariPool-1 housekeeper c.z.h.p.HikariPool: HikariPool-1 - Fill pool skipped, pool has sufficient level or currently being filled.
:2025-08-13 03:41:08.030 DEBUG HikariPool-1 housekeeper c.z.h.p.HikariPool: HikariPool-1 - Pool stats (total=10, active=0, idle=10, waiting=0)
:2025-08-13 03:41:08.030 DEBUG HikariPool-1 housekeeper c.z.h.p.HikariPool: HikariPool-1 - Fill pool skipped, pool has sufficient level or currently being filled.
:2025-08-13 03:41:38.033 DEBUG HikariPool-1 housekeeper c.z.h.p.HikariPool: HikariPool-1 - Pool stats (total=10, active=0, idle=10, waiting=0)
:2025-08-13 03:41:38.033 DEBUG HikariPool-1 housekeeper c.z.h.p.HikariPool: HikariPool-1 - Fill pool skipped, pool has sufficient level or currently being filled.
:2025-08-13 03:42:08.048 DEBUG HikariPool-1 housekeeper c.z.h.p.HikariPool: HikariPool-1 - Pool stats (total=10, active=0, idle=10, waiting=0)
:2025-08-13 03:42:08.048 DEBUG HikariPool-1 housekeeper c.z.h.p.HikariPool: HikariPool-1 - Fill pool skipped, pool has sufficient level or currently being filled.
:2025-08-13 03:42:38.063 DEBUG HikariPool-1 housekeeper c.z.h.p.HikariPool: HikariPool-1 - Pool stats (total=10, active=0, idle=10, waiting=0)
:2025-08-13 03:42:38.063 DEBUG HikariPool-1 housekeeper c.z.h.p.HikariPool: HikariPool-1 - Fill pool skipped, pool has sufficient level or currently being filled.
:2025-08-13 03:43:08.075 DEBUG HikariPool-1 housekeeper c.z.h.p.HikariPool: HikariPool-1 - Pool stats (total=10, active=0, idle=10, waiting=0)
:2025-08-13 03:43:08.075 DEBUG HikariPool-1 housekeeper c.z.h.p.HikariPool: HikariPool-1 - Fill pool skipped, pool has sufficient level or currently being filled.
:2025-08-13 03:43:38.078 DEBUG HikariPool-1 housekeeper c.z.h.p.HikariPool: HikariPool-1 - Pool stats (total=10, active=0, idle=10, waiting=0)
:2025-08-13 03:43:38.078 DEBUG HikariPool-1 housekeeper c.z.h.p.HikariPool: HikariPool-1 - Fill pool skipped, pool has sufficient level or currently being filled.
:2025-08-13 03:44:08.086 DEBUG HikariPool-1 housekeeper c.z.h.p.HikariPool: HikariPool-1 - Pool stats (total=10, active=0, idle=10, waiting=0)
:2025-08-13 03:44:08.086 DEBUG HikariPool-1 housekeeper c.z.h.p.HikariPool: HikariPool-1 - Fill pool skipped, pool has sufficient level or currently being filled.
:2025-08-13 03:44:38.100 DEBUG HikariPool-1 housekeeper c.z.h.p.HikariPool: HikariPool-1 - Pool stats (total=10, active=0, idle=10, waiting=0)
:2025-08-13 03:44:38.100 DEBUG HikariPool-1 housekeeper c.z.h.p.HikariPool: HikariPool-1 - Fill pool skipped, pool has sufficient level or currently being filled.
:2025-08-13 03:45:08.100 DEBUG HikariPool-1 housekeeper c.z.h.p.HikariPool: HikariPool-1 - Pool stats (total=10, active=0, idle=10, waiting=0)
:2025-08-13 03:45:08.100 DEBUG HikariPool-1 housekeeper c.z.h.p.HikariPool: HikariPool-1 - Fill pool skipped, pool has sufficient level or currently being filled.
:2025-08-13 03:45:38.105 DEBUG HikariPool-1 housekeeper c.z.h.p.HikariPool: HikariPool-1 - Pool stats (total=10, active=0, idle=10, waiting=0)
:2025-08-13 03:45:38.105 DEBUG HikariPool-1 housekeeper c.z.h.p.HikariPool: HikariPool-1 - Fill pool skipped, pool has sufficient level or currently being filled.
:2025-08-13 03:46:08.121 DEBUG HikariPool-1 housekeeper c.z.h.p.HikariPool: HikariPool-1 - Pool stats (total=10, active=0, idle=10, waiting=0)
:2025-08-13 03:46:08.121 DEBUG HikariPool-1 housekeeper c.z.h.p.HikariPool: HikariPool-1 - Fill pool skipped, pool has sufficient level or currently being filled.
:2025-08-13 03:46:38.133 DEBUG HikariPool-1 housekeeper c.z.h.p.HikariPool: HikariPool-1 - Pool stats (total=10, active=0, idle=10, waiting=0)
:2025-08-13 03:46:38.133 DEBUG HikariPool-1 housekeeper c.z.h.p.HikariPool: HikariPool-1 - Fill pool skipped, pool has sufficient level or currently being filled.
:2025-08-13 03:47:08.135 DEBUG HikariPool-1 housekeeper c.z.h.p.HikariPool: HikariPool-1 - Pool stats (total=10, active=0, idle=10, waiting=0)
:2025-08-13 03:47:08.135 DEBUG HikariPool-1 housekeeper c.z.h.p.HikariPool: HikariPool-1 - Fill pool skipped, pool has sufficient level or currently being filled.
:2025-08-13 03:47:38.141 DEBUG HikariPool-1 housekeeper c.z.h.p.HikariPool: HikariPool-1 - Pool stats (total=10, active=0, idle=10, waiting=0)
:2025-08-13 03:47:38.141 DEBUG HikariPool-1 housekeeper c.z.h.p.HikariPool: HikariPool-1 - Fill pool skipped, pool has sufficient level or currently being filled.
:2025-08-13 03:48:08.148 DEBUG HikariPool-1 housekeeper c.z.h.p.HikariPool: HikariPool-1 - Pool stats (total=10, active=0, idle=10, waiting=0)
:2025-08-13 03:48:08.148 DEBUG HikariPool-1 housekeeper c.z.h.p.HikariPool: HikariPool-1 - Fill pool skipped, pool has sufficient level or currently being filled.
:2025-08-13 03:48:38.161 DEBUG HikariPool-1 housekeeper c.z.h.p.HikariPool: HikariPool-1 - Pool stats (total=10, active=0, idle=10, waiting=0)
:2025-08-13 03:48:38.161 DEBUG HikariPool-1 housekeeper c.z.h.p.HikariPool: HikariPool-1 - Fill pool skipped, pool has sufficient level or currently being filled.
:2025-08-13 03:49:08.174 DEBUG HikariPool-1 housekeeper c.z.h.p.HikariPool: HikariPool-1 - Pool stats (total=10, active=0, idle=10, waiting=0)
:2025-08-13 03:49:08.174 DEBUG HikariPool-1 housekeeper c.z.h.p.HikariPool: HikariPool-1 - Fill pool skipped, pool has sufficient level or currently being filled.
:2025-08-13 03:49:38.186 DEBUG HikariPool-1 housekeeper c.z.h.p.HikariPool: HikariPool-1 - Pool stats (total=10, active=0, idle=10, waiting=0)
:2025-08-13 03:49:38.186 DEBUG HikariPool-1 housekeeper c.z.h.p.HikariPool: HikariPool-1 - Fill pool skipped, pool has sufficient level or currently being filled.
:2025-08-13 03:50:08.192 DEBUG HikariPool-1 housekeeper c.z.h.p.HikariPool: HikariPool-1 - Pool stats (total=10, active=0, idle=10, waiting=0)
:2025-08-13 03:50:08.192 DEBUG HikariPool-1 housekeeper c.z.h.p.HikariPool: HikariPool-1 - Fill pool skipped, pool has sufficient level or currently being filled.
:2025-08-13 03:50:38.207 DEBUG HikariPool-1 housekeeper c.z.h.p.HikariPool: HikariPool-1 - Pool stats (total=10, active=0, idle=10, waiting=0)
:2025-08-13 03:50:38.207 DEBUG HikariPool-1 housekeeper c.z.h.p.HikariPool: HikariPool-1 - Fill pool skipped, pool has sufficient level or currently being filled.
:2025-08-13 03:51:08.209 DEBUG HikariPool-1 housekeeper c.z.h.p.HikariPool: HikariPool-1 - Pool stats (total=10, active=0, idle=10, waiting=0)
:2025-08-13 03:51:08.209 DEBUG HikariPool-1 housekeeper c.z.h.p.HikariPool: HikariPool-1 - Fill pool skipped, pool has sufficient level or currently being filled.
:2025-08-13 03:51:38.223 DEBUG HikariPool-1 housekeeper c.z.h.p.HikariPool: HikariPool-1 - Pool stats (total=10, active=0, idle=10, waiting=0)
:2025-08-13 03:51:38.223 DEBUG HikariPool-1 housekeeper c.z.h.p.HikariPool: HikariPool-1 - Fill pool skipped, pool has sufficient level or currently being filled.
:2025-08-13 03:52:08.239 DEBUG HikariPool-1 housekeeper c.z.h.p.HikariPool: HikariPool-1 - Pool stats (total=10, active=0, idle=10, waiting=0)
:2025-08-13 03:52:08.239 DEBUG HikariPool-1 housekeeper c.z.h.p.HikariPool: HikariPool-1 - Fill pool skipped, pool has sufficient level or currently being filled.
:2025-08-13 03:52:38.251 DEBUG HikariPool-1 housekeeper c.z.h.p.HikariPool: HikariPool-1 - Pool stats (total=10, active=0, idle=10, waiting=0)
:2025-08-13 03:52:38.251 DEBUG HikariPool-1 housekeeper c.z.h.p.HikariPool: HikariPool-1 - Fill pool skipped, pool has sufficient level or currently being filled.
:2025-08-13 03:53:08.259 DEBUG HikariPool-1 housekeeper c.z.h.p.HikariPool: HikariPool-1 - Pool stats (total=10, active=0, idle=10, waiting=0)
:2025-08-13 03:53:08.259 DEBUG HikariPool-1 housekeeper c.z.h.p.HikariPool: HikariPool-1 - Fill pool skipped, pool has sufficient level or currently being filled.
:2025-08-13 03:53:38.271 DEBUG HikariPool-1 housekeeper c.z.h.p.HikariPool: HikariPool-1 - Pool stats (total=10, active=0, idle=10, waiting=0)
:2025-08-13 03:53:38.271 DEBUG HikariPool-1 housekeeper c.z.h.p.HikariPool: HikariPool-1 - Fill pool skipped, pool has sufficient level or currently being filled.
:2025-08-13 03:54:08.283 DEBUG HikariPool-1 housekeeper c.z.h.p.HikariPool: HikariPool-1 - Pool stats (total=10, active=0, idle=10, waiting=0)
:2025-08-13 03:54:08.283 DEBUG HikariPool-1 housekeeper c.z.h.p.HikariPool: HikariPool-1 - Fill pool skipped, pool has sufficient level or currently being filled.
:2025-08-13 03:54:38.291 DEBUG HikariPool-1 housekeeper c.z.h.p.HikariPool: HikariPool-1 - Pool stats (total=10, active=0, idle=10, waiting=0)
:2025-08-13 03:54:38.291 DEBUG HikariPool-1 housekeeper c.z.h.p.HikariPool: HikariPool-1 - Fill pool skipped, pool has sufficient level or currently being filled.
:2025-08-13 03:55:08.293 DEBUG HikariPool-1 housekeeper c.z.h.p.HikariPool: HikariPool-1 - Pool stats (total=10, active=0, idle=10, waiting=0)
:2025-08-13 03:55:08.293 DEBUG HikariPool-1 housekeeper c.z.h.p.HikariPool: HikariPool-1 - Fill pool skipped, pool has sufficient level or currently being filled.
:2025-08-13 03:55:38.295 DEBUG HikariPool-1 housekeeper c.z.h.p.HikariPool: HikariPool-1 - Pool stats (total=10, active=0, idle=10, waiting=0)
:2025-08-13 03:55:38.295 DEBUG HikariPool-1 housekeeper c.z.h.p.HikariPool: HikariPool-1 - Fill pool skipped, pool has sufficient level or currently being filled.
:2025-08-13 03:56:08.303 DEBUG HikariPool-1 housekeeper c.z.h.p.HikariPool: HikariPool-1 - Pool stats (total=10, active=0, idle=10, waiting=0)
:2025-08-13 03:56:08.303 DEBUG HikariPool-1 housekeeper c.z.h.p.HikariPool: HikariPool-1 - Fill pool skipped, pool has sufficient level or currently being filled.
:2025-08-13 03:56:38.307 DEBUG HikariPool-1 housekeeper c.z.h.p.HikariPool: HikariPool-1 - Pool stats (total=10, active=0, idle=10, waiting=0)
:2025-08-13 03:56:38.307 DEBUG HikariPool-1 housekeeper c.z.h.p.HikariPool: HikariPool-1 - Fill pool skipped, pool has sufficient level or currently being filled.
:2025-08-13 03:57:08.310 DEBUG HikariPool-1 housekeeper c.z.h.p.HikariPool: HikariPool-1 - Pool stats (total=10, active=0, idle=10, waiting=0)
:2025-08-13 03:57:08.310 DEBUG HikariPool-1 housekeeper c.z.h.p.HikariPool: HikariPool-1 - Fill pool skipped, pool has sufficient level or currently being filled.
:2025-08-13 03:57:38.322 DEBUG HikariPool-1 housekeeper c.z.h.p.HikariPool: HikariPool-1 - Pool stats (total=10, active=0, idle=10, waiting=0)
:2025-08-13 03:57:38.322 DEBUG HikariPool-1 housekeeper c.z.h.p.HikariPool: HikariPool-1 - Fill pool skipped, pool has sufficient level or currently being filled.
:2025-08-13 03:58:08.327 DEBUG HikariPool-1 housekeeper c.z.h.p.HikariPool: HikariPool-1 - Pool stats (total=10, active=0, idle=10, waiting=0)
:2025-08-13 03:58:08.327 DEBUG HikariPool-1 housekeeper c.z.h.p.HikariPool: HikariPool-1 - Fill pool skipped, pool has sufficient level or currently being filled.
:2025-08-13 03:58:38.334 DEBUG HikariPool-1 housekeeper c.z.h.p.HikariPool: HikariPool-1 - Pool stats (total=10, active=0, idle=10, waiting=0)
:2025-08-13 03:58:38.334 DEBUG HikariPool-1 housekeeper c.z.h.p.HikariPool: HikariPool-1 - Fill pool skipped, pool has sufficient level or currently being filled.
:2025-08-13 03:59:08.349 DEBUG HikariPool-1 housekeeper c.z.h.p.HikariPool: HikariPool-1 - Pool stats (total=10, active=0, idle=10, waiting=0)
:2025-08-13 03:59:08.349 DEBUG HikariPool-1 housekeeper c.z.h.p.HikariPool: HikariPool-1 - Fill pool skipped, pool has sufficient level or currently being filled.
:2025-08-13 03:59:38.357 DEBUG HikariPool-1 housekeeper c.z.h.p.HikariPool: HikariPool-1 - Pool stats (total=10, active=0, idle=10, waiting=0)
:2025-08-13 03:59:38.357 DEBUG HikariPool-1 housekeeper c.z.h.p.HikariPool: HikariPool-1 - Fill pool skipped, pool has sufficient level or currently being filled.
:2025-08-13 04:00:08.358 DEBUG HikariPool-1 housekeeper c.z.h.p.HikariPool: HikariPool-1 - Pool stats (total=10, active=0, idle=10, waiting=0)
:2025-08-13 04:00:08.358 DEBUG HikariPool-1 housekeeper c.z.h.p.HikariPool: HikariPool-1 - Fill pool skipped, pool has sufficient level or currently being filled.
:2025-08-13 04:00:38.359 DEBUG HikariPool-1 housekeeper c.z.h.p.HikariPool: HikariPool-1 - Pool stats (total=10, active=0, idle=10, waiting=0)
:2025-08-13 04:00:38.359 DEBUG HikariPool-1 housekeeper c.z.h.p.HikariPool: HikariPool-1 - Fill pool skipped, pool has sufficient level or currently being filled.
:2025-08-13 04:01:08.374 DEBUG HikariPool-1 housekeeper c.z.h.p.HikariPool: HikariPool-1 - Pool stats (total=10, active=0, idle=10, waiting=0)
:2025-08-13 04:01:08.374 DEBUG HikariPool-1 housekeeper c.z.h.p.HikariPool: HikariPool-1 - Fill pool skipped, pool has sufficient level or currently being filled.
:2025-08-13 04:01:38.390 DEBUG HikariPool-1 housekeeper c.z.h.p.HikariPool: HikariPool-1 - Pool stats (total=10, active=0, idle=10, waiting=0)
:2025-08-13 04:01:38.390 DEBUG HikariPool-1 housekeeper c.z.h.p.HikariPool: HikariPool-1 - Fill pool skipped, pool has sufficient level or currently being filled.
:2025-08-13 04:02:08.395 DEBUG HikariPool-1 housekeeper c.z.h.p.HikariPool: HikariPool-1 - Pool stats (total=10, active=0, idle=10, waiting=0)
:2025-08-13 04:02:08.395 DEBUG HikariPool-1 housekeeper c.z.h.p.HikariPool: HikariPool-1 - Fill pool skipped, pool has sufficient level or currently being filled.
:2025-08-13 04:02:38.411 DEBUG HikariPool-1 housekeeper c.z.h.p.HikariPool: HikariPool-1 - Pool stats (total=10, active=0, idle=10, waiting=0)
:2025-08-13 04:02:38.411 DEBUG HikariPool-1 housekeeper c.z.h.p.HikariPool: HikariPool-1 - Fill pool skipped, pool has sufficient level or currently being filled.
:2025-08-13 04:03:08.419 DEBUG HikariPool-1 housekeeper c.z.h.p.HikariPool: HikariPool-1 - Pool stats (total=10, active=0, idle=10, waiting=0)
:2025-08-13 04:03:08.419 DEBUG HikariPool-1 housekeeper c.z.h.p.HikariPool: HikariPool-1 - Fill pool skipped, pool has sufficient level or currently being filled.
:2025-08-13 04:03:38.426 DEBUG HikariPool-1 housekeeper c.z.h.p.HikariPool: HikariPool-1 - Pool stats (total=10, active=0, idle=10, waiting=0)
:2025-08-13 04:03:38.426 DEBUG HikariPool-1 housekeeper c.z.h.p.HikariPool: HikariPool-1 - Fill pool skipped, pool has sufficient level or currently being filled.
:2025-08-13 04:04:08.427 DEBUG HikariPool-1 housekeeper c.z.h.p.HikariPool: HikariPool-1 - Pool stats (total=10, active=0, idle=10, waiting=0)
:2025-08-13 04:04:08.427 DEBUG HikariPool-1 housekeeper c.z.h.p.HikariPool: HikariPool-1 - Fill pool skipped, pool has sufficient level or currently being filled.
:2025-08-13 04:04:38.434 DEBUG HikariPool-1 housekeeper c.z.h.p.HikariPool: HikariPool-1 - Pool stats (total=10, active=0, idle=10, waiting=0)
:2025-08-13 04:04:38.434 DEBUG HikariPool-1 housekeeper c.z.h.p.HikariPool: HikariPool-1 - Fill pool skipped, pool has sufficient level or currently being filled.
:2025-08-13 04:04:51.937 DEBUG HikariPool-1 connection closer c.z.h.p.PoolBase: HikariPool-1 - Closing connection com.mysql.cj.jdbc.ConnectionImpl@46a3dfd3: (connection has passed maxLifetime)
:2025-08-13 04:04:51.941 DEBUG HikariPool-1 connection adder c.z.h.p.HikariPool: HikariPool-1 - Added connection com.mysql.cj.jdbc.ConnectionImpl@2e476d4e
:2025-08-13 04:04:51.985 DEBUG HikariPool-1 connection adder c.z.h.p.HikariPool: HikariPool-1 - Connection not added, stats (total=10, active=0, idle=10, waiting=0)
:2025-08-13 04:05:08.448 DEBUG HikariPool-1 housekeeper c.z.h.p.HikariPool: HikariPool-1 - Pool stats (total=10, active=0, idle=10, waiting=0)
:2025-08-13 04:05:08.448 DEBUG HikariPool-1 housekeeper c.z.h.p.HikariPool: HikariPool-1 - Fill pool skipped, pool has sufficient level or currently being filled.
:2025-08-13 04:05:33.688 DEBUG HikariPool-1 connection closer c.z.h.p.PoolBase: HikariPool-1 - Closing connection com.mysql.cj.jdbc.ConnectionImpl@6b21a5b2: (connection has passed maxLifetime)
:2025-08-13 04:05:33.692 DEBUG HikariPool-1 connection adder c.z.h.p.HikariPool: HikariPool-1 - Added connection com.mysql.cj.jdbc.ConnectionImpl@631672ca
:2025-08-13 04:05:33.735 DEBUG HikariPool-1 connection adder c.z.h.p.HikariPool: HikariPool-1 - Connection not added, stats (total=10, active=0, idle=10, waiting=0)
:2025-08-13 04:05:38.452 DEBUG HikariPool-1 housekeeper c.z.h.p.HikariPool: HikariPool-1 - Pool stats (total=10, active=0, idle=10, waiting=0)
:2025-08-13 04:05:38.452 DEBUG HikariPool-1 housekeeper c.z.h.p.HikariPool: HikariPool-1 - Fill pool skipped, pool has sufficient level or currently being filled.
:2025-08-13 04:05:50.931 DEBUG HikariPool-1 connection closer c.z.h.p.PoolBase: HikariPool-1 - Closing connection com.mysql.cj.jdbc.ConnectionImpl@495c0564: (connection has passed maxLifetime)
:2025-08-13 04:05:50.935 DEBUG HikariPool-1 connection adder c.z.h.p.HikariPool: HikariPool-1 - Added connection com.mysql.cj.jdbc.ConnectionImpl@455906b
:2025-08-13 04:05:50.978 DEBUG HikariPool-1 connection adder c.z.h.p.HikariPool: HikariPool-1 - Connection not added, stats (total=10, active=0, idle=10, waiting=0)
:2025-08-13 04:06:08.468 DEBUG HikariPool-1 housekeeper c.z.h.p.HikariPool: HikariPool-1 - Pool stats (total=10, active=0, idle=10, waiting=0)
:2025-08-13 04:06:08.468 DEBUG HikariPool-1 housekeeper c.z.h.p.HikariPool: HikariPool-1 - Fill pool skipped, pool has sufficient level or currently being filled.
:2025-08-13 04:06:11.265 DEBUG HikariPool-1 connection closer c.z.h.p.PoolBase: HikariPool-1 - Closing connection com.mysql.cj.jdbc.ConnectionImpl@df06382: (connection has passed maxLifetime)
:2025-08-13 04:06:11.269 DEBUG HikariPool-1 connection adder c.z.h.p.HikariPool: HikariPool-1 - Added connection com.mysql.cj.jdbc.ConnectionImpl@3c52b8b4
:2025-08-13 04:06:11.313 DEBUG HikariPool-1 connection adder c.z.h.p.HikariPool: HikariPool-1 - Connection not added, stats (total=10, active=0, idle=10, waiting=0)
:2025-08-13 04:06:20.423 DEBUG HikariPool-1 connection closer c.z.h.p.PoolBase: HikariPool-1 - Closing connection com.mysql.cj.jdbc.ConnectionImpl@3d6cf5b9: (connection has passed maxLifetime)
:2025-08-13 04:06:20.427 DEBUG HikariPool-1 connection adder c.z.h.p.HikariPool: HikariPool-1 - Added connection com.mysql.cj.jdbc.ConnectionImpl@49b9b2d5
:2025-08-13 04:06:20.469 DEBUG HikariPool-1 connection adder c.z.h.p.HikariPool: HikariPool-1 - Connection not added, stats (total=10, active=0, idle=10, waiting=0)
:2025-08-13 04:06:38.473 DEBUG HikariPool-1 housekeeper c.z.h.p.HikariPool: HikariPool-1 - Pool stats (total=10, active=0, idle=10, waiting=0)
:2025-08-13 04:06:38.473 DEBUG HikariPool-1 housekeeper c.z.h.p.HikariPool: HikariPool-1 - Fill pool skipped, pool has sufficient level or currently being filled.
:2025-08-13 04:06:50.466 DEBUG HikariPool-1 connection closer c.z.h.p.PoolBase: HikariPool-1 - Closing connection com.mysql.cj.jdbc.ConnectionImpl@97c7224: (connection has passed maxLifetime)
:2025-08-13 04:06:50.470 DEBUG HikariPool-1 connection adder c.z.h.p.HikariPool: HikariPool-1 - Added connection com.mysql.cj.jdbc.ConnectionImpl@6d3c8f5d
:2025-08-13 04:06:50.513 DEBUG HikariPool-1 connection adder c.z.h.p.HikariPool: HikariPool-1 - Connection not added, stats (total=10, active=0, idle=10, waiting=0)
:2025-08-13 04:07:08.473 DEBUG HikariPool-1 housekeeper c.z.h.p.HikariPool: HikariPool-1 - Pool stats (total=10, active=0, idle=10, waiting=0)
:2025-08-13 04:07:08.473 DEBUG HikariPool-1 housekeeper c.z.h.p.HikariPool: HikariPool-1 - Fill pool skipped, pool has sufficient level or currently being filled.
:2025-08-13 04:07:11.162 DEBUG HikariPool-1 connection closer c.z.h.p.PoolBase: HikariPool-1 - Closing connection com.mysql.cj.jdbc.ConnectionImpl@60d974d: (connection has passed maxLifetime)
:2025-08-13 04:07:11.165 DEBUG HikariPool-1 connection adder c.z.h.p.HikariPool: HikariPool-1 - Added connection com.mysql.cj.jdbc.ConnectionImpl@74c4ee24
:2025-08-13 04:07:11.207 DEBUG HikariPool-1 connection adder c.z.h.p.HikariPool: HikariPool-1 - Connection not added, stats (total=10, active=0, idle=10, waiting=0)
:2025-08-13 04:07:16.376 DEBUG HikariPool-1 connection closer c.z.h.p.PoolBase: HikariPool-1 - Closing connection com.mysql.cj.jdbc.ConnectionImpl@727227a7: (connection has passed maxLifetime)
:2025-08-13 04:07:16.380 DEBUG HikariPool-1 connection adder c.z.h.p.HikariPool: HikariPool-1 - Added connection com.mysql.cj.jdbc.ConnectionImpl@2342aa0e
:2025-08-13 04:07:16.422 DEBUG HikariPool-1 connection adder c.z.h.p.HikariPool: HikariPool-1 - Connection not added, stats (total=10, active=0, idle=10, waiting=0)
:2025-08-13 04:07:33.695 DEBUG HikariPool-1 connection closer c.z.h.p.PoolBase: HikariPool-1 - Closing connection com.mysql.cj.jdbc.ConnectionImpl@7df820fc: (connection has passed maxLifetime)
:2025-08-13 04:07:33.700 DEBUG HikariPool-1 connection adder c.z.h.p.HikariPool: HikariPool-1 - Added connection com.mysql.cj.jdbc.ConnectionImpl@55fc7eec
:2025-08-13 04:07:33.743 DEBUG HikariPool-1 connection adder c.z.h.p.HikariPool: HikariPool-1 - Connection not added, stats (total=10, active=0, idle=10, waiting=0)
:2025-08-13 04:07:35.515 DEBUG HikariPool-1 connection closer c.z.h.p.PoolBase: HikariPool-1 - Closing connection com.mysql.cj.jdbc.ConnectionImpl@5e2c0179: (connection has passed maxLifetime)
:2025-08-13 04:07:35.519 DEBUG HikariPool-1 connection adder c.z.h.p.HikariPool: HikariPool-1 - Added connection com.mysql.cj.jdbc.ConnectionImpl@21a46b28
:2025-08-13 04:07:35.563 DEBUG HikariPool-1 connection adder c.z.h.p.HikariPool: HikariPool-1 - Connection not added, stats (total=10, active=0, idle=10, waiting=0)
:2025-08-13 04:07:38.487 DEBUG HikariPool-1 housekeeper c.z.h.p.HikariPool: HikariPool-1 - Pool stats (total=10, active=0, idle=10, waiting=0)
:2025-08-13 04:07:38.487 DEBUG HikariPool-1 housekeeper c.z.h.p.HikariPool: HikariPool-1 - Fill pool skipped, pool has sufficient level or currently being filled.
:2025-08-13 04:08:08.502 DEBUG HikariPool-1 housekeeper c.z.h.p.HikariPool: HikariPool-1 - Pool stats (total=10, active=0, idle=10, waiting=0)
:2025-08-13 04:08:08.502 DEBUG HikariPool-1 housekeeper c.z.h.p.HikariPool: HikariPool-1 - Fill pool skipped, pool has sufficient level or currently being filled.
:2025-08-13 04:08:38.502 DEBUG HikariPool-1 housekeeper c.z.h.p.HikariPool: HikariPool-1 - Pool stats (total=10, active=0, idle=10, waiting=0)
:2025-08-13 04:08:38.502 DEBUG HikariPool-1 housekeeper c.z.h.p.HikariPool: HikariPool-1 - Fill pool skipped, pool has sufficient level or currently being filled.
:2025-08-13 04:09:08.509 DEBUG HikariPool-1 housekeeper c.z.h.p.HikariPool: HikariPool-1 - Pool stats (total=10, active=0, idle=10, waiting=0)
:2025-08-13 04:09:08.509 DEBUG HikariPool-1 housekeeper c.z.h.p.HikariPool: HikariPool-1 - Fill pool skipped, pool has sufficient level or currently being filled.
:2025-08-13 04:09:38.520 DEBUG HikariPool-1 housekeeper c.z.h.p.HikariPool: HikariPool-1 - Pool stats (total=10, active=0, idle=10, waiting=0)
:2025-08-13 04:09:38.520 DEBUG HikariPool-1 housekeeper c.z.h.p.HikariPool: HikariPool-1 - Fill pool skipped, pool has sufficient level or currently being filled.
:2025-08-13 04:10:08.535 DEBUG HikariPool-1 housekeeper c.z.h.p.HikariPool: HikariPool-1 - Pool stats (total=10, active=0, idle=10, waiting=0)
:2025-08-13 04:10:08.535 DEBUG HikariPool-1 housekeeper c.z.h.p.HikariPool: HikariPool-1 - Fill pool skipped, pool has sufficient level or currently being filled.
:2025-08-13 04:10:38.535 DEBUG HikariPool-1 housekeeper c.z.h.p.HikariPool: HikariPool-1 - Pool stats (total=10, active=0, idle=10, waiting=0)
:2025-08-13 04:10:38.535 DEBUG HikariPool-1 housekeeper c.z.h.p.HikariPool: HikariPool-1 - Fill pool skipped, pool has sufficient level or currently being filled.
:2025-08-13 04:11:08.544 DEBUG HikariPool-1 housekeeper c.z.h.p.HikariPool: HikariPool-1 - Pool stats (total=10, active=0, idle=10, waiting=0)
:2025-08-13 04:11:08.544 DEBUG HikariPool-1 housekeeper c.z.h.p.HikariPool: HikariPool-1 - Fill pool skipped, pool has sufficient level or currently being filled.
:2025-08-13 04:11:38.548 DEBUG HikariPool-1 housekeeper c.z.h.p.HikariPool: HikariPool-1 - Pool stats (total=10, active=0, idle=10, waiting=0)
:2025-08-13 04:11:38.548 DEBUG HikariPool-1 housekeeper c.z.h.p.HikariPool: HikariPool-1 - Fill pool skipped, pool has sufficient level or currently being filled.
:2025-08-13 04:12:08.559 DEBUG HikariPool-1 housekeeper c.z.h.p.HikariPool: HikariPool-1 - Pool stats (total=10, active=0, idle=10, waiting=0)
:2025-08-13 04:12:08.559 DEBUG HikariPool-1 housekeeper c.z.h.p.HikariPool: HikariPool-1 - Fill pool skipped, pool has sufficient level or currently being filled.
:2025-08-13 04:12:38.560 DEBUG HikariPool-1 housekeeper c.z.h.p.HikariPool: HikariPool-1 - Pool stats (total=10, active=0, idle=10, waiting=0)
:2025-08-13 04:12:38.560 DEBUG HikariPool-1 housekeeper c.z.h.p.HikariPool: HikariPool-1 - Fill pool skipped, pool has sufficient level or currently being filled.
:2025-08-13 04:13:08.566 DEBUG HikariPool-1 housekeeper c.z.h.p.HikariPool: HikariPool-1 - Pool stats (total=10, active=0, idle=10, waiting=0)
:2025-08-13 04:13:08.566 DEBUG HikariPool-1 housekeeper c.z.h.p.HikariPool: HikariPool-1 - Fill pool skipped, pool has sufficient level or currently being filled.
:2025-08-13 04:13:38.568 DEBUG HikariPool-1 housekeeper c.z.h.p.HikariPool: HikariPool-1 - Pool stats (total=10, active=0, idle=10, waiting=0)
:2025-08-13 04:13:38.568 DEBUG HikariPool-1 housekeeper c.z.h.p.HikariPool: HikariPool-1 - Fill pool skipped, pool has sufficient level or currently being filled.
:2025-08-13 04:14:08.572 DEBUG HikariPool-1 housekeeper c.z.h.p.HikariPool: HikariPool-1 - Pool stats (total=10, active=0, idle=10, waiting=0)
:2025-08-13 04:14:08.572 DEBUG HikariPool-1 housekeeper c.z.h.p.HikariPool: HikariPool-1 - Fill pool skipped, pool has sufficient level or currently being filled.
:2025-08-13 04:14:38.578 DEBUG HikariPool-1 housekeeper c.z.h.p.HikariPool: HikariPool-1 - Pool stats (total=10, active=0, idle=10, waiting=0)
:2025-08-13 04:14:38.578 DEBUG HikariPool-1 housekeeper c.z.h.p.HikariPool: HikariPool-1 - Fill pool skipped, pool has sufficient level or currently being filled.
:2025-08-13 04:15:08.590 DEBUG HikariPool-1 housekeeper c.z.h.p.HikariPool: HikariPool-1 - Pool stats (total=10, active=0, idle=10, waiting=0)
:2025-08-13 04:15:08.590 DEBUG HikariPool-1 housekeeper c.z.h.p.HikariPool: HikariPool-1 - Fill pool skipped, pool has sufficient level or currently being filled.
:2025-08-13 04:15:38.592 DEBUG HikariPool-1 housekeeper c.z.h.p.HikariPool: HikariPool-1 - Pool stats (total=10, active=0, idle=10, waiting=0)
:2025-08-13 04:15:38.592 DEBUG HikariPool-1 housekeeper c.z.h.p.HikariPool: HikariPool-1 - Fill pool skipped, pool has sufficient level or currently being filled.
:2025-08-13 04:16:08.604 DEBUG HikariPool-1 housekeeper c.z.h.p.HikariPool: HikariPool-1 - Pool stats (total=10, active=0, idle=10, waiting=0)
:2025-08-13 04:16:08.604 DEBUG HikariPool-1 housekeeper c.z.h.p.HikariPool: HikariPool-1 - Fill pool skipped, pool has sufficient level or currently being filled.
:2025-08-13 04:16:38.624 DEBUG HikariPool-1 housekeeper c.z.h.p.HikariPool: HikariPool-1 - Pool stats (total=10, active=0, idle=10, waiting=0)
:2025-08-13 04:16:38.625 DEBUG HikariPool-1 housekeeper c.z.h.p.HikariPool: HikariPool-1 - Fill pool skipped, pool has sufficient level or currently being filled.
:2025-08-13 04:17:08.635 DEBUG HikariPool-1 housekeeper c.z.h.p.HikariPool: HikariPool-1 - Pool stats (total=10, active=0, idle=10, waiting=0)
:2025-08-13 04:17:08.635 DEBUG HikariPool-1 housekeeper c.z.h.p.HikariPool: HikariPool-1 - Fill pool skipped, pool has sufficient level or currently being filled.
:2025-08-13 04:17:38.645 DEBUG HikariPool-1 housekeeper c.z.h.p.HikariPool: HikariPool-1 - Pool stats (total=10, active=0, idle=10, waiting=0)
:2025-08-13 04:17:38.645 DEBUG HikariPool-1 housekeeper c.z.h.p.HikariPool: HikariPool-1 - Fill pool skipped, pool has sufficient level or currently being filled.
:2025-08-13 04:18:08.655 DEBUG HikariPool-1 housekeeper c.z.h.p.HikariPool: HikariPool-1 - Pool stats (total=10, active=0, idle=10, waiting=0)
:2025-08-13 04:18:08.655 DEBUG HikariPool-1 housekeeper c.z.h.p.HikariPool: HikariPool-1 - Fill pool skipped, pool has sufficient level or currently being filled.
:2025-08-13 04:18:38.664 DEBUG HikariPool-1 housekeeper c.z.h.p.HikariPool: HikariPool-1 - Pool stats (total=10, active=0, idle=10, waiting=0)
:2025-08-13 04:18:38.664 DEBUG HikariPool-1 housekeeper c.z.h.p.HikariPool: HikariPool-1 - Fill pool skipped, pool has sufficient level or currently being filled.
:2025-08-13 04:19:08.667 DEBUG HikariPool-1 housekeeper c.z.h.p.HikariPool: HikariPool-1 - Pool stats (total=10, active=0, idle=10, waiting=0)
:2025-08-13 04:19:08.667 DEBUG HikariPool-1 housekeeper c.z.h.p.HikariPool: HikariPool-1 - Fill pool skipped, pool has sufficient level or currently being filled.
:2025-08-13 04:19:38.681 DEBUG HikariPool-1 housekeeper c.z.h.p.HikariPool: HikariPool-1 - Pool stats (total=10, active=0, idle=10, waiting=0)
:2025-08-13 04:19:38.681 DEBUG HikariPool-1 housekeeper c.z.h.p.HikariPool: HikariPool-1 - Fill pool skipped, pool has sufficient level or currently being filled.
:2025-08-13 04:20:08.690 DEBUG HikariPool-1 housekeeper c.z.h.p.HikariPool: HikariPool-1 - Pool stats (total=10, active=0, idle=10, waiting=0)
:2025-08-13 04:20:08.690 DEBUG HikariPool-1 housekeeper c.z.h.p.HikariPool: HikariPool-1 - Fill pool skipped, pool has sufficient level or currently being filled.
:2025-08-13 04:20:38.691 DEBUG HikariPool-1 housekeeper c.z.h.p.HikariPool: HikariPool-1 - Pool stats (total=10, active=0, idle=10, waiting=0)
:2025-08-13 04:20:38.691 DEBUG HikariPool-1 housekeeper c.z.h.p.HikariPool: HikariPool-1 - Fill pool skipped, pool has sufficient level or currently being filled.
:2025-08-13 04:21:08.707 DEBUG HikariPool-1 housekeeper c.z.h.p.HikariPool: HikariPool-1 - Pool stats (total=10, active=0, idle=10, waiting=0)
:2025-08-13 04:21:08.707 DEBUG HikariPool-1 housekeeper c.z.h.p.HikariPool: HikariPool-1 - Fill pool skipped, pool has sufficient level or currently being filled.
:2025-08-13 04:21:38.713 DEBUG HikariPool-1 housekeeper c.z.h.p.HikariPool: HikariPool-1 - Pool stats (total=10, active=0, idle=10, waiting=0)
:2025-08-13 04:21:38.713 DEBUG HikariPool-1 housekeeper c.z.h.p.HikariPool: HikariPool-1 - Fill pool skipped, pool has sufficient level or currently being filled.
:2025-08-13 04:22:08.728 DEBUG HikariPool-1 housekeeper c.z.h.p.HikariPool: HikariPool-1 - Pool stats (total=10, active=0, idle=10, waiting=0)
:2025-08-13 04:22:08.728 DEBUG HikariPool-1 housekeeper c.z.h.p.HikariPool: HikariPool-1 - Fill pool skipped, pool has sufficient level or currently being filled.
:2025-08-13 04:22:38.729 DEBUG HikariPool-1 housekeeper c.z.h.p.HikariPool: HikariPool-1 - Pool stats (total=10, active=0, idle=10, waiting=0)
:2025-08-13 04:22:38.729 DEBUG HikariPool-1 housekeeper c.z.h.p.HikariPool: HikariPool-1 - Fill pool skipped, pool has sufficient level or currently being filled.
:2025-08-13 04:23:08.738 DEBUG HikariPool-1 housekeeper c.z.h.p.HikariPool: HikariPool-1 - Pool stats (total=10, active=0, idle=10, waiting=0)
:2025-08-13 04:23:08.738 DEBUG HikariPool-1 housekeeper c.z.h.p.HikariPool: HikariPool-1 - Fill pool skipped, pool has sufficient level or currently being filled.
:2025-08-13 04:23:38.741 DEBUG HikariPool-1 housekeeper c.z.h.p.HikariPool: HikariPool-1 - Pool stats (total=10, active=0, idle=10, waiting=0)
:2025-08-13 04:23:38.741 DEBUG HikariPool-1 housekeeper c.z.h.p.HikariPool: HikariPool-1 - Fill pool skipped, pool has sufficient level or currently being filled.
:2025-08-13 04:24:08.752 DEBUG HikariPool-1 housekeeper c.z.h.p.HikariPool: HikariPool-1 - Pool stats (total=10, active=0, idle=10, waiting=0)
:2025-08-13 04:24:08.752 DEBUG HikariPool-1 housekeeper c.z.h.p.HikariPool: HikariPool-1 - Fill pool skipped, pool has sufficient level or currently being filled.
:2025-08-13 04:24:38.763 DEBUG HikariPool-1 housekeeper c.z.h.p.HikariPool: HikariPool-1 - Pool stats (total=10, active=0, idle=10, waiting=0)
:2025-08-13 04:24:38.763 DEBUG HikariPool-1 housekeeper c.z.h.p.HikariPool: HikariPool-1 - Fill pool skipped, pool has sufficient level or currently being filled.
:2025-08-13 04:25:08.775 DEBUG HikariPool-1 housekeeper c.z.h.p.HikariPool: HikariPool-1 - Pool stats (total=10, active=0, idle=10, waiting=0)
:2025-08-13 04:25:08.775 DEBUG HikariPool-1 housekeeper c.z.h.p.HikariPool: HikariPool-1 - Fill pool skipped, pool has sufficient level or currently being filled.
:2025-08-13 04:25:38.788 DEBUG HikariPool-1 housekeeper c.z.h.p.HikariPool: HikariPool-1 - Pool stats (total=10, active=0, idle=10, waiting=0)
:2025-08-13 04:25:38.788 DEBUG HikariPool-1 housekeeper c.z.h.p.HikariPool: HikariPool-1 - Fill pool skipped, pool has sufficient level or currently being filled.
:2025-08-13 04:26:08.797 DEBUG HikariPool-1 housekeeper c.z.h.p.HikariPool: HikariPool-1 - Pool stats (total=10, active=0, idle=10, waiting=0)
:2025-08-13 04:26:08.797 DEBUG HikariPool-1 housekeeper c.z.h.p.HikariPool: HikariPool-1 - Fill pool skipped, pool has sufficient level or currently being filled.
:2025-08-13 04:26:38.805 DEBUG HikariPool-1 housekeeper c.z.h.p.HikariPool: HikariPool-1 - Pool stats (total=10, active=0, idle=10, waiting=0)
:2025-08-13 04:26:38.805 DEBUG HikariPool-1 housekeeper c.z.h.p.HikariPool: HikariPool-1 - Fill pool skipped, pool has sufficient level or currently being filled.
:2025-08-13 04:27:08.807 DEBUG HikariPool-1 housekeeper c.z.h.p.HikariPool: HikariPool-1 - Pool stats (total=10, active=0, idle=10, waiting=0)
:2025-08-13 04:27:08.807 DEBUG HikariPool-1 housekeeper c.z.h.p.HikariPool: HikariPool-1 - Fill pool skipped, pool has sufficient level or currently being filled.
:2025-08-13 04:27:38.815 DEBUG HikariPool-1 housekeeper c.z.h.p.HikariPool: HikariPool-1 - Pool stats (total=10, active=0, idle=10, waiting=0)
:2025-08-13 04:27:38.815 DEBUG HikariPool-1 housekeeper c.z.h.p.HikariPool: HikariPool-1 - Fill pool skipped, pool has sufficient level or currently being filled.
:2025-08-13 04:28:08.829 DEBUG HikariPool-1 housekeeper c.z.h.p.HikariPool: HikariPool-1 - Pool stats (total=10, active=0, idle=10, waiting=0)
:2025-08-13 04:28:08.829 DEBUG HikariPool-1 housekeeper c.z.h.p.HikariPool: HikariPool-1 - Fill pool skipped, pool has sufficient level or currently being filled.
:2025-08-13 04:28:38.837 DEBUG HikariPool-1 housekeeper c.z.h.p.HikariPool: HikariPool-1 - Pool stats (total=10, active=0, idle=10, waiting=0)
:2025-08-13 04:28:38.837 DEBUG HikariPool-1 housekeeper c.z.h.p.HikariPool: HikariPool-1 - Fill pool skipped, pool has sufficient level or currently being filled.
:2025-08-13 04:29:08.839 DEBUG HikariPool-1 housekeeper c.z.h.p.HikariPool: HikariPool-1 - Pool stats (total=10, active=0, idle=10, waiting=0)
:2025-08-13 04:29:08.839 DEBUG HikariPool-1 housekeeper c.z.h.p.HikariPool: HikariPool-1 - Fill pool skipped, pool has sufficient level or currently being filled.
:2025-08-13 04:29:38.845 DEBUG HikariPool-1 housekeeper c.z.h.p.HikariPool: HikariPool-1 - Pool stats (total=10, active=0, idle=10, waiting=0)
:2025-08-13 04:29:38.845 DEBUG HikariPool-1 housekeeper c.z.h.p.HikariPool: HikariPool-1 - Fill pool skipped, pool has sufficient level or currently being filled.
:2025-08-13 04:30:08.852 DEBUG HikariPool-1 housekeeper c.z.h.p.HikariPool: HikariPool-1 - Pool stats (total=10, active=0, idle=10, waiting=0)
:2025-08-13 04:30:08.852 DEBUG HikariPool-1 housekeeper c.z.h.p.HikariPool: HikariPool-1 - Fill pool skipped, pool has sufficient level or currently being filled.
:2025-08-13 04:30:38.866 DEBUG HikariPool-1 housekeeper c.z.h.p.HikariPool: HikariPool-1 - Pool stats (total=10, active=0, idle=10, waiting=0)
:2025-08-13 04:30:38.866 DEBUG HikariPool-1 housekeeper c.z.h.p.HikariPool: HikariPool-1 - Fill pool skipped, pool has sufficient level or currently being filled.
:2025-08-13 04:31:08.869 DEBUG HikariPool-1 housekeeper c.z.h.p.HikariPool: HikariPool-1 - Pool stats (total=10, active=0, idle=10, waiting=0)
:2025-08-13 04:31:08.869 DEBUG HikariPool-1 housekeeper c.z.h.p.HikariPool: HikariPool-1 - Fill pool skipped, pool has sufficient level or currently being filled.
:2025-08-13 04:31:38.871 DEBUG HikariPool-1 housekeeper c.z.h.p.HikariPool: HikariPool-1 - Pool stats (total=10, active=0, idle=10, waiting=0)
:2025-08-13 04:31:38.871 DEBUG HikariPool-1 housekeeper c.z.h.p.HikariPool: HikariPool-1 - Fill pool skipped, pool has sufficient level or currently being filled.
:2025-08-13 04:32:08.873 DEBUG HikariPool-1 housekeeper c.z.h.p.HikariPool: HikariPool-1 - Pool stats (total=10, active=0, idle=10, waiting=0)
:2025-08-13 04:32:08.873 DEBUG HikariPool-1 housekeeper c.z.h.p.HikariPool: HikariPool-1 - Fill pool skipped, pool has sufficient level or currently being filled.
:2025-08-13 04:32:38.876 DEBUG HikariPool-1 housekeeper c.z.h.p.HikariPool: HikariPool-1 - Pool stats (total=10, active=0, idle=10, waiting=0)
:2025-08-13 04:32:38.876 DEBUG HikariPool-1 housekeeper c.z.h.p.HikariPool: HikariPool-1 - Fill pool skipped, pool has sufficient level or currently being filled.
:2025-08-13 04:33:08.885 DEBUG HikariPool-1 housekeeper c.z.h.p.HikariPool: HikariPool-1 - Pool stats (total=10, active=0, idle=10, waiting=0)
:2025-08-13 04:33:08.885 DEBUG HikariPool-1 housekeeper c.z.h.p.HikariPool: HikariPool-1 - Fill pool skipped, pool has sufficient level or currently being filled.
:2025-08-13 04:33:38.890 DEBUG HikariPool-1 housekeeper c.z.h.p.HikariPool: HikariPool-1 - Pool stats (total=10, active=0, idle=10, waiting=0)
:2025-08-13 04:33:38.890 DEBUG HikariPool-1 housekeeper c.z.h.p.HikariPool: HikariPool-1 - Fill pool skipped, pool has sufficient level or currently being filled.
:2025-08-13 04:34:08.902 DEBUG HikariPool-1 housekeeper c.z.h.p.HikariPool: HikariPool-1 - Pool stats (total=10, active=0, idle=10, waiting=0)
:2025-08-13 04:34:08.902 DEBUG HikariPool-1 housekeeper c.z.h.p.HikariPool: HikariPool-1 - Fill pool skipped, pool has sufficient level or currently being filled.
:2025-08-13 04:34:28.657 DEBUG HikariPool-1 connection closer c.z.h.p.PoolBase: HikariPool-1 - Closing connection com.mysql.cj.jdbc.ConnectionImpl@2e476d4e: (connection has passed maxLifetime)
:2025-08-13 04:34:28.662 DEBUG HikariPool-1 connection adder c.z.h.p.HikariPool: HikariPool-1 - Added connection com.mysql.cj.jdbc.ConnectionImpl@22ca6813
:2025-08-13 04:34:28.703 DEBUG HikariPool-1 connection adder c.z.h.p.HikariPool: HikariPool-1 - Connection not added, stats (total=10, active=0, idle=10, waiting=0)
:2025-08-13 04:34:38.916 DEBUG HikariPool-1 housekeeper c.z.h.p.HikariPool: HikariPool-1 - Pool stats (total=10, active=0, idle=10, waiting=0)
:2025-08-13 04:34:38.916 DEBUG HikariPool-1 housekeeper c.z.h.p.HikariPool: HikariPool-1 - Fill pool skipped, pool has sufficient level or currently being filled.
:2025-08-13 04:35:08.920 DEBUG HikariPool-1 housekeeper c.z.h.p.HikariPool: HikariPool-1 - Pool stats (total=10, active=0, idle=10, waiting=0)
:2025-08-13 04:35:08.920 DEBUG HikariPool-1 housekeeper c.z.h.p.HikariPool: HikariPool-1 - Fill pool skipped, pool has sufficient level or currently being filled.
:2025-08-13 04:35:24.929 DEBUG HikariPool-1 connection closer c.z.h.p.PoolBase: HikariPool-1 - Closing connection com.mysql.cj.jdbc.ConnectionImpl@631672ca: (connection has passed maxLifetime)
:2025-08-13 04:35:24.933 DEBUG HikariPool-1 connection adder c.z.h.p.HikariPool: HikariPool-1 - Added connection com.mysql.cj.jdbc.ConnectionImpl@56366de2
:2025-08-13 04:35:24.976 DEBUG HikariPool-1 connection adder c.z.h.p.HikariPool: HikariPool-1 - Connection not added, stats (total=10, active=0, idle=10, waiting=0)
:2025-08-13 04:35:30.952 DEBUG HikariPool-1 connection closer c.z.h.p.PoolBase: HikariPool-1 - Closing connection com.mysql.cj.jdbc.ConnectionImpl@455906b: (connection has passed maxLifetime)
:2025-08-13 04:35:30.956 DEBUG HikariPool-1 connection adder c.z.h.p.HikariPool: HikariPool-1 - Added connection com.mysql.cj.jdbc.ConnectionImpl@3da51616
:2025-08-13 04:35:31.000 DEBUG HikariPool-1 connection adder c.z.h.p.HikariPool: HikariPool-1 - Connection not added, stats (total=10, active=0, idle=10, waiting=0)
:2025-08-13 04:35:38.925 DEBUG HikariPool-1 housekeeper c.z.h.p.HikariPool: HikariPool-1 - Pool stats (total=10, active=0, idle=10, waiting=0)
:2025-08-13 04:35:38.925 DEBUG HikariPool-1 housekeeper c.z.h.p.HikariPool: HikariPool-1 - Fill pool skipped, pool has sufficient level or currently being filled.
:2025-08-13 04:35:52.225 DEBUG HikariPool-1 connection closer c.z.h.p.PoolBase: HikariPool-1 - Closing connection com.mysql.cj.jdbc.ConnectionImpl@3c52b8b4: (connection has passed maxLifetime)
:2025-08-13 04:35:52.230 DEBUG HikariPool-1 connection adder c.z.h.p.HikariPool: HikariPool-1 - Added connection com.mysql.cj.jdbc.ConnectionImpl@3fa5c609
:2025-08-13 04:35:52.271 DEBUG HikariPool-1 connection adder c.z.h.p.HikariPool: HikariPool-1 - Connection not added, stats (total=10, active=0, idle=10, waiting=0)
:2025-08-13 04:35:52.963 DEBUG HikariPool-1 connection closer c.z.h.p.PoolBase: HikariPool-1 - Closing connection com.mysql.cj.jdbc.ConnectionImpl@49b9b2d5: (connection has passed maxLifetime)
:2025-08-13 04:35:52.967 DEBUG HikariPool-1 connection adder c.z.h.p.HikariPool: HikariPool-1 - Added connection com.mysql.cj.jdbc.ConnectionImpl@4b97f57f
:2025-08-13 04:35:53.010 DEBUG HikariPool-1 connection adder c.z.h.p.HikariPool: HikariPool-1 - Connection not added, stats (total=10, active=0, idle=10, waiting=0)
:2025-08-13 04:36:08.928 DEBUG HikariPool-1 housekeeper c.z.h.p.HikariPool: HikariPool-1 - Pool stats (total=10, active=0, idle=10, waiting=0)
:2025-08-13 04:36:08.928 DEBUG HikariPool-1 housekeeper c.z.h.p.HikariPool: HikariPool-1 - Fill pool skipped, pool has sufficient level or currently being filled.
:2025-08-13 04:36:11.265 DEBUG HikariPool-1 connection closer c.z.h.p.PoolBase: HikariPool-1 - Closing connection com.mysql.cj.jdbc.ConnectionImpl@6d3c8f5d: (connection has passed maxLifetime)
:2025-08-13 04:36:11.268 DEBUG HikariPool-1 connection adder c.z.h.p.HikariPool: HikariPool-1 - Added connection com.mysql.cj.jdbc.ConnectionImpl@4c0b28a1
:2025-08-13 04:36:11.299 DEBUG HikariPool-1 connection adder c.z.h.p.HikariPool: HikariPool-1 - Connection not added, stats (total=10, active=0, idle=10, waiting=0)
:2025-08-13 04:36:27.008 DEBUG HikariPool-1 connection closer c.z.h.p.PoolBase: HikariPool-1 - Closing connection com.mysql.cj.jdbc.ConnectionImpl@74c4ee24: (connection has passed maxLifetime)
:2025-08-13 04:36:27.011 DEBUG HikariPool-1 connection adder c.z.h.p.HikariPool: HikariPool-1 - Added connection com.mysql.cj.jdbc.ConnectionImpl@2bc14453
:2025-08-13 04:36:27.053 DEBUG HikariPool-1 connection adder c.z.h.p.HikariPool: HikariPool-1 - Connection not added, stats (total=10, active=0, idle=10, waiting=0)
:2025-08-13 04:36:38.941 DEBUG HikariPool-1 housekeeper c.z.h.p.HikariPool: HikariPool-1 - Pool stats (total=10, active=0, idle=10, waiting=0)
:2025-08-13 04:36:38.941 DEBUG HikariPool-1 housekeeper c.z.h.p.HikariPool: HikariPool-1 - Fill pool skipped, pool has sufficient level or currently being filled.
:2025-08-13 04:37:05.336 DEBUG HikariPool-1 connection closer c.z.h.p.PoolBase: HikariPool-1 - Closing connection com.mysql.cj.jdbc.ConnectionImpl@2342aa0e: (connection has passed maxLifetime)
:2025-08-13 04:37:05.341 DEBUG HikariPool-1 connection adder c.z.h.p.HikariPool: HikariPool-1 - Added connection com.mysql.cj.jdbc.ConnectionImpl@7b2ff9ad
:2025-08-13 04:37:05.383 DEBUG HikariPool-1 connection adder c.z.h.p.HikariPool: HikariPool-1 - Connection not added, stats (total=10, active=0, idle=10, waiting=0)
:2025-08-13 04:37:08.949 DEBUG HikariPool-1 housekeeper c.z.h.p.HikariPool: HikariPool-1 - Pool stats (total=10, active=0, idle=10, waiting=0)
:2025-08-13 04:37:08.949 DEBUG HikariPool-1 housekeeper c.z.h.p.HikariPool: HikariPool-1 - Fill pool skipped, pool has sufficient level or currently being filled.
:2025-08-13 04:37:10.094 DEBUG HikariPool-1 connection closer c.z.h.p.PoolBase: HikariPool-1 - Closing connection com.mysql.cj.jdbc.ConnectionImpl@55fc7eec: (connection has passed maxLifetime)
:2025-08-13 04:37:10.097 DEBUG HikariPool-1 connection adder c.z.h.p.HikariPool: HikariPool-1 - Added connection com.mysql.cj.jdbc.ConnectionImpl@f5904f7
:2025-08-13 04:37:10.140 DEBUG HikariPool-1 connection adder c.z.h.p.HikariPool: HikariPool-1 - Connection not added, stats (total=10, active=0, idle=10, waiting=0)
:2025-08-13 04:37:22.087 DEBUG HikariPool-1 connection closer c.z.h.p.PoolBase: HikariPool-1 - Closing connection com.mysql.cj.jdbc.ConnectionImpl@21a46b28: (connection has passed maxLifetime)
:2025-08-13 04:37:22.090 DEBUG HikariPool-1 connection adder c.z.h.p.HikariPool: HikariPool-1 - Added connection com.mysql.cj.jdbc.ConnectionImpl@40dead72
:2025-08-13 04:37:22.133 DEBUG HikariPool-1 connection adder c.z.h.p.HikariPool: HikariPool-1 - Connection not added, stats (total=10, active=0, idle=10, waiting=0)
:2025-08-13 04:37:38.953 DEBUG HikariPool-1 housekeeper c.z.h.p.HikariPool: HikariPool-1 - Pool stats (total=10, active=0, idle=10, waiting=0)
:2025-08-13 04:37:38.953 DEBUG HikariPool-1 housekeeper c.z.h.p.HikariPool: HikariPool-1 - Fill pool skipped, pool has sufficient level or currently being filled.
:2025-08-13 04:38:08.968 DEBUG HikariPool-1 housekeeper c.z.h.p.HikariPool: HikariPool-1 - Pool stats (total=10, active=0, idle=10, waiting=0)
:2025-08-13 04:38:08.968 DEBUG HikariPool-1 housekeeper c.z.h.p.HikariPool: HikariPool-1 - Fill pool skipped, pool has sufficient level or currently being filled.
:2025-08-13 04:38:38.977 DEBUG HikariPool-1 housekeeper c.z.h.p.HikariPool: HikariPool-1 - Pool stats (total=10, active=0, idle=10, waiting=0)
:2025-08-13 04:38:38.977 DEBUG HikariPool-1 housekeeper c.z.h.p.HikariPool: HikariPool-1 - Fill pool skipped, pool has sufficient level or currently being filled.
:2025-08-13 04:39:08.989 DEBUG HikariPool-1 housekeeper c.z.h.p.HikariPool: HikariPool-1 - Pool stats (total=10, active=0, idle=10, waiting=0)
:2025-08-13 04:39:08.989 DEBUG HikariPool-1 housekeeper c.z.h.p.HikariPool: HikariPool-1 - Fill pool skipped, pool has sufficient level or currently being filled.
:2025-08-13 04:39:38.996 DEBUG HikariPool-1 housekeeper c.z.h.p.HikariPool: HikariPool-1 - Pool stats (total=10, active=0, idle=10, waiting=0)
:2025-08-13 04:39:38.996 DEBUG HikariPool-1 housekeeper c.z.h.p.HikariPool: HikariPool-1 - Fill pool skipped, pool has sufficient level or currently being filled.
:2025-08-13 04:40:09.002 DEBUG HikariPool-1 housekeeper c.z.h.p.HikariPool: HikariPool-1 - Pool stats (total=10, active=0, idle=10, waiting=0)
:2025-08-13 04:40:09.002 DEBUG HikariPool-1 housekeeper c.z.h.p.HikariPool: HikariPool-1 - Fill pool skipped, pool has sufficient level or currently being filled.
:2025-08-13 04:40:39.018 DEBUG HikariPool-1 housekeeper c.z.h.p.HikariPool: HikariPool-1 - Pool stats (total=10, active=0, idle=10, waiting=0)
:2025-08-13 04:40:39.018 DEBUG HikariPool-1 housekeeper c.z.h.p.HikariPool: HikariPool-1 - Fill pool skipped, pool has sufficient level or currently being filled.
:2025-08-13 04:41:09.029 DEBUG HikariPool-1 housekeeper c.z.h.p.HikariPool: HikariPool-1 - Pool stats (total=10, active=0, idle=10, waiting=0)
:2025-08-13 04:41:09.029 DEBUG HikariPool-1 housekeeper c.z.h.p.HikariPool: HikariPool-1 - Fill pool skipped, pool has sufficient level or currently being filled.
:2025-08-13 04:41:39.038 DEBUG HikariPool-1 housekeeper c.z.h.p.HikariPool: HikariPool-1 - Pool stats (total=10, active=0, idle=10, waiting=0)
:2025-08-13 04:41:39.038 DEBUG HikariPool-1 housekeeper c.z.h.p.HikariPool: HikariPool-1 - Fill pool skipped, pool has sufficient level or currently being filled.
:2025-08-13 04:42:09.050 DEBUG HikariPool-1 housekeeper c.z.h.p.HikariPool: HikariPool-1 - Pool stats (total=10, active=0, idle=10, waiting=0)
:2025-08-13 04:42:09.050 DEBUG HikariPool-1 housekeeper c.z.h.p.HikariPool: HikariPool-1 - Fill pool skipped, pool has sufficient level or currently being filled.
:2025-08-13 04:42:39.060 DEBUG HikariPool-1 housekeeper c.z.h.p.HikariPool: HikariPool-1 - Pool stats (total=10, active=0, idle=10, waiting=0)
:2025-08-13 04:42:39.060 DEBUG HikariPool-1 housekeeper c.z.h.p.HikariPool: HikariPool-1 - Fill pool skipped, pool has sufficient level or currently being filled.
:2025-08-13 04:43:09.074 DEBUG HikariPool-1 housekeeper c.z.h.p.HikariPool: HikariPool-1 - Pool stats (total=10, active=0, idle=10, waiting=0)
:2025-08-13 04:43:09.075 DEBUG HikariPool-1 housekeeper c.z.h.p.HikariPool: HikariPool-1 - Fill pool skipped, pool has sufficient level or currently being filled.
:2025-08-13 04:43:39.079 DEBUG HikariPool-1 housekeeper c.z.h.p.HikariPool: HikariPool-1 - Pool stats (total=10, active=0, idle=10, waiting=0)
:2025-08-13 04:43:39.079 DEBUG HikariPool-1 housekeeper c.z.h.p.HikariPool: HikariPool-1 - Fill pool skipped, pool has sufficient level or currently being filled.
:2025-08-13 04:44:09.088 DEBUG HikariPool-1 housekeeper c.z.h.p.HikariPool: HikariPool-1 - Pool stats (total=10, active=0, idle=10, waiting=0)
:2025-08-13 04:44:09.088 DEBUG HikariPool-1 housekeeper c.z.h.p.HikariPool: HikariPool-1 - Fill pool skipped, pool has sufficient level or currently being filled.
:2025-08-13 04:44:39.099 DEBUG HikariPool-1 housekeeper c.z.h.p.HikariPool: HikariPool-1 - Pool stats (total=10, active=0, idle=10, waiting=0)
:2025-08-13 04:44:39.099 DEBUG HikariPool-1 housekeeper c.z.h.p.HikariPool: HikariPool-1 - Fill pool skipped, pool has sufficient level or currently being filled.
:2025-08-13 04:45:09.105 DEBUG HikariPool-1 housekeeper c.z.h.p.HikariPool: HikariPool-1 - Pool stats (total=10, active=0, idle=10, waiting=0)
:2025-08-13 04:45:09.105 DEBUG HikariPool-1 housekeeper c.z.h.p.HikariPool: HikariPool-1 - Fill pool skipped, pool has sufficient level or currently being filled.
:2025-08-13 04:45:39.121 DEBUG HikariPool-1 housekeeper c.z.h.p.HikariPool: HikariPool-1 - Pool stats (total=10, active=0, idle=10, waiting=0)
:2025-08-13 04:45:39.121 DEBUG HikariPool-1 housekeeper c.z.h.p.HikariPool: HikariPool-1 - Fill pool skipped, pool has sufficient level or currently being filled.
:2025-08-13 04:46:09.127 DEBUG HikariPool-1 housekeeper c.z.h.p.HikariPool: HikariPool-1 - Pool stats (total=10, active=0, idle=10, waiting=0)
:2025-08-13 04:46:09.127 DEBUG HikariPool-1 housekeeper c.z.h.p.HikariPool: HikariPool-1 - Fill pool skipped, pool has sufficient level or currently being filled.
:2025-08-13 04:46:39.138 DEBUG HikariPool-1 housekeeper c.z.h.p.HikariPool: HikariPool-1 - Pool stats (total=10, active=0, idle=10, waiting=0)
:2025-08-13 04:46:39.138 DEBUG HikariPool-1 housekeeper c.z.h.p.HikariPool: HikariPool-1 - Fill pool skipped, pool has sufficient level or currently being filled.
:2025-08-13 04:47:09.148 DEBUG HikariPool-1 housekeeper c.z.h.p.HikariPool: HikariPool-1 - Pool stats (total=10, active=0, idle=10, waiting=0)
:2025-08-13 04:47:09.148 DEBUG HikariPool-1 housekeeper c.z.h.p.HikariPool: HikariPool-1 - Fill pool skipped, pool has sufficient level or currently being filled.
:2025-08-13 04:47:39.150 DEBUG HikariPool-1 housekeeper c.z.h.p.HikariPool: HikariPool-1 - Pool stats (total=10, active=0, idle=10, waiting=0)
:2025-08-13 04:47:39.150 DEBUG HikariPool-1 housekeeper c.z.h.p.HikariPool: HikariPool-1 - Fill pool skipped, pool has sufficient level or currently being filled.
:2025-08-13 04:48:09.162 DEBUG HikariPool-1 housekeeper c.z.h.p.HikariPool: HikariPool-1 - Pool stats (total=10, active=0, idle=10, waiting=0)
:2025-08-13 04:48:09.162 DEBUG HikariPool-1 housekeeper c.z.h.p.HikariPool: HikariPool-1 - Fill pool skipped, pool has sufficient level or currently being filled.
:2025-08-13 04:48:39.173 DEBUG HikariPool-1 housekeeper c.z.h.p.HikariPool: HikariPool-1 - Pool stats (total=10, active=0, idle=10, waiting=0)
:2025-08-13 04:48:39.173 DEBUG HikariPool-1 housekeeper c.z.h.p.HikariPool: HikariPool-1 - Fill pool skipped, pool has sufficient level or currently being filled.
:2025-08-13 04:49:09.186 DEBUG HikariPool-1 housekeeper c.z.h.p.HikariPool: HikariPool-1 - Pool stats (total=10, active=0, idle=10, waiting=0)
:2025-08-13 04:49:09.186 DEBUG HikariPool-1 housekeeper c.z.h.p.HikariPool: HikariPool-1 - Fill pool skipped, pool has sufficient level or currently being filled.
:2025-08-13 04:49:39.188 DEBUG HikariPool-1 housekeeper c.z.h.p.HikariPool: HikariPool-1 - Pool stats (total=10, active=0, idle=10, waiting=0)
:2025-08-13 04:49:39.188 DEBUG HikariPool-1 housekeeper c.z.h.p.HikariPool: HikariPool-1 - Fill pool skipped, pool has sufficient level or currently being filled.
:2025-08-13 04:50:09.199 DEBUG HikariPool-1 housekeeper c.z.h.p.HikariPool: HikariPool-1 - Pool stats (total=10, active=0, idle=10, waiting=0)
:2025-08-13 04:50:09.199 DEBUG HikariPool-1 housekeeper c.z.h.p.HikariPool: HikariPool-1 - Fill pool skipped, pool has sufficient level or currently being filled.
:2025-08-13 04:50:39.215 DEBUG HikariPool-1 housekeeper c.z.h.p.HikariPool: HikariPool-1 - Pool stats (total=10, active=0, idle=10, waiting=0)
:2025-08-13 04:50:39.215 DEBUG HikariPool-1 housekeeper c.z.h.p.HikariPool: HikariPool-1 - Fill pool skipped, pool has sufficient level or currently being filled.
:2025-08-13 04:51:09.220 DEBUG HikariPool-1 housekeeper c.z.h.p.HikariPool: HikariPool-1 - Pool stats (total=10, active=0, idle=10, waiting=0)
:2025-08-13 04:51:09.220 DEBUG HikariPool-1 housekeeper c.z.h.p.HikariPool: HikariPool-1 - Fill pool skipped, pool has sufficient level or currently being filled.
:2025-08-13 04:51:39.226 DEBUG HikariPool-1 housekeeper c.z.h.p.HikariPool: HikariPool-1 - Pool stats (total=10, active=0, idle=10, waiting=0)
:2025-08-13 04:51:39.226 DEBUG HikariPool-1 housekeeper c.z.h.p.HikariPool: HikariPool-1 - Fill pool skipped, pool has sufficient level or currently being filled.
:2025-08-13 04:52:09.231 DEBUG HikariPool-1 housekeeper c.z.h.p.HikariPool: HikariPool-1 - Pool stats (total=10, active=0, idle=10, waiting=0)
:2025-08-13 04:52:09.231 DEBUG HikariPool-1 housekeeper c.z.h.p.HikariPool: HikariPool-1 - Fill pool skipped, pool has sufficient level or currently being filled.
:2025-08-13 04:52:39.241 DEBUG HikariPool-1 housekeeper c.z.h.p.HikariPool: HikariPool-1 - Pool stats (total=10, active=0, idle=10, waiting=0)
:2025-08-13 04:52:39.241 DEBUG HikariPool-1 housekeeper c.z.h.p.HikariPool: HikariPool-1 - Fill pool skipped, pool has sufficient level or currently being filled.
:2025-08-13 04:53:09.253 DEBUG HikariPool-1 housekeeper c.z.h.p.HikariPool: HikariPool-1 - Pool stats (total=10, active=0, idle=10, waiting=0)
:2025-08-13 04:53:09.253 DEBUG HikariPool-1 housekeeper c.z.h.p.HikariPool: HikariPool-1 - Fill pool skipped, pool has sufficient level or currently being filled.
:2025-08-13 04:53:39.255 DEBUG HikariPool-1 housekeeper c.z.h.p.HikariPool: HikariPool-1 - Pool stats (total=10, active=0, idle=10, waiting=0)
:2025-08-13 04:53:39.255 DEBUG HikariPool-1 housekeeper c.z.h.p.HikariPool: HikariPool-1 - Fill pool skipped, pool has sufficient level or currently being filled.
:2025-08-13 04:54:09.256 DEBUG HikariPool-1 housekeeper c.z.h.p.HikariPool: HikariPool-1 - Pool stats (total=10, active=0, idle=10, waiting=0)
:2025-08-13 04:54:09.256 DEBUG HikariPool-1 housekeeper c.z.h.p.HikariPool: HikariPool-1 - Fill pool skipped, pool has sufficient level or currently being filled.
:2025-08-13 04:54:39.268 DEBUG HikariPool-1 housekeeper c.z.h.p.HikariPool: HikariPool-1 - Pool stats (total=10, active=0, idle=10, waiting=0)
:2025-08-13 04:54:39.268 DEBUG HikariPool-1 housekeeper c.z.h.p.HikariPool: HikariPool-1 - Fill pool skipped, pool has sufficient level or currently being filled.
:2025-08-13 04:55:09.284 DEBUG HikariPool-1 housekeeper c.z.h.p.HikariPool: HikariPool-1 - Pool stats (total=10, active=0, idle=10, waiting=0)
:2025-08-13 04:55:09.284 DEBUG HikariPool-1 housekeeper c.z.h.p.HikariPool: HikariPool-1 - Fill pool skipped, pool has sufficient level or currently being filled.
:2025-08-13 04:55:39.285 DEBUG HikariPool-1 housekeeper c.z.h.p.HikariPool: HikariPool-1 - Pool stats (total=10, active=0, idle=10, waiting=0)
:2025-08-13 04:55:39.285 DEBUG HikariPool-1 housekeeper c.z.h.p.HikariPool: HikariPool-1 - Fill pool skipped, pool has sufficient level or currently being filled.
:2025-08-13 04:56:09.296 DEBUG HikariPool-1 housekeeper c.z.h.p.HikariPool: HikariPool-1 - Pool stats (total=10, active=0, idle=10, waiting=0)
:2025-08-13 04:56:09.296 DEBUG HikariPool-1 housekeeper c.z.h.p.HikariPool: HikariPool-1 - Fill pool skipped, pool has sufficient level or currently being filled.
:2025-08-13 04:56:39.301 DEBUG HikariPool-1 housekeeper c.z.h.p.HikariPool: HikariPool-1 - Pool stats (total=10, active=0, idle=10, waiting=0)
:2025-08-13 04:56:39.301 DEBUG HikariPool-1 housekeeper c.z.h.p.HikariPool: HikariPool-1 - Fill pool skipped, pool has sufficient level or currently being filled.
:2025-08-13 04:57:09.317 DEBUG HikariPool-1 housekeeper c.z.h.p.HikariPool: HikariPool-1 - Pool stats (total=10, active=0, idle=10, waiting=0)
:2025-08-13 04:57:09.317 DEBUG HikariPool-1 housekeeper c.z.h.p.HikariPool: HikariPool-1 - Fill pool skipped, pool has sufficient level or currently being filled.
:2025-08-13 04:57:39.318 DEBUG HikariPool-1 housekeeper c.z.h.p.HikariPool: HikariPool-1 - Pool stats (total=10, active=0, idle=10, waiting=0)
:2025-08-13 04:57:39.318 DEBUG HikariPool-1 housekeeper c.z.h.p.HikariPool: HikariPool-1 - Fill pool skipped, pool has sufficient level or currently being filled.
:2025-08-13 04:58:09.334 DEBUG HikariPool-1 housekeeper c.z.h.p.HikariPool: HikariPool-1 - Pool stats (total=10, active=0, idle=10, waiting=0)
:2025-08-13 04:58:09.334 DEBUG HikariPool-1 housekeeper c.z.h.p.HikariPool: HikariPool-1 - Fill pool skipped, pool has sufficient level or currently being filled.
:2025-08-13 04:58:39.346 DEBUG HikariPool-1 housekeeper c.z.h.p.HikariPool: HikariPool-1 - Pool stats (total=10, active=0, idle=10, waiting=0)
:2025-08-13 04:58:39.346 DEBUG HikariPool-1 housekeeper c.z.h.p.HikariPool: HikariPool-1 - Fill pool skipped, pool has sufficient level or currently being filled.
:2025-08-13 04:59:09.352 DEBUG HikariPool-1 housekeeper c.z.h.p.HikariPool: HikariPool-1 - Pool stats (total=10, active=0, idle=10, waiting=0)
:2025-08-13 04:59:09.352 DEBUG HikariPool-1 housekeeper c.z.h.p.HikariPool: HikariPool-1 - Fill pool skipped, pool has sufficient level or currently being filled.
:2025-08-13 04:59:39.363 DEBUG HikariPool-1 housekeeper c.z.h.p.HikariPool: HikariPool-1 - Pool stats (total=10, active=0, idle=10, waiting=0)
:2025-08-13 04:59:39.363 DEBUG HikariPool-1 housekeeper c.z.h.p.HikariPool: HikariPool-1 - Fill pool skipped, pool has sufficient level or currently being filled.
:2025-08-13 05:00:09.375 DEBUG HikariPool-1 housekeeper c.z.h.p.HikariPool: HikariPool-1 - Pool stats (total=10, active=0, idle=10, waiting=0)
:2025-08-13 05:00:09.375 DEBUG HikariPool-1 housekeeper c.z.h.p.HikariPool: HikariPool-1 - Fill pool skipped, pool has sufficient level or currently being filled.
:2025-08-13 05:00:39.387 DEBUG HikariPool-1 housekeeper c.z.h.p.HikariPool: HikariPool-1 - Pool stats (total=10, active=0, idle=10, waiting=0)
:2025-08-13 05:00:39.387 DEBUG HikariPool-1 housekeeper c.z.h.p.HikariPool: HikariPool-1 - Fill pool skipped, pool has sufficient level or currently being filled.
:2025-08-13 05:01:09.388 DEBUG HikariPool-1 housekeeper c.z.h.p.HikariPool: HikariPool-1 - Pool stats (total=10, active=0, idle=10, waiting=0)
:2025-08-13 05:01:09.388 DEBUG HikariPool-1 housekeeper c.z.h.p.HikariPool: HikariPool-1 - Fill pool skipped, pool has sufficient level or currently being filled.
:2025-08-13 05:01:39.393 DEBUG HikariPool-1 housekeeper c.z.h.p.HikariPool: HikariPool-1 - Pool stats (total=10, active=0, idle=10, waiting=0)
:2025-08-13 05:01:39.393 DEBUG HikariPool-1 housekeeper c.z.h.p.HikariPool: HikariPool-1 - Fill pool skipped, pool has sufficient level or currently being filled.
:2025-08-13 05:02:09.399 DEBUG HikariPool-1 housekeeper c.z.h.p.HikariPool: HikariPool-1 - Pool stats (total=10, active=0, idle=10, waiting=0)
:2025-08-13 05:02:09.399 DEBUG HikariPool-1 housekeeper c.z.h.p.HikariPool: HikariPool-1 - Fill pool skipped, pool has sufficient level or currently being filled.
:2025-08-13 05:02:39.408 DEBUG HikariPool-1 housekeeper c.z.h.p.HikariPool: HikariPool-1 - Pool stats (total=10, active=0, idle=10, waiting=0)
:2025-08-13 05:02:39.408 DEBUG HikariPool-1 housekeeper c.z.h.p.HikariPool: HikariPool-1 - Fill pool skipped, pool has sufficient level or currently being filled.
:2025-08-13 05:03:09.410 DEBUG HikariPool-1 housekeeper c.z.h.p.HikariPool: HikariPool-1 - Pool stats (total=10, active=0, idle=10, waiting=0)
:2025-08-13 05:03:09.410 DEBUG HikariPool-1 housekeeper c.z.h.p.HikariPool: HikariPool-1 - Fill pool skipped, pool has sufficient level or currently being filled.
:2025-08-13 05:03:39.412 DEBUG HikariPool-1 housekeeper c.z.h.p.HikariPool: HikariPool-1 - Pool stats (total=10, active=0, idle=10, waiting=0)
:2025-08-13 05:03:39.412 DEBUG HikariPool-1 housekeeper c.z.h.p.HikariPool: HikariPool-1 - Fill pool skipped, pool has sufficient level or currently being filled.
:2025-08-13 05:03:43.917 DEBUG HikariPool-1 connection closer c.z.h.p.PoolBase: HikariPool-1 - Closing connection com.mysql.cj.jdbc.ConnectionImpl@22ca6813: (connection has passed maxLifetime)
:2025-08-13 05:03:43.921 DEBUG HikariPool-1 connection adder c.z.h.p.HikariPool: HikariPool-1 - Added connection com.mysql.cj.jdbc.ConnectionImpl@75a3299b
:2025-08-13 05:03:43.965 DEBUG HikariPool-1 connection adder c.z.h.p.HikariPool: HikariPool-1 - Connection not added, stats (total=10, active=0, idle=10, waiting=0)
:2025-08-13 05:04:09.420 DEBUG HikariPool-1 housekeeper c.z.h.p.HikariPool: HikariPool-1 - Pool stats (total=10, active=0, idle=10, waiting=0)
:2025-08-13 05:04:09.420 DEBUG HikariPool-1 housekeeper c.z.h.p.HikariPool: HikariPool-1 - Fill pool skipped, pool has sufficient level or currently being filled.
:2025-08-13 05:04:39.423 DEBUG HikariPool-1 housekeeper c.z.h.p.HikariPool: HikariPool-1 - Pool stats (total=10, active=0, idle=10, waiting=0)
:2025-08-13 05:04:39.423 DEBUG HikariPool-1 housekeeper c.z.h.p.HikariPool: HikariPool-1 - Fill pool skipped, pool has sufficient level or currently being filled.
:2025-08-13 05:04:46.004 DEBUG HikariPool-1 connection closer c.z.h.p.PoolBase: HikariPool-1 - Closing connection com.mysql.cj.jdbc.ConnectionImpl@56366de2: (connection has passed maxLifetime)
:2025-08-13 05:04:46.008 DEBUG HikariPool-1 connection adder c.z.h.p.HikariPool: HikariPool-1 - Added connection com.mysql.cj.jdbc.ConnectionImpl@33ceac29
:2025-08-13 05:04:46.040 DEBUG HikariPool-1 connection adder c.z.h.p.HikariPool: HikariPool-1 - Connection not added, stats (total=10, active=0, idle=10, waiting=0)
:2025-08-13 05:04:53.591 DEBUG HikariPool-1 connection closer c.z.h.p.PoolBase: HikariPool-1 - Closing connection com.mysql.cj.jdbc.ConnectionImpl@3da51616: (connection has passed maxLifetime)
:2025-08-13 05:04:53.595 DEBUG HikariPool-1 connection adder c.z.h.p.HikariPool: HikariPool-1 - Added connection com.mysql.cj.jdbc.ConnectionImpl@a21cdf7
:2025-08-13 05:04:53.638 DEBUG HikariPool-1 connection adder c.z.h.p.HikariPool: HikariPool-1 - Connection not added, stats (total=10, active=0, idle=10, waiting=0)
:2025-08-13 05:05:09.431 DEBUG HikariPool-1 housekeeper c.z.h.p.HikariPool: HikariPool-1 - Pool stats (total=10, active=0, idle=10, waiting=0)
:2025-08-13 05:05:09.431 DEBUG HikariPool-1 housekeeper c.z.h.p.HikariPool: HikariPool-1 - Fill pool skipped, pool has sufficient level or currently being filled.
:2025-08-13 05:05:34.414 DEBUG HikariPool-1 connection closer c.z.h.p.PoolBase: HikariPool-1 - Closing connection com.mysql.cj.jdbc.ConnectionImpl@4c0b28a1: (connection has passed maxLifetime)
:2025-08-13 05:05:34.418 DEBUG HikariPool-1 connection adder c.z.h.p.HikariPool: HikariPool-1 - Added connection com.mysql.cj.jdbc.ConnectionImpl@3c329d7e
:2025-08-13 05:05:34.449 DEBUG HikariPool-1 connection adder c.z.h.p.HikariPool: HikariPool-1 - Connection not added, stats (total=10, active=0, idle=10, waiting=0)
:2025-08-13 05:05:35.479 DEBUG HikariPool-1 connection closer c.z.h.p.PoolBase: HikariPool-1 - Closing connection com.mysql.cj.jdbc.ConnectionImpl@3fa5c609: (connection has passed maxLifetime)
:2025-08-13 05:05:35.482 DEBUG HikariPool-1 connection adder c.z.h.p.HikariPool: HikariPool-1 - Added connection com.mysql.cj.jdbc.ConnectionImpl@48032aa6
:2025-08-13 05:05:35.526 DEBUG HikariPool-1 connection adder c.z.h.p.HikariPool: HikariPool-1 - Connection not added, stats (total=10, active=0, idle=10, waiting=0)
:2025-08-13 05:05:39.432 DEBUG HikariPool-1 housekeeper c.z.h.p.HikariPool: HikariPool-1 - Pool stats (total=10, active=0, idle=10, waiting=0)
:2025-08-13 05:05:39.432 DEBUG HikariPool-1 housekeeper c.z.h.p.HikariPool: HikariPool-1 - Fill pool skipped, pool has sufficient level or currently being filled.
:2025-08-13 05:05:41.555 DEBUG HikariPool-1 connection closer c.z.h.p.PoolBase: HikariPool-1 - Closing connection com.mysql.cj.jdbc.ConnectionImpl@4b97f57f: (connection has passed maxLifetime)
:2025-08-13 05:05:41.559 DEBUG HikariPool-1 connection adder c.z.h.p.HikariPool: HikariPool-1 - Added connection com.mysql.cj.jdbc.ConnectionImpl@725343d
:2025-08-13 05:05:41.590 DEBUG HikariPool-1 connection adder c.z.h.p.HikariPool: HikariPool-1 - Connection not added, stats (total=10, active=0, idle=10, waiting=0)
:2025-08-13 05:06:02.163 DEBUG HikariPool-1 connection closer c.z.h.p.PoolBase: HikariPool-1 - Closing connection com.mysql.cj.jdbc.ConnectionImpl@2bc14453: (connection has passed maxLifetime)
:2025-08-13 05:06:02.168 DEBUG HikariPool-1 connection adder c.z.h.p.HikariPool: HikariPool-1 - Added connection com.mysql.cj.jdbc.ConnectionImpl@78e866ff
:2025-08-13 05:06:02.209 DEBUG HikariPool-1 connection adder c.z.h.p.HikariPool: HikariPool-1 - Connection not added, stats (total=10, active=0, idle=10, waiting=0)
:2025-08-13 05:06:09.443 DEBUG HikariPool-1 housekeeper c.z.h.p.HikariPool: HikariPool-1 - Pool stats (total=10, active=0, idle=10, waiting=0)
:2025-08-13 05:06:09.443 DEBUG HikariPool-1 housekeeper c.z.h.p.HikariPool: HikariPool-1 - Fill pool skipped, pool has sufficient level or currently being filled.
:2025-08-13 05:06:23.702 DEBUG HikariPool-1 connection closer c.z.h.p.PoolBase: HikariPool-1 - Closing connection com.mysql.cj.jdbc.ConnectionImpl@7b2ff9ad: (connection has passed maxLifetime)
:2025-08-13 05:06:23.706 DEBUG HikariPool-1 connection adder c.z.h.p.HikariPool: HikariPool-1 - Added connection com.mysql.cj.jdbc.ConnectionImpl@1a089ba7
:2025-08-13 05:06:23.747 DEBUG HikariPool-1 connection adder c.z.h.p.HikariPool: HikariPool-1 - Connection not added, stats (total=10, active=0, idle=10, waiting=0)
:2025-08-13 05:06:39.458 DEBUG HikariPool-1 housekeeper c.z.h.p.HikariPool: HikariPool-1 - Pool stats (total=10, active=0, idle=10, waiting=0)
:2025-08-13 05:06:39.458 DEBUG HikariPool-1 housekeeper c.z.h.p.HikariPool: HikariPool-1 - Fill pool skipped, pool has sufficient level or currently being filled.
:2025-08-13 05:06:42.824 DEBUG HikariPool-1 connection closer c.z.h.p.PoolBase: HikariPool-1 - Closing connection com.mysql.cj.jdbc.ConnectionImpl@f5904f7: (connection has passed maxLifetime)
:2025-08-13 05:06:42.829 DEBUG HikariPool-1 connection adder c.z.h.p.HikariPool: HikariPool-1 - Added connection com.mysql.cj.jdbc.ConnectionImpl@6d4a7c95
:2025-08-13 05:06:42.869 DEBUG HikariPool-1 connection adder c.z.h.p.HikariPool: HikariPool-1 - Connection not added, stats (total=10, active=0, idle=10, waiting=0)
:2025-08-13 05:07:02.658 DEBUG HikariPool-1 connection closer c.z.h.p.PoolBase: HikariPool-1 - Closing connection com.mysql.cj.jdbc.ConnectionImpl@40dead72: (connection has passed maxLifetime)
:2025-08-13 05:07:02.663 DEBUG HikariPool-1 connection adder c.z.h.p.HikariPool: HikariPool-1 - Added connection com.mysql.cj.jdbc.ConnectionImpl@4f777b14
:2025-08-13 05:07:02.700 DEBUG HikariPool-1 connection adder c.z.h.p.HikariPool: HikariPool-1 - Connection not added, stats (total=10, active=0, idle=10, waiting=0)
:2025-08-13 05:07:09.463 DEBUG HikariPool-1 housekeeper c.z.h.p.HikariPool: HikariPool-1 - Pool stats (total=10, active=0, idle=10, waiting=0)
:2025-08-13 05:07:09.463 DEBUG HikariPool-1 housekeeper c.z.h.p.HikariPool: HikariPool-1 - Fill pool skipped, pool has sufficient level or currently being filled.
:2025-08-13 05:07:39.467 DEBUG HikariPool-1 housekeeper c.z.h.p.HikariPool: HikariPool-1 - Pool stats (total=10, active=0, idle=10, waiting=0)
:2025-08-13 05:07:39.467 DEBUG HikariPool-1 housekeeper c.z.h.p.HikariPool: HikariPool-1 - Fill pool skipped, pool has sufficient level or currently being filled.
:2025-08-13 05:08:09.473 DEBUG HikariPool-1 housekeeper c.z.h.p.HikariPool: HikariPool-1 - Pool stats (total=10, active=0, idle=10, waiting=0)
:2025-08-13 05:08:09.473 DEBUG HikariPool-1 housekeeper c.z.h.p.HikariPool: HikariPool-1 - Fill pool skipped, pool has sufficient level or currently being filled.
:2025-08-13 05:08:39.489 DEBUG HikariPool-1 housekeeper c.z.h.p.HikariPool: HikariPool-1 - Pool stats (total=10, active=0, idle=10, waiting=0)
:2025-08-13 05:08:39.489 DEBUG HikariPool-1 housekeeper c.z.h.p.HikariPool: HikariPool-1 - Fill pool skipped, pool has sufficient level or currently being filled.
:2025-08-13 05:09:09.492 DEBUG HikariPool-1 housekeeper c.z.h.p.HikariPool: HikariPool-1 - Pool stats (total=10, active=0, idle=10, waiting=0)
:2025-08-13 05:09:09.492 DEBUG HikariPool-1 housekeeper c.z.h.p.HikariPool: HikariPool-1 - Fill pool skipped, pool has sufficient level or currently being filled.
:2025-08-13 05:09:39.500 DEBUG HikariPool-1 housekeeper c.z.h.p.HikariPool: HikariPool-1 - Pool stats (total=10, active=0, idle=10, waiting=0)
:2025-08-13 05:09:39.500 DEBUG HikariPool-1 housekeeper c.z.h.p.HikariPool: HikariPool-1 - Fill pool skipped, pool has sufficient level or currently being filled.
:2025-08-13 05:10:09.511 DEBUG HikariPool-1 housekeeper c.z.h.p.HikariPool: HikariPool-1 - Pool stats (total=10, active=0, idle=10, waiting=0)
:2025-08-13 05:10:09.511 DEBUG HikariPool-1 housekeeper c.z.h.p.HikariPool: HikariPool-1 - Fill pool skipped, pool has sufficient level or currently being filled.
:2025-08-13 05:10:39.519 DEBUG HikariPool-1 housekeeper c.z.h.p.HikariPool: HikariPool-1 - Pool stats (total=10, active=0, idle=10, waiting=0)
:2025-08-13 05:10:39.519 DEBUG HikariPool-1 housekeeper c.z.h.p.HikariPool: HikariPool-1 - Fill pool skipped, pool has sufficient level or currently being filled.
:2025-08-13 05:11:09.526 DEBUG HikariPool-1 housekeeper c.z.h.p.HikariPool: HikariPool-1 - Pool stats (total=10, active=0, idle=10, waiting=0)
:2025-08-13 05:11:09.526 DEBUG HikariPool-1 housekeeper c.z.h.p.HikariPool: HikariPool-1 - Fill pool skipped, pool has sufficient level or currently being filled.
:2025-08-13 05:11:39.533 DEBUG HikariPool-1 housekeeper c.z.h.p.HikariPool: HikariPool-1 - Pool stats (total=10, active=0, idle=10, waiting=0)
:2025-08-13 05:11:39.533 DEBUG HikariPool-1 housekeeper c.z.h.p.HikariPool: HikariPool-1 - Fill pool skipped, pool has sufficient level or currently being filled.
:2025-08-13 05:12:09.543 DEBUG HikariPool-1 housekeeper c.z.h.p.HikariPool: HikariPool-1 - Pool stats (total=10, active=0, idle=10, waiting=0)
:2025-08-13 05:12:09.543 DEBUG HikariPool-1 housekeeper c.z.h.p.HikariPool: HikariPool-1 - Fill pool skipped, pool has sufficient level or currently being filled.
:2025-08-13 05:12:39.547 DEBUG HikariPool-1 housekeeper c.z.h.p.HikariPool: HikariPool-1 - Pool stats (total=10, active=0, idle=10, waiting=0)
:2025-08-13 05:12:39.547 DEBUG HikariPool-1 housekeeper c.z.h.p.HikariPool: HikariPool-1 - Fill pool skipped, pool has sufficient level or currently being filled.
:2025-08-13 05:13:09.549 DEBUG HikariPool-1 housekeeper c.z.h.p.HikariPool: HikariPool-1 - Pool stats (total=10, active=0, idle=10, waiting=0)
:2025-08-13 05:13:09.549 DEBUG HikariPool-1 housekeeper c.z.h.p.HikariPool: HikariPool-1 - Fill pool skipped, pool has sufficient level or currently being filled.
:2025-08-13 05:13:39.561 DEBUG HikariPool-1 housekeeper c.z.h.p.HikariPool: HikariPool-1 - Pool stats (total=10, active=0, idle=10, waiting=0)
:2025-08-13 05:13:39.561 DEBUG HikariPool-1 housekeeper c.z.h.p.HikariPool: HikariPool-1 - Fill pool skipped, pool has sufficient level or currently being filled.
:2025-08-13 05:14:09.575 DEBUG HikariPool-1 housekeeper c.z.h.p.HikariPool: HikariPool-1 - Pool stats (total=10, active=0, idle=10, waiting=0)
:2025-08-13 05:14:09.575 DEBUG HikariPool-1 housekeeper c.z.h.p.HikariPool: HikariPool-1 - Fill pool skipped, pool has sufficient level or currently being filled.
:2025-08-13 05:14:39.582 DEBUG HikariPool-1 housekeeper c.z.h.p.HikariPool: HikariPool-1 - Pool stats (total=10, active=0, idle=10, waiting=0)
:2025-08-13 05:14:39.582 DEBUG HikariPool-1 housekeeper c.z.h.p.HikariPool: HikariPool-1 - Fill pool skipped, pool has sufficient level or currently being filled.
:2025-08-13 05:15:09.585 DEBUG HikariPool-1 housekeeper c.z.h.p.HikariPool: HikariPool-1 - Pool stats (total=10, active=0, idle=10, waiting=0)
:2025-08-13 05:15:09.585 DEBUG HikariPool-1 housekeeper c.z.h.p.HikariPool: HikariPool-1 - Fill pool skipped, pool has sufficient level or currently being filled.
:2025-08-13 05:15:39.594 DEBUG HikariPool-1 housekeeper c.z.h.p.HikariPool: HikariPool-1 - Pool stats (total=10, active=0, idle=10, waiting=0)
:2025-08-13 05:15:39.594 DEBUG HikariPool-1 housekeeper c.z.h.p.HikariPool: HikariPool-1 - Fill pool skipped, pool has sufficient level or currently being filled.
:2025-08-13 05:16:09.594 DEBUG HikariPool-1 housekeeper c.z.h.p.HikariPool: HikariPool-1 - Pool stats (total=10, active=0, idle=10, waiting=0)
:2025-08-13 05:16:09.594 DEBUG HikariPool-1 housekeeper c.z.h.p.HikariPool: HikariPool-1 - Fill pool skipped, pool has sufficient level or currently being filled.
:2025-08-13 05:16:39.604 DEBUG HikariPool-1 housekeeper c.z.h.p.HikariPool: HikariPool-1 - Pool stats (total=10, active=0, idle=10, waiting=0)
:2025-08-13 05:16:39.604 DEBUG HikariPool-1 housekeeper c.z.h.p.HikariPool: HikariPool-1 - Fill pool skipped, pool has sufficient level or currently being filled.
:2025-08-13 05:17:09.608 DEBUG HikariPool-1 housekeeper c.z.h.p.HikariPool: HikariPool-1 - Pool stats (total=10, active=0, idle=10, waiting=0)
:2025-08-13 05:17:09.608 DEBUG HikariPool-1 housekeeper c.z.h.p.HikariPool: HikariPool-1 - Fill pool skipped, pool has sufficient level or currently being filled.
:2025-08-13 05:17:39.616 DEBUG HikariPool-1 housekeeper c.z.h.p.HikariPool: HikariPool-1 - Pool stats (total=10, active=0, idle=10, waiting=0)
:2025-08-13 05:17:39.616 DEBUG HikariPool-1 housekeeper c.z.h.p.HikariPool: HikariPool-1 - Fill pool skipped, pool has sufficient level or currently being filled.
:2025-08-13 05:18:09.627 DEBUG HikariPool-1 housekeeper c.z.h.p.HikariPool: HikariPool-1 - Pool stats (total=10, active=0, idle=10, waiting=0)
:2025-08-13 05:18:09.627 DEBUG HikariPool-1 housekeeper c.z.h.p.HikariPool: HikariPool-1 - Fill pool skipped, pool has sufficient level or currently being filled.
:2025-08-13 05:18:39.632 DEBUG HikariPool-1 housekeeper c.z.h.p.HikariPool: HikariPool-1 - Pool stats (total=10, active=0, idle=10, waiting=0)
:2025-08-13 05:18:39.632 DEBUG HikariPool-1 housekeeper c.z.h.p.HikariPool: HikariPool-1 - Fill pool skipped, pool has sufficient level or currently being filled.
:2025-08-13 05:19:09.636 DEBUG HikariPool-1 housekeeper c.z.h.p.HikariPool: HikariPool-1 - Pool stats (total=10, active=0, idle=10, waiting=0)
:2025-08-13 05:19:09.636 DEBUG HikariPool-1 housekeeper c.z.h.p.HikariPool: HikariPool-1 - Fill pool skipped, pool has sufficient level or currently being filled.
:2025-08-13 05:19:39.645 DEBUG HikariPool-1 housekeeper c.z.h.p.HikariPool: HikariPool-1 - Pool stats (total=10, active=0, idle=10, waiting=0)
:2025-08-13 05:19:39.645 DEBUG HikariPool-1 housekeeper c.z.h.p.HikariPool: HikariPool-1 - Fill pool skipped, pool has sufficient level or currently being filled.
:2025-08-13 05:20:09.646 DEBUG HikariPool-1 housekeeper c.z.h.p.HikariPool: HikariPool-1 - Pool stats (total=10, active=0, idle=10, waiting=0)
:2025-08-13 05:20:09.646 DEBUG HikariPool-1 housekeeper c.z.h.p.HikariPool: HikariPool-1 - Fill pool skipped, pool has sufficient level or currently being filled.
:2025-08-13 05:20:39.653 DEBUG HikariPool-1 housekeeper c.z.h.p.HikariPool: HikariPool-1 - Pool stats (total=10, active=0, idle=10, waiting=0)
:2025-08-13 05:20:39.653 DEBUG HikariPool-1 housekeeper c.z.h.p.HikariPool: HikariPool-1 - Fill pool skipped, pool has sufficient level or currently being filled.
:2025-08-13 05:21:09.658 DEBUG HikariPool-1 housekeeper c.z.h.p.HikariPool: HikariPool-1 - Pool stats (total=10, active=0, idle=10, waiting=0)
:2025-08-13 05:21:09.658 DEBUG HikariPool-1 housekeeper c.z.h.p.HikariPool: HikariPool-1 - Fill pool skipped, pool has sufficient level or currently being filled.
:2025-08-13 05:21:39.659 DEBUG HikariPool-1 housekeeper c.z.h.p.HikariPool: HikariPool-1 - Pool stats (total=10, active=0, idle=10, waiting=0)
:2025-08-13 05:21:39.659 DEBUG HikariPool-1 housekeeper c.z.h.p.HikariPool: HikariPool-1 - Fill pool skipped, pool has sufficient level or currently being filled.
:2025-08-13 05:22:09.659 DEBUG HikariPool-1 housekeeper c.z.h.p.HikariPool: HikariPool-1 - Pool stats (total=10, active=0, idle=10, waiting=0)
:2025-08-13 05:22:09.659 DEBUG HikariPool-1 housekeeper c.z.h.p.HikariPool: HikariPool-1 - Fill pool skipped, pool has sufficient level or currently being filled.
:2025-08-13 05:22:39.660 DEBUG HikariPool-1 housekeeper c.z.h.p.HikariPool: HikariPool-1 - Pool stats (total=10, active=0, idle=10, waiting=0)
:2025-08-13 05:22:39.660 DEBUG HikariPool-1 housekeeper c.z.h.p.HikariPool: HikariPool-1 - Fill pool skipped, pool has sufficient level or currently being filled.
:2025-08-13 05:23:09.675 DEBUG HikariPool-1 housekeeper c.z.h.p.HikariPool: HikariPool-1 - Pool stats (total=10, active=0, idle=10, waiting=0)
:2025-08-13 05:23:09.675 DEBUG HikariPool-1 housekeeper c.z.h.p.HikariPool: HikariPool-1 - Fill pool skipped, pool has sufficient level or currently being filled.
:2025-08-13 05:23:39.689 DEBUG HikariPool-1 housekeeper c.z.h.p.HikariPool: HikariPool-1 - Pool stats (total=10, active=0, idle=10, waiting=0)
:2025-08-13 05:23:39.689 DEBUG HikariPool-1 housekeeper c.z.h.p.HikariPool: HikariPool-1 - Fill pool skipped, pool has sufficient level or currently being filled.
:2025-08-13 05:24:09.698 DEBUG HikariPool-1 housekeeper c.z.h.p.HikariPool: HikariPool-1 - Pool stats (total=10, active=0, idle=10, waiting=0)
:2025-08-13 05:24:09.698 DEBUG HikariPool-1 housekeeper c.z.h.p.HikariPool: HikariPool-1 - Fill pool skipped, pool has sufficient level or currently being filled.
:2025-08-13 05:24:39.705 DEBUG HikariPool-1 housekeeper c.z.h.p.HikariPool: HikariPool-1 - Pool stats (total=10, active=0, idle=10, waiting=0)
:2025-08-13 05:24:39.705 DEBUG HikariPool-1 housekeeper c.z.h.p.HikariPool: HikariPool-1 - Fill pool skipped, pool has sufficient level or currently being filled.
:2025-08-13 05:25:09.713 DEBUG HikariPool-1 housekeeper c.z.h.p.HikariPool: HikariPool-1 - Pool stats (total=10, active=0, idle=10, waiting=0)
:2025-08-13 05:25:09.713 DEBUG HikariPool-1 housekeeper c.z.h.p.HikariPool: HikariPool-1 - Fill pool skipped, pool has sufficient level or currently being filled.
:2025-08-13 05:25:39.716 DEBUG HikariPool-1 housekeeper c.z.h.p.HikariPool: HikariPool-1 - Pool stats (total=10, active=0, idle=10, waiting=0)
:2025-08-13 05:25:39.716 DEBUG HikariPool-1 housekeeper c.z.h.p.HikariPool: HikariPool-1 - Fill pool skipped, pool has sufficient level or currently being filled.
:2025-08-13 05:26:09.723 DEBUG HikariPool-1 housekeeper c.z.h.p.HikariPool: HikariPool-1 - Pool stats (total=10, active=0, idle=10, waiting=0)
:2025-08-13 05:26:09.723 DEBUG HikariPool-1 housekeeper c.z.h.p.HikariPool: HikariPool-1 - Fill pool skipped, pool has sufficient level or currently being filled.
:2025-08-13 05:26:39.725 DEBUG HikariPool-1 housekeeper c.z.h.p.HikariPool: HikariPool-1 - Pool stats (total=10, active=0, idle=10, waiting=0)
:2025-08-13 05:26:39.725 DEBUG HikariPool-1 housekeeper c.z.h.p.HikariPool: HikariPool-1 - Fill pool skipped, pool has sufficient level or currently being filled.
:2025-08-13 05:27:09.728 DEBUG HikariPool-1 housekeeper c.z.h.p.HikariPool: HikariPool-1 - Pool stats (total=10, active=0, idle=10, waiting=0)
:2025-08-13 05:27:09.728 DEBUG HikariPool-1 housekeeper c.z.h.p.HikariPool: HikariPool-1 - Fill pool skipped, pool has sufficient level or currently being filled.
:2025-08-13 05:27:39.730 DEBUG HikariPool-1 housekeeper c.z.h.p.HikariPool: HikariPool-1 - Pool stats (total=10, active=0, idle=10, waiting=0)
:2025-08-13 05:27:39.730 DEBUG HikariPool-1 housekeeper c.z.h.p.HikariPool: HikariPool-1 - Fill pool skipped, pool has sufficient level or currently being filled.
:2025-08-13 05:28:09.743 DEBUG HikariPool-1 housekeeper c.z.h.p.HikariPool: HikariPool-1 - Pool stats (total=10, active=0, idle=10, waiting=0)
:2025-08-13 05:28:09.743 DEBUG HikariPool-1 housekeeper c.z.h.p.HikariPool: HikariPool-1 - Fill pool skipped, pool has sufficient level or currently being filled.
:2025-08-13 05:28:39.750 DEBUG HikariPool-1 housekeeper c.z.h.p.HikariPool: HikariPool-1 - Pool stats (total=10, active=0, idle=10, waiting=0)
:2025-08-13 05:28:39.750 DEBUG HikariPool-1 housekeeper c.z.h.p.HikariPool: HikariPool-1 - Fill pool skipped, pool has sufficient level or currently being filled.
:2025-08-13 05:29:09.762 DEBUG HikariPool-1 housekeeper c.z.h.p.HikariPool: HikariPool-1 - Pool stats (total=10, active=0, idle=10, waiting=0)
:2025-08-13 05:29:09.762 DEBUG HikariPool-1 housekeeper c.z.h.p.HikariPool: HikariPool-1 - Fill pool skipped, pool has sufficient level or currently being filled.
:2025-08-13 05:29:39.763 DEBUG HikariPool-1 housekeeper c.z.h.p.HikariPool: HikariPool-1 - Pool stats (total=10, active=0, idle=10, waiting=0)
:2025-08-13 05:29:39.763 DEBUG HikariPool-1 housekeeper c.z.h.p.HikariPool: HikariPool-1 - Fill pool skipped, pool has sufficient level or currently being filled.
:2025-08-13 05:30:09.778 DEBUG HikariPool-1 housekeeper c.z.h.p.HikariPool: HikariPool-1 - Pool stats (total=10, active=0, idle=10, waiting=0)
:2025-08-13 05:30:09.778 DEBUG HikariPool-1 housekeeper c.z.h.p.HikariPool: HikariPool-1 - Fill pool skipped, pool has sufficient level or currently being filled.
:2025-08-13 05:30:39.778 DEBUG HikariPool-1 housekeeper c.z.h.p.HikariPool: HikariPool-1 - Pool stats (total=10, active=0, idle=10, waiting=0)
:2025-08-13 05:30:39.778 DEBUG HikariPool-1 housekeeper c.z.h.p.HikariPool: HikariPool-1 - Fill pool skipped, pool has sufficient level or currently being filled.
:2025-08-13 05:31:09.779 DEBUG HikariPool-1 housekeeper c.z.h.p.HikariPool: HikariPool-1 - Pool stats (total=10, active=0, idle=10, waiting=0)
:2025-08-13 05:31:09.779 DEBUG HikariPool-1 housekeeper c.z.h.p.HikariPool: HikariPool-1 - Fill pool skipped, pool has sufficient level or currently being filled.
:2025-08-13 05:31:39.792 DEBUG HikariPool-1 housekeeper c.z.h.p.HikariPool: HikariPool-1 - Pool stats (total=10, active=0, idle=10, waiting=0)
:2025-08-13 05:31:39.792 DEBUG HikariPool-1 housekeeper c.z.h.p.HikariPool: HikariPool-1 - Fill pool skipped, pool has sufficient level or currently being filled.
:2025-08-13 05:32:09.804 DEBUG HikariPool-1 housekeeper c.z.h.p.HikariPool: HikariPool-1 - Pool stats (total=10, active=0, idle=10, waiting=0)
:2025-08-13 05:32:09.804 DEBUG HikariPool-1 housekeeper c.z.h.p.HikariPool: HikariPool-1 - Fill pool skipped, pool has sufficient level or currently being filled.
:2025-08-13 05:32:39.806 DEBUG HikariPool-1 housekeeper c.z.h.p.HikariPool: HikariPool-1 - Pool stats (total=10, active=0, idle=10, waiting=0)
:2025-08-13 05:32:39.806 DEBUG HikariPool-1 housekeeper c.z.h.p.HikariPool: HikariPool-1 - Fill pool skipped, pool has sufficient level or currently being filled.
:2025-08-13 05:33:05.615 DEBUG HikariPool-1 connection closer c.z.h.p.PoolBase: HikariPool-1 - Closing connection com.mysql.cj.jdbc.ConnectionImpl@75a3299b: (connection has passed maxLifetime)
:2025-08-13 05:33:05.620 DEBUG HikariPool-1 connection adder c.z.h.p.HikariPool: HikariPool-1 - Added connection com.mysql.cj.jdbc.ConnectionImpl@753ea86b
:2025-08-13 05:33:05.661 DEBUG HikariPool-1 connection adder c.z.h.p.HikariPool: HikariPool-1 - Connection not added, stats (total=10, active=0, idle=10, waiting=0)
:2025-08-13 05:33:09.812 DEBUG HikariPool-1 housekeeper c.z.h.p.HikariPool: HikariPool-1 - Pool stats (total=10, active=0, idle=10, waiting=0)
:2025-08-13 05:33:09.812 DEBUG HikariPool-1 housekeeper c.z.h.p.HikariPool: HikariPool-1 - Fill pool skipped, pool has sufficient level or currently being filled.
:2025-08-13 05:33:39.813 DEBUG HikariPool-1 housekeeper c.z.h.p.HikariPool: HikariPool-1 - Pool stats (total=10, active=0, idle=10, waiting=0)
:2025-08-13 05:33:39.813 DEBUG HikariPool-1 housekeeper c.z.h.p.HikariPool: HikariPool-1 - Fill pool skipped, pool has sufficient level or currently being filled.
:2025-08-13 05:34:09.820 DEBUG HikariPool-1 housekeeper c.z.h.p.HikariPool: HikariPool-1 - Pool stats (total=10, active=0, idle=10, waiting=0)
:2025-08-13 05:34:09.820 DEBUG HikariPool-1 housekeeper c.z.h.p.HikariPool: HikariPool-1 - Fill pool skipped, pool has sufficient level or currently being filled.
:2025-08-13 05:34:12.534 DEBUG HikariPool-1 connection closer c.z.h.p.PoolBase: HikariPool-1 - Closing connection com.mysql.cj.jdbc.ConnectionImpl@a21cdf7: (connection has passed maxLifetime)
:2025-08-13 05:34:12.537 DEBUG HikariPool-1 connection adder c.z.h.p.HikariPool: HikariPool-1 - Added connection com.mysql.cj.jdbc.ConnectionImpl@2be66e02
:2025-08-13 05:34:12.582 DEBUG HikariPool-1 connection adder c.z.h.p.HikariPool: HikariPool-1 - Connection not added, stats (total=10, active=0, idle=10, waiting=0)
:2025-08-13 05:34:38.012 DEBUG HikariPool-1 connection closer c.z.h.p.PoolBase: HikariPool-1 - Closing connection com.mysql.cj.jdbc.ConnectionImpl@33ceac29: (connection has passed maxLifetime)
:2025-08-13 05:34:38.016 DEBUG HikariPool-1 connection adder c.z.h.p.HikariPool: HikariPool-1 - Added connection com.mysql.cj.jdbc.ConnectionImpl@50afe28a
:2025-08-13 05:34:38.058 DEBUG HikariPool-1 connection adder c.z.h.p.HikariPool: HikariPool-1 - Connection not added, stats (total=10, active=0, idle=10, waiting=0)
:2025-08-13 05:34:39.828 DEBUG HikariPool-1 housekeeper c.z.h.p.HikariPool: HikariPool-1 - Pool stats (total=10, active=0, idle=10, waiting=0)
:2025-08-13 05:34:39.828 DEBUG HikariPool-1 housekeeper c.z.h.p.HikariPool: HikariPool-1 - Fill pool skipped, pool has sufficient level or currently being filled.
:2025-08-13 05:35:09.842 DEBUG HikariPool-1 housekeeper c.z.h.p.HikariPool: HikariPool-1 - Pool stats (total=10, active=0, idle=10, waiting=0)
:2025-08-13 05:35:09.842 DEBUG HikariPool-1 housekeeper c.z.h.p.HikariPool: HikariPool-1 - Fill pool skipped, pool has sufficient level or currently being filled.
:2025-08-13 05:35:28.755 DEBUG HikariPool-1 connection closer c.z.h.p.PoolBase: HikariPool-1 - Closing connection com.mysql.cj.jdbc.ConnectionImpl@78e866ff: (connection has passed maxLifetime)
:2025-08-13 05:35:28.759 DEBUG HikariPool-1 connection adder c.z.h.p.HikariPool: HikariPool-1 - Added connection com.mysql.cj.jdbc.ConnectionImpl@2f6362e0
:2025-08-13 05:35:28.803 DEBUG HikariPool-1 connection adder c.z.h.p.HikariPool: HikariPool-1 - Connection not added, stats (total=10, active=0, idle=10, waiting=0)
:2025-08-13 05:35:33.530 DEBUG HikariPool-1 connection closer c.z.h.p.PoolBase: HikariPool-1 - Closing connection com.mysql.cj.jdbc.ConnectionImpl@48032aa6: (connection has passed maxLifetime)
:2025-08-13 05:35:33.534 DEBUG HikariPool-1 connection adder c.z.h.p.HikariPool: HikariPool-1 - Added connection com.mysql.cj.jdbc.ConnectionImpl@5b4185ec
:2025-08-13 05:35:33.577 DEBUG HikariPool-1 connection adder c.z.h.p.HikariPool: HikariPool-1 - Connection not added, stats (total=10, active=0, idle=10, waiting=0)
:2025-08-13 05:35:33.847 DEBUG HikariPool-1 connection closer c.z.h.p.PoolBase: HikariPool-1 - Closing connection com.mysql.cj.jdbc.ConnectionImpl@3c329d7e: (connection has passed maxLifetime)
:2025-08-13 05:35:33.850 DEBUG HikariPool-1 connection adder c.z.h.p.HikariPool: HikariPool-1 - Added connection com.mysql.cj.jdbc.ConnectionImpl@401e4f01
:2025-08-13 05:35:33.895 DEBUG HikariPool-1 connection adder c.z.h.p.HikariPool: HikariPool-1 - Connection not added, stats (total=10, active=0, idle=10, waiting=0)
:2025-08-13 05:35:35.581 DEBUG HikariPool-1 connection closer c.z.h.p.PoolBase: HikariPool-1 - Closing connection com.mysql.cj.jdbc.ConnectionImpl@725343d: (connection has passed maxLifetime)
:2025-08-13 05:35:35.585 DEBUG HikariPool-1 connection adder c.z.h.p.HikariPool: HikariPool-1 - Added connection com.mysql.cj.jdbc.ConnectionImpl@e00e8c8
:2025-08-13 05:35:35.627 DEBUG HikariPool-1 connection adder c.z.h.p.HikariPool: HikariPool-1 - Connection not added, stats (total=10, active=0, idle=10, waiting=0)
:2025-08-13 05:35:39.846 DEBUG HikariPool-1 housekeeper c.z.h.p.HikariPool: HikariPool-1 - Pool stats (total=10, active=0, idle=10, waiting=0)
:2025-08-13 05:35:39.846 DEBUG HikariPool-1 housekeeper c.z.h.p.HikariPool: HikariPool-1 - Fill pool skipped, pool has sufficient level or currently being filled.
:2025-08-13 05:36:04.269 DEBUG HikariPool-1 connection closer c.z.h.p.PoolBase: HikariPool-1 - Closing connection com.mysql.cj.jdbc.ConnectionImpl@1a089ba7: (connection has passed maxLifetime)
:2025-08-13 05:36:04.273 DEBUG HikariPool-1 connection adder c.z.h.p.HikariPool: HikariPool-1 - Added connection com.mysql.cj.jdbc.ConnectionImpl@45937886
:2025-08-13 05:36:04.316 DEBUG HikariPool-1 connection adder c.z.h.p.HikariPool: HikariPool-1 - Connection not added, stats (total=10, active=0, idle=10, waiting=0)
:2025-08-13 05:36:09.860 DEBUG HikariPool-1 housekeeper c.z.h.p.HikariPool: HikariPool-1 - Pool stats (total=10, active=0, idle=10, waiting=0)
:2025-08-13 05:36:09.860 DEBUG HikariPool-1 housekeeper c.z.h.p.HikariPool: HikariPool-1 - Fill pool skipped, pool has sufficient level or currently being filled.
:2025-08-13 05:36:37.588 DEBUG HikariPool-1 connection closer c.z.h.p.PoolBase: HikariPool-1 - Closing connection com.mysql.cj.jdbc.ConnectionImpl@6d4a7c95: (connection has passed maxLifetime)
:2025-08-13 05:36:37.592 DEBUG HikariPool-1 connection adder c.z.h.p.HikariPool: HikariPool-1 - Added connection com.mysql.cj.jdbc.ConnectionImpl@6291937a
:2025-08-13 05:36:37.636 DEBUG HikariPool-1 connection adder c.z.h.p.HikariPool: HikariPool-1 - Connection not added, stats (total=10, active=0, idle=10, waiting=0)
:2025-08-13 05:36:39.874 DEBUG HikariPool-1 housekeeper c.z.h.p.HikariPool: HikariPool-1 - Pool stats (total=10, active=0, idle=10, waiting=0)
:2025-08-13 05:36:39.874 DEBUG HikariPool-1 housekeeper c.z.h.p.HikariPool: HikariPool-1 - Fill pool skipped, pool has sufficient level or currently being filled.
:2025-08-13 05:36:46.725 DEBUG HikariPool-1 connection closer c.z.h.p.PoolBase: HikariPool-1 - Closing connection com.mysql.cj.jdbc.ConnectionImpl@4f777b14: (connection has passed maxLifetime)
:2025-08-13 05:36:46.731 DEBUG HikariPool-1 connection adder c.z.h.p.HikariPool: HikariPool-1 - Added connection com.mysql.cj.jdbc.ConnectionImpl@6e00994a
:2025-08-13 05:36:46.771 DEBUG HikariPool-1 connection adder c.z.h.p.HikariPool: HikariPool-1 - Connection not added, stats (total=10, active=0, idle=10, waiting=0)
:2025-08-13 05:37:09.882 DEBUG HikariPool-1 housekeeper c.z.h.p.HikariPool: HikariPool-1 - Pool stats (total=10, active=0, idle=10, waiting=0)
:2025-08-13 05:37:09.882 DEBUG HikariPool-1 housekeeper c.z.h.p.HikariPool: HikariPool-1 - Fill pool skipped, pool has sufficient level or currently being filled.
:2025-08-13 05:37:39.892 DEBUG HikariPool-1 housekeeper c.z.h.p.HikariPool: HikariPool-1 - Pool stats (total=10, active=0, idle=10, waiting=0)
:2025-08-13 05:37:39.892 DEBUG HikariPool-1 housekeeper c.z.h.p.HikariPool: HikariPool-1 - Fill pool skipped, pool has sufficient level or currently being filled.
:2025-08-13 05:38:09.907 DEBUG HikariPool-1 housekeeper c.z.h.p.HikariPool: HikariPool-1 - Pool stats (total=10, active=0, idle=10, waiting=0)
:2025-08-13 05:38:09.907 DEBUG HikariPool-1 housekeeper c.z.h.p.HikariPool: HikariPool-1 - Fill pool skipped, pool has sufficient level or currently being filled.
:2025-08-13 05:38:39.910 DEBUG HikariPool-1 housekeeper c.z.h.p.HikariPool: HikariPool-1 - Pool stats (total=10, active=0, idle=10, waiting=0)
:2025-08-13 05:38:39.910 DEBUG HikariPool-1 housekeeper c.z.h.p.HikariPool: HikariPool-1 - Fill pool skipped, pool has sufficient level or currently being filled.
:2025-08-13 05:39:09.920 DEBUG HikariPool-1 housekeeper c.z.h.p.HikariPool: HikariPool-1 - Pool stats (total=10, active=0, idle=10, waiting=0)
:2025-08-13 05:39:09.920 DEBUG HikariPool-1 housekeeper c.z.h.p.HikariPool: HikariPool-1 - Fill pool skipped, pool has sufficient level or currently being filled.
:2025-08-13 05:39:39.932 DEBUG HikariPool-1 housekeeper c.z.h.p.HikariPool: HikariPool-1 - Pool stats (total=10, active=0, idle=10, waiting=0)
:2025-08-13 05:39:39.932 DEBUG HikariPool-1 housekeeper c.z.h.p.HikariPool: HikariPool-1 - Fill pool skipped, pool has sufficient level or currently being filled.
:2025-08-13 05:40:09.937 DEBUG HikariPool-1 housekeeper c.z.h.p.HikariPool: HikariPool-1 - Pool stats (total=10, active=0, idle=10, waiting=0)
:2025-08-13 05:40:09.937 DEBUG HikariPool-1 housekeeper c.z.h.p.HikariPool: HikariPool-1 - Fill pool skipped, pool has sufficient level or currently being filled.
:2025-08-13 05:40:39.946 DEBUG HikariPool-1 housekeeper c.z.h.p.HikariPool: HikariPool-1 - Pool stats (total=10, active=0, idle=10, waiting=0)
:2025-08-13 05:40:39.946 DEBUG HikariPool-1 housekeeper c.z.h.p.HikariPool: HikariPool-1 - Fill pool skipped, pool has sufficient level or currently being filled.
:2025-08-13 05:41:09.946 DEBUG HikariPool-1 housekeeper c.z.h.p.HikariPool: HikariPool-1 - Pool stats (total=10, active=0, idle=10, waiting=0)
:2025-08-13 05:41:09.946 DEBUG HikariPool-1 housekeeper c.z.h.p.HikariPool: HikariPool-1 - Fill pool skipped, pool has sufficient level or currently being filled.
:2025-08-13 05:41:39.947 DEBUG HikariPool-1 housekeeper c.z.h.p.HikariPool: HikariPool-1 - Pool stats (total=10, active=0, idle=10, waiting=0)
:2025-08-13 05:41:39.947 DEBUG HikariPool-1 housekeeper c.z.h.p.HikariPool: HikariPool-1 - Fill pool skipped, pool has sufficient level or currently being filled.
:2025-08-13 05:42:09.947 DEBUG HikariPool-1 housekeeper c.z.h.p.HikariPool: HikariPool-1 - Pool stats (total=10, active=0, idle=10, waiting=0)
:2025-08-13 05:42:09.947 DEBUG HikariPool-1 housekeeper c.z.h.p.HikariPool: HikariPool-1 - Fill pool skipped, pool has sufficient level or currently being filled.
:2025-08-13 05:42:39.960 DEBUG HikariPool-1 housekeeper c.z.h.p.HikariPool: HikariPool-1 - Pool stats (total=10, active=0, idle=10, waiting=0)
:2025-08-13 05:42:39.960 DEBUG HikariPool-1 housekeeper c.z.h.p.HikariPool: HikariPool-1 - Fill pool skipped, pool has sufficient level or currently being filled.
:2025-08-13 05:43:09.965 DEBUG HikariPool-1 housekeeper c.z.h.p.HikariPool: HikariPool-1 - Pool stats (total=10, active=0, idle=10, waiting=0)
:2025-08-13 05:43:09.965 DEBUG HikariPool-1 housekeeper c.z.h.p.HikariPool: HikariPool-1 - Fill pool skipped, pool has sufficient level or currently being filled.
:2025-08-13 05:43:39.969 DEBUG HikariPool-1 housekeeper c.z.h.p.HikariPool: HikariPool-1 - Pool stats (total=10, active=0, idle=10, waiting=0)
:2025-08-13 05:43:39.969 DEBUG HikariPool-1 housekeeper c.z.h.p.HikariPool: HikariPool-1 - Fill pool skipped, pool has sufficient level or currently being filled.
:2025-08-13 05:44:09.982 DEBUG HikariPool-1 housekeeper c.z.h.p.HikariPool: HikariPool-1 - Pool stats (total=10, active=0, idle=10, waiting=0)
:2025-08-13 05:44:09.982 DEBUG HikariPool-1 housekeeper c.z.h.p.HikariPool: HikariPool-1 - Fill pool skipped, pool has sufficient level or currently being filled.
:2025-08-13 05:44:39.984 DEBUG HikariPool-1 housekeeper c.z.h.p.HikariPool: HikariPool-1 - Pool stats (total=10, active=0, idle=10, waiting=0)
:2025-08-13 05:44:39.984 DEBUG HikariPool-1 housekeeper c.z.h.p.HikariPool: HikariPool-1 - Fill pool skipped, pool has sufficient level or currently being filled.
:2025-08-13 05:45:09.985 DEBUG HikariPool-1 housekeeper c.z.h.p.HikariPool: HikariPool-1 - Pool stats (total=10, active=0, idle=10, waiting=0)
:2025-08-13 05:45:09.985 DEBUG HikariPool-1 housekeeper c.z.h.p.HikariPool: HikariPool-1 - Fill pool skipped, pool has sufficient level or currently being filled.
:2025-08-13 05:45:39.992 DEBUG HikariPool-1 housekeeper c.z.h.p.HikariPool: HikariPool-1 - Pool stats (total=10, active=0, idle=10, waiting=0)
:2025-08-13 05:45:39.992 DEBUG HikariPool-1 housekeeper c.z.h.p.HikariPool: HikariPool-1 - Fill pool skipped, pool has sufficient level or currently being filled.
:2025-08-13 05:46:09.996 DEBUG HikariPool-1 housekeeper c.z.h.p.HikariPool: HikariPool-1 - Pool stats (total=10, active=0, idle=10, waiting=0)
:2025-08-13 05:46:09.996 DEBUG HikariPool-1 housekeeper c.z.h.p.HikariPool: HikariPool-1 - Fill pool skipped, pool has sufficient level or currently being filled.
:2025-08-13 05:46:39.998 DEBUG HikariPool-1 housekeeper c.z.h.p.HikariPool: HikariPool-1 - Pool stats (total=10, active=0, idle=10, waiting=0)
:2025-08-13 05:46:39.998 DEBUG HikariPool-1 housekeeper c.z.h.p.HikariPool: HikariPool-1 - Fill pool skipped, pool has sufficient level or currently being filled.
:2025-08-13 05:47:10.009 DEBUG HikariPool-1 housekeeper c.z.h.p.HikariPool: HikariPool-1 - Pool stats (total=10, active=0, idle=10, waiting=0)
:2025-08-13 05:47:10.009 DEBUG HikariPool-1 housekeeper c.z.h.p.HikariPool: HikariPool-1 - Fill pool skipped, pool has sufficient level or currently being filled.
:2025-08-13 05:47:40.022 DEBUG HikariPool-1 housekeeper c.z.h.p.HikariPool: HikariPool-1 - Pool stats (total=10, active=0, idle=10, waiting=0)
:2025-08-13 05:47:40.022 DEBUG HikariPool-1 housekeeper c.z.h.p.HikariPool: HikariPool-1 - Fill pool skipped, pool has sufficient level or currently being filled.
:2025-08-13 05:48:10.031 DEBUG HikariPool-1 housekeeper c.z.h.p.HikariPool: HikariPool-1 - Pool stats (total=10, active=0, idle=10, waiting=0)
:2025-08-13 05:48:10.031 DEBUG HikariPool-1 housekeeper c.z.h.p.HikariPool: HikariPool-1 - Fill pool skipped, pool has sufficient level or currently being filled.
:2025-08-13 05:48:40.040 DEBUG HikariPool-1 housekeeper c.z.h.p.HikariPool: HikariPool-1 - Pool stats (total=10, active=0, idle=10, waiting=0)
:2025-08-13 05:48:40.040 DEBUG HikariPool-1 housekeeper c.z.h.p.HikariPool: HikariPool-1 - Fill pool skipped, pool has sufficient level or currently being filled.
:2025-08-13 05:49:10.050 DEBUG HikariPool-1 housekeeper c.z.h.p.HikariPool: HikariPool-1 - Pool stats (total=10, active=0, idle=10, waiting=0)
:2025-08-13 05:49:10.050 DEBUG HikariPool-1 housekeeper c.z.h.p.HikariPool: HikariPool-1 - Fill pool skipped, pool has sufficient level or currently being filled.
:2025-08-13 05:49:40.064 DEBUG HikariPool-1 housekeeper c.z.h.p.HikariPool: HikariPool-1 - Pool stats (total=10, active=0, idle=10, waiting=0)
:2025-08-13 05:49:40.064 DEBUG HikariPool-1 housekeeper c.z.h.p.HikariPool: HikariPool-1 - Fill pool skipped, pool has sufficient level or currently being filled.
:2025-08-13 05:50:10.076 DEBUG HikariPool-1 housekeeper c.z.h.p.HikariPool: HikariPool-1 - Pool stats (total=10, active=0, idle=10, waiting=0)
:2025-08-13 05:50:10.076 DEBUG HikariPool-1 housekeeper c.z.h.p.HikariPool: HikariPool-1 - Fill pool skipped, pool has sufficient level or currently being filled.
:2025-08-13 05:50:40.085 DEBUG HikariPool-1 housekeeper c.z.h.p.HikariPool: HikariPool-1 - Pool stats (total=10, active=0, idle=10, waiting=0)
:2025-08-13 05:50:40.085 DEBUG HikariPool-1 housekeeper c.z.h.p.HikariPool: HikariPool-1 - Fill pool skipped, pool has sufficient level or currently being filled.
:2025-08-13 05:51:10.092 DEBUG HikariPool-1 housekeeper c.z.h.p.HikariPool: HikariPool-1 - Pool stats (total=10, active=0, idle=10, waiting=0)
:2025-08-13 05:51:10.092 DEBUG HikariPool-1 housekeeper c.z.h.p.HikariPool: HikariPool-1 - Fill pool skipped, pool has sufficient level or currently being filled.
:2025-08-13 05:51:40.108 DEBUG HikariPool-1 housekeeper c.z.h.p.HikariPool: HikariPool-1 - Pool stats (total=10, active=0, idle=10, waiting=0)
:2025-08-13 05:51:40.108 DEBUG HikariPool-1 housekeeper c.z.h.p.HikariPool: HikariPool-1 - Fill pool skipped, pool has sufficient level or currently being filled.
:2025-08-13 05:52:10.114 DEBUG HikariPool-1 housekeeper c.z.h.p.HikariPool: HikariPool-1 - Pool stats (total=10, active=0, idle=10, waiting=0)
:2025-08-13 05:52:10.114 DEBUG HikariPool-1 housekeeper c.z.h.p.HikariPool: HikariPool-1 - Fill pool skipped, pool has sufficient level or currently being filled.
:2025-08-13 05:52:40.121 DEBUG HikariPool-1 housekeeper c.z.h.p.HikariPool: HikariPool-1 - Pool stats (total=10, active=0, idle=10, waiting=0)
:2025-08-13 05:52:40.121 DEBUG HikariPool-1 housekeeper c.z.h.p.HikariPool: HikariPool-1 - Fill pool skipped, pool has sufficient level or currently being filled.
:2025-08-13 05:53:10.125 DEBUG HikariPool-1 housekeeper c.z.h.p.HikariPool: HikariPool-1 - Pool stats (total=10, active=0, idle=10, waiting=0)
:2025-08-13 05:53:10.125 DEBUG HikariPool-1 housekeeper c.z.h.p.HikariPool: HikariPool-1 - Fill pool skipped, pool has sufficient level or currently being filled.
:2025-08-13 05:53:40.139 DEBUG HikariPool-1 housekeeper c.z.h.p.HikariPool: HikariPool-1 - Pool stats (total=10, active=0, idle=10, waiting=0)
:2025-08-13 05:53:40.139 DEBUG HikariPool-1 housekeeper c.z.h.p.HikariPool: HikariPool-1 - Fill pool skipped, pool has sufficient level or currently being filled.
:2025-08-13 05:54:10.139 DEBUG HikariPool-1 housekeeper c.z.h.p.HikariPool: HikariPool-1 - Pool stats (total=10, active=0, idle=10, waiting=0)
:2025-08-13 05:54:10.139 DEBUG HikariPool-1 housekeeper c.z.h.p.HikariPool: HikariPool-1 - Fill pool skipped, pool has sufficient level or currently being filled.
:2025-08-13 05:54:40.152 DEBUG HikariPool-1 housekeeper c.z.h.p.HikariPool: HikariPool-1 - Pool stats (total=10, active=0, idle=10, waiting=0)
:2025-08-13 05:54:40.152 DEBUG HikariPool-1 housekeeper c.z.h.p.HikariPool: HikariPool-1 - Fill pool skipped, pool has sufficient level or currently being filled.
:2025-08-13 05:55:10.154 DEBUG HikariPool-1 housekeeper c.z.h.p.HikariPool: HikariPool-1 - Pool stats (total=10, active=0, idle=10, waiting=0)
:2025-08-13 05:55:10.154 DEBUG HikariPool-1 housekeeper c.z.h.p.HikariPool: HikariPool-1 - Fill pool skipped, pool has sufficient level or currently being filled.
:2025-08-13 05:55:40.166 DEBUG HikariPool-1 housekeeper c.z.h.p.HikariPool: HikariPool-1 - Pool stats (total=10, active=0, idle=10, waiting=0)
:2025-08-13 05:55:40.166 DEBUG HikariPool-1 housekeeper c.z.h.p.HikariPool: HikariPool-1 - Fill pool skipped, pool has sufficient level or currently being filled.
:2025-08-13 05:56:10.172 DEBUG HikariPool-1 housekeeper c.z.h.p.HikariPool: HikariPool-1 - Pool stats (total=10, active=0, idle=10, waiting=0)
:2025-08-13 05:56:10.172 DEBUG HikariPool-1 housekeeper c.z.h.p.HikariPool: HikariPool-1 - Fill pool skipped, pool has sufficient level or currently being filled.
:2025-08-13 05:56:40.173 DEBUG HikariPool-1 housekeeper c.z.h.p.HikariPool: HikariPool-1 - Pool stats (total=10, active=0, idle=10, waiting=0)
:2025-08-13 05:56:40.173 DEBUG HikariPool-1 housekeeper c.z.h.p.HikariPool: HikariPool-1 - Fill pool skipped, pool has sufficient level or currently being filled.
:2025-08-13 05:57:10.173 DEBUG HikariPool-1 housekeeper c.z.h.p.HikariPool: HikariPool-1 - Pool stats (total=10, active=0, idle=10, waiting=0)
:2025-08-13 05:57:10.173 DEBUG HikariPool-1 housekeeper c.z.h.p.HikariPool: HikariPool-1 - Fill pool skipped, pool has sufficient level or currently being filled.
:2025-08-13 05:57:40.176 DEBUG HikariPool-1 housekeeper c.z.h.p.HikariPool: HikariPool-1 - Pool stats (total=10, active=0, idle=10, waiting=0)
:2025-08-13 05:57:40.176 DEBUG HikariPool-1 housekeeper c.z.h.p.HikariPool: HikariPool-1 - Fill pool skipped, pool has sufficient level or currently being filled.
:2025-08-13 05:58:10.190 DEBUG HikariPool-1 housekeeper c.z.h.p.HikariPool: HikariPool-1 - Pool stats (total=10, active=0, idle=10, waiting=0)
:2025-08-13 05:58:10.190 DEBUG HikariPool-1 housekeeper c.z.h.p.HikariPool: HikariPool-1 - Fill pool skipped, pool has sufficient level or currently being filled.
:2025-08-13 05:58:40.195 DEBUG HikariPool-1 housekeeper c.z.h.p.HikariPool: HikariPool-1 - Pool stats (total=10, active=0, idle=10, waiting=0)
:2025-08-13 05:58:40.195 DEBUG HikariPool-1 housekeeper c.z.h.p.HikariPool: HikariPool-1 - Fill pool skipped, pool has sufficient level or currently being filled.
:2025-08-13 05:59:10.197 DEBUG HikariPool-1 housekeeper c.z.h.p.HikariPool: HikariPool-1 - Pool stats (total=10, active=0, idle=10, waiting=0)
:2025-08-13 05:59:10.197 DEBUG HikariPool-1 housekeeper c.z.h.p.HikariPool: HikariPool-1 - Fill pool skipped, pool has sufficient level or currently being filled.
:2025-08-13 05:59:40.210 DEBUG HikariPool-1 housekeeper c.z.h.p.HikariPool: HikariPool-1 - Pool stats (total=10, active=0, idle=10, waiting=0)
:2025-08-13 05:59:40.210 DEBUG HikariPool-1 housekeeper c.z.h.p.HikariPool: HikariPool-1 - Fill pool skipped, pool has sufficient level or currently being filled.
:2025-08-13 06:00:10.215 DEBUG HikariPool-1 housekeeper c.z.h.p.HikariPool: HikariPool-1 - Pool stats (total=10, active=0, idle=10, waiting=0)
:2025-08-13 06:00:10.215 DEBUG HikariPool-1 housekeeper c.z.h.p.HikariPool: HikariPool-1 - Fill pool skipped, pool has sufficient level or currently being filled.
:2025-08-13 06:00:40.216 DEBUG HikariPool-1 housekeeper c.z.h.p.HikariPool: HikariPool-1 - Pool stats (total=10, active=0, idle=10, waiting=0)
:2025-08-13 06:00:40.216 DEBUG HikariPool-1 housekeeper c.z.h.p.HikariPool: HikariPool-1 - Fill pool skipped, pool has sufficient level or currently being filled.
:2025-08-13 06:01:10.229 DEBUG HikariPool-1 housekeeper c.z.h.p.HikariPool: HikariPool-1 - Pool stats (total=10, active=0, idle=10, waiting=0)
:2025-08-13 06:01:10.230 DEBUG HikariPool-1 housekeeper c.z.h.p.HikariPool: HikariPool-1 - Fill pool skipped, pool has sufficient level or currently being filled.
:2025-08-13 06:01:40.243 DEBUG HikariPool-1 housekeeper c.z.h.p.HikariPool: HikariPool-1 - Pool stats (total=10, active=0, idle=10, waiting=0)
:2025-08-13 06:01:40.243 DEBUG HikariPool-1 housekeeper c.z.h.p.HikariPool: HikariPool-1 - Fill pool skipped, pool has sufficient level or currently being filled.
:2025-08-13 06:02:10.244 DEBUG HikariPool-1 housekeeper c.z.h.p.HikariPool: HikariPool-1 - Pool stats (total=10, active=0, idle=10, waiting=0)
:2025-08-13 06:02:10.244 DEBUG HikariPool-1 housekeeper c.z.h.p.HikariPool: HikariPool-1 - Fill pool skipped, pool has sufficient level or currently being filled.
:2025-08-13 06:02:40.257 DEBUG HikariPool-1 housekeeper c.z.h.p.HikariPool: HikariPool-1 - Pool stats (total=10, active=0, idle=10, waiting=0)
:2025-08-13 06:02:40.257 DEBUG HikariPool-1 housekeeper c.z.h.p.HikariPool: HikariPool-1 - Fill pool skipped, pool has sufficient level or currently being filled.
:2025-08-13 06:03:05.390 DEBUG HikariPool-1 connection closer c.z.h.p.PoolBase: HikariPool-1 - Closing connection com.mysql.cj.jdbc.ConnectionImpl@753ea86b: (connection has passed maxLifetime)
:2025-08-13 06:03:05.394 DEBUG HikariPool-1 connection adder c.z.h.p.HikariPool: HikariPool-1 - Added connection com.mysql.cj.jdbc.ConnectionImpl@1f49e10c
:2025-08-13 06:03:05.437 DEBUG HikariPool-1 connection adder c.z.h.p.HikariPool: HikariPool-1 - Connection not added, stats (total=10, active=0, idle=10, waiting=0)
:2025-08-13 06:03:10.270 DEBUG HikariPool-1 housekeeper c.z.h.p.HikariPool: HikariPool-1 - Pool stats (total=10, active=0, idle=10, waiting=0)
:2025-08-13 06:03:10.270 DEBUG HikariPool-1 housekeeper c.z.h.p.HikariPool: HikariPool-1 - Fill pool skipped, pool has sufficient level or currently being filled.
:2025-08-13 06:03:40.279 DEBUG HikariPool-1 housekeeper c.z.h.p.HikariPool: HikariPool-1 - Pool stats (total=10, active=0, idle=10, waiting=0)
:2025-08-13 06:03:40.279 DEBUG HikariPool-1 housekeeper c.z.h.p.HikariPool: HikariPool-1 - Fill pool skipped, pool has sufficient level or currently being filled.
:2025-08-13 06:03:56.686 DEBUG HikariPool-1 connection closer c.z.h.p.PoolBase: HikariPool-1 - Closing connection com.mysql.cj.jdbc.ConnectionImpl@50afe28a: (connection has passed maxLifetime)
:2025-08-13 06:03:56.690 DEBUG HikariPool-1 connection adder c.z.h.p.HikariPool: HikariPool-1 - Added connection com.mysql.cj.jdbc.ConnectionImpl@271eb3ca
:2025-08-13 06:03:56.734 DEBUG HikariPool-1 connection adder c.z.h.p.HikariPool: HikariPool-1 - Connection not added, stats (total=10, active=0, idle=10, waiting=0)
:2025-08-13 06:04:10.292 DEBUG HikariPool-1 housekeeper c.z.h.p.HikariPool: HikariPool-1 - Pool stats (total=10, active=0, idle=10, waiting=0)
:2025-08-13 06:04:10.292 DEBUG HikariPool-1 housekeeper c.z.h.p.HikariPool: HikariPool-1 - Fill pool skipped, pool has sufficient level or currently being filled.
:2025-08-13 06:04:10.575 DEBUG HikariPool-1 connection closer c.z.h.p.PoolBase: HikariPool-1 - Closing connection com.mysql.cj.jdbc.ConnectionImpl@2be66e02: (connection has passed maxLifetime)
:2025-08-13 06:04:10.579 DEBUG HikariPool-1 connection adder c.z.h.p.HikariPool: HikariPool-1 - Added connection com.mysql.cj.jdbc.ConnectionImpl@3b90f0c5
:2025-08-13 06:04:10.611 DEBUG HikariPool-1 connection adder c.z.h.p.HikariPool: HikariPool-1 - Connection not added, stats (total=10, active=0, idle=10, waiting=0)
:2025-08-13 06:04:40.308 DEBUG HikariPool-1 housekeeper c.z.h.p.HikariPool: HikariPool-1 - Pool stats (total=10, active=0, idle=10, waiting=0)
:2025-08-13 06:04:40.308 DEBUG HikariPool-1 housekeeper c.z.h.p.HikariPool: HikariPool-1 - Fill pool skipped, pool has sufficient level or currently being filled.
:2025-08-13 06:05:00.374 DEBUG HikariPool-1 connection closer c.z.h.p.PoolBase: HikariPool-1 - Closing connection com.mysql.cj.jdbc.ConnectionImpl@401e4f01: (connection has passed maxLifetime)
:2025-08-13 06:05:00.378 DEBUG HikariPool-1 connection adder c.z.h.p.HikariPool: HikariPool-1 - Added connection com.mysql.cj.jdbc.ConnectionImpl@384f768c
:2025-08-13 06:05:00.422 DEBUG HikariPool-1 connection adder c.z.h.p.HikariPool: HikariPool-1 - Connection not added, stats (total=10, active=0, idle=10, waiting=0)
:2025-08-13 06:05:10.322 DEBUG HikariPool-1 housekeeper c.z.h.p.HikariPool: HikariPool-1 - Pool stats (total=10, active=0, idle=10, waiting=0)
:2025-08-13 06:05:10.322 DEBUG HikariPool-1 housekeeper c.z.h.p.HikariPool: HikariPool-1 - Fill pool skipped, pool has sufficient level or currently being filled.
:2025-08-13 06:05:11.150 DEBUG HikariPool-1 connection closer c.z.h.p.PoolBase: HikariPool-1 - Closing connection com.mysql.cj.jdbc.ConnectionImpl@5b4185ec: (connection has passed maxLifetime)
:2025-08-13 06:05:11.154 DEBUG HikariPool-1 connection adder c.z.h.p.HikariPool: HikariPool-1 - Added connection com.mysql.cj.jdbc.ConnectionImpl@7a2c121c
:2025-08-13 06:05:11.197 DEBUG HikariPool-1 connection adder c.z.h.p.HikariPool: HikariPool-1 - Connection not added, stats (total=10, active=0, idle=10, waiting=0)
:2025-08-13 06:05:24.264 DEBUG HikariPool-1 connection closer c.z.h.p.PoolBase: HikariPool-1 - Closing connection com.mysql.cj.jdbc.ConnectionImpl@2f6362e0: (connection has passed maxLifetime)
:2025-08-13 06:05:24.267 DEBUG HikariPool-1 connection adder c.z.h.p.HikariPool: HikariPool-1 - Added connection com.mysql.cj.jdbc.ConnectionImpl@1e625d53
:2025-08-13 06:05:24.312 DEBUG HikariPool-1 connection adder c.z.h.p.HikariPool: HikariPool-1 - Connection not added, stats (total=10, active=0, idle=10, waiting=0)
:2025-08-13 06:05:31.534 DEBUG HikariPool-1 connection closer c.z.h.p.PoolBase: HikariPool-1 - Closing connection com.mysql.cj.jdbc.ConnectionImpl@e00e8c8: (connection has passed maxLifetime)
:2025-08-13 06:05:31.537 DEBUG HikariPool-1 connection adder c.z.h.p.HikariPool: HikariPool-1 - Added connection com.mysql.cj.jdbc.ConnectionImpl@4650bfeb
:2025-08-13 06:05:31.582 DEBUG HikariPool-1 connection adder c.z.h.p.HikariPool: HikariPool-1 - Connection not added, stats (total=10, active=0, idle=10, waiting=0)
:2025-08-13 06:05:40.333 DEBUG HikariPool-1 housekeeper c.z.h.p.HikariPool: HikariPool-1 - Pool stats (total=10, active=0, idle=10, waiting=0)
:2025-08-13 06:05:40.333 DEBUG HikariPool-1 housekeeper c.z.h.p.HikariPool: HikariPool-1 - Fill pool skipped, pool has sufficient level or currently being filled.
:2025-08-13 06:05:55.586 DEBUG HikariPool-1 connection closer c.z.h.p.PoolBase: HikariPool-1 - Closing connection com.mysql.cj.jdbc.ConnectionImpl@45937886: (connection has passed maxLifetime)
:2025-08-13 06:05:55.591 DEBUG HikariPool-1 connection adder c.z.h.p.HikariPool: HikariPool-1 - Added connection com.mysql.cj.jdbc.ConnectionImpl@e7b5e99
:2025-08-13 06:05:55.634 DEBUG HikariPool-1 connection adder c.z.h.p.HikariPool: HikariPool-1 - Connection not added, stats (total=10, active=0, idle=10, waiting=0)
:2025-08-13 06:06:10.340 DEBUG HikariPool-1 housekeeper c.z.h.p.HikariPool: HikariPool-1 - Pool stats (total=10, active=0, idle=10, waiting=0)
:2025-08-13 06:06:10.340 DEBUG HikariPool-1 housekeeper c.z.h.p.HikariPool: HikariPool-1 - Fill pool skipped, pool has sufficient level or currently being filled.
:2025-08-13 06:06:10.482 DEBUG HikariPool-1 connection closer c.z.h.p.PoolBase: HikariPool-1 - Closing connection com.mysql.cj.jdbc.ConnectionImpl@6291937a: (connection has passed maxLifetime)
:2025-08-13 06:06:10.486 DEBUG HikariPool-1 connection adder c.z.h.p.HikariPool: HikariPool-1 - Added connection com.mysql.cj.jdbc.ConnectionImpl@3a22c71b
:2025-08-13 06:06:10.528 DEBUG HikariPool-1 connection adder c.z.h.p.HikariPool: HikariPool-1 - Connection not added, stats (total=10, active=0, idle=10, waiting=0)
:2025-08-13 06:06:40.346 DEBUG HikariPool-1 housekeeper c.z.h.p.HikariPool: HikariPool-1 - Pool stats (total=10, active=0, idle=10, waiting=0)
:2025-08-13 06:06:40.346 DEBUG HikariPool-1 housekeeper c.z.h.p.HikariPool: HikariPool-1 - Fill pool skipped, pool has sufficient level or currently being filled.
:2025-08-13 06:06:44.148 DEBUG HikariPool-1 connection closer c.z.h.p.PoolBase: HikariPool-1 - Closing connection com.mysql.cj.jdbc.ConnectionImpl@6e00994a: (connection has passed maxLifetime)
:2025-08-13 06:06:44.152 DEBUG HikariPool-1 connection adder c.z.h.p.HikariPool: HikariPool-1 - Added connection com.mysql.cj.jdbc.ConnectionImpl@6219d494
:2025-08-13 06:06:44.193 DEBUG HikariPool-1 connection adder c.z.h.p.HikariPool: HikariPool-1 - Connection not added, stats (total=10, active=0, idle=10, waiting=0)
:2025-08-13 06:07:10.355 DEBUG HikariPool-1 housekeeper c.z.h.p.HikariPool: HikariPool-1 - Pool stats (total=10, active=0, idle=10, waiting=0)
:2025-08-13 06:07:10.355 DEBUG HikariPool-1 housekeeper c.z.h.p.HikariPool: HikariPool-1 - Fill pool skipped, pool has sufficient level or currently being filled.
:2025-08-13 06:07:40.361 DEBUG HikariPool-1 housekeeper c.z.h.p.HikariPool: HikariPool-1 - Pool stats (total=10, active=0, idle=10, waiting=0)
:2025-08-13 06:07:40.361 DEBUG HikariPool-1 housekeeper c.z.h.p.HikariPool: HikariPool-1 - Fill pool skipped, pool has sufficient level or currently being filled.
:2025-08-13 06:08:10.364 DEBUG HikariPool-1 housekeeper c.z.h.p.HikariPool: HikariPool-1 - Pool stats (total=10, active=0, idle=10, waiting=0)
:2025-08-13 06:08:10.364 DEBUG HikariPool-1 housekeeper c.z.h.p.HikariPool: HikariPool-1 - Fill pool skipped, pool has sufficient level or currently being filled.
:2025-08-13 06:08:40.368 DEBUG HikariPool-1 housekeeper c.z.h.p.HikariPool: HikariPool-1 - Pool stats (total=10, active=0, idle=10, waiting=0)
:2025-08-13 06:08:40.368 DEBUG HikariPool-1 housekeeper c.z.h.p.HikariPool: HikariPool-1 - Fill pool skipped, pool has sufficient level or currently being filled.
:2025-08-13 06:09:10.384 DEBUG HikariPool-1 housekeeper c.z.h.p.HikariPool: HikariPool-1 - Pool stats (total=10, active=0, idle=10, waiting=0)
:2025-08-13 06:09:10.384 DEBUG HikariPool-1 housekeeper c.z.h.p.HikariPool: HikariPool-1 - Fill pool skipped, pool has sufficient level or currently being filled.
:2025-08-13 06:09:40.389 DEBUG HikariPool-1 housekeeper c.z.h.p.HikariPool: HikariPool-1 - Pool stats (total=10, active=0, idle=10, waiting=0)
:2025-08-13 06:09:40.389 DEBUG HikariPool-1 housekeeper c.z.h.p.HikariPool: HikariPool-1 - Fill pool skipped, pool has sufficient level or currently being filled.
:2025-08-13 06:10:10.392 DEBUG HikariPool-1 housekeeper c.z.h.p.HikariPool: HikariPool-1 - Pool stats (total=10, active=0, idle=10, waiting=0)
:2025-08-13 06:10:10.392 DEBUG HikariPool-1 housekeeper c.z.h.p.HikariPool: HikariPool-1 - Fill pool skipped, pool has sufficient level or currently being filled.
:2025-08-13 06:10:40.394 DEBUG HikariPool-1 housekeeper c.z.h.p.HikariPool: HikariPool-1 - Pool stats (total=10, active=0, idle=10, waiting=0)
:2025-08-13 06:10:40.394 DEBUG HikariPool-1 housekeeper c.z.h.p.HikariPool: HikariPool-1 - Fill pool skipped, pool has sufficient level or currently being filled.
:2025-08-13 06:11:10.404 DEBUG HikariPool-1 housekeeper c.z.h.p.HikariPool: HikariPool-1 - Pool stats (total=10, active=0, idle=10, waiting=0)
:2025-08-13 06:11:10.404 DEBUG HikariPool-1 housekeeper c.z.h.p.HikariPool: HikariPool-1 - Fill pool skipped, pool has sufficient level or currently being filled.
:2025-08-13 06:11:40.413 DEBUG HikariPool-1 housekeeper c.z.h.p.HikariPool: HikariPool-1 - Pool stats (total=10, active=0, idle=10, waiting=0)
:2025-08-13 06:11:40.413 DEBUG HikariPool-1 housekeeper c.z.h.p.HikariPool: HikariPool-1 - Fill pool skipped, pool has sufficient level or currently being filled.
:2025-08-13 06:12:10.419 DEBUG HikariPool-1 housekeeper c.z.h.p.HikariPool: HikariPool-1 - Pool stats (total=10, active=0, idle=10, waiting=0)
:2025-08-13 06:12:10.419 DEBUG HikariPool-1 housekeeper c.z.h.p.HikariPool: HikariPool-1 - Fill pool skipped, pool has sufficient level or currently being filled.
:2025-08-13 06:12:40.423 DEBUG HikariPool-1 housekeeper c.z.h.p.HikariPool: HikariPool-1 - Pool stats (total=10, active=0, idle=10, waiting=0)
:2025-08-13 06:12:40.423 DEBUG HikariPool-1 housekeeper c.z.h.p.HikariPool: HikariPool-1 - Fill pool skipped, pool has sufficient level or currently being filled.
:2025-08-13 06:13:10.425 DEBUG HikariPool-1 housekeeper c.z.h.p.HikariPool: HikariPool-1 - Pool stats (total=10, active=0, idle=10, waiting=0)
:2025-08-13 06:13:10.425 DEBUG HikariPool-1 housekeeper c.z.h.p.HikariPool: HikariPool-1 - Fill pool skipped, pool has sufficient level or currently being filled.
:2025-08-13 06:13:40.439 DEBUG HikariPool-1 housekeeper c.z.h.p.HikariPool: HikariPool-1 - Pool stats (total=10, active=0, idle=10, waiting=0)
:2025-08-13 06:13:40.439 DEBUG HikariPool-1 housekeeper c.z.h.p.HikariPool: HikariPool-1 - Fill pool skipped, pool has sufficient level or currently being filled.
:2025-08-13 06:14:10.440 DEBUG HikariPool-1 housekeeper c.z.h.p.HikariPool: HikariPool-1 - Pool stats (total=10, active=0, idle=10, waiting=0)
:2025-08-13 06:14:10.440 DEBUG HikariPool-1 housekeeper c.z.h.p.HikariPool: HikariPool-1 - Fill pool skipped, pool has sufficient level or currently being filled.
:2025-08-13 06:14:40.452 DEBUG HikariPool-1 housekeeper c.z.h.p.HikariPool: HikariPool-1 - Pool stats (total=10, active=0, idle=10, waiting=0)
:2025-08-13 06:14:40.452 DEBUG HikariPool-1 housekeeper c.z.h.p.HikariPool: HikariPool-1 - Fill pool skipped, pool has sufficient level or currently being filled.
:2025-08-13 06:15:10.454 DEBUG HikariPool-1 housekeeper c.z.h.p.HikariPool: HikariPool-1 - Pool stats (total=10, active=0, idle=10, waiting=0)
:2025-08-13 06:15:10.454 DEBUG HikariPool-1 housekeeper c.z.h.p.HikariPool: HikariPool-1 - Fill pool skipped, pool has sufficient level or currently being filled.
:2025-08-13 06:15:40.457 DEBUG HikariPool-1 housekeeper c.z.h.p.HikariPool: HikariPool-1 - Pool stats (total=10, active=0, idle=10, waiting=0)
:2025-08-13 06:15:40.457 DEBUG HikariPool-1 housekeeper c.z.h.p.HikariPool: HikariPool-1 - Fill pool skipped, pool has sufficient level or currently being filled.
:2025-08-13 06:16:10.459 DEBUG HikariPool-1 housekeeper c.z.h.p.HikariPool: HikariPool-1 - Pool stats (total=10, active=0, idle=10, waiting=0)
:2025-08-13 06:16:10.459 DEBUG HikariPool-1 housekeeper c.z.h.p.HikariPool: HikariPool-1 - Fill pool skipped, pool has sufficient level or currently being filled.
:2025-08-13 06:16:40.463 DEBUG HikariPool-1 housekeeper c.z.h.p.HikariPool: HikariPool-1 - Pool stats (total=10, active=0, idle=10, waiting=0)
:2025-08-13 06:16:40.463 DEBUG HikariPool-1 housekeeper c.z.h.p.HikariPool: HikariPool-1 - Fill pool skipped, pool has sufficient level or currently being filled.
:2025-08-13 06:17:10.472 DEBUG HikariPool-1 housekeeper c.z.h.p.HikariPool: HikariPool-1 - Pool stats (total=10, active=0, idle=10, waiting=0)
:2025-08-13 06:17:10.472 DEBUG HikariPool-1 housekeeper c.z.h.p.HikariPool: HikariPool-1 - Fill pool skipped, pool has sufficient level or currently being filled.
:2025-08-13 06:17:40.486 DEBUG HikariPool-1 housekeeper c.z.h.p.HikariPool: HikariPool-1 - Pool stats (total=10, active=0, idle=10, waiting=0)
:2025-08-13 06:17:40.486 DEBUG HikariPool-1 housekeeper c.z.h.p.HikariPool: HikariPool-1 - Fill pool skipped, pool has sufficient level or currently being filled.
:2025-08-13 06:18:10.490 DEBUG HikariPool-1 housekeeper c.z.h.p.HikariPool: HikariPool-1 - Pool stats (total=10, active=0, idle=10, waiting=0)
:2025-08-13 06:18:10.490 DEBUG HikariPool-1 housekeeper c.z.h.p.HikariPool: HikariPool-1 - Fill pool skipped, pool has sufficient level or currently being filled.
:2025-08-13 06:18:40.504 DEBUG HikariPool-1 housekeeper c.z.h.p.HikariPool: HikariPool-1 - Pool stats (total=10, active=0, idle=10, waiting=0)
:2025-08-13 06:18:40.504 DEBUG HikariPool-1 housekeeper c.z.h.p.HikariPool: HikariPool-1 - Fill pool skipped, pool has sufficient level or currently being filled.
:2025-08-13 06:19:10.510 DEBUG HikariPool-1 housekeeper c.z.h.p.HikariPool: HikariPool-1 - Pool stats (total=10, active=0, idle=10, waiting=0)
:2025-08-13 06:19:10.510 DEBUG HikariPool-1 housekeeper c.z.h.p.HikariPool: HikariPool-1 - Fill pool skipped, pool has sufficient level or currently being filled.
:2025-08-13 06:19:40.517 DEBUG HikariPool-1 housekeeper c.z.h.p.HikariPool: HikariPool-1 - Pool stats (total=10, active=0, idle=10, waiting=0)
:2025-08-13 06:19:40.517 DEBUG HikariPool-1 housekeeper c.z.h.p.HikariPool: HikariPool-1 - Fill pool skipped, pool has sufficient level or currently being filled.
:2025-08-13 06:20:10.522 DEBUG HikariPool-1 housekeeper c.z.h.p.HikariPool: HikariPool-1 - Pool stats (total=10, active=0, idle=10, waiting=0)
:2025-08-13 06:20:10.522 DEBUG HikariPool-1 housekeeper c.z.h.p.HikariPool: HikariPool-1 - Fill pool skipped, pool has sufficient level or currently being filled.
:2025-08-13 06:20:40.523 DEBUG HikariPool-1 housekeeper c.z.h.p.HikariPool: HikariPool-1 - Pool stats (total=10, active=0, idle=10, waiting=0)
:2025-08-13 06:20:40.523 DEBUG HikariPool-1 housekeeper c.z.h.p.HikariPool: HikariPool-1 - Fill pool skipped, pool has sufficient level or currently being filled.
:2025-08-13 06:21:10.531 DEBUG HikariPool-1 housekeeper c.z.h.p.HikariPool: HikariPool-1 - Pool stats (total=10, active=0, idle=10, waiting=0)
:2025-08-13 06:21:10.531 DEBUG HikariPool-1 housekeeper c.z.h.p.HikariPool: HikariPool-1 - Fill pool skipped, pool has sufficient level or currently being filled.
:2025-08-13 06:21:40.544 DEBUG HikariPool-1 housekeeper c.z.h.p.HikariPool: HikariPool-1 - Pool stats (total=10, active=0, idle=10, waiting=0)
:2025-08-13 06:21:40.544 DEBUG HikariPool-1 housekeeper c.z.h.p.HikariPool: HikariPool-1 - Fill pool skipped, pool has sufficient level or currently being filled.
:2025-08-13 06:22:10.546 DEBUG HikariPool-1 housekeeper c.z.h.p.HikariPool: HikariPool-1 - Pool stats (total=10, active=0, idle=10, waiting=0)
:2025-08-13 06:22:10.546 DEBUG HikariPool-1 housekeeper c.z.h.p.HikariPool: HikariPool-1 - Fill pool skipped, pool has sufficient level or currently being filled.
:2025-08-13 06:22:40.548 DEBUG HikariPool-1 housekeeper c.z.h.p.HikariPool: HikariPool-1 - Pool stats (total=10, active=0, idle=10, waiting=0)
:2025-08-13 06:22:40.548 DEBUG HikariPool-1 housekeeper c.z.h.p.HikariPool: HikariPool-1 - Fill pool skipped, pool has sufficient level or currently being filled.
:2025-08-13 06:23:10.558 DEBUG HikariPool-1 housekeeper c.z.h.p.HikariPool: HikariPool-1 - Pool stats (total=10, active=0, idle=10, waiting=0)
:2025-08-13 06:23:10.558 DEBUG HikariPool-1 housekeeper c.z.h.p.HikariPool: HikariPool-1 - Fill pool skipped, pool has sufficient level or currently being filled.
:2025-08-13 06:23:40.560 DEBUG HikariPool-1 housekeeper c.z.h.p.HikariPool: HikariPool-1 - Pool stats (total=10, active=0, idle=10, waiting=0)
:2025-08-13 06:23:40.560 DEBUG HikariPool-1 housekeeper c.z.h.p.HikariPool: HikariPool-1 - Fill pool skipped, pool has sufficient level or currently being filled.
:2025-08-13 06:24:10.568 DEBUG HikariPool-1 housekeeper c.z.h.p.HikariPool: HikariPool-1 - Pool stats (total=10, active=0, idle=10, waiting=0)
:2025-08-13 06:24:10.568 DEBUG HikariPool-1 housekeeper c.z.h.p.HikariPool: HikariPool-1 - Fill pool skipped, pool has sufficient level or currently being filled.
:2025-08-13 06:24:40.581 DEBUG HikariPool-1 housekeeper c.z.h.p.HikariPool: HikariPool-1 - Pool stats (total=10, active=0, idle=10, waiting=0)
:2025-08-13 06:24:40.581 DEBUG HikariPool-1 housekeeper c.z.h.p.HikariPool: HikariPool-1 - Fill pool skipped, pool has sufficient level or currently being filled.
:2025-08-13 06:25:10.595 DEBUG HikariPool-1 housekeeper c.z.h.p.HikariPool: HikariPool-1 - Pool stats (total=10, active=0, idle=10, waiting=0)
:2025-08-13 06:25:10.595 DEBUG HikariPool-1 housekeeper c.z.h.p.HikariPool: HikariPool-1 - Fill pool skipped, pool has sufficient level or currently being filled.
:2025-08-13 06:25:40.607 DEBUG HikariPool-1 housekeeper c.z.h.p.HikariPool: HikariPool-1 - Pool stats (total=10, active=0, idle=10, waiting=0)
:2025-08-13 06:25:40.607 DEBUG HikariPool-1 housekeeper c.z.h.p.HikariPool: HikariPool-1 - Fill pool skipped, pool has sufficient level or currently being filled.
:2025-08-13 06:26:10.622 DEBUG HikariPool-1 housekeeper c.z.h.p.HikariPool: HikariPool-1 - Pool stats (total=10, active=0, idle=10, waiting=0)
:2025-08-13 06:26:10.622 DEBUG HikariPool-1 housekeeper c.z.h.p.HikariPool: HikariPool-1 - Fill pool skipped, pool has sufficient level or currently being filled.
:2025-08-13 06:26:40.637 DEBUG HikariPool-1 housekeeper c.z.h.p.HikariPool: HikariPool-1 - Pool stats (total=10, active=0, idle=10, waiting=0)
:2025-08-13 06:26:40.637 DEBUG HikariPool-1 housekeeper c.z.h.p.HikariPool: HikariPool-1 - Fill pool skipped, pool has sufficient level or currently being filled.
:2025-08-13 06:27:10.649 DEBUG HikariPool-1 housekeeper c.z.h.p.HikariPool: HikariPool-1 - Pool stats (total=10, active=0, idle=10, waiting=0)
:2025-08-13 06:27:10.649 DEBUG HikariPool-1 housekeeper c.z.h.p.HikariPool: HikariPool-1 - Fill pool skipped, pool has sufficient level or currently being filled.
:2025-08-13 06:27:40.664 DEBUG HikariPool-1 housekeeper c.z.h.p.HikariPool: HikariPool-1 - Pool stats (total=10, active=0, idle=10, waiting=0)
:2025-08-13 06:27:40.664 DEBUG HikariPool-1 housekeeper c.z.h.p.HikariPool: HikariPool-1 - Fill pool skipped, pool has sufficient level or currently being filled.
:2025-08-13 06:28:10.675 DEBUG HikariPool-1 housekeeper c.z.h.p.HikariPool: HikariPool-1 - Pool stats (total=10, active=0, idle=10, waiting=0)
:2025-08-13 06:28:10.675 DEBUG HikariPool-1 housekeeper c.z.h.p.HikariPool: HikariPool-1 - Fill pool skipped, pool has sufficient level or currently being filled.
:2025-08-13 06:28:40.683 DEBUG HikariPool-1 housekeeper c.z.h.p.HikariPool: HikariPool-1 - Pool stats (total=10, active=0, idle=10, waiting=0)
:2025-08-13 06:28:40.683 DEBUG HikariPool-1 housekeeper c.z.h.p.HikariPool: HikariPool-1 - Fill pool skipped, pool has sufficient level or currently being filled.
:2025-08-13 06:29:10.696 DEBUG HikariPool-1 housekeeper c.z.h.p.HikariPool: HikariPool-1 - Pool stats (total=10, active=0, idle=10, waiting=0)
:2025-08-13 06:29:10.696 DEBUG HikariPool-1 housekeeper c.z.h.p.HikariPool: HikariPool-1 - Fill pool skipped, pool has sufficient level or currently being filled.
:2025-08-13 06:29:40.700 DEBUG HikariPool-1 housekeeper c.z.h.p.HikariPool: HikariPool-1 - Pool stats (total=10, active=0, idle=10, waiting=0)
:2025-08-13 06:29:40.700 DEBUG HikariPool-1 housekeeper c.z.h.p.HikariPool: HikariPool-1 - Fill pool skipped, pool has sufficient level or currently being filled.
:2025-08-13 06:30:10.714 DEBUG HikariPool-1 housekeeper c.z.h.p.HikariPool: HikariPool-1 - Pool stats (total=10, active=0, idle=10, waiting=0)
:2025-08-13 06:30:10.714 DEBUG HikariPool-1 housekeeper c.z.h.p.HikariPool: HikariPool-1 - Fill pool skipped, pool has sufficient level or currently being filled.
:2025-08-13 06:30:40.720 DEBUG HikariPool-1 housekeeper c.z.h.p.HikariPool: HikariPool-1 - Pool stats (total=10, active=0, idle=10, waiting=0)
:2025-08-13 06:30:40.720 DEBUG HikariPool-1 housekeeper c.z.h.p.HikariPool: HikariPool-1 - Fill pool skipped, pool has sufficient level or currently being filled.
:2025-08-13 06:31:10.736 DEBUG HikariPool-1 housekeeper c.z.h.p.HikariPool: HikariPool-1 - Pool stats (total=10, active=0, idle=10, waiting=0)
:2025-08-13 06:31:10.736 DEBUG HikariPool-1 housekeeper c.z.h.p.HikariPool: HikariPool-1 - Fill pool skipped, pool has sufficient level or currently being filled.
:2025-08-13 06:31:40.744 DEBUG HikariPool-1 housekeeper c.z.h.p.HikariPool: HikariPool-1 - Pool stats (total=10, active=0, idle=10, waiting=0)
:2025-08-13 06:31:40.744 DEBUG HikariPool-1 housekeeper c.z.h.p.HikariPool: HikariPool-1 - Fill pool skipped, pool has sufficient level or currently being filled.
:2025-08-13 06:32:10.754 DEBUG HikariPool-1 housekeeper c.z.h.p.HikariPool: HikariPool-1 - Pool stats (total=10, active=0, idle=10, waiting=0)
:2025-08-13 06:32:10.754 DEBUG HikariPool-1 housekeeper c.z.h.p.HikariPool: HikariPool-1 - Fill pool skipped, pool has sufficient level or currently being filled.
:2025-08-13 06:32:40.767 DEBUG HikariPool-1 housekeeper c.z.h.p.HikariPool: HikariPool-1 - Pool stats (total=10, active=0, idle=10, waiting=0)
:2025-08-13 06:32:40.767 DEBUG HikariPool-1 housekeeper c.z.h.p.HikariPool: HikariPool-1 - Fill pool skipped, pool has sufficient level or currently being filled.
:2025-08-13 06:33:03.740 DEBUG HikariPool-1 connection closer c.z.h.p.PoolBase: HikariPool-1 - Closing connection com.mysql.cj.jdbc.ConnectionImpl@1f49e10c: (connection has passed maxLifetime)
:2025-08-13 06:33:03.744 DEBUG HikariPool-1 connection adder c.z.h.p.HikariPool: HikariPool-1 - Added connection com.mysql.cj.jdbc.ConnectionImpl@548aac7f
:2025-08-13 06:33:03.788 DEBUG HikariPool-1 connection adder c.z.h.p.HikariPool: HikariPool-1 - Connection not added, stats (total=10, active=0, idle=10, waiting=0)
:2025-08-13 06:33:10.779 DEBUG HikariPool-1 housekeeper c.z.h.p.HikariPool: HikariPool-1 - Pool stats (total=10, active=0, idle=10, waiting=0)
:2025-08-13 06:33:10.779 DEBUG HikariPool-1 housekeeper c.z.h.p.HikariPool: HikariPool-1 - Fill pool skipped, pool has sufficient level or currently being filled.
:2025-08-13 06:33:36.452 DEBUG HikariPool-1 connection closer c.z.h.p.PoolBase: HikariPool-1 - Closing connection com.mysql.cj.jdbc.ConnectionImpl@271eb3ca: (connection has passed maxLifetime)
:2025-08-13 06:33:36.456 DEBUG HikariPool-1 connection adder c.z.h.p.HikariPool: HikariPool-1 - Added connection com.mysql.cj.jdbc.ConnectionImpl@ab09e1e
:2025-08-13 06:33:36.498 DEBUG HikariPool-1 connection adder c.z.h.p.HikariPool: HikariPool-1 - Connection not added, stats (total=10, active=0, idle=10, waiting=0)
:2025-08-13 06:33:40.785 DEBUG HikariPool-1 housekeeper c.z.h.p.HikariPool: HikariPool-1 - Pool stats (total=10, active=0, idle=10, waiting=0)
:2025-08-13 06:33:40.785 DEBUG HikariPool-1 housekeeper c.z.h.p.HikariPool: HikariPool-1 - Fill pool skipped, pool has sufficient level or currently being filled.
:2025-08-13 06:34:00.240 DEBUG HikariPool-1 connection closer c.z.h.p.PoolBase: HikariPool-1 - Closing connection com.mysql.cj.jdbc.ConnectionImpl@3b90f0c5: (connection has passed maxLifetime)
:2025-08-13 06:34:00.244 DEBUG HikariPool-1 connection adder c.z.h.p.HikariPool: HikariPool-1 - Added connection com.mysql.cj.jdbc.ConnectionImpl@16b2a401
:2025-08-13 06:34:00.287 DEBUG HikariPool-1 connection adder c.z.h.p.HikariPool: HikariPool-1 - Connection not added, stats (total=10, active=0, idle=10, waiting=0)
:2025-08-13 06:34:10.800 DEBUG HikariPool-1 housekeeper c.z.h.p.HikariPool: HikariPool-1 - Pool stats (total=10, active=0, idle=10, waiting=0)
:2025-08-13 06:34:10.800 DEBUG HikariPool-1 housekeeper c.z.h.p.HikariPool: HikariPool-1 - Fill pool skipped, pool has sufficient level or currently being filled.
:2025-08-13 06:34:35.255 DEBUG HikariPool-1 connection closer c.z.h.p.PoolBase: HikariPool-1 - Closing connection com.mysql.cj.jdbc.ConnectionImpl@384f768c: (connection has passed maxLifetime)
:2025-08-13 06:34:35.259 DEBUG HikariPool-1 connection adder c.z.h.p.HikariPool: HikariPool-1 - Added connection com.mysql.cj.jdbc.ConnectionImpl@1d3f49df
:2025-08-13 06:34:35.290 DEBUG HikariPool-1 connection adder c.z.h.p.HikariPool: HikariPool-1 - Connection not added, stats (total=10, active=0, idle=10, waiting=0)
:2025-08-13 06:34:40.806 DEBUG HikariPool-1 housekeeper c.z.h.p.HikariPool: HikariPool-1 - Pool stats (total=10, active=0, idle=10, waiting=0)
:2025-08-13 06:34:40.806 DEBUG HikariPool-1 housekeeper c.z.h.p.HikariPool: HikariPool-1 - Fill pool skipped, pool has sufficient level or currently being filled.
:2025-08-13 06:34:56.590 DEBUG HikariPool-1 connection closer c.z.h.p.PoolBase: HikariPool-1 - Closing connection com.mysql.cj.jdbc.ConnectionImpl@4650bfeb: (connection has passed maxLifetime)
:2025-08-13 06:34:56.594 DEBUG HikariPool-1 connection adder c.z.h.p.HikariPool: HikariPool-1 - Added connection com.mysql.cj.jdbc.ConnectionImpl@6c85fb94
:2025-08-13 06:34:56.637 DEBUG HikariPool-1 connection adder c.z.h.p.HikariPool: HikariPool-1 - Connection not added, stats (total=10, active=0, idle=10, waiting=0)
:2025-08-13 06:34:58.801 DEBUG HikariPool-1 connection closer c.z.h.p.PoolBase: HikariPool-1 - Closing connection com.mysql.cj.jdbc.ConnectionImpl@7a2c121c: (connection has passed maxLifetime)
:2025-08-13 06:34:58.804 DEBUG HikariPool-1 connection adder c.z.h.p.HikariPool: HikariPool-1 - Added connection com.mysql.cj.jdbc.ConnectionImpl@18e4b19b
:2025-08-13 06:34:58.849 DEBUG HikariPool-1 connection adder c.z.h.p.HikariPool: HikariPool-1 - Connection not added, stats (total=10, active=0, idle=10, waiting=0)
:2025-08-13 06:35:04.970 DEBUG HikariPool-1 connection closer c.z.h.p.PoolBase: HikariPool-1 - Closing connection com.mysql.cj.jdbc.ConnectionImpl@1e625d53: (connection has passed maxLifetime)
:2025-08-13 06:35:04.974 DEBUG HikariPool-1 connection adder c.z.h.p.HikariPool: HikariPool-1 - Added connection com.mysql.cj.jdbc.ConnectionImpl@238e085e
:2025-08-13 06:35:05.017 DEBUG HikariPool-1 connection adder c.z.h.p.HikariPool: HikariPool-1 - Connection not added, stats (total=10, active=0, idle=10, waiting=0)
:2025-08-13 06:35:10.806 DEBUG HikariPool-1 housekeeper c.z.h.p.HikariPool: HikariPool-1 - Pool stats (total=10, active=0, idle=10, waiting=0)
:2025-08-13 06:35:10.806 DEBUG HikariPool-1 housekeeper c.z.h.p.HikariPool: HikariPool-1 - Fill pool skipped, pool has sufficient level or currently being filled.
:2025-08-13 06:35:16.015 DEBUG HikariPool-1 connection closer c.z.h.p.PoolBase: HikariPool-1 - Closing connection com.mysql.cj.jdbc.ConnectionImpl@e7b5e99: (connection has passed maxLifetime)
:2025-08-13 06:35:16.019 DEBUG HikariPool-1 connection adder c.z.h.p.HikariPool: HikariPool-1 - Added connection com.mysql.cj.jdbc.ConnectionImpl@7a052cbb
:2025-08-13 06:35:16.062 DEBUG HikariPool-1 connection adder c.z.h.p.HikariPool: HikariPool-1 - Connection not added, stats (total=10, active=0, idle=10, waiting=0)
:2025-08-13 06:35:40.411 DEBUG HikariPool-1 connection closer c.z.h.p.PoolBase: HikariPool-1 - Closing connection com.mysql.cj.jdbc.ConnectionImpl@3a22c71b: (connection has passed maxLifetime)
:2025-08-13 06:35:40.416 DEBUG HikariPool-1 connection adder c.z.h.p.HikariPool: HikariPool-1 - Added connection com.mysql.cj.jdbc.ConnectionImpl@52d7b810
:2025-08-13 06:35:40.459 DEBUG HikariPool-1 connection adder c.z.h.p.HikariPool: HikariPool-1 - Connection not added, stats (total=10, active=0, idle=10, waiting=0)
:2025-08-13 06:35:40.817 DEBUG HikariPool-1 housekeeper c.z.h.p.HikariPool: HikariPool-1 - Pool stats (total=10, active=0, idle=10, waiting=0)
:2025-08-13 06:35:40.817 DEBUG HikariPool-1 housekeeper c.z.h.p.HikariPool: HikariPool-1 - Fill pool skipped, pool has sufficient level or currently being filled.
:2025-08-13 06:36:10.826 DEBUG HikariPool-1 housekeeper c.z.h.p.HikariPool: HikariPool-1 - Pool stats (total=10, active=0, idle=10, waiting=0)
:2025-08-13 06:36:10.826 DEBUG HikariPool-1 housekeeper c.z.h.p.HikariPool: HikariPool-1 - Fill pool skipped, pool has sufficient level or currently being filled.
:2025-08-13 06:36:32.700 DEBUG HikariPool-1 connection closer c.z.h.p.PoolBase: HikariPool-1 - Closing connection com.mysql.cj.jdbc.ConnectionImpl@6219d494: (connection has passed maxLifetime)
:2025-08-13 06:36:32.705 DEBUG HikariPool-1 connection adder c.z.h.p.HikariPool: HikariPool-1 - Added connection com.mysql.cj.jdbc.ConnectionImpl@5e002d60
:2025-08-13 06:36:32.746 DEBUG HikariPool-1 connection adder c.z.h.p.HikariPool: HikariPool-1 - Connection not added, stats (total=10, active=0, idle=10, waiting=0)
:2025-08-13 06:36:40.829 DEBUG HikariPool-1 housekeeper c.z.h.p.HikariPool: HikariPool-1 - Pool stats (total=10, active=0, idle=10, waiting=0)
:2025-08-13 06:36:40.829 DEBUG HikariPool-1 housekeeper c.z.h.p.HikariPool: HikariPool-1 - Fill pool skipped, pool has sufficient level or currently being filled.
:2025-08-13 06:37:10.831 DEBUG HikariPool-1 housekeeper c.z.h.p.HikariPool: HikariPool-1 - Pool stats (total=10, active=0, idle=10, waiting=0)
:2025-08-13 06:37:10.831 DEBUG HikariPool-1 housekeeper c.z.h.p.HikariPool: HikariPool-1 - Fill pool skipped, pool has sufficient level or currently being filled.
:2025-08-13 06:37:40.844 DEBUG HikariPool-1 housekeeper c.z.h.p.HikariPool: HikariPool-1 - Pool stats (total=10, active=0, idle=10, waiting=0)
:2025-08-13 06:37:40.844 DEBUG HikariPool-1 housekeeper c.z.h.p.HikariPool: HikariPool-1 - Fill pool skipped, pool has sufficient level or currently being filled.
:2025-08-13 06:38:10.846 DEBUG HikariPool-1 housekeeper c.z.h.p.HikariPool: HikariPool-1 - Pool stats (total=10, active=0, idle=10, waiting=0)
:2025-08-13 06:38:10.846 DEBUG HikariPool-1 housekeeper c.z.h.p.HikariPool: HikariPool-1 - Fill pool skipped, pool has sufficient level or currently being filled.
:2025-08-13 06:38:40.848 DEBUG HikariPool-1 housekeeper c.z.h.p.HikariPool: HikariPool-1 - Pool stats (total=10, active=0, idle=10, waiting=0)
:2025-08-13 06:38:40.848 DEBUG HikariPool-1 housekeeper c.z.h.p.HikariPool: HikariPool-1 - Fill pool skipped, pool has sufficient level or currently being filled.
:2025-08-13 06:39:10.864 DEBUG HikariPool-1 housekeeper c.z.h.p.HikariPool: HikariPool-1 - Pool stats (total=10, active=0, idle=10, waiting=0)
:2025-08-13 06:39:10.864 DEBUG HikariPool-1 housekeeper c.z.h.p.HikariPool: HikariPool-1 - Fill pool skipped, pool has sufficient level or currently being filled.
:2025-08-13 06:39:40.868 DEBUG HikariPool-1 housekeeper c.z.h.p.HikariPool: HikariPool-1 - Pool stats (total=10, active=0, idle=10, waiting=0)
:2025-08-13 06:39:40.868 DEBUG HikariPool-1 housekeeper c.z.h.p.HikariPool: HikariPool-1 - Fill pool skipped, pool has sufficient level or currently being filled.
:2025-08-13 06:40:10.873 DEBUG HikariPool-1 housekeeper c.z.h.p.HikariPool: HikariPool-1 - Pool stats (total=10, active=0, idle=10, waiting=0)
:2025-08-13 06:40:10.873 DEBUG HikariPool-1 housekeeper c.z.h.p.HikariPool: HikariPool-1 - Fill pool skipped, pool has sufficient level or currently being filled.
:2025-08-13 06:40:40.887 DEBUG HikariPool-1 housekeeper c.z.h.p.HikariPool: HikariPool-1 - Pool stats (total=10, active=0, idle=10, waiting=0)
:2025-08-13 06:40:40.887 DEBUG HikariPool-1 housekeeper c.z.h.p.HikariPool: HikariPool-1 - Fill pool skipped, pool has sufficient level or currently being filled.
:2025-08-13 06:41:10.889 DEBUG HikariPool-1 housekeeper c.z.h.p.HikariPool: HikariPool-1 - Pool stats (total=10, active=0, idle=10, waiting=0)
:2025-08-13 06:41:10.889 DEBUG HikariPool-1 housekeeper c.z.h.p.HikariPool: HikariPool-1 - Fill pool skipped, pool has sufficient level or currently being filled.
:2025-08-13 06:41:40.895 DEBUG HikariPool-1 housekeeper c.z.h.p.HikariPool: HikariPool-1 - Pool stats (total=10, active=0, idle=10, waiting=0)
:2025-08-13 06:41:40.895 DEBUG HikariPool-1 housekeeper c.z.h.p.HikariPool: HikariPool-1 - Fill pool skipped, pool has sufficient level or currently being filled.
:2025-08-13 06:42:10.908 DEBUG HikariPool-1 housekeeper c.z.h.p.HikariPool: HikariPool-1 - Pool stats (total=10, active=0, idle=10, waiting=0)
:2025-08-13 06:42:10.908 DEBUG HikariPool-1 housekeeper c.z.h.p.HikariPool: HikariPool-1 - Fill pool skipped, pool has sufficient level or currently being filled.
:2025-08-13 06:42:40.919 DEBUG HikariPool-1 housekeeper c.z.h.p.HikariPool: HikariPool-1 - Pool stats (total=10, active=0, idle=10, waiting=0)
:2025-08-13 06:42:40.919 DEBUG HikariPool-1 housekeeper c.z.h.p.HikariPool: HikariPool-1 - Fill pool skipped, pool has sufficient level or currently being filled.
:2025-08-13 06:43:10.931 DEBUG HikariPool-1 housekeeper c.z.h.p.HikariPool: HikariPool-1 - Pool stats (total=10, active=0, idle=10, waiting=0)
:2025-08-13 06:43:10.931 DEBUG HikariPool-1 housekeeper c.z.h.p.HikariPool: HikariPool-1 - Fill pool skipped, pool has sufficient level or currently being filled.
:2025-08-13 06:43:40.934 DEBUG HikariPool-1 housekeeper c.z.h.p.HikariPool: HikariPool-1 - Pool stats (total=10, active=0, idle=10, waiting=0)
:2025-08-13 06:43:40.934 DEBUG HikariPool-1 housekeeper c.z.h.p.HikariPool: HikariPool-1 - Fill pool skipped, pool has sufficient level or currently being filled.
:2025-08-13 06:44:10.940 DEBUG HikariPool-1 housekeeper c.z.h.p.HikariPool: HikariPool-1 - Pool stats (total=10, active=0, idle=10, waiting=0)
:2025-08-13 06:44:10.940 DEBUG HikariPool-1 housekeeper c.z.h.p.HikariPool: HikariPool-1 - Fill pool skipped, pool has sufficient level or currently being filled.
:2025-08-13 06:44:40.954 DEBUG HikariPool-1 housekeeper c.z.h.p.HikariPool: HikariPool-1 - Pool stats (total=10, active=0, idle=10, waiting=0)
:2025-08-13 06:44:40.954 DEBUG HikariPool-1 housekeeper c.z.h.p.HikariPool: HikariPool-1 - Fill pool skipped, pool has sufficient level or currently being filled.
:2025-08-13 06:45:10.969 DEBUG HikariPool-1 housekeeper c.z.h.p.HikariPool: HikariPool-1 - Pool stats (total=10, active=0, idle=10, waiting=0)
:2025-08-13 06:45:10.969 DEBUG HikariPool-1 housekeeper c.z.h.p.HikariPool: HikariPool-1 - Fill pool skipped, pool has sufficient level or currently being filled.
:2025-08-13 06:45:40.974 DEBUG HikariPool-1 housekeeper c.z.h.p.HikariPool: HikariPool-1 - Pool stats (total=10, active=0, idle=10, waiting=0)
:2025-08-13 06:45:40.974 DEBUG HikariPool-1 housekeeper c.z.h.p.HikariPool: HikariPool-1 - Fill pool skipped, pool has sufficient level or currently being filled.
:2025-08-13 06:46:10.981 DEBUG HikariPool-1 housekeeper c.z.h.p.HikariPool: HikariPool-1 - Pool stats (total=10, active=0, idle=10, waiting=0)
:2025-08-13 06:46:10.981 DEBUG HikariPool-1 housekeeper c.z.h.p.HikariPool: HikariPool-1 - Fill pool skipped, pool has sufficient level or currently being filled.
:2025-08-13 06:46:40.989 DEBUG HikariPool-1 housekeeper c.z.h.p.HikariPool: HikariPool-1 - Pool stats (total=10, active=0, idle=10, waiting=0)
:2025-08-13 06:46:40.989 DEBUG HikariPool-1 housekeeper c.z.h.p.HikariPool: HikariPool-1 - Fill pool skipped, pool has sufficient level or currently being filled.
:2025-08-13 06:47:10.995 DEBUG HikariPool-1 housekeeper c.z.h.p.HikariPool: HikariPool-1 - Pool stats (total=10, active=0, idle=10, waiting=0)
:2025-08-13 06:47:10.995 DEBUG HikariPool-1 housekeeper c.z.h.p.HikariPool: HikariPool-1 - Fill pool skipped, pool has sufficient level or currently being filled.
:2025-08-13 06:47:41.006 DEBUG HikariPool-1 housekeeper c.z.h.p.HikariPool: HikariPool-1 - Pool stats (total=10, active=0, idle=10, waiting=0)
:2025-08-13 06:47:41.006 DEBUG HikariPool-1 housekeeper c.z.h.p.HikariPool: HikariPool-1 - Fill pool skipped, pool has sufficient level or currently being filled.
:2025-08-13 06:48:11.020 DEBUG HikariPool-1 housekeeper c.z.h.p.HikariPool: HikariPool-1 - Pool stats (total=10, active=0, idle=10, waiting=0)
:2025-08-13 06:48:11.020 DEBUG HikariPool-1 housekeeper c.z.h.p.HikariPool: HikariPool-1 - Fill pool skipped, pool has sufficient level or currently being filled.
:2025-08-13 06:48:41.024 DEBUG HikariPool-1 housekeeper c.z.h.p.HikariPool: HikariPool-1 - Pool stats (total=10, active=0, idle=10, waiting=0)
:2025-08-13 06:48:41.024 DEBUG HikariPool-1 housekeeper c.z.h.p.HikariPool: HikariPool-1 - Fill pool skipped, pool has sufficient level or currently being filled.
:2025-08-13 06:49:11.039 DEBUG HikariPool-1 housekeeper c.z.h.p.HikariPool: HikariPool-1 - Pool stats (total=10, active=0, idle=10, waiting=0)
:2025-08-13 06:49:11.039 DEBUG HikariPool-1 housekeeper c.z.h.p.HikariPool: HikariPool-1 - Fill pool skipped, pool has sufficient level or currently being filled.
:2025-08-13 06:49:41.055 DEBUG HikariPool-1 housekeeper c.z.h.p.HikariPool: HikariPool-1 - Pool stats (total=10, active=0, idle=10, waiting=0)
:2025-08-13 06:49:41.055 DEBUG HikariPool-1 housekeeper c.z.h.p.HikariPool: HikariPool-1 - Fill pool skipped, pool has sufficient level or currently being filled.
:2025-08-13 06:50:11.063 DEBUG HikariPool-1 housekeeper c.z.h.p.HikariPool: HikariPool-1 - Pool stats (total=10, active=0, idle=10, waiting=0)
:2025-08-13 06:50:11.063 DEBUG HikariPool-1 housekeeper c.z.h.p.HikariPool: HikariPool-1 - Fill pool skipped, pool has sufficient level or currently being filled.
:2025-08-13 06:50:41.070 DEBUG HikariPool-1 housekeeper c.z.h.p.HikariPool: HikariPool-1 - Pool stats (total=10, active=0, idle=10, waiting=0)
:2025-08-13 06:50:41.070 DEBUG HikariPool-1 housekeeper c.z.h.p.HikariPool: HikariPool-1 - Fill pool skipped, pool has sufficient level or currently being filled.
:2025-08-13 06:51:11.078 DEBUG HikariPool-1 housekeeper c.z.h.p.HikariPool: HikariPool-1 - Pool stats (total=10, active=0, idle=10, waiting=0)
:2025-08-13 06:51:11.078 DEBUG HikariPool-1 housekeeper c.z.h.p.HikariPool: HikariPool-1 - Fill pool skipped, pool has sufficient level or currently being filled.
:2025-08-13 06:51:41.088 DEBUG HikariPool-1 housekeeper c.z.h.p.HikariPool: HikariPool-1 - Pool stats (total=10, active=0, idle=10, waiting=0)
:2025-08-13 06:51:41.088 DEBUG HikariPool-1 housekeeper c.z.h.p.HikariPool: HikariPool-1 - Fill pool skipped, pool has sufficient level or currently being filled.
:2025-08-13 06:52:11.088 DEBUG HikariPool-1 housekeeper c.z.h.p.HikariPool: HikariPool-1 - Pool stats (total=10, active=0, idle=10, waiting=0)
:2025-08-13 06:52:11.088 DEBUG HikariPool-1 housekeeper c.z.h.p.HikariPool: HikariPool-1 - Fill pool skipped, pool has sufficient level or currently being filled.
:2025-08-13 06:52:41.101 DEBUG HikariPool-1 housekeeper c.z.h.p.HikariPool: HikariPool-1 - Pool stats (total=10, active=0, idle=10, waiting=0)
:2025-08-13 06:52:41.101 DEBUG HikariPool-1 housekeeper c.z.h.p.HikariPool: HikariPool-1 - Fill pool skipped, pool has sufficient level or currently being filled.
:2025-08-13 06:53:11.109 DEBUG HikariPool-1 housekeeper c.z.h.p.HikariPool: HikariPool-1 - Pool stats (total=10, active=0, idle=10, waiting=0)
:2025-08-13 06:53:11.109 DEBUG HikariPool-1 housekeeper c.z.h.p.HikariPool: HikariPool-1 - Fill pool skipped, pool has sufficient level or currently being filled.
:2025-08-13 06:53:41.117 DEBUG HikariPool-1 housekeeper c.z.h.p.HikariPool: HikariPool-1 - Pool stats (total=10, active=0, idle=10, waiting=0)
:2025-08-13 06:53:41.117 DEBUG HikariPool-1 housekeeper c.z.h.p.HikariPool: HikariPool-1 - Fill pool skipped, pool has sufficient level or currently being filled.
:2025-08-13 06:54:11.129 DEBUG HikariPool-1 housekeeper c.z.h.p.HikariPool: HikariPool-1 - Pool stats (total=10, active=0, idle=10, waiting=0)
:2025-08-13 06:54:11.129 DEBUG HikariPool-1 housekeeper c.z.h.p.HikariPool: HikariPool-1 - Fill pool skipped, pool has sufficient level or currently being filled.
:2025-08-13 06:54:41.134 DEBUG HikariPool-1 housekeeper c.z.h.p.HikariPool: HikariPool-1 - Pool stats (total=10, active=0, idle=10, waiting=0)
:2025-08-13 06:54:41.134 DEBUG HikariPool-1 housekeeper c.z.h.p.HikariPool: HikariPool-1 - Fill pool skipped, pool has sufficient level or currently being filled.
:2025-08-13 06:55:11.142 DEBUG HikariPool-1 housekeeper c.z.h.p.HikariPool: HikariPool-1 - Pool stats (total=10, active=0, idle=10, waiting=0)
:2025-08-13 06:55:11.142 DEBUG HikariPool-1 housekeeper c.z.h.p.HikariPool: HikariPool-1 - Fill pool skipped, pool has sufficient level or currently being filled.
:2025-08-13 06:55:41.157 DEBUG HikariPool-1 housekeeper c.z.h.p.HikariPool: HikariPool-1 - Pool stats (total=10, active=0, idle=10, waiting=0)
:2025-08-13 06:55:41.157 DEBUG HikariPool-1 housekeeper c.z.h.p.HikariPool: HikariPool-1 - Fill pool skipped, pool has sufficient level or currently being filled.
:2025-08-13 06:56:11.166 DEBUG HikariPool-1 housekeeper c.z.h.p.HikariPool: HikariPool-1 - Pool stats (total=10, active=0, idle=10, waiting=0)
:2025-08-13 06:56:11.166 DEBUG HikariPool-1 housekeeper c.z.h.p.HikariPool: HikariPool-1 - Fill pool skipped, pool has sufficient level or currently being filled.
:2025-08-13 06:56:41.174 DEBUG HikariPool-1 housekeeper c.z.h.p.HikariPool: HikariPool-1 - Pool stats (total=10, active=0, idle=10, waiting=0)
:2025-08-13 06:56:41.174 DEBUG HikariPool-1 housekeeper c.z.h.p.HikariPool: HikariPool-1 - Fill pool skipped, pool has sufficient level or currently being filled.
:2025-08-13 06:57:11.180 DEBUG HikariPool-1 housekeeper c.z.h.p.HikariPool: HikariPool-1 - Pool stats (total=10, active=0, idle=10, waiting=0)
:2025-08-13 06:57:11.180 DEBUG HikariPool-1 housekeeper c.z.h.p.HikariPool: HikariPool-1 - Fill pool skipped, pool has sufficient level or currently being filled.
:2025-08-13 06:57:41.191 DEBUG HikariPool-1 housekeeper c.z.h.p.HikariPool: HikariPool-1 - Pool stats (total=10, active=0, idle=10, waiting=0)
:2025-08-13 06:57:41.191 DEBUG HikariPool-1 housekeeper c.z.h.p.HikariPool: HikariPool-1 - Fill pool skipped, pool has sufficient level or currently being filled.
:2025-08-13 06:58:11.200 DEBUG HikariPool-1 housekeeper c.z.h.p.HikariPool: HikariPool-1 - Pool stats (total=10, active=0, idle=10, waiting=0)
:2025-08-13 06:58:11.200 DEBUG HikariPool-1 housekeeper c.z.h.p.HikariPool: HikariPool-1 - Fill pool skipped, pool has sufficient level or currently being filled.
:2025-08-13 06:58:41.213 DEBUG HikariPool-1 housekeeper c.z.h.p.HikariPool: HikariPool-1 - Pool stats (total=10, active=0, idle=10, waiting=0)
:2025-08-13 06:58:41.213 DEBUG HikariPool-1 housekeeper c.z.h.p.HikariPool: HikariPool-1 - Fill pool skipped, pool has sufficient level or currently being filled.
:2025-08-13 06:59:11.228 DEBUG HikariPool-1 housekeeper c.z.h.p.HikariPool: HikariPool-1 - Pool stats (total=10, active=0, idle=10, waiting=0)
:2025-08-13 06:59:11.228 DEBUG HikariPool-1 housekeeper c.z.h.p.HikariPool: HikariPool-1 - Fill pool skipped, pool has sufficient level or currently being filled.
:2025-08-13 06:59:41.239 DEBUG HikariPool-1 housekeeper c.z.h.p.HikariPool: HikariPool-1 - Pool stats (total=10, active=0, idle=10, waiting=0)
:2025-08-13 06:59:41.239 DEBUG HikariPool-1 housekeeper c.z.h.p.HikariPool: HikariPool-1 - Fill pool skipped, pool has sufficient level or currently being filled.
:2025-08-13 07:00:11.253 DEBUG HikariPool-1 housekeeper c.z.h.p.HikariPool: HikariPool-1 - Pool stats (total=10, active=0, idle=10, waiting=0)
:2025-08-13 07:00:11.253 DEBUG HikariPool-1 housekeeper c.z.h.p.HikariPool: HikariPool-1 - Fill pool skipped, pool has sufficient level or currently being filled.
:2025-08-13 07:00:41.257 DEBUG HikariPool-1 housekeeper c.z.h.p.HikariPool: HikariPool-1 - Pool stats (total=10, active=0, idle=10, waiting=0)
:2025-08-13 07:00:41.257 DEBUG HikariPool-1 housekeeper c.z.h.p.HikariPool: HikariPool-1 - Fill pool skipped, pool has sufficient level or currently being filled.
:2025-08-13 07:01:11.263 DEBUG HikariPool-1 housekeeper c.z.h.p.HikariPool: HikariPool-1 - Pool stats (total=10, active=0, idle=10, waiting=0)
:2025-08-13 07:01:11.263 DEBUG HikariPool-1 housekeeper c.z.h.p.HikariPool: HikariPool-1 - Fill pool skipped, pool has sufficient level or currently being filled.
:2025-08-13 07:01:41.268 DEBUG HikariPool-1 housekeeper c.z.h.p.HikariPool: HikariPool-1 - Pool stats (total=10, active=0, idle=10, waiting=0)
:2025-08-13 07:01:41.268 DEBUG HikariPool-1 housekeeper c.z.h.p.HikariPool: HikariPool-1 - Fill pool skipped, pool has sufficient level or currently being filled.
:2025-08-13 07:02:11.275 DEBUG HikariPool-1 housekeeper c.z.h.p.HikariPool: HikariPool-1 - Pool stats (total=10, active=0, idle=10, waiting=0)
:2025-08-13 07:02:11.275 DEBUG HikariPool-1 housekeeper c.z.h.p.HikariPool: HikariPool-1 - Fill pool skipped, pool has sufficient level or currently being filled.
:2025-08-13 07:02:41.275 DEBUG HikariPool-1 housekeeper c.z.h.p.HikariPool: HikariPool-1 - Pool stats (total=10, active=0, idle=10, waiting=0)
:2025-08-13 07:02:41.275 DEBUG HikariPool-1 housekeeper c.z.h.p.HikariPool: HikariPool-1 - Fill pool skipped, pool has sufficient level or currently being filled.
:2025-08-13 07:02:51.548 DEBUG HikariPool-1 connection closer c.z.h.p.PoolBase: HikariPool-1 - Closing connection com.mysql.cj.jdbc.ConnectionImpl@548aac7f: (connection has passed maxLifetime)
:2025-08-13 07:02:51.553 DEBUG HikariPool-1 connection adder c.z.h.p.HikariPool: HikariPool-1 - Added connection com.mysql.cj.jdbc.ConnectionImpl@1b4824c9
:2025-08-13 07:02:51.588 DEBUG HikariPool-1 connection adder c.z.h.p.HikariPool: HikariPool-1 - Connection not added, stats (total=10, active=0, idle=10, waiting=0)
:2025-08-13 07:03:11.288 DEBUG HikariPool-1 housekeeper c.z.h.p.HikariPool: HikariPool-1 - Pool stats (total=10, active=0, idle=10, waiting=0)
:2025-08-13 07:03:11.288 DEBUG HikariPool-1 housekeeper c.z.h.p.HikariPool: HikariPool-1 - Fill pool skipped, pool has sufficient level or currently being filled.
:2025-08-13 07:03:33.240 DEBUG HikariPool-1 connection closer c.z.h.p.PoolBase: HikariPool-1 - Closing connection com.mysql.cj.jdbc.ConnectionImpl@ab09e1e: (connection has passed maxLifetime)
:2025-08-13 07:03:33.243 DEBUG HikariPool-1 connection adder c.z.h.p.HikariPool: HikariPool-1 - Added connection com.mysql.cj.jdbc.ConnectionImpl@3acc71af
:2025-08-13 07:03:33.286 DEBUG HikariPool-1 connection adder c.z.h.p.HikariPool: HikariPool-1 - Connection not added, stats (total=10, active=0, idle=10, waiting=0)
:2025-08-13 07:03:41.298 DEBUG HikariPool-1 housekeeper c.z.h.p.HikariPool: HikariPool-1 - Pool stats (total=10, active=0, idle=10, waiting=0)
:2025-08-13 07:03:41.298 DEBUG HikariPool-1 housekeeper c.z.h.p.HikariPool: HikariPool-1 - Fill pool skipped, pool has sufficient level or currently being filled.
:2025-08-13 07:03:49.622 DEBUG HikariPool-1 connection closer c.z.h.p.PoolBase: HikariPool-1 - Closing connection com.mysql.cj.jdbc.ConnectionImpl@16b2a401: (connection has passed maxLifetime)
:2025-08-13 07:03:49.626 DEBUG HikariPool-1 connection adder c.z.h.p.HikariPool: HikariPool-1 - Added connection com.mysql.cj.jdbc.ConnectionImpl@6b446e3d
:2025-08-13 07:03:49.668 DEBUG HikariPool-1 connection adder c.z.h.p.HikariPool: HikariPool-1 - Connection not added, stats (total=10, active=0, idle=10, waiting=0)
:2025-08-13 07:04:11.309 DEBUG HikariPool-1 housekeeper c.z.h.p.HikariPool: HikariPool-1 - Pool stats (total=10, active=0, idle=10, waiting=0)
:2025-08-13 07:04:11.309 DEBUG HikariPool-1 housekeeper c.z.h.p.HikariPool: HikariPool-1 - Fill pool skipped, pool has sufficient level or currently being filled.
:2025-08-13 07:04:12.897 DEBUG HikariPool-1 connection closer c.z.h.p.PoolBase: HikariPool-1 - Closing connection com.mysql.cj.jdbc.ConnectionImpl@1d3f49df: (connection has passed maxLifetime)
:2025-08-13 07:04:12.903 DEBUG HikariPool-1 connection adder c.z.h.p.HikariPool: HikariPool-1 - Added connection com.mysql.cj.jdbc.ConnectionImpl@55eda2cc
:2025-08-13 07:04:12.938 DEBUG HikariPool-1 connection adder c.z.h.p.HikariPool: HikariPool-1 - Connection not added, stats (total=10, active=0, idle=10, waiting=0)
:2025-08-13 07:04:18.114 DEBUG HikariPool-1 connection closer c.z.h.p.PoolBase: HikariPool-1 - Closing connection com.mysql.cj.jdbc.ConnectionImpl@6c85fb94: (connection has passed maxLifetime)
:2025-08-13 07:04:18.118 DEBUG HikariPool-1 connection adder c.z.h.p.HikariPool: HikariPool-1 - Added connection com.mysql.cj.jdbc.ConnectionImpl@1223aa2a
:2025-08-13 07:04:18.161 DEBUG HikariPool-1 connection adder c.z.h.p.HikariPool: HikariPool-1 - Connection not added, stats (total=10, active=0, idle=10, waiting=0)
:2025-08-13 07:04:24.139 DEBUG HikariPool-1 connection closer c.z.h.p.PoolBase: HikariPool-1 - Closing connection com.mysql.cj.jdbc.ConnectionImpl@18e4b19b: (connection has passed maxLifetime)
:2025-08-13 07:04:24.143 DEBUG HikariPool-1 connection adder c.z.h.p.HikariPool: HikariPool-1 - Added connection com.mysql.cj.jdbc.ConnectionImpl@4adc7831
:2025-08-13 07:04:24.186 DEBUG HikariPool-1 connection adder c.z.h.p.HikariPool: HikariPool-1 - Connection not added, stats (total=10, active=0, idle=10, waiting=0)
:2025-08-13 07:04:37.643 DEBUG HikariPool-1 connection closer c.z.h.p.PoolBase: HikariPool-1 - Closing connection com.mysql.cj.jdbc.ConnectionImpl@238e085e: (connection has passed maxLifetime)
:2025-08-13 07:04:37.648 DEBUG HikariPool-1 connection adder c.z.h.p.HikariPool: HikariPool-1 - Added connection com.mysql.cj.jdbc.ConnectionImpl@5189a334
:2025-08-13 07:04:37.690 DEBUG HikariPool-1 connection adder c.z.h.p.HikariPool: HikariPool-1 - Connection not added, stats (total=10, active=0, idle=10, waiting=0)
:2025-08-13 07:04:41.315 DEBUG HikariPool-1 housekeeper c.z.h.p.HikariPool: HikariPool-1 - Pool stats (total=10, active=0, idle=10, waiting=0)
:2025-08-13 07:04:41.315 DEBUG HikariPool-1 housekeeper c.z.h.p.HikariPool: HikariPool-1 - Fill pool skipped, pool has sufficient level or currently being filled.
:2025-08-13 07:04:47.937 DEBUG HikariPool-1 connection closer c.z.h.p.PoolBase: HikariPool-1 - Closing connection com.mysql.cj.jdbc.ConnectionImpl@7a052cbb: (connection has passed maxLifetime)
:2025-08-13 07:04:47.941 DEBUG HikariPool-1 connection adder c.z.h.p.HikariPool: HikariPool-1 - Added connection com.mysql.cj.jdbc.ConnectionImpl@d6ec040
:2025-08-13 07:04:47.972 DEBUG HikariPool-1 connection adder c.z.h.p.HikariPool: HikariPool-1 - Connection not added, stats (total=10, active=0, idle=10, waiting=0)
:2025-08-13 07:05:11.329 DEBUG HikariPool-1 housekeeper c.z.h.p.HikariPool: HikariPool-1 - Pool stats (total=10, active=0, idle=10, waiting=0)
:2025-08-13 07:05:11.329 DEBUG HikariPool-1 housekeeper c.z.h.p.HikariPool: HikariPool-1 - Fill pool skipped, pool has sufficient level or currently being filled.
:2025-08-13 07:05:19.675 DEBUG HikariPool-1 connection closer c.z.h.p.PoolBase: HikariPool-1 - Closing connection com.mysql.cj.jdbc.ConnectionImpl@52d7b810: (connection has passed maxLifetime)
:2025-08-13 07:05:19.678 DEBUG HikariPool-1 connection adder c.z.h.p.HikariPool: HikariPool-1 - Added connection com.mysql.cj.jdbc.ConnectionImpl@255f3ffc
:2025-08-13 07:05:19.722 DEBUG HikariPool-1 connection adder c.z.h.p.HikariPool: HikariPool-1 - Connection not added, stats (total=10, active=0, idle=10, waiting=0)
:2025-08-13 07:05:41.336 DEBUG HikariPool-1 housekeeper c.z.h.p.HikariPool: HikariPool-1 - Pool stats (total=10, active=0, idle=10, waiting=0)
:2025-08-13 07:05:41.336 DEBUG HikariPool-1 housekeeper c.z.h.p.HikariPool: HikariPool-1 - Fill pool skipped, pool has sufficient level or currently being filled.
:2025-08-13 07:06:11.348 DEBUG HikariPool-1 housekeeper c.z.h.p.HikariPool: HikariPool-1 - Pool stats (total=10, active=0, idle=10, waiting=0)
:2025-08-13 07:06:11.348 DEBUG HikariPool-1 housekeeper c.z.h.p.HikariPool: HikariPool-1 - Fill pool skipped, pool has sufficient level or currently being filled.
:2025-08-13 07:06:13.797 DEBUG HikariPool-1 connection closer c.z.h.p.PoolBase: HikariPool-1 - Closing connection com.mysql.cj.jdbc.ConnectionImpl@5e002d60: (connection has passed maxLifetime)
:2025-08-13 07:06:13.802 DEBUG HikariPool-1 connection adder c.z.h.p.HikariPool: HikariPool-1 - Added connection com.mysql.cj.jdbc.ConnectionImpl@4498ef1a
:2025-08-13 07:06:13.834 DEBUG HikariPool-1 connection adder c.z.h.p.HikariPool: HikariPool-1 - Connection not added, stats (total=10, active=0, idle=10, waiting=0)
:2025-08-13 07:06:41.348 DEBUG HikariPool-1 housekeeper c.z.h.p.HikariPool: HikariPool-1 - Pool stats (total=10, active=0, idle=10, waiting=0)
:2025-08-13 07:06:41.348 DEBUG HikariPool-1 housekeeper c.z.h.p.HikariPool: HikariPool-1 - Fill pool skipped, pool has sufficient level or currently being filled.
:2025-08-13 07:07:11.357 DEBUG HikariPool-1 housekeeper c.z.h.p.HikariPool: HikariPool-1 - Pool stats (total=10, active=0, idle=10, waiting=0)
:2025-08-13 07:07:11.357 DEBUG HikariPool-1 housekeeper c.z.h.p.HikariPool: HikariPool-1 - Fill pool skipped, pool has sufficient level or currently being filled.
:2025-08-13 07:07:41.372 DEBUG HikariPool-1 housekeeper c.z.h.p.HikariPool: HikariPool-1 - Pool stats (total=10, active=0, idle=10, waiting=0)
:2025-08-13 07:07:41.372 DEBUG HikariPool-1 housekeeper c.z.h.p.HikariPool: HikariPool-1 - Fill pool skipped, pool has sufficient level or currently being filled.
:2025-08-13 07:08:11.374 DEBUG HikariPool-1 housekeeper c.z.h.p.HikariPool: HikariPool-1 - Pool stats (total=10, active=0, idle=10, waiting=0)
:2025-08-13 07:08:11.374 DEBUG HikariPool-1 housekeeper c.z.h.p.HikariPool: HikariPool-1 - Fill pool skipped, pool has sufficient level or currently being filled.
:2025-08-13 07:08:41.389 DEBUG HikariPool-1 housekeeper c.z.h.p.HikariPool: HikariPool-1 - Pool stats (total=10, active=0, idle=10, waiting=0)
:2025-08-13 07:08:41.389 DEBUG HikariPool-1 housekeeper c.z.h.p.HikariPool: HikariPool-1 - Fill pool skipped, pool has sufficient level or currently being filled.
:2025-08-13 07:09:11.394 DEBUG HikariPool-1 housekeeper c.z.h.p.HikariPool: HikariPool-1 - Pool stats (total=10, active=0, idle=10, waiting=0)
:2025-08-13 07:09:11.394 DEBUG HikariPool-1 housekeeper c.z.h.p.HikariPool: HikariPool-1 - Fill pool skipped, pool has sufficient level or currently being filled.
:2025-08-13 07:09:41.397 DEBUG HikariPool-1 housekeeper c.z.h.p.HikariPool: HikariPool-1 - Pool stats (total=10, active=0, idle=10, waiting=0)
:2025-08-13 07:09:41.397 DEBUG HikariPool-1 housekeeper c.z.h.p.HikariPool: HikariPool-1 - Fill pool skipped, pool has sufficient level or currently being filled.
:2025-08-13 07:10:11.408 DEBUG HikariPool-1 housekeeper c.z.h.p.HikariPool: HikariPool-1 - Pool stats (total=10, active=0, idle=10, waiting=0)
:2025-08-13 07:10:11.408 DEBUG HikariPool-1 housekeeper c.z.h.p.HikariPool: HikariPool-1 - Fill pool skipped, pool has sufficient level or currently being filled.
:2025-08-13 07:10:41.410 DEBUG HikariPool-1 housekeeper c.z.h.p.HikariPool: HikariPool-1 - Pool stats (total=10, active=0, idle=10, waiting=0)
:2025-08-13 07:10:41.410 DEBUG HikariPool-1 housekeeper c.z.h.p.HikariPool: HikariPool-1 - Fill pool skipped, pool has sufficient level or currently being filled.
:2025-08-13 07:11:11.419 DEBUG HikariPool-1 housekeeper c.z.h.p.HikariPool: HikariPool-1 - Pool stats (total=10, active=0, idle=10, waiting=0)
:2025-08-13 07:11:11.419 DEBUG HikariPool-1 housekeeper c.z.h.p.HikariPool: HikariPool-1 - Fill pool skipped, pool has sufficient level or currently being filled.
:2025-08-13 07:11:41.424 DEBUG HikariPool-1 housekeeper c.z.h.p.HikariPool: HikariPool-1 - Pool stats (total=10, active=0, idle=10, waiting=0)
:2025-08-13 07:11:41.424 DEBUG HikariPool-1 housekeeper c.z.h.p.HikariPool: HikariPool-1 - Fill pool skipped, pool has sufficient level or currently being filled.
:2025-08-13 07:12:11.435 DEBUG HikariPool-1 housekeeper c.z.h.p.HikariPool: HikariPool-1 - Pool stats (total=10, active=0, idle=10, waiting=0)
:2025-08-13 07:12:11.435 DEBUG HikariPool-1 housekeeper c.z.h.p.HikariPool: HikariPool-1 - Fill pool skipped, pool has sufficient level or currently being filled.
:2025-08-13 07:12:41.435 DEBUG HikariPool-1 housekeeper c.z.h.p.HikariPool: HikariPool-1 - Pool stats (total=10, active=0, idle=10, waiting=0)
:2025-08-13 07:12:41.435 DEBUG HikariPool-1 housekeeper c.z.h.p.HikariPool: HikariPool-1 - Fill pool skipped, pool has sufficient level or currently being filled.
:2025-08-13 07:13:11.447 DEBUG HikariPool-1 housekeeper c.z.h.p.HikariPool: HikariPool-1 - Pool stats (total=10, active=0, idle=10, waiting=0)
:2025-08-13 07:13:11.447 DEBUG HikariPool-1 housekeeper c.z.h.p.HikariPool: HikariPool-1 - Fill pool skipped, pool has sufficient level or currently being filled.
:2025-08-13 07:13:41.462 DEBUG HikariPool-1 housekeeper c.z.h.p.HikariPool: HikariPool-1 - Pool stats (total=10, active=0, idle=10, waiting=0)
:2025-08-13 07:13:41.462 DEBUG HikariPool-1 housekeeper c.z.h.p.HikariPool: HikariPool-1 - Fill pool skipped, pool has sufficient level or currently being filled.
:2025-08-13 07:14:11.463 DEBUG HikariPool-1 housekeeper c.z.h.p.HikariPool: HikariPool-1 - Pool stats (total=10, active=0, idle=10, waiting=0)
:2025-08-13 07:14:11.463 DEBUG HikariPool-1 housekeeper c.z.h.p.HikariPool: HikariPool-1 - Fill pool skipped, pool has sufficient level or currently being filled.
:2025-08-13 07:14:41.473 DEBUG HikariPool-1 housekeeper c.z.h.p.HikariPool: HikariPool-1 - Pool stats (total=10, active=0, idle=10, waiting=0)
:2025-08-13 07:14:41.473 DEBUG HikariPool-1 housekeeper c.z.h.p.HikariPool: HikariPool-1 - Fill pool skipped, pool has sufficient level or currently being filled.
:2025-08-13 07:15:11.475 DEBUG HikariPool-1 housekeeper c.z.h.p.HikariPool: HikariPool-1 - Pool stats (total=10, active=0, idle=10, waiting=0)
:2025-08-13 07:15:11.475 DEBUG HikariPool-1 housekeeper c.z.h.p.HikariPool: HikariPool-1 - Fill pool skipped, pool has sufficient level or currently being filled.
:2025-08-13 07:15:41.487 DEBUG HikariPool-1 housekeeper c.z.h.p.HikariPool: HikariPool-1 - Pool stats (total=10, active=0, idle=10, waiting=0)
:2025-08-13 07:15:41.487 DEBUG HikariPool-1 housekeeper c.z.h.p.HikariPool: HikariPool-1 - Fill pool skipped, pool has sufficient level or currently being filled.
:2025-08-13 07:16:11.497 DEBUG HikariPool-1 housekeeper c.z.h.p.HikariPool: HikariPool-1 - Pool stats (total=10, active=0, idle=10, waiting=0)
:2025-08-13 07:16:11.497 DEBUG HikariPool-1 housekeeper c.z.h.p.HikariPool: HikariPool-1 - Fill pool skipped, pool has sufficient level or currently being filled.
:2025-08-13 07:16:41.512 DEBUG HikariPool-1 housekeeper c.z.h.p.HikariPool: HikariPool-1 - Pool stats (total=10, active=0, idle=10, waiting=0)
:2025-08-13 07:16:41.512 DEBUG HikariPool-1 housekeeper c.z.h.p.HikariPool: HikariPool-1 - Fill pool skipped, pool has sufficient level or currently being filled.
:2025-08-13 07:17:11.513 DEBUG HikariPool-1 housekeeper c.z.h.p.HikariPool: HikariPool-1 - Pool stats (total=10, active=0, idle=10, waiting=0)
:2025-08-13 07:17:11.513 DEBUG HikariPool-1 housekeeper c.z.h.p.HikariPool: HikariPool-1 - Fill pool skipped, pool has sufficient level or currently being filled.
:2025-08-13 07:17:41.517 DEBUG HikariPool-1 housekeeper c.z.h.p.HikariPool: HikariPool-1 - Pool stats (total=10, active=0, idle=10, waiting=0)
:2025-08-13 07:17:41.517 DEBUG HikariPool-1 housekeeper c.z.h.p.HikariPool: HikariPool-1 - Fill pool skipped, pool has sufficient level or currently being filled.
:2025-08-13 07:18:11.526 DEBUG HikariPool-1 housekeeper c.z.h.p.HikariPool: HikariPool-1 - Pool stats (total=10, active=0, idle=10, waiting=0)
:2025-08-13 07:18:11.526 DEBUG HikariPool-1 housekeeper c.z.h.p.HikariPool: HikariPool-1 - Fill pool skipped, pool has sufficient level or currently being filled.
:2025-08-13 07:18:41.540 DEBUG HikariPool-1 housekeeper c.z.h.p.HikariPool: HikariPool-1 - Pool stats (total=10, active=0, idle=10, waiting=0)
:2025-08-13 07:18:41.540 DEBUG HikariPool-1 housekeeper c.z.h.p.HikariPool: HikariPool-1 - Fill pool skipped, pool has sufficient level or currently being filled.
:2025-08-13 07:19:11.555 DEBUG HikariPool-1 housekeeper c.z.h.p.HikariPool: HikariPool-1 - Pool stats (total=10, active=0, idle=10, waiting=0)
:2025-08-13 07:19:11.555 DEBUG HikariPool-1 housekeeper c.z.h.p.HikariPool: HikariPool-1 - Fill pool skipped, pool has sufficient level or currently being filled.
:2025-08-13 07:19:41.564 DEBUG HikariPool-1 housekeeper c.z.h.p.HikariPool: HikariPool-1 - Pool stats (total=10, active=0, idle=10, waiting=0)
:2025-08-13 07:19:41.564 DEBUG HikariPool-1 housekeeper c.z.h.p.HikariPool: HikariPool-1 - Fill pool skipped, pool has sufficient level or currently being filled.
:2025-08-13 07:20:11.580 DEBUG HikariPool-1 housekeeper c.z.h.p.HikariPool: HikariPool-1 - Pool stats (total=10, active=0, idle=10, waiting=0)
:2025-08-13 07:20:11.580 DEBUG HikariPool-1 housekeeper c.z.h.p.HikariPool: HikariPool-1 - Fill pool skipped, pool has sufficient level or currently being filled.
:2025-08-13 07:20:41.586 DEBUG HikariPool-1 housekeeper c.z.h.p.HikariPool: HikariPool-1 - Pool stats (total=10, active=0, idle=10, waiting=0)
:2025-08-13 07:20:41.586 DEBUG HikariPool-1 housekeeper c.z.h.p.HikariPool: HikariPool-1 - Fill pool skipped, pool has sufficient level or currently being filled.
:2025-08-13 07:21:11.587 DEBUG HikariPool-1 housekeeper c.z.h.p.HikariPool: HikariPool-1 - Pool stats (total=10, active=0, idle=10, waiting=0)
:2025-08-13 07:21:11.587 DEBUG HikariPool-1 housekeeper c.z.h.p.HikariPool: HikariPool-1 - Fill pool skipped, pool has sufficient level or currently being filled.
:2025-08-13 07:21:41.600 DEBUG HikariPool-1 housekeeper c.z.h.p.HikariPool: HikariPool-1 - Pool stats (total=10, active=0, idle=10, waiting=0)
:2025-08-13 07:21:41.600 DEBUG HikariPool-1 housekeeper c.z.h.p.HikariPool: HikariPool-1 - Fill pool skipped, pool has sufficient level or currently being filled.
:2025-08-13 07:22:11.612 DEBUG HikariPool-1 housekeeper c.z.h.p.HikariPool: HikariPool-1 - Pool stats (total=10, active=0, idle=10, waiting=0)
:2025-08-13 07:22:11.612 DEBUG HikariPool-1 housekeeper c.z.h.p.HikariPool: HikariPool-1 - Fill pool skipped, pool has sufficient level or currently being filled.
:2025-08-13 07:22:41.625 DEBUG HikariPool-1 housekeeper c.z.h.p.HikariPool: HikariPool-1 - Pool stats (total=10, active=0, idle=10, waiting=0)
:2025-08-13 07:22:41.625 DEBUG HikariPool-1 housekeeper c.z.h.p.HikariPool: HikariPool-1 - Fill pool skipped, pool has sufficient level or currently being filled.
:2025-08-13 07:23:11.632 DEBUG HikariPool-1 housekeeper c.z.h.p.HikariPool: HikariPool-1 - Pool stats (total=10, active=0, idle=10, waiting=0)
:2025-08-13 07:23:11.632 DEBUG HikariPool-1 housekeeper c.z.h.p.HikariPool: HikariPool-1 - Fill pool skipped, pool has sufficient level or currently being filled.
:2025-08-13 07:23:41.637 DEBUG HikariPool-1 housekeeper c.z.h.p.HikariPool: HikariPool-1 - Pool stats (total=10, active=0, idle=10, waiting=0)
:2025-08-13 07:23:41.637 DEBUG HikariPool-1 housekeeper c.z.h.p.HikariPool: HikariPool-1 - Fill pool skipped, pool has sufficient level or currently being filled.
:2025-08-13 07:24:11.638 DEBUG HikariPool-1 housekeeper c.z.h.p.HikariPool: HikariPool-1 - Pool stats (total=10, active=0, idle=10, waiting=0)
:2025-08-13 07:24:11.638 DEBUG HikariPool-1 housekeeper c.z.h.p.HikariPool: HikariPool-1 - Fill pool skipped, pool has sufficient level or currently being filled.
:2025-08-13 07:24:41.650 DEBUG HikariPool-1 housekeeper c.z.h.p.HikariPool: HikariPool-1 - Pool stats (total=10, active=0, idle=10, waiting=0)
:2025-08-13 07:24:41.650 DEBUG HikariPool-1 housekeeper c.z.h.p.HikariPool: HikariPool-1 - Fill pool skipped, pool has sufficient level or currently being filled.
:2025-08-13 07:25:11.658 DEBUG HikariPool-1 housekeeper c.z.h.p.HikariPool: HikariPool-1 - Pool stats (total=10, active=0, idle=10, waiting=0)
:2025-08-13 07:25:11.658 DEBUG HikariPool-1 housekeeper c.z.h.p.HikariPool: HikariPool-1 - Fill pool skipped, pool has sufficient level or currently being filled.
:2025-08-13 07:25:41.658 DEBUG HikariPool-1 housekeeper c.z.h.p.HikariPool: HikariPool-1 - Pool stats (total=10, active=0, idle=10, waiting=0)
:2025-08-13 07:25:41.658 DEBUG HikariPool-1 housekeeper c.z.h.p.HikariPool: HikariPool-1 - Fill pool skipped, pool has sufficient level or currently being filled.
:2025-08-13 07:26:11.665 DEBUG HikariPool-1 housekeeper c.z.h.p.HikariPool: HikariPool-1 - Pool stats (total=10, active=0, idle=10, waiting=0)
:2025-08-13 07:26:11.665 DEBUG HikariPool-1 housekeeper c.z.h.p.HikariPool: HikariPool-1 - Fill pool skipped, pool has sufficient level or currently being filled.
:2025-08-13 07:26:41.676 DEBUG HikariPool-1 housekeeper c.z.h.p.HikariPool: HikariPool-1 - Pool stats (total=10, active=0, idle=10, waiting=0)
:2025-08-13 07:26:41.676 DEBUG HikariPool-1 housekeeper c.z.h.p.HikariPool: HikariPool-1 - Fill pool skipped, pool has sufficient level or currently being filled.
:2025-08-13 07:27:11.686 DEBUG HikariPool-1 housekeeper c.z.h.p.HikariPool: HikariPool-1 - Pool stats (total=10, active=0, idle=10, waiting=0)
:2025-08-13 07:27:11.686 DEBUG HikariPool-1 housekeeper c.z.h.p.HikariPool: HikariPool-1 - Fill pool skipped, pool has sufficient level or currently being filled.
:2025-08-13 07:27:41.699 DEBUG HikariPool-1 housekeeper c.z.h.p.HikariPool: HikariPool-1 - Pool stats (total=10, active=0, idle=10, waiting=0)
:2025-08-13 07:27:41.699 DEBUG HikariPool-1 housekeeper c.z.h.p.HikariPool: HikariPool-1 - Fill pool skipped, pool has sufficient level or currently being filled.
:2025-08-13 07:28:11.710 DEBUG HikariPool-1 housekeeper c.z.h.p.HikariPool: HikariPool-1 - Pool stats (total=10, active=0, idle=10, waiting=0)
:2025-08-13 07:28:11.710 DEBUG HikariPool-1 housekeeper c.z.h.p.HikariPool: HikariPool-1 - Fill pool skipped, pool has sufficient level or currently being filled.
:2025-08-13 07:28:41.722 DEBUG HikariPool-1 housekeeper c.z.h.p.HikariPool: HikariPool-1 - Pool stats (total=10, active=0, idle=10, waiting=0)
:2025-08-13 07:28:41.722 DEBUG HikariPool-1 housekeeper c.z.h.p.HikariPool: HikariPool-1 - Fill pool skipped, pool has sufficient level or currently being filled.
:2025-08-13 07:29:11.730 DEBUG HikariPool-1 housekeeper c.z.h.p.HikariPool: HikariPool-1 - Pool stats (total=10, active=0, idle=10, waiting=0)
:2025-08-13 07:29:11.730 DEBUG HikariPool-1 housekeeper c.z.h.p.HikariPool: HikariPool-1 - Fill pool skipped, pool has sufficient level or currently being filled.
:2025-08-13 07:29:41.732 DEBUG HikariPool-1 housekeeper c.z.h.p.HikariPool: HikariPool-1 - Pool stats (total=10, active=0, idle=10, waiting=0)
:2025-08-13 07:29:41.732 DEBUG HikariPool-1 housekeeper c.z.h.p.HikariPool: HikariPool-1 - Fill pool skipped, pool has sufficient level or currently being filled.
:2025-08-13 07:30:11.733 DEBUG HikariPool-1 housekeeper c.z.h.p.HikariPool: HikariPool-1 - Pool stats (total=10, active=0, idle=10, waiting=0)
:2025-08-13 07:30:11.733 DEBUG HikariPool-1 housekeeper c.z.h.p.HikariPool: HikariPool-1 - Fill pool skipped, pool has sufficient level or currently being filled.
:2025-08-13 07:30:41.744 DEBUG HikariPool-1 housekeeper c.z.h.p.HikariPool: HikariPool-1 - Pool stats (total=10, active=0, idle=10, waiting=0)
:2025-08-13 07:30:41.744 DEBUG HikariPool-1 housekeeper c.z.h.p.HikariPool: HikariPool-1 - Fill pool skipped, pool has sufficient level or currently being filled.
:2025-08-13 07:31:11.745 DEBUG HikariPool-1 housekeeper c.z.h.p.HikariPool: HikariPool-1 - Pool stats (total=10, active=0, idle=10, waiting=0)
:2025-08-13 07:31:11.745 DEBUG HikariPool-1 housekeeper c.z.h.p.HikariPool: HikariPool-1 - Fill pool skipped, pool has sufficient level or currently being filled.
:2025-08-13 07:31:41.760 DEBUG HikariPool-1 housekeeper c.z.h.p.HikariPool: HikariPool-1 - Pool stats (total=10, active=0, idle=10, waiting=0)
:2025-08-13 07:31:41.760 DEBUG HikariPool-1 housekeeper c.z.h.p.HikariPool: HikariPool-1 - Fill pool skipped, pool has sufficient level or currently being filled.
:2025-08-13 07:32:11.767 DEBUG HikariPool-1 housekeeper c.z.h.p.HikariPool: HikariPool-1 - Pool stats (total=10, active=0, idle=10, waiting=0)
:2025-08-13 07:32:11.767 DEBUG HikariPool-1 housekeeper c.z.h.p.HikariPool: HikariPool-1 - Fill pool skipped, pool has sufficient level or currently being filled.
:2025-08-13 07:32:39.164 DEBUG HikariPool-1 connection closer c.z.h.p.PoolBase: HikariPool-1 - Closing connection com.mysql.cj.jdbc.ConnectionImpl@1b4824c9: (connection has passed maxLifetime)
:2025-08-13 07:32:39.168 DEBUG HikariPool-1 connection adder c.z.h.p.HikariPool: HikariPool-1 - Added connection com.mysql.cj.jdbc.ConnectionImpl@51c76cc
:2025-08-13 07:32:39.210 DEBUG HikariPool-1 connection adder c.z.h.p.HikariPool: HikariPool-1 - Connection not added, stats (total=10, active=0, idle=10, waiting=0)
:2025-08-13 07:32:41.781 DEBUG HikariPool-1 housekeeper c.z.h.p.HikariPool: HikariPool-1 - Pool stats (total=10, active=0, idle=10, waiting=0)
:2025-08-13 07:32:41.781 DEBUG HikariPool-1 housekeeper c.z.h.p.HikariPool: HikariPool-1 - Fill pool skipped, pool has sufficient level or currently being filled.
:2025-08-13 07:33:11.787 DEBUG HikariPool-1 housekeeper c.z.h.p.HikariPool: HikariPool-1 - Pool stats (total=10, active=0, idle=10, waiting=0)
:2025-08-13 07:33:11.787 DEBUG HikariPool-1 housekeeper c.z.h.p.HikariPool: HikariPool-1 - Fill pool skipped, pool has sufficient level or currently being filled.
:2025-08-13 07:33:22.100 DEBUG HikariPool-1 connection closer c.z.h.p.PoolBase: HikariPool-1 - Closing connection com.mysql.cj.jdbc.ConnectionImpl@3acc71af: (connection has passed maxLifetime)
:2025-08-13 07:33:22.104 DEBUG HikariPool-1 connection adder c.z.h.p.HikariPool: HikariPool-1 - Added connection com.mysql.cj.jdbc.ConnectionImpl@6b5fb937
:2025-08-13 07:33:22.147 DEBUG HikariPool-1 connection adder c.z.h.p.HikariPool: HikariPool-1 - Connection not added, stats (total=10, active=0, idle=10, waiting=0)
:2025-08-13 07:33:24.801 DEBUG HikariPool-1 connection closer c.z.h.p.PoolBase: HikariPool-1 - Closing connection com.mysql.cj.jdbc.ConnectionImpl@6b446e3d: (connection has passed maxLifetime)
:2025-08-13 07:33:24.805 DEBUG HikariPool-1 connection adder c.z.h.p.HikariPool: HikariPool-1 - Added connection com.mysql.cj.jdbc.ConnectionImpl@1f393643
:2025-08-13 07:33:24.848 DEBUG HikariPool-1 connection adder c.z.h.p.HikariPool: HikariPool-1 - Connection not added, stats (total=10, active=0, idle=10, waiting=0)
:2025-08-13 07:33:41.791 DEBUG HikariPool-1 housekeeper c.z.h.p.HikariPool: HikariPool-1 - Pool stats (total=10, active=0, idle=10, waiting=0)
:2025-08-13 07:33:41.791 DEBUG HikariPool-1 housekeeper c.z.h.p.HikariPool: HikariPool-1 - Fill pool skipped, pool has sufficient level or currently being filled.
:2025-08-13 07:33:48.080 DEBUG HikariPool-1 connection closer c.z.h.p.PoolBase: HikariPool-1 - Closing connection com.mysql.cj.jdbc.ConnectionImpl@4adc7831: (connection has passed maxLifetime)
:2025-08-13 07:33:48.084 DEBUG HikariPool-1 connection adder c.z.h.p.HikariPool: HikariPool-1 - Added connection com.mysql.cj.jdbc.ConnectionImpl@61e14eea
:2025-08-13 07:33:48.128 DEBUG HikariPool-1 connection adder c.z.h.p.HikariPool: HikariPool-1 - Connection not added, stats (total=10, active=0, idle=10, waiting=0)
:2025-08-13 07:33:54.741 DEBUG HikariPool-1 connection closer c.z.h.p.PoolBase: HikariPool-1 - Closing connection com.mysql.cj.jdbc.ConnectionImpl@1223aa2a: (connection has passed maxLifetime)
:2025-08-13 07:33:54.746 DEBUG HikariPool-1 connection adder c.z.h.p.HikariPool: HikariPool-1 - Added connection com.mysql.cj.jdbc.ConnectionImpl@464b3da2
:2025-08-13 07:33:54.786 DEBUG HikariPool-1 connection adder c.z.h.p.HikariPool: HikariPool-1 - Connection not added, stats (total=10, active=0, idle=10, waiting=0)
:2025-08-13 07:34:05.164 DEBUG HikariPool-1 connection closer c.z.h.p.PoolBase: HikariPool-1 - Closing connection com.mysql.cj.jdbc.ConnectionImpl@5189a334: (connection has passed maxLifetime)
:2025-08-13 07:34:05.171 DEBUG HikariPool-1 connection adder c.z.h.p.HikariPool: HikariPool-1 - Added connection com.mysql.cj.jdbc.ConnectionImpl@5bf75c10
:2025-08-13 07:34:05.211 DEBUG HikariPool-1 connection adder c.z.h.p.HikariPool: HikariPool-1 - Connection not added, stats (total=10, active=0, idle=10, waiting=0)
:2025-08-13 07:34:08.087 DEBUG HikariPool-1 connection closer c.z.h.p.PoolBase: HikariPool-1 - Closing connection com.mysql.cj.jdbc.ConnectionImpl@55eda2cc: (connection has passed maxLifetime)
:2025-08-13 07:34:08.091 DEBUG HikariPool-1 connection adder c.z.h.p.HikariPool: HikariPool-1 - Added connection com.mysql.cj.jdbc.ConnectionImpl@2f21d534
:2025-08-13 07:34:08.133 DEBUG HikariPool-1 connection adder c.z.h.p.HikariPool: HikariPool-1 - Connection not added, stats (total=10, active=0, idle=10, waiting=0)
:2025-08-13 07:34:11.801 DEBUG HikariPool-1 housekeeper c.z.h.p.HikariPool: HikariPool-1 - Pool stats (total=10, active=0, idle=10, waiting=0)
:2025-08-13 07:34:11.801 DEBUG HikariPool-1 housekeeper c.z.h.p.HikariPool: HikariPool-1 - Fill pool skipped, pool has sufficient level or currently being filled.
:2025-08-13 07:34:33.640 DEBUG HikariPool-1 connection closer c.z.h.p.PoolBase: HikariPool-1 - Closing connection com.mysql.cj.jdbc.ConnectionImpl@d6ec040: (connection has passed maxLifetime)
:2025-08-13 07:34:33.643 DEBUG HikariPool-1 connection adder c.z.h.p.HikariPool: HikariPool-1 - Added connection com.mysql.cj.jdbc.ConnectionImpl@18669a6b
:2025-08-13 07:34:33.687 DEBUG HikariPool-1 connection adder c.z.h.p.HikariPool: HikariPool-1 - Connection not added, stats (total=10, active=0, idle=10, waiting=0)
:2025-08-13 07:34:41.803 DEBUG HikariPool-1 housekeeper c.z.h.p.HikariPool: HikariPool-1 - Pool stats (total=10, active=0, idle=10, waiting=0)
:2025-08-13 07:34:41.803 DEBUG HikariPool-1 housekeeper c.z.h.p.HikariPool: HikariPool-1 - Fill pool skipped, pool has sufficient level or currently being filled.
:2025-08-13 07:34:46.998 DEBUG HikariPool-1 connection closer c.z.h.p.PoolBase: HikariPool-1 - Closing connection com.mysql.cj.jdbc.ConnectionImpl@255f3ffc: (connection has passed maxLifetime)
:2025-08-13 07:34:47.001 DEBUG HikariPool-1 connection adder c.z.h.p.HikariPool: HikariPool-1 - Added connection com.mysql.cj.jdbc.ConnectionImpl@412452af
:2025-08-13 07:34:47.043 DEBUG HikariPool-1 connection adder c.z.h.p.HikariPool: HikariPool-1 - Connection not added, stats (total=10, active=0, idle=10, waiting=0)
:2025-08-13 07:35:11.804 DEBUG HikariPool-1 housekeeper c.z.h.p.HikariPool: HikariPool-1 - Pool stats (total=10, active=0, idle=10, waiting=0)
:2025-08-13 07:35:11.804 DEBUG HikariPool-1 housekeeper c.z.h.p.HikariPool: HikariPool-1 - Fill pool skipped, pool has sufficient level or currently being filled.
:2025-08-13 07:35:41.808 DEBUG HikariPool-1 housekeeper c.z.h.p.HikariPool: HikariPool-1 - Pool stats (total=10, active=0, idle=10, waiting=0)
:2025-08-13 07:35:41.808 DEBUG HikariPool-1 housekeeper c.z.h.p.HikariPool: HikariPool-1 - Fill pool skipped, pool has sufficient level or currently being filled.
:2025-08-13 07:36:10.287 DEBUG HikariPool-1 connection closer c.z.h.p.PoolBase: HikariPool-1 - Closing connection com.mysql.cj.jdbc.ConnectionImpl@4498ef1a: (connection has passed maxLifetime)
:2025-08-13 07:36:10.291 DEBUG HikariPool-1 connection adder c.z.h.p.HikariPool: HikariPool-1 - Added connection com.mysql.cj.jdbc.ConnectionImpl@363a97ab
:2025-08-13 07:36:10.333 DEBUG HikariPool-1 connection adder c.z.h.p.HikariPool: HikariPool-1 - Connection not added, stats (total=10, active=0, idle=10, waiting=0)
:2025-08-13 07:36:11.813 DEBUG HikariPool-1 housekeeper c.z.h.p.HikariPool: HikariPool-1 - Pool stats (total=10, active=0, idle=10, waiting=0)
:2025-08-13 07:36:11.813 DEBUG HikariPool-1 housekeeper c.z.h.p.HikariPool: HikariPool-1 - Fill pool skipped, pool has sufficient level or currently being filled.
:2025-08-13 07:36:41.814 DEBUG HikariPool-1 housekeeper c.z.h.p.HikariPool: HikariPool-1 - Pool stats (total=10, active=0, idle=10, waiting=0)
:2025-08-13 07:36:41.814 DEBUG HikariPool-1 housekeeper c.z.h.p.HikariPool: HikariPool-1 - Fill pool skipped, pool has sufficient level or currently being filled.
:2025-08-13 07:37:11.819 DEBUG HikariPool-1 housekeeper c.z.h.p.HikariPool: HikariPool-1 - Pool stats (total=10, active=0, idle=10, waiting=0)
:2025-08-13 07:37:11.819 DEBUG HikariPool-1 housekeeper c.z.h.p.HikariPool: HikariPool-1 - Fill pool skipped, pool has sufficient level or currently being filled.
:2025-08-13 07:37:41.834 DEBUG HikariPool-1 housekeeper c.z.h.p.HikariPool: HikariPool-1 - Pool stats (total=10, active=0, idle=10, waiting=0)
:2025-08-13 07:37:41.834 DEBUG HikariPool-1 housekeeper c.z.h.p.HikariPool: HikariPool-1 - Fill pool skipped, pool has sufficient level or currently being filled.
:2025-08-13 07:38:11.841 DEBUG HikariPool-1 housekeeper c.z.h.p.HikariPool: HikariPool-1 - Pool stats (total=10, active=0, idle=10, waiting=0)
:2025-08-13 07:38:11.841 DEBUG HikariPool-1 housekeeper c.z.h.p.HikariPool: HikariPool-1 - Fill pool skipped, pool has sufficient level or currently being filled.
:2025-08-13 07:38:41.855 DEBUG HikariPool-1 housekeeper c.z.h.p.HikariPool: HikariPool-1 - Pool stats (total=10, active=0, idle=10, waiting=0)
:2025-08-13 07:38:41.855 DEBUG HikariPool-1 housekeeper c.z.h.p.HikariPool: HikariPool-1 - Fill pool skipped, pool has sufficient level or currently being filled.
:2025-08-13 07:39:11.860 DEBUG HikariPool-1 housekeeper c.z.h.p.HikariPool: HikariPool-1 - Pool stats (total=10, active=0, idle=10, waiting=0)
:2025-08-13 07:39:11.860 DEBUG HikariPool-1 housekeeper c.z.h.p.HikariPool: HikariPool-1 - Fill pool skipped, pool has sufficient level or currently being filled.
:2025-08-13 07:39:41.861 DEBUG HikariPool-1 housekeeper c.z.h.p.HikariPool: HikariPool-1 - Pool stats (total=10, active=0, idle=10, waiting=0)
:2025-08-13 07:39:41.861 DEBUG HikariPool-1 housekeeper c.z.h.p.HikariPool: HikariPool-1 - Fill pool skipped, pool has sufficient level or currently being filled.
:2025-08-13 07:40:11.870 DEBUG HikariPool-1 housekeeper c.z.h.p.HikariPool: HikariPool-1 - Pool stats (total=10, active=0, idle=10, waiting=0)
:2025-08-13 07:40:11.870 DEBUG HikariPool-1 housekeeper c.z.h.p.HikariPool: HikariPool-1 - Fill pool skipped, pool has sufficient level or currently being filled.
:2025-08-13 07:40:41.882 DEBUG HikariPool-1 housekeeper c.z.h.p.HikariPool: HikariPool-1 - Pool stats (total=10, active=0, idle=10, waiting=0)
:2025-08-13 07:40:41.882 DEBUG HikariPool-1 housekeeper c.z.h.p.HikariPool: HikariPool-1 - Fill pool skipped, pool has sufficient level or currently being filled.
:2025-08-13 07:41:11.887 DEBUG HikariPool-1 housekeeper c.z.h.p.HikariPool: HikariPool-1 - Pool stats (total=10, active=0, idle=10, waiting=0)
:2025-08-13 07:41:11.887 DEBUG HikariPool-1 housekeeper c.z.h.p.HikariPool: HikariPool-1 - Fill pool skipped, pool has sufficient level or currently being filled.
:2025-08-13 07:41:41.895 DEBUG HikariPool-1 housekeeper c.z.h.p.HikariPool: HikariPool-1 - Pool stats (total=10, active=0, idle=10, waiting=0)
:2025-08-13 07:41:41.895 DEBUG HikariPool-1 housekeeper c.z.h.p.HikariPool: HikariPool-1 - Fill pool skipped, pool has sufficient level or currently being filled.
:2025-08-13 07:42:11.900 DEBUG HikariPool-1 housekeeper c.z.h.p.HikariPool: HikariPool-1 - Pool stats (total=10, active=0, idle=10, waiting=0)
:2025-08-13 07:42:11.900 DEBUG HikariPool-1 housekeeper c.z.h.p.HikariPool: HikariPool-1 - Fill pool skipped, pool has sufficient level or currently being filled.
:2025-08-13 07:42:41.912 DEBUG HikariPool-1 housekeeper c.z.h.p.HikariPool: HikariPool-1 - Pool stats (total=10, active=0, idle=10, waiting=0)
:2025-08-13 07:42:41.912 DEBUG HikariPool-1 housekeeper c.z.h.p.HikariPool: HikariPool-1 - Fill pool skipped, pool has sufficient level or currently being filled.
:2025-08-13 07:43:11.915 DEBUG HikariPool-1 housekeeper c.z.h.p.HikariPool: HikariPool-1 - Pool stats (total=10, active=0, idle=10, waiting=0)
:2025-08-13 07:43:11.915 DEBUG HikariPool-1 housekeeper c.z.h.p.HikariPool: HikariPool-1 - Fill pool skipped, pool has sufficient level or currently being filled.
:2025-08-13 07:43:41.919 DEBUG HikariPool-1 housekeeper c.z.h.p.HikariPool: HikariPool-1 - Pool stats (total=10, active=0, idle=10, waiting=0)
:2025-08-13 07:43:41.919 DEBUG HikariPool-1 housekeeper c.z.h.p.HikariPool: HikariPool-1 - Fill pool skipped, pool has sufficient level or currently being filled.
:2025-08-13 07:44:11.921 DEBUG HikariPool-1 housekeeper c.z.h.p.HikariPool: HikariPool-1 - Pool stats (total=10, active=0, idle=10, waiting=0)
:2025-08-13 07:44:11.921 DEBUG HikariPool-1 housekeeper c.z.h.p.HikariPool: HikariPool-1 - Fill pool skipped, pool has sufficient level or currently being filled.
:2025-08-13 07:44:41.928 DEBUG HikariPool-1 housekeeper c.z.h.p.HikariPool: HikariPool-1 - Pool stats (total=10, active=0, idle=10, waiting=0)
:2025-08-13 07:44:41.928 DEBUG HikariPool-1 housekeeper c.z.h.p.HikariPool: HikariPool-1 - Fill pool skipped, pool has sufficient level or currently being filled.
:2025-08-13 07:45:11.938 DEBUG HikariPool-1 housekeeper c.z.h.p.HikariPool: HikariPool-1 - Pool stats (total=10, active=0, idle=10, waiting=0)
:2025-08-13 07:45:11.938 DEBUG HikariPool-1 housekeeper c.z.h.p.HikariPool: HikariPool-1 - Fill pool skipped, pool has sufficient level or currently being filled.
:2025-08-13 07:45:41.952 DEBUG HikariPool-1 housekeeper c.z.h.p.HikariPool: HikariPool-1 - Pool stats (total=10, active=0, idle=10, waiting=0)
:2025-08-13 07:45:41.952 DEBUG HikariPool-1 housekeeper c.z.h.p.HikariPool: HikariPool-1 - Fill pool skipped, pool has sufficient level or currently being filled.
:2025-08-13 07:46:11.964 DEBUG HikariPool-1 housekeeper c.z.h.p.HikariPool: HikariPool-1 - Pool stats (total=10, active=0, idle=10, waiting=0)
:2025-08-13 07:46:11.964 DEBUG HikariPool-1 housekeeper c.z.h.p.HikariPool: HikariPool-1 - Fill pool skipped, pool has sufficient level or currently being filled.
:2025-08-13 07:46:41.980 DEBUG HikariPool-1 housekeeper c.z.h.p.HikariPool: HikariPool-1 - Pool stats (total=10, active=0, idle=10, waiting=0)
:2025-08-13 07:46:41.980 DEBUG HikariPool-1 housekeeper c.z.h.p.HikariPool: HikariPool-1 - Fill pool skipped, pool has sufficient level or currently being filled.
:2025-08-13 07:47:11.987 DEBUG HikariPool-1 housekeeper c.z.h.p.HikariPool: HikariPool-1 - Pool stats (total=10, active=0, idle=10, waiting=0)
:2025-08-13 07:47:11.987 DEBUG HikariPool-1 housekeeper c.z.h.p.HikariPool: HikariPool-1 - Fill pool skipped, pool has sufficient level or currently being filled.
:2025-08-13 07:47:42.000 DEBUG HikariPool-1 housekeeper c.z.h.p.HikariPool: HikariPool-1 - Pool stats (total=10, active=0, idle=10, waiting=0)
:2025-08-13 07:47:42.000 DEBUG HikariPool-1 housekeeper c.z.h.p.HikariPool: HikariPool-1 - Fill pool skipped, pool has sufficient level or currently being filled.
:2025-08-13 07:48:12.016 DEBUG HikariPool-1 housekeeper c.z.h.p.HikariPool: HikariPool-1 - Pool stats (total=10, active=0, idle=10, waiting=0)
:2025-08-13 07:48:12.016 DEBUG HikariPool-1 housekeeper c.z.h.p.HikariPool: HikariPool-1 - Fill pool skipped, pool has sufficient level or currently being filled.
:2025-08-13 07:48:42.026 DEBUG HikariPool-1 housekeeper c.z.h.p.HikariPool: HikariPool-1 - Pool stats (total=10, active=0, idle=10, waiting=0)
:2025-08-13 07:48:42.026 DEBUG HikariPool-1 housekeeper c.z.h.p.HikariPool: HikariPool-1 - Fill pool skipped, pool has sufficient level or currently being filled.
:2025-08-13 07:49:12.034 DEBUG HikariPool-1 housekeeper c.z.h.p.HikariPool: HikariPool-1 - Pool stats (total=10, active=0, idle=10, waiting=0)
:2025-08-13 07:49:12.034 DEBUG HikariPool-1 housekeeper c.z.h.p.HikariPool: HikariPool-1 - Fill pool skipped, pool has sufficient level or currently being filled.
:2025-08-13 07:49:42.040 DEBUG HikariPool-1 housekeeper c.z.h.p.HikariPool: HikariPool-1 - Pool stats (total=10, active=0, idle=10, waiting=0)
:2025-08-13 07:49:42.040 DEBUG HikariPool-1 housekeeper c.z.h.p.HikariPool: HikariPool-1 - Fill pool skipped, pool has sufficient level or currently being filled.
:2025-08-13 07:50:12.054 DEBUG HikariPool-1 housekeeper c.z.h.p.HikariPool: HikariPool-1 - Pool stats (total=10, active=0, idle=10, waiting=0)
:2025-08-13 07:50:12.054 DEBUG HikariPool-1 housekeeper c.z.h.p.HikariPool: HikariPool-1 - Fill pool skipped, pool has sufficient level or currently being filled.
:2025-08-13 07:50:42.056 DEBUG HikariPool-1 housekeeper c.z.h.p.HikariPool: HikariPool-1 - Pool stats (total=10, active=0, idle=10, waiting=0)
:2025-08-13 07:50:42.056 DEBUG HikariPool-1 housekeeper c.z.h.p.HikariPool: HikariPool-1 - Fill pool skipped, pool has sufficient level or currently being filled.
:2025-08-13 07:51:12.057 DEBUG HikariPool-1 housekeeper c.z.h.p.HikariPool: HikariPool-1 - Pool stats (total=10, active=0, idle=10, waiting=0)
:2025-08-13 07:51:12.057 DEBUG HikariPool-1 housekeeper c.z.h.p.HikariPool: HikariPool-1 - Fill pool skipped, pool has sufficient level or currently being filled.
:2025-08-13 07:51:42.070 DEBUG HikariPool-1 housekeeper c.z.h.p.HikariPool: HikariPool-1 - Pool stats (total=10, active=0, idle=10, waiting=0)
:2025-08-13 07:51:42.070 DEBUG HikariPool-1 housekeeper c.z.h.p.HikariPool: HikariPool-1 - Fill pool skipped, pool has sufficient level or currently being filled.
:2025-08-13 07:52:12.085 DEBUG HikariPool-1 housekeeper c.z.h.p.HikariPool: HikariPool-1 - Pool stats (total=10, active=0, idle=10, waiting=0)
:2025-08-13 07:52:12.085 DEBUG HikariPool-1 housekeeper c.z.h.p.HikariPool: HikariPool-1 - Fill pool skipped, pool has sufficient level or currently being filled.
:2025-08-13 07:52:42.089 DEBUG HikariPool-1 housekeeper c.z.h.p.HikariPool: HikariPool-1 - Pool stats (total=10, active=0, idle=10, waiting=0)
:2025-08-13 07:52:42.089 DEBUG HikariPool-1 housekeeper c.z.h.p.HikariPool: HikariPool-1 - Fill pool skipped, pool has sufficient level or currently being filled.
:2025-08-13 07:53:12.093 DEBUG HikariPool-1 housekeeper c.z.h.p.HikariPool: HikariPool-1 - Pool stats (total=10, active=0, idle=10, waiting=0)
:2025-08-13 07:53:12.093 DEBUG HikariPool-1 housekeeper c.z.h.p.HikariPool: HikariPool-1 - Fill pool skipped, pool has sufficient level or currently being filled.
:2025-08-13 07:53:42.104 DEBUG HikariPool-1 housekeeper c.z.h.p.HikariPool: HikariPool-1 - Pool stats (total=10, active=0, idle=10, waiting=0)
:2025-08-13 07:53:42.104 DEBUG HikariPool-1 housekeeper c.z.h.p.HikariPool: HikariPool-1 - Fill pool skipped, pool has sufficient level or currently being filled.
:2025-08-13 07:54:12.114 DEBUG HikariPool-1 housekeeper c.z.h.p.HikariPool: HikariPool-1 - Pool stats (total=10, active=0, idle=10, waiting=0)
:2025-08-13 07:54:12.114 DEBUG HikariPool-1 housekeeper c.z.h.p.HikariPool: HikariPool-1 - Fill pool skipped, pool has sufficient level or currently being filled.
:2025-08-13 07:54:42.116 DEBUG HikariPool-1 housekeeper c.z.h.p.HikariPool: HikariPool-1 - Pool stats (total=10, active=0, idle=10, waiting=0)
:2025-08-13 07:54:42.116 DEBUG HikariPool-1 housekeeper c.z.h.p.HikariPool: HikariPool-1 - Fill pool skipped, pool has sufficient level or currently being filled.
:2025-08-13 07:55:12.117 DEBUG HikariPool-1 housekeeper c.z.h.p.HikariPool: HikariPool-1 - Pool stats (total=10, active=0, idle=10, waiting=0)
:2025-08-13 07:55:12.117 DEBUG HikariPool-1 housekeeper c.z.h.p.HikariPool: HikariPool-1 - Fill pool skipped, pool has sufficient level or currently being filled.
:2025-08-13 07:55:42.129 DEBUG HikariPool-1 housekeeper c.z.h.p.HikariPool: HikariPool-1 - Pool stats (total=10, active=0, idle=10, waiting=0)
:2025-08-13 07:55:42.129 DEBUG HikariPool-1 housekeeper c.z.h.p.HikariPool: HikariPool-1 - Fill pool skipped, pool has sufficient level or currently being filled.
:2025-08-13 07:56:12.133 DEBUG HikariPool-1 housekeeper c.z.h.p.HikariPool: HikariPool-1 - Pool stats (total=10, active=0, idle=10, waiting=0)
:2025-08-13 07:56:12.133 DEBUG HikariPool-1 housekeeper c.z.h.p.HikariPool: HikariPool-1 - Fill pool skipped, pool has sufficient level or currently being filled.
:2025-08-13 07:56:42.138 DEBUG HikariPool-1 housekeeper c.z.h.p.HikariPool: HikariPool-1 - Pool stats (total=10, active=0, idle=10, waiting=0)
:2025-08-13 07:56:42.138 DEBUG HikariPool-1 housekeeper c.z.h.p.HikariPool: HikariPool-1 - Fill pool skipped, pool has sufficient level or currently being filled.
:2025-08-13 07:57:12.153 DEBUG HikariPool-1 housekeeper c.z.h.p.HikariPool: HikariPool-1 - Pool stats (total=10, active=0, idle=10, waiting=0)
:2025-08-13 07:57:12.153 DEBUG HikariPool-1 housekeeper c.z.h.p.HikariPool: HikariPool-1 - Fill pool skipped, pool has sufficient level or currently being filled.
:2025-08-13 07:57:42.161 DEBUG HikariPool-1 housekeeper c.z.h.p.HikariPool: HikariPool-1 - Pool stats (total=10, active=0, idle=10, waiting=0)
:2025-08-13 07:57:42.161 DEBUG HikariPool-1 housekeeper c.z.h.p.HikariPool: HikariPool-1 - Fill pool skipped, pool has sufficient level or currently being filled.
:2025-08-13 07:58:12.163 DEBUG HikariPool-1 housekeeper c.z.h.p.HikariPool: HikariPool-1 - Pool stats (total=10, active=0, idle=10, waiting=0)
:2025-08-13 07:58:12.163 DEBUG HikariPool-1 housekeeper c.z.h.p.HikariPool: HikariPool-1 - Fill pool skipped, pool has sufficient level or currently being filled.
:2025-08-13 07:58:42.176 DEBUG HikariPool-1 housekeeper c.z.h.p.HikariPool: HikariPool-1 - Pool stats (total=10, active=0, idle=10, waiting=0)
:2025-08-13 07:58:42.176 DEBUG HikariPool-1 housekeeper c.z.h.p.HikariPool: HikariPool-1 - Fill pool skipped, pool has sufficient level or currently being filled.
:2025-08-13 07:59:12.182 DEBUG HikariPool-1 housekeeper c.z.h.p.HikariPool: HikariPool-1 - Pool stats (total=10, active=0, idle=10, waiting=0)
:2025-08-13 07:59:12.182 DEBUG HikariPool-1 housekeeper c.z.h.p.HikariPool: HikariPool-1 - Fill pool skipped, pool has sufficient level or currently being filled.
:2025-08-13 07:59:42.189 DEBUG HikariPool-1 housekeeper c.z.h.p.HikariPool: HikariPool-1 - Pool stats (total=10, active=0, idle=10, waiting=0)
:2025-08-13 07:59:42.189 DEBUG HikariPool-1 housekeeper c.z.h.p.HikariPool: HikariPool-1 - Fill pool skipped, pool has sufficient level or currently being filled.
:2025-08-13 08:00:12.195 DEBUG HikariPool-1 housekeeper c.z.h.p.HikariPool: HikariPool-1 - Pool stats (total=10, active=0, idle=10, waiting=0)
:2025-08-13 08:00:12.195 DEBUG HikariPool-1 housekeeper c.z.h.p.HikariPool: HikariPool-1 - Fill pool skipped, pool has sufficient level or currently being filled.
:2025-08-13 08:00:42.200 DEBUG HikariPool-1 housekeeper c.z.h.p.HikariPool: HikariPool-1 - Pool stats (total=10, active=0, idle=10, waiting=0)
:2025-08-13 08:00:42.200 DEBUG HikariPool-1 housekeeper c.z.h.p.HikariPool: HikariPool-1 - Fill pool skipped, pool has sufficient level or currently being filled.
:2025-08-13 08:01:12.203 DEBUG HikariPool-1 housekeeper c.z.h.p.HikariPool: HikariPool-1 - Pool stats (total=10, active=0, idle=10, waiting=0)
:2025-08-13 08:01:12.203 DEBUG HikariPool-1 housekeeper c.z.h.p.HikariPool: HikariPool-1 - Fill pool skipped, pool has sufficient level or currently being filled.
:2025-08-13 08:01:42.214 DEBUG HikariPool-1 housekeeper c.z.h.p.HikariPool: HikariPool-1 - Pool stats (total=10, active=0, idle=10, waiting=0)
:2025-08-13 08:01:42.214 DEBUG HikariPool-1 housekeeper c.z.h.p.HikariPool: HikariPool-1 - Fill pool skipped, pool has sufficient level or currently being filled.
:2025-08-13 08:02:12.218 DEBUG HikariPool-1 housekeeper c.z.h.p.HikariPool: HikariPool-1 - Pool stats (total=10, active=0, idle=10, waiting=0)
:2025-08-13 08:02:12.218 DEBUG HikariPool-1 housekeeper c.z.h.p.HikariPool: HikariPool-1 - Fill pool skipped, pool has sufficient level or currently being filled.
:2025-08-13 08:02:13.879 DEBUG HikariPool-1 connection closer c.z.h.p.PoolBase: HikariPool-1 - Closing connection com.mysql.cj.jdbc.ConnectionImpl@51c76cc: (connection has passed maxLifetime)
:2025-08-13 08:02:13.884 DEBUG HikariPool-1 connection adder c.z.h.p.HikariPool: HikariPool-1 - Added connection com.mysql.cj.jdbc.ConnectionImpl@783d4dd0
:2025-08-13 08:02:13.925 DEBUG HikariPool-1 connection adder c.z.h.p.HikariPool: HikariPool-1 - Connection not added, stats (total=10, active=0, idle=10, waiting=0)
:2025-08-13 08:02:42.224 DEBUG HikariPool-1 housekeeper c.z.h.p.HikariPool: HikariPool-1 - Pool stats (total=10, active=0, idle=10, waiting=0)
:2025-08-13 08:02:42.224 DEBUG HikariPool-1 housekeeper c.z.h.p.HikariPool: HikariPool-1 - Fill pool skipped, pool has sufficient level or currently being filled.
:2025-08-13 08:02:53.763 DEBUG HikariPool-1 connection closer c.z.h.p.PoolBase: HikariPool-1 - Closing connection com.mysql.cj.jdbc.ConnectionImpl@1f393643: (connection has passed maxLifetime)
:2025-08-13 08:02:53.766 DEBUG HikariPool-1 connection adder c.z.h.p.HikariPool: HikariPool-1 - Added connection com.mysql.cj.jdbc.ConnectionImpl@45162385
:2025-08-13 08:02:53.811 DEBUG HikariPool-1 connection adder c.z.h.p.HikariPool: HikariPool-1 - Connection not added, stats (total=10, active=0, idle=10, waiting=0)
:2025-08-13 08:03:06.478 DEBUG HikariPool-1 connection closer c.z.h.p.PoolBase: HikariPool-1 - Closing connection com.mysql.cj.jdbc.ConnectionImpl@61e14eea: (connection has passed maxLifetime)
:2025-08-13 08:03:06.482 DEBUG HikariPool-1 connection adder c.z.h.p.HikariPool: HikariPool-1 - Added connection com.mysql.cj.jdbc.ConnectionImpl@6ca67745
:2025-08-13 08:03:06.524 DEBUG HikariPool-1 connection adder c.z.h.p.HikariPool: HikariPool-1 - Connection not added, stats (total=10, active=0, idle=10, waiting=0)
:2025-08-13 08:03:12.237 DEBUG HikariPool-1 housekeeper c.z.h.p.HikariPool: HikariPool-1 - Pool stats (total=10, active=0, idle=10, waiting=0)
:2025-08-13 08:03:12.237 DEBUG HikariPool-1 housekeeper c.z.h.p.HikariPool: HikariPool-1 - Fill pool skipped, pool has sufficient level or currently being filled.
:2025-08-13 08:03:13.866 DEBUG HikariPool-1 connection closer c.z.h.p.PoolBase: HikariPool-1 - Closing connection com.mysql.cj.jdbc.ConnectionImpl@6b5fb937: (connection has passed maxLifetime)
:2025-08-13 08:03:13.870 DEBUG HikariPool-1 connection adder c.z.h.p.HikariPool: HikariPool-1 - Added connection com.mysql.cj.jdbc.ConnectionImpl@5f5a92e5
:2025-08-13 08:03:13.901 DEBUG HikariPool-1 connection adder c.z.h.p.HikariPool: HikariPool-1 - Connection not added, stats (total=10, active=0, idle=10, waiting=0)
:2025-08-13 08:03:24.937 DEBUG HikariPool-1 connection closer c.z.h.p.PoolBase: HikariPool-1 - Closing connection com.mysql.cj.jdbc.ConnectionImpl@5bf75c10: (connection has passed maxLifetime)
:2025-08-13 08:03:24.941 DEBUG HikariPool-1 connection adder c.z.h.p.HikariPool: HikariPool-1 - Added connection com.mysql.cj.jdbc.ConnectionImpl@322b045b
:2025-08-13 08:03:24.984 DEBUG HikariPool-1 connection adder c.z.h.p.HikariPool: HikariPool-1 - Connection not added, stats (total=10, active=0, idle=10, waiting=0)
:2025-08-13 08:03:32.830 DEBUG HikariPool-1 connection closer c.z.h.p.PoolBase: HikariPool-1 - Closing connection com.mysql.cj.jdbc.ConnectionImpl@464b3da2: (connection has passed maxLifetime)
:2025-08-13 08:03:32.833 DEBUG HikariPool-1 connection adder c.z.h.p.HikariPool: HikariPool-1 - Added connection com.mysql.cj.jdbc.ConnectionImpl@4a0b45be
:2025-08-13 08:03:32.878 DEBUG HikariPool-1 connection adder c.z.h.p.HikariPool: HikariPool-1 - Connection not added, stats (total=10, active=0, idle=10, waiting=0)
:2025-08-13 08:03:42.239 DEBUG HikariPool-1 housekeeper c.z.h.p.HikariPool: HikariPool-1 - Pool stats (total=10, active=0, idle=10, waiting=0)
:2025-08-13 08:03:42.239 DEBUG HikariPool-1 housekeeper c.z.h.p.HikariPool: HikariPool-1 - Fill pool skipped, pool has sufficient level or currently being filled.
:2025-08-13 08:03:54.955 DEBUG HikariPool-1 connection closer c.z.h.p.PoolBase: HikariPool-1 - Closing connection com.mysql.cj.jdbc.ConnectionImpl@2f21d534: (connection has passed maxLifetime)
:2025-08-13 08:03:54.959 DEBUG HikariPool-1 connection adder c.z.h.p.HikariPool: HikariPool-1 - Added connection com.mysql.cj.jdbc.ConnectionImpl@3f874f66
:2025-08-13 08:03:54.991 DEBUG HikariPool-1 connection adder c.z.h.p.HikariPool: HikariPool-1 - Connection not added, stats (total=10, active=0, idle=10, waiting=0)
:2025-08-13 08:04:12.239 DEBUG HikariPool-1 housekeeper c.z.h.p.HikariPool: HikariPool-1 - Pool stats (total=10, active=0, idle=10, waiting=0)
:2025-08-13 08:04:12.239 DEBUG HikariPool-1 housekeeper c.z.h.p.HikariPool: HikariPool-1 - Fill pool skipped, pool has sufficient level or currently being filled.
:2025-08-13 08:04:14.749 DEBUG HikariPool-1 connection closer c.z.h.p.PoolBase: HikariPool-1 - Closing connection com.mysql.cj.jdbc.ConnectionImpl@412452af: (connection has passed maxLifetime)
:2025-08-13 08:04:14.753 DEBUG HikariPool-1 connection adder c.z.h.p.HikariPool: HikariPool-1 - Added connection com.mysql.cj.jdbc.ConnectionImpl@4ae2990
:2025-08-13 08:04:14.796 DEBUG HikariPool-1 connection adder c.z.h.p.HikariPool: HikariPool-1 - Connection not added, stats (total=10, active=0, idle=10, waiting=0)
:2025-08-13 08:04:33.596 DEBUG HikariPool-1 connection closer c.z.h.p.PoolBase: HikariPool-1 - Closing connection com.mysql.cj.jdbc.ConnectionImpl@18669a6b: (connection has passed maxLifetime)
:2025-08-13 08:04:33.599 DEBUG HikariPool-1 connection adder c.z.h.p.HikariPool: HikariPool-1 - Added connection com.mysql.cj.jdbc.ConnectionImpl@17f1f47a
:2025-08-13 08:04:33.642 DEBUG HikariPool-1 connection adder c.z.h.p.HikariPool: HikariPool-1 - Connection not added, stats (total=10, active=0, idle=10, waiting=0)
:2025-08-13 08:04:42.247 DEBUG HikariPool-1 housekeeper c.z.h.p.HikariPool: HikariPool-1 - Pool stats (total=10, active=0, idle=10, waiting=0)
:2025-08-13 08:04:42.247 DEBUG HikariPool-1 housekeeper c.z.h.p.HikariPool: HikariPool-1 - Fill pool skipped, pool has sufficient level or currently being filled.
:2025-08-13 08:05:12.255 DEBUG HikariPool-1 housekeeper c.z.h.p.HikariPool: HikariPool-1 - Pool stats (total=10, active=0, idle=10, waiting=0)
:2025-08-13 08:05:12.255 DEBUG HikariPool-1 housekeeper c.z.h.p.HikariPool: HikariPool-1 - Fill pool skipped, pool has sufficient level or currently being filled.
:2025-08-13 08:05:42.271 DEBUG HikariPool-1 housekeeper c.z.h.p.HikariPool: HikariPool-1 - Pool stats (total=10, active=0, idle=10, waiting=0)
:2025-08-13 08:05:42.271 DEBUG HikariPool-1 housekeeper c.z.h.p.HikariPool: HikariPool-1 - Fill pool skipped, pool has sufficient level or currently being filled.
:2025-08-13 08:06:04.063 DEBUG HikariPool-1 connection closer c.z.h.p.PoolBase: HikariPool-1 - Closing connection com.mysql.cj.jdbc.ConnectionImpl@363a97ab: (connection has passed maxLifetime)
:2025-08-13 08:06:04.067 DEBUG HikariPool-1 connection adder c.z.h.p.HikariPool: HikariPool-1 - Added connection com.mysql.cj.jdbc.ConnectionImpl@14017fc1
:2025-08-13 08:06:04.110 DEBUG HikariPool-1 connection adder c.z.h.p.HikariPool: HikariPool-1 - Connection not added, stats (total=10, active=0, idle=10, waiting=0)
:2025-08-13 08:06:12.283 DEBUG HikariPool-1 housekeeper c.z.h.p.HikariPool: HikariPool-1 - Pool stats (total=10, active=0, idle=10, waiting=0)
:2025-08-13 08:06:12.283 DEBUG HikariPool-1 housekeeper c.z.h.p.HikariPool: HikariPool-1 - Fill pool skipped, pool has sufficient level or currently being filled.
:2025-08-13 08:06:42.287 DEBUG HikariPool-1 housekeeper c.z.h.p.HikariPool: HikariPool-1 - Pool stats (total=10, active=0, idle=10, waiting=0)
:2025-08-13 08:06:42.287 DEBUG HikariPool-1 housekeeper c.z.h.p.HikariPool: HikariPool-1 - Fill pool skipped, pool has sufficient level or currently being filled.
:2025-08-13 08:07:12.297 DEBUG HikariPool-1 housekeeper c.z.h.p.HikariPool: HikariPool-1 - Pool stats (total=10, active=0, idle=10, waiting=0)
:2025-08-13 08:07:12.297 DEBUG HikariPool-1 housekeeper c.z.h.p.HikariPool: HikariPool-1 - Fill pool skipped, pool has sufficient level or currently being filled.
:2025-08-13 08:07:42.311 DEBUG HikariPool-1 housekeeper c.z.h.p.HikariPool: HikariPool-1 - Pool stats (total=10, active=0, idle=10, waiting=0)
:2025-08-13 08:07:42.311 DEBUG HikariPool-1 housekeeper c.z.h.p.HikariPool: HikariPool-1 - Fill pool skipped, pool has sufficient level or currently being filled.
:2025-08-13 08:08:12.312 DEBUG HikariPool-1 housekeeper c.z.h.p.HikariPool: HikariPool-1 - Pool stats (total=10, active=0, idle=10, waiting=0)
:2025-08-13 08:08:12.312 DEBUG HikariPool-1 housekeeper c.z.h.p.HikariPool: HikariPool-1 - Fill pool skipped, pool has sufficient level or currently being filled.
:2025-08-13 08:08:42.322 DEBUG HikariPool-1 housekeeper c.z.h.p.HikariPool: HikariPool-1 - Pool stats (total=10, active=0, idle=10, waiting=0)
:2025-08-13 08:08:42.322 DEBUG HikariPool-1 housekeeper c.z.h.p.HikariPool: HikariPool-1 - Fill pool skipped, pool has sufficient level or currently being filled.
:2025-08-13 08:09:12.332 DEBUG HikariPool-1 housekeeper c.z.h.p.HikariPool: HikariPool-1 - Pool stats (total=10, active=0, idle=10, waiting=0)
:2025-08-13 08:09:12.332 DEBUG HikariPool-1 housekeeper c.z.h.p.HikariPool: HikariPool-1 - Fill pool skipped, pool has sufficient level or currently being filled.
:2025-08-13 08:09:42.342 DEBUG HikariPool-1 housekeeper c.z.h.p.HikariPool: HikariPool-1 - Pool stats (total=10, active=0, idle=10, waiting=0)
:2025-08-13 08:09:42.342 DEBUG HikariPool-1 housekeeper c.z.h.p.HikariPool: HikariPool-1 - Fill pool skipped, pool has sufficient level or currently being filled.
:2025-08-13 08:10:12.352 DEBUG HikariPool-1 housekeeper c.z.h.p.HikariPool: HikariPool-1 - Pool stats (total=10, active=0, idle=10, waiting=0)
:2025-08-13 08:10:12.352 DEBUG HikariPool-1 housekeeper c.z.h.p.HikariPool: HikariPool-1 - Fill pool skipped, pool has sufficient level or currently being filled.
:2025-08-13 08:10:42.361 DEBUG HikariPool-1 housekeeper c.z.h.p.HikariPool: HikariPool-1 - Pool stats (total=10, active=0, idle=10, waiting=0)
:2025-08-13 08:10:42.361 DEBUG HikariPool-1 housekeeper c.z.h.p.HikariPool: HikariPool-1 - Fill pool skipped, pool has sufficient level or currently being filled.
:2025-08-13 08:11:12.376 DEBUG HikariPool-1 housekeeper c.z.h.p.HikariPool: HikariPool-1 - Pool stats (total=10, active=0, idle=10, waiting=0)
:2025-08-13 08:11:12.376 DEBUG HikariPool-1 housekeeper c.z.h.p.HikariPool: HikariPool-1 - Fill pool skipped, pool has sufficient level or currently being filled.
:2025-08-13 08:11:42.379 DEBUG HikariPool-1 housekeeper c.z.h.p.HikariPool: HikariPool-1 - Pool stats (total=10, active=0, idle=10, waiting=0)
:2025-08-13 08:11:42.379 DEBUG HikariPool-1 housekeeper c.z.h.p.HikariPool: HikariPool-1 - Fill pool skipped, pool has sufficient level or currently being filled.
:2025-08-13 08:12:12.391 DEBUG HikariPool-1 housekeeper c.z.h.p.HikariPool: HikariPool-1 - Pool stats (total=10, active=0, idle=10, waiting=0)
:2025-08-13 08:12:12.391 DEBUG HikariPool-1 housekeeper c.z.h.p.HikariPool: HikariPool-1 - Fill pool skipped, pool has sufficient level or currently being filled.
:2025-08-13 08:12:42.406 DEBUG HikariPool-1 housekeeper c.z.h.p.HikariPool: HikariPool-1 - Pool stats (total=10, active=0, idle=10, waiting=0)
:2025-08-13 08:12:42.406 DEBUG HikariPool-1 housekeeper c.z.h.p.HikariPool: HikariPool-1 - Fill pool skipped, pool has sufficient level or currently being filled.
:2025-08-13 08:13:12.410 DEBUG HikariPool-1 housekeeper c.z.h.p.HikariPool: HikariPool-1 - Pool stats (total=10, active=0, idle=10, waiting=0)
:2025-08-13 08:13:12.410 DEBUG HikariPool-1 housekeeper c.z.h.p.HikariPool: HikariPool-1 - Fill pool skipped, pool has sufficient level or currently being filled.
:2025-08-13 08:13:42.413 DEBUG HikariPool-1 housekeeper c.z.h.p.HikariPool: HikariPool-1 - Pool stats (total=10, active=0, idle=10, waiting=0)
:2025-08-13 08:13:42.413 DEBUG HikariPool-1 housekeeper c.z.h.p.HikariPool: HikariPool-1 - Fill pool skipped, pool has sufficient level or currently being filled.
:2025-08-13 08:14:12.428 DEBUG HikariPool-1 housekeeper c.z.h.p.HikariPool: HikariPool-1 - Pool stats (total=10, active=0, idle=10, waiting=0)
:2025-08-13 08:14:12.428 DEBUG HikariPool-1 housekeeper c.z.h.p.HikariPool: HikariPool-1 - Fill pool skipped, pool has sufficient level or currently being filled.
:2025-08-13 08:14:42.443 DEBUG HikariPool-1 housekeeper c.z.h.p.HikariPool: HikariPool-1 - Pool stats (total=10, active=0, idle=10, waiting=0)
:2025-08-13 08:14:42.443 DEBUG HikariPool-1 housekeeper c.z.h.p.HikariPool: HikariPool-1 - Fill pool skipped, pool has sufficient level or currently being filled.
:2025-08-13 08:15:12.451 DEBUG HikariPool-1 housekeeper c.z.h.p.HikariPool: HikariPool-1 - Pool stats (total=10, active=0, idle=10, waiting=0)
:2025-08-13 08:15:12.451 DEBUG HikariPool-1 housekeeper c.z.h.p.HikariPool: HikariPool-1 - Fill pool skipped, pool has sufficient level or currently being filled.
:2025-08-13 08:15:42.457 DEBUG HikariPool-1 housekeeper c.z.h.p.HikariPool: HikariPool-1 - Pool stats (total=10, active=0, idle=10, waiting=0)
:2025-08-13 08:15:42.457 DEBUG HikariPool-1 housekeeper c.z.h.p.HikariPool: HikariPool-1 - Fill pool skipped, pool has sufficient level or currently being filled.
:2025-08-13 08:16:12.462 DEBUG HikariPool-1 housekeeper c.z.h.p.HikariPool: HikariPool-1 - Pool stats (total=10, active=0, idle=10, waiting=0)
:2025-08-13 08:16:12.462 DEBUG HikariPool-1 housekeeper c.z.h.p.HikariPool: HikariPool-1 - Fill pool skipped, pool has sufficient level or currently being filled.
:2025-08-13 08:16:42.464 DEBUG HikariPool-1 housekeeper c.z.h.p.HikariPool: HikariPool-1 - Pool stats (total=10, active=0, idle=10, waiting=0)
:2025-08-13 08:16:42.464 DEBUG HikariPool-1 housekeeper c.z.h.p.HikariPool: HikariPool-1 - Fill pool skipped, pool has sufficient level or currently being filled.
:2025-08-13 08:17:12.476 DEBUG HikariPool-1 housekeeper c.z.h.p.HikariPool: HikariPool-1 - Pool stats (total=10, active=0, idle=10, waiting=0)
:2025-08-13 08:17:12.476 DEBUG HikariPool-1 housekeeper c.z.h.p.HikariPool: HikariPool-1 - Fill pool skipped, pool has sufficient level or currently being filled.
:2025-08-13 08:17:42.492 DEBUG HikariPool-1 housekeeper c.z.h.p.HikariPool: HikariPool-1 - Pool stats (total=10, active=0, idle=10, waiting=0)
:2025-08-13 08:17:42.492 DEBUG HikariPool-1 housekeeper c.z.h.p.HikariPool: HikariPool-1 - Fill pool skipped, pool has sufficient level or currently being filled.
:2025-08-13 08:18:12.496 DEBUG HikariPool-1 housekeeper c.z.h.p.HikariPool: HikariPool-1 - Pool stats (total=10, active=0, idle=10, waiting=0)
:2025-08-13 08:18:12.496 DEBUG HikariPool-1 housekeeper c.z.h.p.HikariPool: HikariPool-1 - Fill pool skipped, pool has sufficient level or currently being filled.
:2025-08-13 08:18:42.509 DEBUG HikariPool-1 housekeeper c.z.h.p.HikariPool: HikariPool-1 - Pool stats (total=10, active=0, idle=10, waiting=0)
:2025-08-13 08:18:42.509 DEBUG HikariPool-1 housekeeper c.z.h.p.HikariPool: HikariPool-1 - Fill pool skipped, pool has sufficient level or currently being filled.
:2025-08-13 08:19:12.521 DEBUG HikariPool-1 housekeeper c.z.h.p.HikariPool: HikariPool-1 - Pool stats (total=10, active=0, idle=10, waiting=0)
:2025-08-13 08:19:12.521 DEBUG HikariPool-1 housekeeper c.z.h.p.HikariPool: HikariPool-1 - Fill pool skipped, pool has sufficient level or currently being filled.
:2025-08-13 08:19:42.534 DEBUG HikariPool-1 housekeeper c.z.h.p.HikariPool: HikariPool-1 - Pool stats (total=10, active=0, idle=10, waiting=0)
:2025-08-13 08:19:42.534 DEBUG HikariPool-1 housekeeper c.z.h.p.HikariPool: HikariPool-1 - Fill pool skipped, pool has sufficient level or currently being filled.
:2025-08-13 08:20:12.535 DEBUG HikariPool-1 housekeeper c.z.h.p.HikariPool: HikariPool-1 - Pool stats (total=10, active=0, idle=10, waiting=0)
:2025-08-13 08:20:12.535 DEBUG HikariPool-1 housekeeper c.z.h.p.HikariPool: HikariPool-1 - Fill pool skipped, pool has sufficient level or currently being filled.
:2025-08-13 08:20:42.537 DEBUG HikariPool-1 housekeeper c.z.h.p.HikariPool: HikariPool-1 - Pool stats (total=10, active=0, idle=10, waiting=0)
:2025-08-13 08:20:42.537 DEBUG HikariPool-1 housekeeper c.z.h.p.HikariPool: HikariPool-1 - Fill pool skipped, pool has sufficient level or currently being filled.
:2025-08-13 08:21:12.541 DEBUG HikariPool-1 housekeeper c.z.h.p.HikariPool: HikariPool-1 - Pool stats (total=10, active=0, idle=10, waiting=0)
:2025-08-13 08:21:12.541 DEBUG HikariPool-1 housekeeper c.z.h.p.HikariPool: HikariPool-1 - Fill pool skipped, pool has sufficient level or currently being filled.
:2025-08-13 08:21:42.554 DEBUG HikariPool-1 housekeeper c.z.h.p.HikariPool: HikariPool-1 - Pool stats (total=10, active=0, idle=10, waiting=0)
:2025-08-13 08:21:42.554 DEBUG HikariPool-1 housekeeper c.z.h.p.HikariPool: HikariPool-1 - Fill pool skipped, pool has sufficient level or currently being filled.
:2025-08-13 08:22:12.558 DEBUG HikariPool-1 housekeeper c.z.h.p.HikariPool: HikariPool-1 - Pool stats (total=10, active=0, idle=10, waiting=0)
:2025-08-13 08:22:12.558 DEBUG HikariPool-1 housekeeper c.z.h.p.HikariPool: HikariPool-1 - Fill pool skipped, pool has sufficient level or currently being filled.
:2025-08-13 08:22:42.559 DEBUG HikariPool-1 housekeeper c.z.h.p.HikariPool: HikariPool-1 - Pool stats (total=10, active=0, idle=10, waiting=0)
:2025-08-13 08:22:42.559 DEBUG HikariPool-1 housekeeper c.z.h.p.HikariPool: HikariPool-1 - Fill pool skipped, pool has sufficient level or currently being filled.
:2025-08-13 08:23:12.571 DEBUG HikariPool-1 housekeeper c.z.h.p.HikariPool: HikariPool-1 - Pool stats (total=10, active=0, idle=10, waiting=0)
:2025-08-13 08:23:12.571 DEBUG HikariPool-1 housekeeper c.z.h.p.HikariPool: HikariPool-1 - Fill pool skipped, pool has sufficient level or currently being filled.
:2025-08-13 08:23:42.579 DEBUG HikariPool-1 housekeeper c.z.h.p.HikariPool: HikariPool-1 - Pool stats (total=10, active=0, idle=10, waiting=0)
:2025-08-13 08:23:42.579 DEBUG HikariPool-1 housekeeper c.z.h.p.HikariPool: HikariPool-1 - Fill pool skipped, pool has sufficient level or currently being filled.
:2025-08-13 08:24:12.592 DEBUG HikariPool-1 housekeeper c.z.h.p.HikariPool: HikariPool-1 - Pool stats (total=10, active=0, idle=10, waiting=0)
:2025-08-13 08:24:12.592 DEBUG HikariPool-1 housekeeper c.z.h.p.HikariPool: HikariPool-1 - Fill pool skipped, pool has sufficient level or currently being filled.
:2025-08-13 08:24:42.596 DEBUG HikariPool-1 housekeeper c.z.h.p.HikariPool: HikariPool-1 - Pool stats (total=10, active=0, idle=10, waiting=0)
:2025-08-13 08:24:42.596 DEBUG HikariPool-1 housekeeper c.z.h.p.HikariPool: HikariPool-1 - Fill pool skipped, pool has sufficient level or currently being filled.
:2025-08-13 08:25:12.598 DEBUG HikariPool-1 housekeeper c.z.h.p.HikariPool: HikariPool-1 - Pool stats (total=10, active=0, idle=10, waiting=0)
:2025-08-13 08:25:12.598 DEBUG HikariPool-1 housekeeper c.z.h.p.HikariPool: HikariPool-1 - Fill pool skipped, pool has sufficient level or currently being filled.
:2025-08-13 08:25:42.611 DEBUG HikariPool-1 housekeeper c.z.h.p.HikariPool: HikariPool-1 - Pool stats (total=10, active=0, idle=10, waiting=0)
:2025-08-13 08:25:42.611 DEBUG HikariPool-1 housekeeper c.z.h.p.HikariPool: HikariPool-1 - Fill pool skipped, pool has sufficient level or currently being filled.
:2025-08-13 08:26:12.613 DEBUG HikariPool-1 housekeeper c.z.h.p.HikariPool: HikariPool-1 - Pool stats (total=10, active=0, idle=10, waiting=0)
:2025-08-13 08:26:12.613 DEBUG HikariPool-1 housekeeper c.z.h.p.HikariPool: HikariPool-1 - Fill pool skipped, pool has sufficient level or currently being filled.
:2025-08-13 08:26:42.627 DEBUG HikariPool-1 housekeeper c.z.h.p.HikariPool: HikariPool-1 - Pool stats (total=10, active=0, idle=10, waiting=0)
:2025-08-13 08:26:42.627 DEBUG HikariPool-1 housekeeper c.z.h.p.HikariPool: HikariPool-1 - Fill pool skipped, pool has sufficient level or currently being filled.
:2025-08-13 08:27:12.632 DEBUG HikariPool-1 housekeeper c.z.h.p.HikariPool: HikariPool-1 - Pool stats (total=10, active=0, idle=10, waiting=0)
:2025-08-13 08:27:12.632 DEBUG HikariPool-1 housekeeper c.z.h.p.HikariPool: HikariPool-1 - Fill pool skipped, pool has sufficient level or currently being filled.
:2025-08-13 08:27:42.633 DEBUG HikariPool-1 housekeeper c.z.h.p.HikariPool: HikariPool-1 - Pool stats (total=10, active=0, idle=10, waiting=0)
:2025-08-13 08:27:42.633 DEBUG HikariPool-1 housekeeper c.z.h.p.HikariPool: HikariPool-1 - Fill pool skipped, pool has sufficient level or currently being filled.
:2025-08-13 08:28:12.640 DEBUG HikariPool-1 housekeeper c.z.h.p.HikariPool: HikariPool-1 - Pool stats (total=10, active=0, idle=10, waiting=0)
:2025-08-13 08:28:12.640 DEBUG HikariPool-1 housekeeper c.z.h.p.HikariPool: HikariPool-1 - Fill pool skipped, pool has sufficient level or currently being filled.
:2025-08-13 08:28:42.642 DEBUG HikariPool-1 housekeeper c.z.h.p.HikariPool: HikariPool-1 - Pool stats (total=10, active=0, idle=10, waiting=0)
:2025-08-13 08:28:42.642 DEBUG HikariPool-1 housekeeper c.z.h.p.HikariPool: HikariPool-1 - Fill pool skipped, pool has sufficient level or currently being filled.
:2025-08-13 08:29:12.643 DEBUG HikariPool-1 housekeeper c.z.h.p.HikariPool: HikariPool-1 - Pool stats (total=10, active=0, idle=10, waiting=0)
:2025-08-13 08:29:12.643 DEBUG HikariPool-1 housekeeper c.z.h.p.HikariPool: HikariPool-1 - Fill pool skipped, pool has sufficient level or currently being filled.
:2025-08-13 08:29:42.646 DEBUG HikariPool-1 housekeeper c.z.h.p.HikariPool: HikariPool-1 - Pool stats (total=10, active=0, idle=10, waiting=0)
:2025-08-13 08:29:42.646 DEBUG HikariPool-1 housekeeper c.z.h.p.HikariPool: HikariPool-1 - Fill pool skipped, pool has sufficient level or currently being filled.
:2025-08-13 08:30:12.662 DEBUG HikariPool-1 housekeeper c.z.h.p.HikariPool: HikariPool-1 - Pool stats (total=10, active=0, idle=10, waiting=0)
:2025-08-13 08:30:12.662 DEBUG HikariPool-1 housekeeper c.z.h.p.HikariPool: HikariPool-1 - Fill pool skipped, pool has sufficient level or currently being filled.
:2025-08-13 08:30:42.674 DEBUG HikariPool-1 housekeeper c.z.h.p.HikariPool: HikariPool-1 - Pool stats (total=10, active=0, idle=10, waiting=0)
:2025-08-13 08:30:42.674 DEBUG HikariPool-1 housekeeper c.z.h.p.HikariPool: HikariPool-1 - Fill pool skipped, pool has sufficient level or currently being filled.
:2025-08-13 08:31:12.685 DEBUG HikariPool-1 housekeeper c.z.h.p.HikariPool: HikariPool-1 - Pool stats (total=10, active=0, idle=10, waiting=0)
:2025-08-13 08:31:12.685 DEBUG HikariPool-1 housekeeper c.z.h.p.HikariPool: HikariPool-1 - Fill pool skipped, pool has sufficient level or currently being filled.
:2025-08-13 08:31:42.697 DEBUG HikariPool-1 housekeeper c.z.h.p.HikariPool: HikariPool-1 - Pool stats (total=10, active=0, idle=10, waiting=0)
:2025-08-13 08:31:42.697 DEBUG HikariPool-1 housekeeper c.z.h.p.HikariPool: HikariPool-1 - Fill pool skipped, pool has sufficient level or currently being filled.
:2025-08-13 08:31:52.969 DEBUG HikariPool-1 connection closer c.z.h.p.PoolBase: HikariPool-1 - Closing connection com.mysql.cj.jdbc.ConnectionImpl@783d4dd0: (connection has passed maxLifetime)
:2025-08-13 08:31:52.975 DEBUG HikariPool-1 connection adder c.z.h.p.HikariPool: HikariPool-1 - Added connection com.mysql.cj.jdbc.ConnectionImpl@57bab1bd
:2025-08-13 08:31:53.017 DEBUG HikariPool-1 connection adder c.z.h.p.HikariPool: HikariPool-1 - Connection not added, stats (total=10, active=0, idle=10, waiting=0)
:2025-08-13 08:32:12.701 DEBUG HikariPool-1 housekeeper c.z.h.p.HikariPool: HikariPool-1 - Pool stats (total=10, active=0, idle=10, waiting=0)
:2025-08-13 08:32:12.701 DEBUG HikariPool-1 housekeeper c.z.h.p.HikariPool: HikariPool-1 - Fill pool skipped, pool has sufficient level or currently being filled.
:2025-08-13 08:32:27.325 DEBUG HikariPool-1 connection closer c.z.h.p.PoolBase: HikariPool-1 - Closing connection com.mysql.cj.jdbc.ConnectionImpl@6ca67745: (connection has passed maxLifetime)
:2025-08-13 08:32:27.328 DEBUG HikariPool-1 connection adder c.z.h.p.HikariPool: HikariPool-1 - Added connection com.mysql.cj.jdbc.ConnectionImpl@55d52df5
:2025-08-13 08:32:27.371 DEBUG HikariPool-1 connection adder c.z.h.p.HikariPool: HikariPool-1 - Connection not added, stats (total=10, active=0, idle=10, waiting=0)
:2025-08-13 08:32:33.568 DEBUG HikariPool-1 connection closer c.z.h.p.PoolBase: HikariPool-1 - Closing connection com.mysql.cj.jdbc.ConnectionImpl@5f5a92e5: (connection has passed maxLifetime)
:2025-08-13 08:32:33.571 DEBUG HikariPool-1 connection adder c.z.h.p.HikariPool: HikariPool-1 - Added connection com.mysql.cj.jdbc.ConnectionImpl@6f3ad71a
:2025-08-13 08:32:33.616 DEBUG HikariPool-1 connection adder c.z.h.p.HikariPool: HikariPool-1 - Connection not added, stats (total=10, active=0, idle=10, waiting=0)
:2025-08-13 08:32:40.038 DEBUG HikariPool-1 connection closer c.z.h.p.PoolBase: HikariPool-1 - Closing connection com.mysql.cj.jdbc.ConnectionImpl@45162385: (connection has passed maxLifetime)
:2025-08-13 08:32:40.042 DEBUG HikariPool-1 connection adder c.z.h.p.HikariPool: HikariPool-1 - Added connection com.mysql.cj.jdbc.ConnectionImpl@4c13f30a
:2025-08-13 08:32:40.085 DEBUG HikariPool-1 connection adder c.z.h.p.HikariPool: HikariPool-1 - Connection not added, stats (total=10, active=0, idle=10, waiting=0)
:2025-08-13 08:32:42.714 DEBUG HikariPool-1 housekeeper c.z.h.p.HikariPool: HikariPool-1 - Pool stats (total=10, active=0, idle=10, waiting=0)
:2025-08-13 08:32:42.714 DEBUG HikariPool-1 housekeeper c.z.h.p.HikariPool: HikariPool-1 - Fill pool skipped, pool has sufficient level or currently being filled.
:2025-08-13 08:33:07.310 DEBUG HikariPool-1 connection closer c.z.h.p.PoolBase: HikariPool-1 - Closing connection com.mysql.cj.jdbc.ConnectionImpl@4a0b45be: (connection has passed maxLifetime)
:2025-08-13 08:33:07.313 DEBUG HikariPool-1 connection adder c.z.h.p.HikariPool: HikariPool-1 - Added connection com.mysql.cj.jdbc.ConnectionImpl@745a5ecc
:2025-08-13 08:33:07.356 DEBUG HikariPool-1 connection adder c.z.h.p.HikariPool: HikariPool-1 - Connection not added, stats (total=10, active=0, idle=10, waiting=0)
:2025-08-13 08:33:12.729 DEBUG HikariPool-1 housekeeper c.z.h.p.HikariPool: HikariPool-1 - Pool stats (total=10, active=0, idle=10, waiting=0)
:2025-08-13 08:33:12.729 DEBUG HikariPool-1 housekeeper c.z.h.p.HikariPool: HikariPool-1 - Fill pool skipped, pool has sufficient level or currently being filled.
:2025-08-13 08:33:19.145 DEBUG HikariPool-1 connection closer c.z.h.p.PoolBase: HikariPool-1 - Closing connection com.mysql.cj.jdbc.ConnectionImpl@322b045b: (connection has passed maxLifetime)
:2025-08-13 08:33:19.149 DEBUG HikariPool-1 connection adder c.z.h.p.HikariPool: HikariPool-1 - Added connection com.mysql.cj.jdbc.ConnectionImpl@4dd590ae
:2025-08-13 08:33:19.192 DEBUG HikariPool-1 connection adder c.z.h.p.HikariPool: HikariPool-1 - Connection not added, stats (total=10, active=0, idle=10, waiting=0)
:2025-08-13 08:33:26.259 DEBUG HikariPool-1 connection closer c.z.h.p.PoolBase: HikariPool-1 - Closing connection com.mysql.cj.jdbc.ConnectionImpl@3f874f66: (connection has passed maxLifetime)
:2025-08-13 08:33:26.262 DEBUG HikariPool-1 connection adder c.z.h.p.HikariPool: HikariPool-1 - Added connection com.mysql.cj.jdbc.ConnectionImpl@681f5a4c
:2025-08-13 08:33:26.306 DEBUG HikariPool-1 connection adder c.z.h.p.HikariPool: HikariPool-1 - Connection not added, stats (total=10, active=0, idle=10, waiting=0)
:2025-08-13 08:33:42.730 DEBUG HikariPool-1 housekeeper c.z.h.p.HikariPool: HikariPool-1 - Pool stats (total=10, active=0, idle=10, waiting=0)
:2025-08-13 08:33:42.730 DEBUG HikariPool-1 housekeeper c.z.h.p.HikariPool: HikariPool-1 - Fill pool skipped, pool has sufficient level or currently being filled.
:2025-08-13 08:33:42.749 DEBUG HikariPool-1 connection closer c.z.h.p.PoolBase: HikariPool-1 - Closing connection com.mysql.cj.jdbc.ConnectionImpl@4ae2990: (connection has passed maxLifetime)
:2025-08-13 08:33:42.753 DEBUG HikariPool-1 connection adder c.z.h.p.HikariPool: HikariPool-1 - Added connection com.mysql.cj.jdbc.ConnectionImpl@53e24aa1
:2025-08-13 08:33:42.795 DEBUG HikariPool-1 connection adder c.z.h.p.HikariPool: HikariPool-1 - Connection not added, stats (total=10, active=0, idle=10, waiting=0)
:2025-08-13 08:34:02.285 DEBUG HikariPool-1 connection closer c.z.h.p.PoolBase: HikariPool-1 - Closing connection com.mysql.cj.jdbc.ConnectionImpl@17f1f47a: (connection has passed maxLifetime)
:2025-08-13 08:34:02.289 DEBUG HikariPool-1 connection adder c.z.h.p.HikariPool: HikariPool-1 - Added connection com.mysql.cj.jdbc.ConnectionImpl@fd6e597
:2025-08-13 08:34:02.333 DEBUG HikariPool-1 connection adder c.z.h.p.HikariPool: HikariPool-1 - Connection not added, stats (total=10, active=0, idle=10, waiting=0)
:2025-08-13 08:34:12.731 DEBUG HikariPool-1 housekeeper c.z.h.p.HikariPool: HikariPool-1 - Pool stats (total=10, active=0, idle=10, waiting=0)
:2025-08-13 08:34:12.731 DEBUG HikariPool-1 housekeeper c.z.h.p.HikariPool: HikariPool-1 - Fill pool skipped, pool has sufficient level or currently being filled.
:2025-08-13 08:34:42.743 DEBUG HikariPool-1 housekeeper c.z.h.p.HikariPool: HikariPool-1 - Pool stats (total=10, active=0, idle=10, waiting=0)
:2025-08-13 08:34:42.743 DEBUG HikariPool-1 housekeeper c.z.h.p.HikariPool: HikariPool-1 - Fill pool skipped, pool has sufficient level or currently being filled.
:2025-08-13 08:35:12.745 DEBUG HikariPool-1 housekeeper c.z.h.p.HikariPool: HikariPool-1 - Pool stats (total=10, active=0, idle=10, waiting=0)
:2025-08-13 08:35:12.745 DEBUG HikariPool-1 housekeeper c.z.h.p.HikariPool: HikariPool-1 - Fill pool skipped, pool has sufficient level or currently being filled.
:2025-08-13 08:35:42.750 DEBUG HikariPool-1 housekeeper c.z.h.p.HikariPool: HikariPool-1 - Pool stats (total=10, active=0, idle=10, waiting=0)
:2025-08-13 08:35:42.750 DEBUG HikariPool-1 housekeeper c.z.h.p.HikariPool: HikariPool-1 - Fill pool skipped, pool has sufficient level or currently being filled.
:2025-08-13 08:35:45.178 DEBUG HikariPool-1 connection closer c.z.h.p.PoolBase: HikariPool-1 - Closing connection com.mysql.cj.jdbc.ConnectionImpl@14017fc1: (connection has passed maxLifetime)
:2025-08-13 08:35:45.182 DEBUG HikariPool-1 connection adder c.z.h.p.HikariPool: HikariPool-1 - Added connection com.mysql.cj.jdbc.ConnectionImpl@3660647a
:2025-08-13 08:35:45.225 DEBUG HikariPool-1 connection adder c.z.h.p.HikariPool: HikariPool-1 - Connection not added, stats (total=10, active=0, idle=10, waiting=0)
:2025-08-13 08:36:12.755 DEBUG HikariPool-1 housekeeper c.z.h.p.HikariPool: HikariPool-1 - Pool stats (total=10, active=0, idle=10, waiting=0)
:2025-08-13 08:36:12.755 DEBUG HikariPool-1 housekeeper c.z.h.p.HikariPool: HikariPool-1 - Fill pool skipped, pool has sufficient level or currently being filled.
:2025-08-13 08:36:42.757 DEBUG HikariPool-1 housekeeper c.z.h.p.HikariPool: HikariPool-1 - Pool stats (total=10, active=0, idle=10, waiting=0)
:2025-08-13 08:36:42.757 DEBUG HikariPool-1 housekeeper c.z.h.p.HikariPool: HikariPool-1 - Fill pool skipped, pool has sufficient level or currently being filled.
:2025-08-13 08:37:12.759 DEBUG HikariPool-1 housekeeper c.z.h.p.HikariPool: HikariPool-1 - Pool stats (total=10, active=0, idle=10, waiting=0)
:2025-08-13 08:37:12.759 DEBUG HikariPool-1 housekeeper c.z.h.p.HikariPool: HikariPool-1 - Fill pool skipped, pool has sufficient level or currently being filled.
:2025-08-13 08:37:42.769 DEBUG HikariPool-1 housekeeper c.z.h.p.HikariPool: HikariPool-1 - Pool stats (total=10, active=0, idle=10, waiting=0)
:2025-08-13 08:37:42.769 DEBUG HikariPool-1 housekeeper c.z.h.p.HikariPool: HikariPool-1 - Fill pool skipped, pool has sufficient level or currently being filled.
:2025-08-13 08:38:12.775 DEBUG HikariPool-1 housekeeper c.z.h.p.HikariPool: HikariPool-1 - Pool stats (total=10, active=0, idle=10, waiting=0)
:2025-08-13 08:38:12.775 DEBUG HikariPool-1 housekeeper c.z.h.p.HikariPool: HikariPool-1 - Fill pool skipped, pool has sufficient level or currently being filled.
:2025-08-13 08:38:42.789 DEBUG HikariPool-1 housekeeper c.z.h.p.HikariPool: HikariPool-1 - Pool stats (total=10, active=0, idle=10, waiting=0)
:2025-08-13 08:38:42.789 DEBUG HikariPool-1 housekeeper c.z.h.p.HikariPool: HikariPool-1 - Fill pool skipped, pool has sufficient level or currently being filled.
:2025-08-13 08:39:12.799 DEBUG HikariPool-1 housekeeper c.z.h.p.HikariPool: HikariPool-1 - Pool stats (total=10, active=0, idle=10, waiting=0)
:2025-08-13 08:39:12.799 DEBUG HikariPool-1 housekeeper c.z.h.p.HikariPool: HikariPool-1 - Fill pool skipped, pool has sufficient level or currently being filled.
:2025-08-13 08:39:42.809 DEBUG HikariPool-1 housekeeper c.z.h.p.HikariPool: HikariPool-1 - Pool stats (total=10, active=0, idle=10, waiting=0)
:2025-08-13 08:39:42.809 DEBUG HikariPool-1 housekeeper c.z.h.p.HikariPool: HikariPool-1 - Fill pool skipped, pool has sufficient level or currently being filled.
:2025-08-13 08:40:12.818 DEBUG HikariPool-1 housekeeper c.z.h.p.HikariPool: HikariPool-1 - Pool stats (total=10, active=0, idle=10, waiting=0)
:2025-08-13 08:40:12.818 DEBUG HikariPool-1 housekeeper c.z.h.p.HikariPool: HikariPool-1 - Fill pool skipped, pool has sufficient level or currently being filled.
:2025-08-13 08:40:42.819 DEBUG HikariPool-1 housekeeper c.z.h.p.HikariPool: HikariPool-1 - Pool stats (total=10, active=0, idle=10, waiting=0)
:2025-08-13 08:40:42.819 DEBUG HikariPool-1 housekeeper c.z.h.p.HikariPool: HikariPool-1 - Fill pool skipped, pool has sufficient level or currently being filled.
:2025-08-13 08:41:12.831 DEBUG HikariPool-1 housekeeper c.z.h.p.HikariPool: HikariPool-1 - Pool stats (total=10, active=0, idle=10, waiting=0)
:2025-08-13 08:41:12.831 DEBUG HikariPool-1 housekeeper c.z.h.p.HikariPool: HikariPool-1 - Fill pool skipped, pool has sufficient level or currently being filled.
:2025-08-13 08:41:42.831 DEBUG HikariPool-1 housekeeper c.z.h.p.HikariPool: HikariPool-1 - Pool stats (total=10, active=0, idle=10, waiting=0)
:2025-08-13 08:41:42.831 DEBUG HikariPool-1 housekeeper c.z.h.p.HikariPool: HikariPool-1 - Fill pool skipped, pool has sufficient level or currently being filled.
:2025-08-13 08:42:12.845 DEBUG HikariPool-1 housekeeper c.z.h.p.HikariPool: HikariPool-1 - Pool stats (total=10, active=0, idle=10, waiting=0)
:2025-08-13 08:42:12.845 DEBUG HikariPool-1 housekeeper c.z.h.p.HikariPool: HikariPool-1 - Fill pool skipped, pool has sufficient level or currently being filled.
:2025-08-13 08:42:42.846 DEBUG HikariPool-1 housekeeper c.z.h.p.HikariPool: HikariPool-1 - Pool stats (total=10, active=0, idle=10, waiting=0)
:2025-08-13 08:42:42.846 DEBUG HikariPool-1 housekeeper c.z.h.p.HikariPool: HikariPool-1 - Fill pool skipped, pool has sufficient level or currently being filled.
:2025-08-13 08:43:12.851 DEBUG HikariPool-1 housekeeper c.z.h.p.HikariPool: HikariPool-1 - Pool stats (total=10, active=0, idle=10, waiting=0)
:2025-08-13 08:43:12.851 DEBUG HikariPool-1 housekeeper c.z.h.p.HikariPool: HikariPool-1 - Fill pool skipped, pool has sufficient level or currently being filled.
:2025-08-13 08:43:42.865 DEBUG HikariPool-1 housekeeper c.z.h.p.HikariPool: HikariPool-1 - Pool stats (total=10, active=0, idle=10, waiting=0)
:2025-08-13 08:43:42.865 DEBUG HikariPool-1 housekeeper c.z.h.p.HikariPool: HikariPool-1 - Fill pool skipped, pool has sufficient level or currently being filled.
:2025-08-13 08:44:12.878 DEBUG HikariPool-1 housekeeper c.z.h.p.HikariPool: HikariPool-1 - Pool stats (total=10, active=0, idle=10, waiting=0)
:2025-08-13 08:44:12.878 DEBUG HikariPool-1 housekeeper c.z.h.p.HikariPool: HikariPool-1 - Fill pool skipped, pool has sufficient level or currently being filled.
:2025-08-13 08:44:42.883 DEBUG HikariPool-1 housekeeper c.z.h.p.HikariPool: HikariPool-1 - Pool stats (total=10, active=0, idle=10, waiting=0)
:2025-08-13 08:44:42.883 DEBUG HikariPool-1 housekeeper c.z.h.p.HikariPool: HikariPool-1 - Fill pool skipped, pool has sufficient level or currently being filled.
:2025-08-13 08:45:12.891 DEBUG HikariPool-1 housekeeper c.z.h.p.HikariPool: HikariPool-1 - Pool stats (total=10, active=0, idle=10, waiting=0)
:2025-08-13 08:45:12.891 DEBUG HikariPool-1 housekeeper c.z.h.p.HikariPool: HikariPool-1 - Fill pool skipped, pool has sufficient level or currently being filled.
:2025-08-13 08:45:42.898 DEBUG HikariPool-1 housekeeper c.z.h.p.HikariPool: HikariPool-1 - Pool stats (total=10, active=0, idle=10, waiting=0)
:2025-08-13 08:45:42.898 DEBUG HikariPool-1 housekeeper c.z.h.p.HikariPool: HikariPool-1 - Fill pool skipped, pool has sufficient level or currently being filled.
:2025-08-13 08:46:12.907 DEBUG HikariPool-1 housekeeper c.z.h.p.HikariPool: HikariPool-1 - Pool stats (total=10, active=0, idle=10, waiting=0)
:2025-08-13 08:46:12.907 DEBUG HikariPool-1 housekeeper c.z.h.p.HikariPool: HikariPool-1 - Fill pool skipped, pool has sufficient level or currently being filled.
:2025-08-13 08:46:42.912 DEBUG HikariPool-1 housekeeper c.z.h.p.HikariPool: HikariPool-1 - Pool stats (total=10, active=0, idle=10, waiting=0)
:2025-08-13 08:46:42.912 DEBUG HikariPool-1 housekeeper c.z.h.p.HikariPool: HikariPool-1 - Fill pool skipped, pool has sufficient level or currently being filled.
:2025-08-13 08:47:12.921 DEBUG HikariPool-1 housekeeper c.z.h.p.HikariPool: HikariPool-1 - Pool stats (total=10, active=0, idle=10, waiting=0)
:2025-08-13 08:47:12.921 DEBUG HikariPool-1 housekeeper c.z.h.p.HikariPool: HikariPool-1 - Fill pool skipped, pool has sufficient level or currently being filled.
:2025-08-13 08:47:42.928 DEBUG HikariPool-1 housekeeper c.z.h.p.HikariPool: HikariPool-1 - Pool stats (total=10, active=0, idle=10, waiting=0)
:2025-08-13 08:47:42.928 DEBUG HikariPool-1 housekeeper c.z.h.p.HikariPool: HikariPool-1 - Fill pool skipped, pool has sufficient level or currently being filled.
:2025-08-13 08:48:12.941 DEBUG HikariPool-1 housekeeper c.z.h.p.HikariPool: HikariPool-1 - Pool stats (total=10, active=0, idle=10, waiting=0)
:2025-08-13 08:48:12.941 DEBUG HikariPool-1 housekeeper c.z.h.p.HikariPool: HikariPool-1 - Fill pool skipped, pool has sufficient level or currently being filled.
:2025-08-13 08:48:42.948 DEBUG HikariPool-1 housekeeper c.z.h.p.HikariPool: HikariPool-1 - Pool stats (total=10, active=0, idle=10, waiting=0)
:2025-08-13 08:48:42.948 DEBUG HikariPool-1 housekeeper c.z.h.p.HikariPool: HikariPool-1 - Fill pool skipped, pool has sufficient level or currently being filled.
:2025-08-13 08:49:12.962 DEBUG HikariPool-1 housekeeper c.z.h.p.HikariPool: HikariPool-1 - Pool stats (total=10, active=0, idle=10, waiting=0)
:2025-08-13 08:49:12.962 DEBUG HikariPool-1 housekeeper c.z.h.p.HikariPool: HikariPool-1 - Fill pool skipped, pool has sufficient level or currently being filled.
:2025-08-13 08:49:42.966 DEBUG HikariPool-1 housekeeper c.z.h.p.HikariPool: HikariPool-1 - Pool stats (total=10, active=0, idle=10, waiting=0)
:2025-08-13 08:49:42.966 DEBUG HikariPool-1 housekeeper c.z.h.p.HikariPool: HikariPool-1 - Fill pool skipped, pool has sufficient level or currently being filled.
:2025-08-13 08:50:12.969 DEBUG HikariPool-1 housekeeper c.z.h.p.HikariPool: HikariPool-1 - Pool stats (total=10, active=0, idle=10, waiting=0)
:2025-08-13 08:50:12.969 DEBUG HikariPool-1 housekeeper c.z.h.p.HikariPool: HikariPool-1 - Fill pool skipped, pool has sufficient level or currently being filled.
:2025-08-13 08:50:42.976 DEBUG HikariPool-1 housekeeper c.z.h.p.HikariPool: HikariPool-1 - Pool stats (total=10, active=0, idle=10, waiting=0)
:2025-08-13 08:50:42.976 DEBUG HikariPool-1 housekeeper c.z.h.p.HikariPool: HikariPool-1 - Fill pool skipped, pool has sufficient level or currently being filled.
:2025-08-13 08:51:12.990 DEBUG HikariPool-1 housekeeper c.z.h.p.HikariPool: HikariPool-1 - Pool stats (total=10, active=0, idle=10, waiting=0)
:2025-08-13 08:51:12.990 DEBUG HikariPool-1 housekeeper c.z.h.p.HikariPool: HikariPool-1 - Fill pool skipped, pool has sufficient level or currently being filled.
:2025-08-13 08:51:42.997 DEBUG HikariPool-1 housekeeper c.z.h.p.HikariPool: HikariPool-1 - Pool stats (total=10, active=0, idle=10, waiting=0)
:2025-08-13 08:51:42.997 DEBUG HikariPool-1 housekeeper c.z.h.p.HikariPool: HikariPool-1 - Fill pool skipped, pool has sufficient level or currently being filled.
:2025-08-13 08:52:13.003 DEBUG HikariPool-1 housekeeper c.z.h.p.HikariPool: HikariPool-1 - Pool stats (total=10, active=0, idle=10, waiting=0)
:2025-08-13 08:52:13.003 DEBUG HikariPool-1 housekeeper c.z.h.p.HikariPool: HikariPool-1 - Fill pool skipped, pool has sufficient level or currently being filled.
:2025-08-13 08:52:43.017 DEBUG HikariPool-1 housekeeper c.z.h.p.HikariPool: HikariPool-1 - Pool stats (total=10, active=0, idle=10, waiting=0)
:2025-08-13 08:52:43.017 DEBUG HikariPool-1 housekeeper c.z.h.p.HikariPool: HikariPool-1 - Fill pool skipped, pool has sufficient level or currently being filled.
:2025-08-13 08:53:13.029 DEBUG HikariPool-1 housekeeper c.z.h.p.HikariPool: HikariPool-1 - Pool stats (total=10, active=0, idle=10, waiting=0)
:2025-08-13 08:53:13.029 DEBUG HikariPool-1 housekeeper c.z.h.p.HikariPool: HikariPool-1 - Fill pool skipped, pool has sufficient level or currently being filled.
:2025-08-13 08:53:43.042 DEBUG HikariPool-1 housekeeper c.z.h.p.HikariPool: HikariPool-1 - Pool stats (total=10, active=0, idle=10, waiting=0)
:2025-08-13 08:53:43.042 DEBUG HikariPool-1 housekeeper c.z.h.p.HikariPool: HikariPool-1 - Fill pool skipped, pool has sufficient level or currently being filled.
:2025-08-13 08:54:13.044 DEBUG HikariPool-1 housekeeper c.z.h.p.HikariPool: HikariPool-1 - Pool stats (total=10, active=0, idle=10, waiting=0)
:2025-08-13 08:54:13.044 DEBUG HikariPool-1 housekeeper c.z.h.p.HikariPool: HikariPool-1 - Fill pool skipped, pool has sufficient level or currently being filled.
:2025-08-13 08:54:43.050 DEBUG HikariPool-1 housekeeper c.z.h.p.HikariPool: HikariPool-1 - Pool stats (total=10, active=0, idle=10, waiting=0)
:2025-08-13 08:54:43.050 DEBUG HikariPool-1 housekeeper c.z.h.p.HikariPool: HikariPool-1 - Fill pool skipped, pool has sufficient level or currently being filled.
:2025-08-13 08:55:13.053 DEBUG HikariPool-1 housekeeper c.z.h.p.HikariPool: HikariPool-1 - Pool stats (total=10, active=0, idle=10, waiting=0)
:2025-08-13 08:55:13.053 DEBUG HikariPool-1 housekeeper c.z.h.p.HikariPool: HikariPool-1 - Fill pool skipped, pool has sufficient level or currently being filled.
:2025-08-13 08:55:43.055 DEBUG HikariPool-1 housekeeper c.z.h.p.HikariPool: HikariPool-1 - Pool stats (total=10, active=0, idle=10, waiting=0)
:2025-08-13 08:55:43.055 DEBUG HikariPool-1 housekeeper c.z.h.p.HikariPool: HikariPool-1 - Fill pool skipped, pool has sufficient level or currently being filled.
:2025-08-13 08:56:13.069 DEBUG HikariPool-1 housekeeper c.z.h.p.HikariPool: HikariPool-1 - Pool stats (total=10, active=0, idle=10, waiting=0)
:2025-08-13 08:56:13.069 DEBUG HikariPool-1 housekeeper c.z.h.p.HikariPool: HikariPool-1 - Fill pool skipped, pool has sufficient level or currently being filled.
:2025-08-13 08:56:43.072 DEBUG HikariPool-1 housekeeper c.z.h.p.HikariPool: HikariPool-1 - Pool stats (total=10, active=0, idle=10, waiting=0)
:2025-08-13 08:56:43.072 DEBUG HikariPool-1 housekeeper c.z.h.p.HikariPool: HikariPool-1 - Fill pool skipped, pool has sufficient level or currently being filled.
:2025-08-13 08:57:13.085 DEBUG HikariPool-1 housekeeper c.z.h.p.HikariPool: HikariPool-1 - Pool stats (total=10, active=0, idle=10, waiting=0)
:2025-08-13 08:57:13.085 DEBUG HikariPool-1 housekeeper c.z.h.p.HikariPool: HikariPool-1 - Fill pool skipped, pool has sufficient level or currently being filled.
:2025-08-13 08:57:43.088 DEBUG HikariPool-1 housekeeper c.z.h.p.HikariPool: HikariPool-1 - Pool stats (total=10, active=0, idle=10, waiting=0)
:2025-08-13 08:57:43.088 DEBUG HikariPool-1 housekeeper c.z.h.p.HikariPool: HikariPool-1 - Fill pool skipped, pool has sufficient level or currently being filled.
:2025-08-13 08:58:13.088 DEBUG HikariPool-1 housekeeper c.z.h.p.HikariPool: HikariPool-1 - Pool stats (total=10, active=0, idle=10, waiting=0)
:2025-08-13 08:58:13.088 DEBUG HikariPool-1 housekeeper c.z.h.p.HikariPool: HikariPool-1 - Fill pool skipped, pool has sufficient level or currently being filled.
:2025-08-13 08:58:43.096 DEBUG HikariPool-1 housekeeper c.z.h.p.HikariPool: HikariPool-1 - Pool stats (total=10, active=0, idle=10, waiting=0)
:2025-08-13 08:58:43.096 DEBUG HikariPool-1 housekeeper c.z.h.p.HikariPool: HikariPool-1 - Fill pool skipped, pool has sufficient level or currently being filled.
:2025-08-13 08:59:13.097 DEBUG HikariPool-1 housekeeper c.z.h.p.HikariPool: HikariPool-1 - Pool stats (total=10, active=0, idle=10, waiting=0)
:2025-08-13 08:59:13.097 DEBUG HikariPool-1 housekeeper c.z.h.p.HikariPool: HikariPool-1 - Fill pool skipped, pool has sufficient level or currently being filled.
:2025-08-13 08:59:43.112 DEBUG HikariPool-1 housekeeper c.z.h.p.HikariPool: HikariPool-1 - Pool stats (total=10, active=0, idle=10, waiting=0)
:2025-08-13 08:59:43.112 DEBUG HikariPool-1 housekeeper c.z.h.p.HikariPool: HikariPool-1 - Fill pool skipped, pool has sufficient level or currently being filled.
:2025-08-13 09:00:13.127 DEBUG HikariPool-1 housekeeper c.z.h.p.HikariPool: HikariPool-1 - Pool stats (total=10, active=0, idle=10, waiting=0)
:2025-08-13 09:00:13.127 DEBUG HikariPool-1 housekeeper c.z.h.p.HikariPool: HikariPool-1 - Fill pool skipped, pool has sufficient level or currently being filled.
:2025-08-13 09:00:43.130 DEBUG HikariPool-1 housekeeper c.z.h.p.HikariPool: HikariPool-1 - Pool stats (total=10, active=0, idle=10, waiting=0)
:2025-08-13 09:00:43.130 DEBUG HikariPool-1 housekeeper c.z.h.p.HikariPool: HikariPool-1 - Fill pool skipped, pool has sufficient level or currently being filled.
:2025-08-13 09:01:13.136 DEBUG HikariPool-1 housekeeper c.z.h.p.HikariPool: HikariPool-1 - Pool stats (total=10, active=0, idle=10, waiting=0)
:2025-08-13 09:01:13.136 DEBUG HikariPool-1 housekeeper c.z.h.p.HikariPool: HikariPool-1 - Fill pool skipped, pool has sufficient level or currently being filled.
:2025-08-13 09:01:39.959 DEBUG HikariPool-1 connection closer c.z.h.p.PoolBase: HikariPool-1 - Closing connection com.mysql.cj.jdbc.ConnectionImpl@57bab1bd: (connection has passed maxLifetime)
:2025-08-13 09:01:39.962 DEBUG HikariPool-1 connection adder c.z.h.p.HikariPool: HikariPool-1 - Added connection com.mysql.cj.jdbc.ConnectionImpl@5256e94f
:2025-08-13 09:01:40.006 DEBUG HikariPool-1 connection adder c.z.h.p.HikariPool: HikariPool-1 - Connection not added, stats (total=10, active=0, idle=10, waiting=0)
:2025-08-13 09:01:43.137 DEBUG HikariPool-1 housekeeper c.z.h.p.HikariPool: HikariPool-1 - Pool stats (total=10, active=0, idle=10, waiting=0)
:2025-08-13 09:01:43.137 DEBUG HikariPool-1 housekeeper c.z.h.p.HikariPool: HikariPool-1 - Fill pool skipped, pool has sufficient level or currently being filled.
:2025-08-13 09:02:01.155 DEBUG HikariPool-1 connection closer c.z.h.p.PoolBase: HikariPool-1 - Closing connection com.mysql.cj.jdbc.ConnectionImpl@55d52df5: (connection has passed maxLifetime)
:2025-08-13 09:02:01.159 DEBUG HikariPool-1 connection adder c.z.h.p.HikariPool: HikariPool-1 - Added connection com.mysql.cj.jdbc.ConnectionImpl@7991101c
:2025-08-13 09:02:01.202 DEBUG HikariPool-1 connection adder c.z.h.p.HikariPool: HikariPool-1 - Connection not added, stats (total=10, active=0, idle=10, waiting=0)
:2025-08-13 09:02:08.178 DEBUG HikariPool-1 connection closer c.z.h.p.PoolBase: HikariPool-1 - Closing connection com.mysql.cj.jdbc.ConnectionImpl@6f3ad71a: (connection has passed maxLifetime)
:2025-08-13 09:02:08.183 DEBUG HikariPool-1 connection adder c.z.h.p.HikariPool: HikariPool-1 - Added connection com.mysql.cj.jdbc.ConnectionImpl@4933cd79
:2025-08-13 09:02:08.226 DEBUG HikariPool-1 connection adder c.z.h.p.HikariPool: HikariPool-1 - Connection not added, stats (total=10, active=0, idle=10, waiting=0)
:2025-08-13 09:02:13.145 DEBUG HikariPool-1 housekeeper c.z.h.p.HikariPool: HikariPool-1 - Pool stats (total=10, active=0, idle=10, waiting=0)
:2025-08-13 09:02:13.145 DEBUG HikariPool-1 housekeeper c.z.h.p.HikariPool: HikariPool-1 - Fill pool skipped, pool has sufficient level or currently being filled.
:2025-08-13 09:02:21.858 DEBUG HikariPool-1 connection closer c.z.h.p.PoolBase: HikariPool-1 - Closing connection com.mysql.cj.jdbc.ConnectionImpl@4c13f30a: (connection has passed maxLifetime)
:2025-08-13 09:02:21.862 DEBUG HikariPool-1 connection adder c.z.h.p.HikariPool: HikariPool-1 - Added connection com.mysql.cj.jdbc.ConnectionImpl@2dfedb7f
:2025-08-13 09:02:21.905 DEBUG HikariPool-1 connection adder c.z.h.p.HikariPool: HikariPool-1 - Connection not added, stats (total=10, active=0, idle=10, waiting=0)
:2025-08-13 09:02:43.146 DEBUG HikariPool-1 housekeeper c.z.h.p.HikariPool: HikariPool-1 - Pool stats (total=10, active=0, idle=10, waiting=0)
:2025-08-13 09:02:43.146 DEBUG HikariPool-1 housekeeper c.z.h.p.HikariPool: HikariPool-1 - Fill pool skipped, pool has sufficient level or currently being filled.
:2025-08-13 09:02:46.392 DEBUG HikariPool-1 connection closer c.z.h.p.PoolBase: HikariPool-1 - Closing connection com.mysql.cj.jdbc.ConnectionImpl@4dd590ae: (connection has passed maxLifetime)
:2025-08-13 09:02:46.396 DEBUG HikariPool-1 connection adder c.z.h.p.HikariPool: HikariPool-1 - Added connection com.mysql.cj.jdbc.ConnectionImpl@b8fef74
:2025-08-13 09:02:46.439 DEBUG HikariPool-1 connection adder c.z.h.p.HikariPool: HikariPool-1 - Connection not added, stats (total=10, active=0, idle=10, waiting=0)
:2025-08-13 09:02:47.373 DEBUG HikariPool-1 connection closer c.z.h.p.PoolBase: HikariPool-1 - Closing connection com.mysql.cj.jdbc.ConnectionImpl@745a5ecc: (connection has passed maxLifetime)
:2025-08-13 09:02:47.376 DEBUG HikariPool-1 connection adder c.z.h.p.HikariPool: HikariPool-1 - Added connection com.mysql.cj.jdbc.ConnectionImpl@7f89cc8c
:2025-08-13 09:02:47.420 DEBUG HikariPool-1 connection adder c.z.h.p.HikariPool: HikariPool-1 - Connection not added, stats (total=10, active=0, idle=10, waiting=0)
:2025-08-13 09:03:09.859 DEBUG HikariPool-1 connection closer c.z.h.p.PoolBase: HikariPool-1 - Closing connection com.mysql.cj.jdbc.ConnectionImpl@53e24aa1: (connection has passed maxLifetime)
:2025-08-13 09:03:09.863 DEBUG HikariPool-1 connection adder c.z.h.p.HikariPool: HikariPool-1 - Added connection com.mysql.cj.jdbc.ConnectionImpl@2a94fc02
:2025-08-13 09:03:09.905 DEBUG HikariPool-1 connection adder c.z.h.p.HikariPool: HikariPool-1 - Connection not added, stats (total=10, active=0, idle=10, waiting=0)
:2025-08-13 09:03:12.484 DEBUG HikariPool-1 connection closer c.z.h.p.PoolBase: HikariPool-1 - Closing connection com.mysql.cj.jdbc.ConnectionImpl@681f5a4c: (connection has passed maxLifetime)
:2025-08-13 09:03:12.488 DEBUG HikariPool-1 connection adder c.z.h.p.HikariPool: HikariPool-1 - Added connection com.mysql.cj.jdbc.ConnectionImpl@fb9987b
:2025-08-13 09:03:12.531 DEBUG HikariPool-1 connection adder c.z.h.p.HikariPool: HikariPool-1 - Connection not added, stats (total=10, active=0, idle=10, waiting=0)
:2025-08-13 09:03:13.150 DEBUG HikariPool-1 housekeeper c.z.h.p.HikariPool: HikariPool-1 - Pool stats (total=10, active=0, idle=10, waiting=0)
:2025-08-13 09:03:13.150 DEBUG HikariPool-1 housekeeper c.z.h.p.HikariPool: HikariPool-1 - Fill pool skipped, pool has sufficient level or currently being filled.
:2025-08-13 09:03:43.157 DEBUG HikariPool-1 housekeeper c.z.h.p.HikariPool: HikariPool-1 - Pool stats (total=10, active=0, idle=10, waiting=0)
:2025-08-13 09:03:43.157 DEBUG HikariPool-1 housekeeper c.z.h.p.HikariPool: HikariPool-1 - Fill pool skipped, pool has sufficient level or currently being filled.
:2025-08-13 09:03:48.285 DEBUG HikariPool-1 connection closer c.z.h.p.PoolBase: HikariPool-1 - Closing connection com.mysql.cj.jdbc.ConnectionImpl@fd6e597: (connection has passed maxLifetime)
:2025-08-13 09:03:48.289 DEBUG HikariPool-1 connection adder c.z.h.p.HikariPool: HikariPool-1 - Added connection com.mysql.cj.jdbc.ConnectionImpl@5a4fab71
:2025-08-13 09:03:48.332 DEBUG HikariPool-1 connection adder c.z.h.p.HikariPool: HikariPool-1 - Connection not added, stats (total=10, active=0, idle=10, waiting=0)
:2025-08-13 09:04:13.165 DEBUG HikariPool-1 housekeeper c.z.h.p.HikariPool: HikariPool-1 - Pool stats (total=10, active=0, idle=10, waiting=0)
:2025-08-13 09:04:13.165 DEBUG HikariPool-1 housekeeper c.z.h.p.HikariPool: HikariPool-1 - Fill pool skipped, pool has sufficient level or currently being filled.
:2025-08-13 09:04:43.178 DEBUG HikariPool-1 housekeeper c.z.h.p.HikariPool: HikariPool-1 - Pool stats (total=10, active=0, idle=10, waiting=0)
:2025-08-13 09:04:43.178 DEBUG HikariPool-1 housekeeper c.z.h.p.HikariPool: HikariPool-1 - Fill pool skipped, pool has sufficient level or currently being filled.
:2025-08-13 09:05:13.186 DEBUG HikariPool-1 housekeeper c.z.h.p.HikariPool: HikariPool-1 - Pool stats (total=10, active=0, idle=10, waiting=0)
:2025-08-13 09:05:13.186 DEBUG HikariPool-1 housekeeper c.z.h.p.HikariPool: HikariPool-1 - Fill pool skipped, pool has sufficient level or currently being filled.
:2025-08-13 09:05:19.549 DEBUG HikariPool-1 connection closer c.z.h.p.PoolBase: HikariPool-1 - Closing connection com.mysql.cj.jdbc.ConnectionImpl@3660647a: (connection has passed maxLifetime)
:2025-08-13 09:05:19.552 DEBUG HikariPool-1 connection adder c.z.h.p.HikariPool: HikariPool-1 - Added connection com.mysql.cj.jdbc.ConnectionImpl@357ef798
:2025-08-13 09:05:19.597 DEBUG HikariPool-1 connection adder c.z.h.p.HikariPool: HikariPool-1 - Connection not added, stats (total=10, active=0, idle=10, waiting=0)
:2025-08-13 09:05:43.198 DEBUG HikariPool-1 housekeeper c.z.h.p.HikariPool: HikariPool-1 - Pool stats (total=10, active=0, idle=10, waiting=0)
:2025-08-13 09:05:43.198 DEBUG HikariPool-1 housekeeper c.z.h.p.HikariPool: HikariPool-1 - Fill pool skipped, pool has sufficient level or currently being filled.
:2025-08-13 09:06:13.204 DEBUG HikariPool-1 housekeeper c.z.h.p.HikariPool: HikariPool-1 - Pool stats (total=10, active=0, idle=10, waiting=0)
:2025-08-13 09:06:13.204 DEBUG HikariPool-1 housekeeper c.z.h.p.HikariPool: HikariPool-1 - Fill pool skipped, pool has sufficient level or currently being filled.
:2025-08-13 09:06:43.215 DEBUG HikariPool-1 housekeeper c.z.h.p.HikariPool: HikariPool-1 - Pool stats (total=10, active=0, idle=10, waiting=0)
:2025-08-13 09:06:43.215 DEBUG HikariPool-1 housekeeper c.z.h.p.HikariPool: HikariPool-1 - Fill pool skipped, pool has sufficient level or currently being filled.
:2025-08-13 09:07:13.219 DEBUG HikariPool-1 housekeeper c.z.h.p.HikariPool: HikariPool-1 - Pool stats (total=10, active=0, idle=10, waiting=0)
:2025-08-13 09:07:13.219 DEBUG HikariPool-1 housekeeper c.z.h.p.HikariPool: HikariPool-1 - Fill pool skipped, pool has sufficient level or currently being filled.
:2025-08-13 09:07:43.222 DEBUG HikariPool-1 housekeeper c.z.h.p.HikariPool: HikariPool-1 - Pool stats (total=10, active=0, idle=10, waiting=0)
:2025-08-13 09:07:43.222 DEBUG HikariPool-1 housekeeper c.z.h.p.HikariPool: HikariPool-1 - Fill pool skipped, pool has sufficient level or currently being filled.
:2025-08-13 09:08:13.230 DEBUG HikariPool-1 housekeeper c.z.h.p.HikariPool: HikariPool-1 - Pool stats (total=10, active=0, idle=10, waiting=0)
:2025-08-13 09:08:13.230 DEBUG HikariPool-1 housekeeper c.z.h.p.HikariPool: HikariPool-1 - Fill pool skipped, pool has sufficient level or currently being filled.
:2025-08-13 09:08:43.231 DEBUG HikariPool-1 housekeeper c.z.h.p.HikariPool: HikariPool-1 - Pool stats (total=10, active=0, idle=10, waiting=0)
:2025-08-13 09:08:43.231 DEBUG HikariPool-1 housekeeper c.z.h.p.HikariPool: HikariPool-1 - Fill pool skipped, pool has sufficient level or currently being filled.
:2025-08-13 09:09:13.235 DEBUG HikariPool-1 housekeeper c.z.h.p.HikariPool: HikariPool-1 - Pool stats (total=10, active=0, idle=10, waiting=0)
:2025-08-13 09:09:13.235 DEBUG HikariPool-1 housekeeper c.z.h.p.HikariPool: HikariPool-1 - Fill pool skipped, pool has sufficient level or currently being filled.
:2025-08-13 09:09:43.248 DEBUG HikariPool-1 housekeeper c.z.h.p.HikariPool: HikariPool-1 - Pool stats (total=10, active=0, idle=10, waiting=0)
:2025-08-13 09:09:43.248 DEBUG HikariPool-1 housekeeper c.z.h.p.HikariPool: HikariPool-1 - Fill pool skipped, pool has sufficient level or currently being filled.
:2025-08-13 09:10:13.249 DEBUG HikariPool-1 housekeeper c.z.h.p.HikariPool: HikariPool-1 - Pool stats (total=10, active=0, idle=10, waiting=0)
:2025-08-13 09:10:13.249 DEBUG HikariPool-1 housekeeper c.z.h.p.HikariPool: HikariPool-1 - Fill pool skipped, pool has sufficient level or currently being filled.
:2025-08-13 09:10:43.263 DEBUG HikariPool-1 housekeeper c.z.h.p.HikariPool: HikariPool-1 - Pool stats (total=10, active=0, idle=10, waiting=0)
:2025-08-13 09:10:43.263 DEBUG HikariPool-1 housekeeper c.z.h.p.HikariPool: HikariPool-1 - Fill pool skipped, pool has sufficient level or currently being filled.
:2025-08-13 09:11:13.276 DEBUG HikariPool-1 housekeeper c.z.h.p.HikariPool: HikariPool-1 - Pool stats (total=10, active=0, idle=10, waiting=0)
:2025-08-13 09:11:13.276 DEBUG HikariPool-1 housekeeper c.z.h.p.HikariPool: HikariPool-1 - Fill pool skipped, pool has sufficient level or currently being filled.
:2025-08-13 09:11:43.286 DEBUG HikariPool-1 housekeeper c.z.h.p.HikariPool: HikariPool-1 - Pool stats (total=10, active=0, idle=10, waiting=0)
:2025-08-13 09:11:43.286 DEBUG HikariPool-1 housekeeper c.z.h.p.HikariPool: HikariPool-1 - Fill pool skipped, pool has sufficient level or currently being filled.
:2025-08-13 09:12:13.295 DEBUG HikariPool-1 housekeeper c.z.h.p.HikariPool: HikariPool-1 - Pool stats (total=10, active=0, idle=10, waiting=0)
:2025-08-13 09:12:13.295 DEBUG HikariPool-1 housekeeper c.z.h.p.HikariPool: HikariPool-1 - Fill pool skipped, pool has sufficient level or currently being filled.
:2025-08-13 09:12:43.306 DEBUG HikariPool-1 housekeeper c.z.h.p.HikariPool: HikariPool-1 - Pool stats (total=10, active=0, idle=10, waiting=0)
:2025-08-13 09:12:43.306 DEBUG HikariPool-1 housekeeper c.z.h.p.HikariPool: HikariPool-1 - Fill pool skipped, pool has sufficient level or currently being filled.
:2025-08-13 09:13:13.321 DEBUG HikariPool-1 housekeeper c.z.h.p.HikariPool: HikariPool-1 - Pool stats (total=10, active=0, idle=10, waiting=0)
:2025-08-13 09:13:13.321 DEBUG HikariPool-1 housekeeper c.z.h.p.HikariPool: HikariPool-1 - Fill pool skipped, pool has sufficient level or currently being filled.
:2025-08-13 09:13:43.332 DEBUG HikariPool-1 housekeeper c.z.h.p.HikariPool: HikariPool-1 - Pool stats (total=10, active=0, idle=10, waiting=0)
:2025-08-13 09:13:43.332 DEBUG HikariPool-1 housekeeper c.z.h.p.HikariPool: HikariPool-1 - Fill pool skipped, pool has sufficient level or currently being filled.
:2025-08-13 09:14:13.346 DEBUG HikariPool-1 housekeeper c.z.h.p.HikariPool: HikariPool-1 - Pool stats (total=10, active=0, idle=10, waiting=0)
:2025-08-13 09:14:13.346 DEBUG HikariPool-1 housekeeper c.z.h.p.HikariPool: HikariPool-1 - Fill pool skipped, pool has sufficient level or currently being filled.
:2025-08-13 09:14:43.353 DEBUG HikariPool-1 housekeeper c.z.h.p.HikariPool: HikariPool-1 - Pool stats (total=10, active=0, idle=10, waiting=0)
:2025-08-13 09:14:43.353 DEBUG HikariPool-1 housekeeper c.z.h.p.HikariPool: HikariPool-1 - Fill pool skipped, pool has sufficient level or currently being filled.
:2025-08-13 09:15:13.367 DEBUG HikariPool-1 housekeeper c.z.h.p.HikariPool: HikariPool-1 - Pool stats (total=10, active=0, idle=10, waiting=0)
:2025-08-13 09:15:13.367 DEBUG HikariPool-1 housekeeper c.z.h.p.HikariPool: HikariPool-1 - Fill pool skipped, pool has sufficient level or currently being filled.
:2025-08-13 09:15:43.380 DEBUG HikariPool-1 housekeeper c.z.h.p.HikariPool: HikariPool-1 - Pool stats (total=10, active=0, idle=10, waiting=0)
:2025-08-13 09:15:43.380 DEBUG HikariPool-1 housekeeper c.z.h.p.HikariPool: HikariPool-1 - Fill pool skipped, pool has sufficient level or currently being filled.
:2025-08-13 09:16:13.381 DEBUG HikariPool-1 housekeeper c.z.h.p.HikariPool: HikariPool-1 - Pool stats (total=10, active=0, idle=10, waiting=0)
:2025-08-13 09:16:13.381 DEBUG HikariPool-1 housekeeper c.z.h.p.HikariPool: HikariPool-1 - Fill pool skipped, pool has sufficient level or currently being filled.
:2025-08-13 09:16:43.390 DEBUG HikariPool-1 housekeeper c.z.h.p.HikariPool: HikariPool-1 - Pool stats (total=10, active=0, idle=10, waiting=0)
:2025-08-13 09:16:43.390 DEBUG HikariPool-1 housekeeper c.z.h.p.HikariPool: HikariPool-1 - Fill pool skipped, pool has sufficient level or currently being filled.
:2025-08-13 09:17:13.396 DEBUG HikariPool-1 housekeeper c.z.h.p.HikariPool: HikariPool-1 - Pool stats (total=10, active=0, idle=10, waiting=0)
:2025-08-13 09:17:13.396 DEBUG HikariPool-1 housekeeper c.z.h.p.HikariPool: HikariPool-1 - Fill pool skipped, pool has sufficient level or currently being filled.
:2025-08-13 09:17:43.408 DEBUG HikariPool-1 housekeeper c.z.h.p.HikariPool: HikariPool-1 - Pool stats (total=10, active=0, idle=10, waiting=0)
:2025-08-13 09:17:43.408 DEBUG HikariPool-1 housekeeper c.z.h.p.HikariPool: HikariPool-1 - Fill pool skipped, pool has sufficient level or currently being filled.
:2025-08-13 09:18:13.420 DEBUG HikariPool-1 housekeeper c.z.h.p.HikariPool: HikariPool-1 - Pool stats (total=10, active=0, idle=10, waiting=0)
:2025-08-13 09:18:13.420 DEBUG HikariPool-1 housekeeper c.z.h.p.HikariPool: HikariPool-1 - Fill pool skipped, pool has sufficient level or currently being filled.
:2025-08-13 09:18:43.424 DEBUG HikariPool-1 housekeeper c.z.h.p.HikariPool: HikariPool-1 - Pool stats (total=10, active=0, idle=10, waiting=0)
:2025-08-13 09:18:43.424 DEBUG HikariPool-1 housekeeper c.z.h.p.HikariPool: HikariPool-1 - Fill pool skipped, pool has sufficient level or currently being filled.
:2025-08-13 09:19:13.434 DEBUG HikariPool-1 housekeeper c.z.h.p.HikariPool: HikariPool-1 - Pool stats (total=10, active=0, idle=10, waiting=0)
:2025-08-13 09:19:13.434 DEBUG HikariPool-1 housekeeper c.z.h.p.HikariPool: HikariPool-1 - Fill pool skipped, pool has sufficient level or currently being filled.
:2025-08-13 09:19:43.440 DEBUG HikariPool-1 housekeeper c.z.h.p.HikariPool: HikariPool-1 - Pool stats (total=10, active=0, idle=10, waiting=0)
:2025-08-13 09:19:43.440 DEBUG HikariPool-1 housekeeper c.z.h.p.HikariPool: HikariPool-1 - Fill pool skipped, pool has sufficient level or currently being filled.
:2025-08-13 09:20:13.452 DEBUG HikariPool-1 housekeeper c.z.h.p.HikariPool: HikariPool-1 - Pool stats (total=10, active=0, idle=10, waiting=0)
:2025-08-13 09:20:13.452 DEBUG HikariPool-1 housekeeper c.z.h.p.HikariPool: HikariPool-1 - Fill pool skipped, pool has sufficient level or currently being filled.
:2025-08-13 09:20:43.453 DEBUG HikariPool-1 housekeeper c.z.h.p.HikariPool: HikariPool-1 - Pool stats (total=10, active=0, idle=10, waiting=0)
:2025-08-13 09:20:43.453 DEBUG HikariPool-1 housekeeper c.z.h.p.HikariPool: HikariPool-1 - Fill pool skipped, pool has sufficient level or currently being filled.
:2025-08-13 09:21:13.462 DEBUG HikariPool-1 housekeeper c.z.h.p.HikariPool: HikariPool-1 - Pool stats (total=10, active=0, idle=10, waiting=0)
:2025-08-13 09:21:13.462 DEBUG HikariPool-1 housekeeper c.z.h.p.HikariPool: HikariPool-1 - Fill pool skipped, pool has sufficient level or currently being filled.
:2025-08-13 09:21:43.475 DEBUG HikariPool-1 housekeeper c.z.h.p.HikariPool: HikariPool-1 - Pool stats (total=10, active=0, idle=10, waiting=0)
:2025-08-13 09:21:43.475 DEBUG HikariPool-1 housekeeper c.z.h.p.HikariPool: HikariPool-1 - Fill pool skipped, pool has sufficient level or currently being filled.
:2025-08-13 09:22:13.485 DEBUG HikariPool-1 housekeeper c.z.h.p.HikariPool: HikariPool-1 - Pool stats (total=10, active=0, idle=10, waiting=0)
:2025-08-13 09:22:13.485 DEBUG HikariPool-1 housekeeper c.z.h.p.HikariPool: HikariPool-1 - Fill pool skipped, pool has sufficient level or currently being filled.
:2025-08-13 09:22:43.495 DEBUG HikariPool-1 housekeeper c.z.h.p.HikariPool: HikariPool-1 - Pool stats (total=10, active=0, idle=10, waiting=0)
:2025-08-13 09:22:43.495 DEBUG HikariPool-1 housekeeper c.z.h.p.HikariPool: HikariPool-1 - Fill pool skipped, pool has sufficient level or currently being filled.
:2025-08-13 09:23:13.503 DEBUG HikariPool-1 housekeeper c.z.h.p.HikariPool: HikariPool-1 - Pool stats (total=10, active=0, idle=10, waiting=0)
:2025-08-13 09:23:13.503 DEBUG HikariPool-1 housekeeper c.z.h.p.HikariPool: HikariPool-1 - Fill pool skipped, pool has sufficient level or currently being filled.
:2025-08-13 09:23:43.516 DEBUG HikariPool-1 housekeeper c.z.h.p.HikariPool: HikariPool-1 - Pool stats (total=10, active=0, idle=10, waiting=0)
:2025-08-13 09:23:43.516 DEBUG HikariPool-1 housekeeper c.z.h.p.HikariPool: HikariPool-1 - Fill pool skipped, pool has sufficient level or currently being filled.
:2025-08-13 09:24:13.530 DEBUG HikariPool-1 housekeeper c.z.h.p.HikariPool: HikariPool-1 - Pool stats (total=10, active=0, idle=10, waiting=0)
:2025-08-13 09:24:13.530 DEBUG HikariPool-1 housekeeper c.z.h.p.HikariPool: HikariPool-1 - Fill pool skipped, pool has sufficient level or currently being filled.
:2025-08-13 09:24:43.545 DEBUG HikariPool-1 housekeeper c.z.h.p.HikariPool: HikariPool-1 - Pool stats (total=10, active=0, idle=10, waiting=0)
:2025-08-13 09:24:43.545 DEBUG HikariPool-1 housekeeper c.z.h.p.HikariPool: HikariPool-1 - Fill pool skipped, pool has sufficient level or currently being filled.
:2025-08-13 09:25:13.550 DEBUG HikariPool-1 housekeeper c.z.h.p.HikariPool: HikariPool-1 - Pool stats (total=10, active=0, idle=10, waiting=0)
:2025-08-13 09:25:13.550 DEBUG HikariPool-1 housekeeper c.z.h.p.HikariPool: HikariPool-1 - Fill pool skipped, pool has sufficient level or currently being filled.
:2025-08-13 09:25:43.551 DEBUG HikariPool-1 housekeeper c.z.h.p.HikariPool: HikariPool-1 - Pool stats (total=10, active=0, idle=10, waiting=0)
:2025-08-13 09:25:43.551 DEBUG HikariPool-1 housekeeper c.z.h.p.HikariPool: HikariPool-1 - Fill pool skipped, pool has sufficient level or currently being filled.
:2025-08-13 09:26:13.551 DEBUG HikariPool-1 housekeeper c.z.h.p.HikariPool: HikariPool-1 - Pool stats (total=10, active=0, idle=10, waiting=0)
:2025-08-13 09:26:13.551 DEBUG HikariPool-1 housekeeper c.z.h.p.HikariPool: HikariPool-1 - Fill pool skipped, pool has sufficient level or currently being filled.
:2025-08-13 09:26:43.565 DEBUG HikariPool-1 housekeeper c.z.h.p.HikariPool: HikariPool-1 - Pool stats (total=10, active=0, idle=10, waiting=0)
:2025-08-13 09:26:43.565 DEBUG HikariPool-1 housekeeper c.z.h.p.HikariPool: HikariPool-1 - Fill pool skipped, pool has sufficient level or currently being filled.
:2025-08-13 09:27:13.577 DEBUG HikariPool-1 housekeeper c.z.h.p.HikariPool: HikariPool-1 - Pool stats (total=10, active=0, idle=10, waiting=0)
:2025-08-13 09:27:13.577 DEBUG HikariPool-1 housekeeper c.z.h.p.HikariPool: HikariPool-1 - Fill pool skipped, pool has sufficient level or currently being filled.
:2025-08-13 09:27:43.591 DEBUG HikariPool-1 housekeeper c.z.h.p.HikariPool: HikariPool-1 - Pool stats (total=10, active=0, idle=10, waiting=0)
:2025-08-13 09:27:43.591 DEBUG HikariPool-1 housekeeper c.z.h.p.HikariPool: HikariPool-1 - Fill pool skipped, pool has sufficient level or currently being filled.
:2025-08-13 09:28:13.600 DEBUG HikariPool-1 housekeeper c.z.h.p.HikariPool: HikariPool-1 - Pool stats (total=10, active=0, idle=10, waiting=0)
:2025-08-13 09:28:13.600 DEBUG HikariPool-1 housekeeper c.z.h.p.HikariPool: HikariPool-1 - Fill pool skipped, pool has sufficient level or currently being filled.
:2025-08-13 09:28:43.612 DEBUG HikariPool-1 housekeeper c.z.h.p.HikariPool: HikariPool-1 - Pool stats (total=10, active=0, idle=10, waiting=0)
:2025-08-13 09:28:43.612 DEBUG HikariPool-1 housekeeper c.z.h.p.HikariPool: HikariPool-1 - Fill pool skipped, pool has sufficient level or currently being filled.
:2025-08-13 09:29:13.624 DEBUG HikariPool-1 housekeeper c.z.h.p.HikariPool: HikariPool-1 - Pool stats (total=10, active=0, idle=10, waiting=0)
:2025-08-13 09:29:13.624 DEBUG HikariPool-1 housekeeper c.z.h.p.HikariPool: HikariPool-1 - Fill pool skipped, pool has sufficient level or currently being filled.
:2025-08-13 09:29:43.636 DEBUG HikariPool-1 housekeeper c.z.h.p.HikariPool: HikariPool-1 - Pool stats (total=10, active=0, idle=10, waiting=0)
:2025-08-13 09:29:43.636 DEBUG HikariPool-1 housekeeper c.z.h.p.HikariPool: HikariPool-1 - Fill pool skipped, pool has sufficient level or currently being filled.
:2025-08-13 09:30:13.648 DEBUG HikariPool-1 housekeeper c.z.h.p.HikariPool: HikariPool-1 - Pool stats (total=10, active=0, idle=10, waiting=0)
:2025-08-13 09:30:13.648 DEBUG HikariPool-1 housekeeper c.z.h.p.HikariPool: HikariPool-1 - Fill pool skipped, pool has sufficient level or currently being filled.
:2025-08-13 09:30:43.661 DEBUG HikariPool-1 housekeeper c.z.h.p.HikariPool: HikariPool-1 - Pool stats (total=10, active=0, idle=10, waiting=0)
:2025-08-13 09:30:43.661 DEBUG HikariPool-1 housekeeper c.z.h.p.HikariPool: HikariPool-1 - Fill pool skipped, pool has sufficient level or currently being filled.
:2025-08-13 09:31:13.670 DEBUG HikariPool-1 housekeeper c.z.h.p.HikariPool: HikariPool-1 - Pool stats (total=10, active=0, idle=10, waiting=0)
:2025-08-13 09:31:13.670 DEBUG HikariPool-1 housekeeper c.z.h.p.HikariPool: HikariPool-1 - Fill pool skipped, pool has sufficient level or currently being filled.
:2025-08-13 09:31:31.167 DEBUG HikariPool-1 connection closer c.z.h.p.PoolBase: HikariPool-1 - Closing connection com.mysql.cj.jdbc.ConnectionImpl@5256e94f: (connection has passed maxLifetime)
:2025-08-13 09:31:31.170 DEBUG HikariPool-1 connection adder c.z.h.p.HikariPool: HikariPool-1 - Added connection com.mysql.cj.jdbc.ConnectionImpl@3f72f0ca
:2025-08-13 09:31:31.214 DEBUG HikariPool-1 connection adder c.z.h.p.HikariPool: HikariPool-1 - Connection not added, stats (total=10, active=0, idle=10, waiting=0)
:2025-08-13 09:31:43.678 DEBUG HikariPool-1 housekeeper c.z.h.p.HikariPool: HikariPool-1 - Pool stats (total=10, active=0, idle=10, waiting=0)
:2025-08-13 09:31:43.678 DEBUG HikariPool-1 housekeeper c.z.h.p.HikariPool: HikariPool-1 - Fill pool skipped, pool has sufficient level or currently being filled.
:2025-08-13 09:31:55.312 DEBUG HikariPool-1 connection closer c.z.h.p.PoolBase: HikariPool-1 - Closing connection com.mysql.cj.jdbc.ConnectionImpl@7991101c: (connection has passed maxLifetime)
:2025-08-13 09:31:55.316 DEBUG HikariPool-1 connection adder c.z.h.p.HikariPool: HikariPool-1 - Added connection com.mysql.cj.jdbc.ConnectionImpl@1843fbc7
:2025-08-13 09:31:55.360 DEBUG HikariPool-1 connection adder c.z.h.p.HikariPool: HikariPool-1 - Connection not added, stats (total=10, active=0, idle=10, waiting=0)
:2025-08-13 09:32:03.696 DEBUG HikariPool-1 connection closer c.z.h.p.PoolBase: HikariPool-1 - Closing connection com.mysql.cj.jdbc.ConnectionImpl@7f89cc8c: (connection has passed maxLifetime)
:2025-08-13 09:32:03.700 DEBUG HikariPool-1 connection adder c.z.h.p.HikariPool: HikariPool-1 - Added connection com.mysql.cj.jdbc.ConnectionImpl@39730b29
:2025-08-13 09:32:03.742 DEBUG HikariPool-1 connection adder c.z.h.p.HikariPool: HikariPool-1 - Connection not added, stats (total=10, active=0, idle=10, waiting=0)
:2025-08-13 09:32:07.055 DEBUG HikariPool-1 connection closer c.z.h.p.PoolBase: HikariPool-1 - Closing connection com.mysql.cj.jdbc.ConnectionImpl@4933cd79: (connection has passed maxLifetime)
:2025-08-13 09:32:07.058 DEBUG HikariPool-1 connection adder c.z.h.p.HikariPool: HikariPool-1 - Added connection com.mysql.cj.jdbc.ConnectionImpl@4dc7688e
:2025-08-13 09:32:07.089 DEBUG HikariPool-1 connection adder c.z.h.p.HikariPool: HikariPool-1 - Connection not added, stats (total=10, active=0, idle=10, waiting=0)
:2025-08-13 09:32:08.313 DEBUG HikariPool-1 connection closer c.z.h.p.PoolBase: HikariPool-1 - Closing connection com.mysql.cj.jdbc.ConnectionImpl@2dfedb7f: (connection has passed maxLifetime)
:2025-08-13 09:32:08.317 DEBUG HikariPool-1 connection adder c.z.h.p.HikariPool: HikariPool-1 - Added connection com.mysql.cj.jdbc.ConnectionImpl@dbfd2f7
:2025-08-13 09:32:08.359 DEBUG HikariPool-1 connection adder c.z.h.p.HikariPool: HikariPool-1 - Connection not added, stats (total=10, active=0, idle=10, waiting=0)
:2025-08-13 09:32:13.691 DEBUG HikariPool-1 housekeeper c.z.h.p.HikariPool: HikariPool-1 - Pool stats (total=10, active=0, idle=10, waiting=0)
:2025-08-13 09:32:13.691 DEBUG HikariPool-1 housekeeper c.z.h.p.HikariPool: HikariPool-1 - Fill pool skipped, pool has sufficient level or currently being filled.
:2025-08-13 09:32:41.245 DEBUG HikariPool-1 connection closer c.z.h.p.PoolBase: HikariPool-1 - Closing connection com.mysql.cj.jdbc.ConnectionImpl@b8fef74: (connection has passed maxLifetime)
:2025-08-13 09:32:41.250 DEBUG HikariPool-1 connection adder c.z.h.p.HikariPool: HikariPool-1 - Added connection com.mysql.cj.jdbc.ConnectionImpl@6c025bdb
:2025-08-13 09:32:41.289 DEBUG HikariPool-1 connection adder c.z.h.p.HikariPool: HikariPool-1 - Connection not added, stats (total=10, active=0, idle=10, waiting=0)
:2025-08-13 09:32:43.705 DEBUG HikariPool-1 housekeeper c.z.h.p.HikariPool: HikariPool-1 - Pool stats (total=10, active=0, idle=10, waiting=0)
:2025-08-13 09:32:43.705 DEBUG HikariPool-1 housekeeper c.z.h.p.HikariPool: HikariPool-1 - Fill pool skipped, pool has sufficient level or currently being filled.
:2025-08-13 09:32:44.075 DEBUG HikariPool-1 connection closer c.z.h.p.PoolBase: HikariPool-1 - Closing connection com.mysql.cj.jdbc.ConnectionImpl@2a94fc02: (connection has passed maxLifetime)
:2025-08-13 09:32:44.078 DEBUG HikariPool-1 connection adder c.z.h.p.HikariPool: HikariPool-1 - Added connection com.mysql.cj.jdbc.ConnectionImpl@18e306e3
:2025-08-13 09:32:44.122 DEBUG HikariPool-1 connection adder c.z.h.p.HikariPool: HikariPool-1 - Connection not added, stats (total=10, active=0, idle=10, waiting=0)
:2025-08-13 09:32:47.656 DEBUG HikariPool-1 connection closer c.z.h.p.PoolBase: HikariPool-1 - Closing connection com.mysql.cj.jdbc.ConnectionImpl@fb9987b: (connection has passed maxLifetime)
:2025-08-13 09:32:47.659 DEBUG HikariPool-1 connection adder c.z.h.p.HikariPool: HikariPool-1 - Added connection com.mysql.cj.jdbc.ConnectionImpl@11e98aa3
:2025-08-13 09:32:47.690 DEBUG HikariPool-1 connection adder c.z.h.p.HikariPool: HikariPool-1 - Connection not added, stats (total=10, active=0, idle=10, waiting=0)
:2025-08-13 09:33:13.718 DEBUG HikariPool-1 housekeeper c.z.h.p.HikariPool: HikariPool-1 - Pool stats (total=10, active=0, idle=10, waiting=0)
:2025-08-13 09:33:13.718 DEBUG HikariPool-1 housekeeper c.z.h.p.HikariPool: HikariPool-1 - Fill pool skipped, pool has sufficient level or currently being filled.
:2025-08-13 09:33:15.117 DEBUG HikariPool-1 connection closer c.z.h.p.PoolBase: HikariPool-1 - Closing connection com.mysql.cj.jdbc.ConnectionImpl@5a4fab71: (connection has passed maxLifetime)
:2025-08-13 09:33:15.121 DEBUG HikariPool-1 connection adder c.z.h.p.HikariPool: HikariPool-1 - Added connection com.mysql.cj.jdbc.ConnectionImpl@27df87d7
:2025-08-13 09:33:15.163 DEBUG HikariPool-1 connection adder c.z.h.p.HikariPool: HikariPool-1 - Connection not added, stats (total=10, active=0, idle=10, waiting=0)
:2025-08-13 09:33:43.728 DEBUG HikariPool-1 housekeeper c.z.h.p.HikariPool: HikariPool-1 - Pool stats (total=10, active=0, idle=10, waiting=0)
:2025-08-13 09:33:43.728 DEBUG HikariPool-1 housekeeper c.z.h.p.HikariPool: HikariPool-1 - Fill pool skipped, pool has sufficient level or currently being filled.
:2025-08-13 09:34:13.737 DEBUG HikariPool-1 housekeeper c.z.h.p.HikariPool: HikariPool-1 - Pool stats (total=10, active=0, idle=10, waiting=0)
:2025-08-13 09:34:13.737 DEBUG HikariPool-1 housekeeper c.z.h.p.HikariPool: HikariPool-1 - Fill pool skipped, pool has sufficient level or currently being filled.
:2025-08-13 09:34:43.672 DEBUG HikariPool-1 connection closer c.z.h.p.PoolBase: HikariPool-1 - Closing connection com.mysql.cj.jdbc.ConnectionImpl@357ef798: (connection has passed maxLifetime)
:2025-08-13 09:34:43.676 DEBUG HikariPool-1 connection adder c.z.h.p.HikariPool: HikariPool-1 - Added connection com.mysql.cj.jdbc.ConnectionImpl@3f13486d
:2025-08-13 09:34:43.719 DEBUG HikariPool-1 connection adder c.z.h.p.HikariPool: HikariPool-1 - Connection not added, stats (total=10, active=0, idle=10, waiting=0)
:2025-08-13 09:34:43.751 DEBUG HikariPool-1 housekeeper c.z.h.p.HikariPool: HikariPool-1 - Pool stats (total=10, active=0, idle=10, waiting=0)
:2025-08-13 09:34:43.751 DEBUG HikariPool-1 housekeeper c.z.h.p.HikariPool: HikariPool-1 - Fill pool skipped, pool has sufficient level or currently being filled.
:2025-08-13 09:35:13.765 DEBUG HikariPool-1 housekeeper c.z.h.p.HikariPool: HikariPool-1 - Pool stats (total=10, active=0, idle=10, waiting=0)
:2025-08-13 09:35:13.765 DEBUG HikariPool-1 housekeeper c.z.h.p.HikariPool: HikariPool-1 - Fill pool skipped, pool has sufficient level or currently being filled.
:2025-08-13 09:35:43.771 DEBUG HikariPool-1 housekeeper c.z.h.p.HikariPool: HikariPool-1 - Pool stats (total=10, active=0, idle=10, waiting=0)
:2025-08-13 09:35:43.771 DEBUG HikariPool-1 housekeeper c.z.h.p.HikariPool: HikariPool-1 - Fill pool skipped, pool has sufficient level or currently being filled.
:2025-08-13 09:36:13.783 DEBUG HikariPool-1 housekeeper c.z.h.p.HikariPool: HikariPool-1 - Pool stats (total=10, active=0, idle=10, waiting=0)
:2025-08-13 09:36:13.783 DEBUG HikariPool-1 housekeeper c.z.h.p.HikariPool: HikariPool-1 - Fill pool skipped, pool has sufficient level or currently being filled.
:2025-08-13 09:36:43.786 DEBUG HikariPool-1 housekeeper c.z.h.p.HikariPool: HikariPool-1 - Pool stats (total=10, active=0, idle=10, waiting=0)
:2025-08-13 09:36:43.786 DEBUG HikariPool-1 housekeeper c.z.h.p.HikariPool: HikariPool-1 - Fill pool skipped, pool has sufficient level or currently being filled.
:2025-08-13 09:37:13.794 DEBUG HikariPool-1 housekeeper c.z.h.p.HikariPool: HikariPool-1 - Pool stats (total=10, active=0, idle=10, waiting=0)
:2025-08-13 09:37:13.794 DEBUG HikariPool-1 housekeeper c.z.h.p.HikariPool: HikariPool-1 - Fill pool skipped, pool has sufficient level or currently being filled.
:2025-08-13 09:37:43.803 DEBUG HikariPool-1 housekeeper c.z.h.p.HikariPool: HikariPool-1 - Pool stats (total=10, active=0, idle=10, waiting=0)
:2025-08-13 09:37:43.803 DEBUG HikariPool-1 housekeeper c.z.h.p.HikariPool: HikariPool-1 - Fill pool skipped, pool has sufficient level or currently being filled.
:2025-08-13 09:38:13.805 DEBUG HikariPool-1 housekeeper c.z.h.p.HikariPool: HikariPool-1 - Pool stats (total=10, active=0, idle=10, waiting=0)
:2025-08-13 09:38:13.805 DEBUG HikariPool-1 housekeeper c.z.h.p.HikariPool: HikariPool-1 - Fill pool skipped, pool has sufficient level or currently being filled.
:2025-08-13 09:38:43.814 DEBUG HikariPool-1 housekeeper c.z.h.p.HikariPool: HikariPool-1 - Pool stats (total=10, active=0, idle=10, waiting=0)
:2025-08-13 09:38:43.814 DEBUG HikariPool-1 housekeeper c.z.h.p.HikariPool: HikariPool-1 - Fill pool skipped, pool has sufficient level or currently being filled.
:2025-08-13 09:39:13.825 DEBUG HikariPool-1 housekeeper c.z.h.p.HikariPool: HikariPool-1 - Pool stats (total=10, active=0, idle=10, waiting=0)
:2025-08-13 09:39:13.825 DEBUG HikariPool-1 housekeeper c.z.h.p.HikariPool: HikariPool-1 - Fill pool skipped, pool has sufficient level or currently being filled.
:2025-08-13 09:39:43.825 DEBUG HikariPool-1 housekeeper c.z.h.p.HikariPool: HikariPool-1 - Pool stats (total=10, active=0, idle=10, waiting=0)
:2025-08-13 09:39:43.825 DEBUG HikariPool-1 housekeeper c.z.h.p.HikariPool: HikariPool-1 - Fill pool skipped, pool has sufficient level or currently being filled.
:2025-08-13 09:40:13.826 DEBUG HikariPool-1 housekeeper c.z.h.p.HikariPool: HikariPool-1 - Pool stats (total=10, active=0, idle=10, waiting=0)
:2025-08-13 09:40:13.826 DEBUG HikariPool-1 housekeeper c.z.h.p.HikariPool: HikariPool-1 - Fill pool skipped, pool has sufficient level or currently being filled.
:2025-08-13 09:40:43.841 DEBUG HikariPool-1 housekeeper c.z.h.p.HikariPool: HikariPool-1 - Pool stats (total=10, active=0, idle=10, waiting=0)
:2025-08-13 09:40:43.841 DEBUG HikariPool-1 housekeeper c.z.h.p.HikariPool: HikariPool-1 - Fill pool skipped, pool has sufficient level or currently being filled.
:2025-08-13 09:41:13.853 DEBUG HikariPool-1 housekeeper c.z.h.p.HikariPool: HikariPool-1 - Pool stats (total=10, active=0, idle=10, waiting=0)
:2025-08-13 09:41:13.853 DEBUG HikariPool-1 housekeeper c.z.h.p.HikariPool: HikariPool-1 - Fill pool skipped, pool has sufficient level or currently being filled.
:2025-08-13 09:41:43.862 DEBUG HikariPool-1 housekeeper c.z.h.p.HikariPool: HikariPool-1 - Pool stats (total=10, active=0, idle=10, waiting=0)
:2025-08-13 09:41:43.862 DEBUG HikariPool-1 housekeeper c.z.h.p.HikariPool: HikariPool-1 - Fill pool skipped, pool has sufficient level or currently being filled.
:2025-08-13 09:42:13.865 DEBUG HikariPool-1 housekeeper c.z.h.p.HikariPool: HikariPool-1 - Pool stats (total=10, active=0, idle=10, waiting=0)
:2025-08-13 09:42:13.865 DEBUG HikariPool-1 housekeeper c.z.h.p.HikariPool: HikariPool-1 - Fill pool skipped, pool has sufficient level or currently being filled.
:2025-08-13 09:42:43.868 DEBUG HikariPool-1 housekeeper c.z.h.p.HikariPool: HikariPool-1 - Pool stats (total=10, active=0, idle=10, waiting=0)
:2025-08-13 09:42:43.868 DEBUG HikariPool-1 housekeeper c.z.h.p.HikariPool: HikariPool-1 - Fill pool skipped, pool has sufficient level or currently being filled.
:2025-08-13 09:43:13.869 DEBUG HikariPool-1 housekeeper c.z.h.p.HikariPool: HikariPool-1 - Pool stats (total=10, active=0, idle=10, waiting=0)
:2025-08-13 09:43:13.869 DEBUG HikariPool-1 housekeeper c.z.h.p.HikariPool: HikariPool-1 - Fill pool skipped, pool has sufficient level or currently being filled.
:2025-08-13 09:43:43.883 DEBUG HikariPool-1 housekeeper c.z.h.p.HikariPool: HikariPool-1 - Pool stats (total=10, active=0, idle=10, waiting=0)
:2025-08-13 09:43:43.883 DEBUG HikariPool-1 housekeeper c.z.h.p.HikariPool: HikariPool-1 - Fill pool skipped, pool has sufficient level or currently being filled.
:2025-08-13 09:44:13.891 DEBUG HikariPool-1 housekeeper c.z.h.p.HikariPool: HikariPool-1 - Pool stats (total=10, active=0, idle=10, waiting=0)
:2025-08-13 09:44:13.891 DEBUG HikariPool-1 housekeeper c.z.h.p.HikariPool: HikariPool-1 - Fill pool skipped, pool has sufficient level or currently being filled.
:2025-08-13 09:44:43.895 DEBUG HikariPool-1 housekeeper c.z.h.p.HikariPool: HikariPool-1 - Pool stats (total=10, active=0, idle=10, waiting=0)
:2025-08-13 09:44:43.895 DEBUG HikariPool-1 housekeeper c.z.h.p.HikariPool: HikariPool-1 - Fill pool skipped, pool has sufficient level or currently being filled.
:2025-08-13 09:45:13.910 DEBUG HikariPool-1 housekeeper c.z.h.p.HikariPool: HikariPool-1 - Pool stats (total=10, active=0, idle=10, waiting=0)
:2025-08-13 09:45:13.910 DEBUG HikariPool-1 housekeeper c.z.h.p.HikariPool: HikariPool-1 - Fill pool skipped, pool has sufficient level or currently being filled.
:2025-08-13 09:45:43.923 DEBUG HikariPool-1 housekeeper c.z.h.p.HikariPool: HikariPool-1 - Pool stats (total=10, active=0, idle=10, waiting=0)
:2025-08-13 09:45:43.923 DEBUG HikariPool-1 housekeeper c.z.h.p.HikariPool: HikariPool-1 - Fill pool skipped, pool has sufficient level or currently being filled.
:2025-08-13 09:46:13.933 DEBUG HikariPool-1 housekeeper c.z.h.p.HikariPool: HikariPool-1 - Pool stats (total=10, active=0, idle=10, waiting=0)
:2025-08-13 09:46:13.933 DEBUG HikariPool-1 housekeeper c.z.h.p.HikariPool: HikariPool-1 - Fill pool skipped, pool has sufficient level or currently being filled.
:2025-08-13 09:46:43.940 DEBUG HikariPool-1 housekeeper c.z.h.p.HikariPool: HikariPool-1 - Pool stats (total=10, active=0, idle=10, waiting=0)
:2025-08-13 09:46:43.940 DEBUG HikariPool-1 housekeeper c.z.h.p.HikariPool: HikariPool-1 - Fill pool skipped, pool has sufficient level or currently being filled.
:2025-08-13 09:47:13.955 DEBUG HikariPool-1 housekeeper c.z.h.p.HikariPool: HikariPool-1 - Pool stats (total=10, active=0, idle=10, waiting=0)
:2025-08-13 09:47:13.955 DEBUG HikariPool-1 housekeeper c.z.h.p.HikariPool: HikariPool-1 - Fill pool skipped, pool has sufficient level or currently being filled.
:2025-08-13 09:47:43.966 DEBUG HikariPool-1 housekeeper c.z.h.p.HikariPool: HikariPool-1 - Pool stats (total=10, active=0, idle=10, waiting=0)
:2025-08-13 09:47:43.966 DEBUG HikariPool-1 housekeeper c.z.h.p.HikariPool: HikariPool-1 - Fill pool skipped, pool has sufficient level or currently being filled.
:2025-08-13 09:48:13.981 DEBUG HikariPool-1 housekeeper c.z.h.p.HikariPool: HikariPool-1 - Pool stats (total=10, active=0, idle=10, waiting=0)
:2025-08-13 09:48:13.981 DEBUG HikariPool-1 housekeeper c.z.h.p.HikariPool: HikariPool-1 - Fill pool skipped, pool has sufficient level or currently being filled.
:2025-08-13 09:48:43.987 DEBUG HikariPool-1 housekeeper c.z.h.p.HikariPool: HikariPool-1 - Pool stats (total=10, active=0, idle=10, waiting=0)
:2025-08-13 09:48:43.987 DEBUG HikariPool-1 housekeeper c.z.h.p.HikariPool: HikariPool-1 - Fill pool skipped, pool has sufficient level or currently being filled.
:2025-08-13 09:49:14.001 DEBUG HikariPool-1 housekeeper c.z.h.p.HikariPool: HikariPool-1 - Pool stats (total=10, active=0, idle=10, waiting=0)
:2025-08-13 09:49:14.001 DEBUG HikariPool-1 housekeeper c.z.h.p.HikariPool: HikariPool-1 - Fill pool skipped, pool has sufficient level or currently being filled.
:2025-08-13 09:49:44.014 DEBUG HikariPool-1 housekeeper c.z.h.p.HikariPool: HikariPool-1 - Pool stats (total=10, active=0, idle=10, waiting=0)
:2025-08-13 09:49:44.014 DEBUG HikariPool-1 housekeeper c.z.h.p.HikariPool: HikariPool-1 - Fill pool skipped, pool has sufficient level or currently being filled.
:2025-08-13 09:50:14.022 DEBUG HikariPool-1 housekeeper c.z.h.p.HikariPool: HikariPool-1 - Pool stats (total=10, active=0, idle=10, waiting=0)
:2025-08-13 09:50:14.022 DEBUG HikariPool-1 housekeeper c.z.h.p.HikariPool: HikariPool-1 - Fill pool skipped, pool has sufficient level or currently being filled.
:2025-08-13 09:50:44.024 DEBUG HikariPool-1 housekeeper c.z.h.p.HikariPool: HikariPool-1 - Pool stats (total=10, active=0, idle=10, waiting=0)
:2025-08-13 09:50:44.024 DEBUG HikariPool-1 housekeeper c.z.h.p.HikariPool: HikariPool-1 - Fill pool skipped, pool has sufficient level or currently being filled.
:2025-08-13 09:51:14.030 DEBUG HikariPool-1 housekeeper c.z.h.p.HikariPool: HikariPool-1 - Pool stats (total=10, active=0, idle=10, waiting=0)
:2025-08-13 09:51:14.030 DEBUG HikariPool-1 housekeeper c.z.h.p.HikariPool: HikariPool-1 - Fill pool skipped, pool has sufficient level or currently being filled.
:2025-08-13 09:51:44.041 DEBUG HikariPool-1 housekeeper c.z.h.p.HikariPool: HikariPool-1 - Pool stats (total=10, active=0, idle=10, waiting=0)
:2025-08-13 09:51:44.041 DEBUG HikariPool-1 housekeeper c.z.h.p.HikariPool: HikariPool-1 - Fill pool skipped, pool has sufficient level or currently being filled.
:2025-08-13 09:52:14.049 DEBUG HikariPool-1 housekeeper c.z.h.p.HikariPool: HikariPool-1 - Pool stats (total=10, active=0, idle=10, waiting=0)
:2025-08-13 09:52:14.049 DEBUG HikariPool-1 housekeeper c.z.h.p.HikariPool: HikariPool-1 - Fill pool skipped, pool has sufficient level or currently being filled.
:2025-08-13 09:52:44.050 DEBUG HikariPool-1 housekeeper c.z.h.p.HikariPool: HikariPool-1 - Pool stats (total=10, active=0, idle=10, waiting=0)
:2025-08-13 09:52:44.050 DEBUG HikariPool-1 housekeeper c.z.h.p.HikariPool: HikariPool-1 - Fill pool skipped, pool has sufficient level or currently being filled.
:2025-08-13 09:53:14.052 DEBUG HikariPool-1 housekeeper c.z.h.p.HikariPool: HikariPool-1 - Pool stats (total=10, active=0, idle=10, waiting=0)
:2025-08-13 09:53:14.052 DEBUG HikariPool-1 housekeeper c.z.h.p.HikariPool: HikariPool-1 - Fill pool skipped, pool has sufficient level or currently being filled.
:2025-08-13 09:53:44.057 DEBUG HikariPool-1 housekeeper c.z.h.p.HikariPool: HikariPool-1 - Pool stats (total=10, active=0, idle=10, waiting=0)
:2025-08-13 09:53:44.057 DEBUG HikariPool-1 housekeeper c.z.h.p.HikariPool: HikariPool-1 - Fill pool skipped, pool has sufficient level or currently being filled.
:2025-08-13 09:54:14.066 DEBUG HikariPool-1 housekeeper c.z.h.p.HikariPool: HikariPool-1 - Pool stats (total=10, active=0, idle=10, waiting=0)
:2025-08-13 09:54:14.066 DEBUG HikariPool-1 housekeeper c.z.h.p.HikariPool: HikariPool-1 - Fill pool skipped, pool has sufficient level or currently being filled.
:2025-08-13 09:54:44.070 DEBUG HikariPool-1 housekeeper c.z.h.p.HikariPool: HikariPool-1 - Pool stats (total=10, active=0, idle=10, waiting=0)
:2025-08-13 09:54:44.070 DEBUG HikariPool-1 housekeeper c.z.h.p.HikariPool: HikariPool-1 - Fill pool skipped, pool has sufficient level or currently being filled.
:2025-08-13 09:55:14.080 DEBUG HikariPool-1 housekeeper c.z.h.p.HikariPool: HikariPool-1 - Pool stats (total=10, active=0, idle=10, waiting=0)
:2025-08-13 09:55:14.080 DEBUG HikariPool-1 housekeeper c.z.h.p.HikariPool: HikariPool-1 - Fill pool skipped, pool has sufficient level or currently being filled.
:2025-08-13 09:55:44.088 DEBUG HikariPool-1 housekeeper c.z.h.p.HikariPool: HikariPool-1 - Pool stats (total=10, active=0, idle=10, waiting=0)
:2025-08-13 09:55:44.088 DEBUG HikariPool-1 housekeeper c.z.h.p.HikariPool: HikariPool-1 - Fill pool skipped, pool has sufficient level or currently being filled.
:2025-08-13 09:56:14.089 DEBUG HikariPool-1 housekeeper c.z.h.p.HikariPool: HikariPool-1 - Pool stats (total=10, active=0, idle=10, waiting=0)
:2025-08-13 09:56:14.089 DEBUG HikariPool-1 housekeeper c.z.h.p.HikariPool: HikariPool-1 - Fill pool skipped, pool has sufficient level or currently being filled.
:2025-08-13 09:56:44.103 DEBUG HikariPool-1 housekeeper c.z.h.p.HikariPool: HikariPool-1 - Pool stats (total=10, active=0, idle=10, waiting=0)
:2025-08-13 09:56:44.103 DEBUG HikariPool-1 housekeeper c.z.h.p.HikariPool: HikariPool-1 - Fill pool skipped, pool has sufficient level or currently being filled.
:2025-08-13 09:57:14.107 DEBUG HikariPool-1 housekeeper c.z.h.p.HikariPool: HikariPool-1 - Pool stats (total=10, active=0, idle=10, waiting=0)
:2025-08-13 09:57:14.107 DEBUG HikariPool-1 housekeeper c.z.h.p.HikariPool: HikariPool-1 - Fill pool skipped, pool has sufficient level or currently being filled.
:2025-08-13 09:57:44.117 DEBUG HikariPool-1 housekeeper c.z.h.p.HikariPool: HikariPool-1 - Pool stats (total=10, active=0, idle=10, waiting=0)
:2025-08-13 09:57:44.117 DEBUG HikariPool-1 housekeeper c.z.h.p.HikariPool: HikariPool-1 - Fill pool skipped, pool has sufficient level or currently being filled.
:2025-08-13 09:58:14.128 DEBUG HikariPool-1 housekeeper c.z.h.p.HikariPool: HikariPool-1 - Pool stats (total=10, active=0, idle=10, waiting=0)
:2025-08-13 09:58:14.128 DEBUG HikariPool-1 housekeeper c.z.h.p.HikariPool: HikariPool-1 - Fill pool skipped, pool has sufficient level or currently being filled.
:2025-08-13 09:58:44.131 DEBUG HikariPool-1 housekeeper c.z.h.p.HikariPool: HikariPool-1 - Pool stats (total=10, active=0, idle=10, waiting=0)
:2025-08-13 09:58:44.131 DEBUG HikariPool-1 housekeeper c.z.h.p.HikariPool: HikariPool-1 - Fill pool skipped, pool has sufficient level or currently being filled.
:2025-08-13 09:59:14.142 DEBUG HikariPool-1 housekeeper c.z.h.p.HikariPool: HikariPool-1 - Pool stats (total=10, active=0, idle=10, waiting=0)
:2025-08-13 09:59:14.142 DEBUG HikariPool-1 housekeeper c.z.h.p.HikariPool: HikariPool-1 - Fill pool skipped, pool has sufficient level or currently being filled.
:2025-08-13 09:59:44.143 DEBUG HikariPool-1 housekeeper c.z.h.p.HikariPool: HikariPool-1 - Pool stats (total=10, active=0, idle=10, waiting=0)
:2025-08-13 09:59:44.143 DEBUG HikariPool-1 housekeeper c.z.h.p.HikariPool: HikariPool-1 - Fill pool skipped, pool has sufficient level or currently being filled.
:2025-08-13 10:00:14.157 DEBUG HikariPool-1 housekeeper c.z.h.p.HikariPool: HikariPool-1 - Pool stats (total=10, active=0, idle=10, waiting=0)
:2025-08-13 10:00:14.157 DEBUG HikariPool-1 housekeeper c.z.h.p.HikariPool: HikariPool-1 - Fill pool skipped, pool has sufficient level or currently being filled.
:2025-08-13 10:00:44.167 DEBUG HikariPool-1 housekeeper c.z.h.p.HikariPool: HikariPool-1 - Pool stats (total=10, active=0, idle=10, waiting=0)
:2025-08-13 10:00:44.167 DEBUG HikariPool-1 housekeeper c.z.h.p.HikariPool: HikariPool-1 - Fill pool skipped, pool has sufficient level or currently being filled.
:2025-08-13 10:00:46.852 DEBUG HikariPool-1 connection closer c.z.h.p.PoolBase: HikariPool-1 - Closing connection com.mysql.cj.jdbc.ConnectionImpl@3f72f0ca: (connection has passed maxLifetime)
:2025-08-13 10:00:46.856 DEBUG HikariPool-1 connection adder c.z.h.p.HikariPool: HikariPool-1 - Added connection com.mysql.cj.jdbc.ConnectionImpl@6208b1eb
:2025-08-13 10:00:46.887 DEBUG HikariPool-1 connection adder c.z.h.p.HikariPool: HikariPool-1 - Connection not added, stats (total=10, active=0, idle=10, waiting=0)
:2025-08-13 10:01:14.171 DEBUG HikariPool-1 housekeeper c.z.h.p.HikariPool: HikariPool-1 - Pool stats (total=10, active=0, idle=10, waiting=0)
:2025-08-13 10:01:14.171 DEBUG HikariPool-1 housekeeper c.z.h.p.HikariPool: HikariPool-1 - Fill pool skipped, pool has sufficient level or currently being filled.
:2025-08-13 10:01:27.894 DEBUG HikariPool-1 connection closer c.z.h.p.PoolBase: HikariPool-1 - Closing connection com.mysql.cj.jdbc.ConnectionImpl@1843fbc7: (connection has passed maxLifetime)
:2025-08-13 10:01:27.898 DEBUG HikariPool-1 connection adder c.z.h.p.HikariPool: HikariPool-1 - Added connection com.mysql.cj.jdbc.ConnectionImpl@37b4286f
:2025-08-13 10:01:27.942 DEBUG HikariPool-1 connection adder c.z.h.p.HikariPool: HikariPool-1 - Connection not added, stats (total=10, active=0, idle=10, waiting=0)
:2025-08-13 10:01:44.179 DEBUG HikariPool-1 housekeeper c.z.h.p.HikariPool: HikariPool-1 - Pool stats (total=10, active=0, idle=10, waiting=0)
:2025-08-13 10:01:44.179 DEBUG HikariPool-1 housekeeper c.z.h.p.HikariPool: HikariPool-1 - Fill pool skipped, pool has sufficient level or currently being filled.
:2025-08-13 10:01:44.950 DEBUG HikariPool-1 connection closer c.z.h.p.PoolBase: HikariPool-1 - Closing connection com.mysql.cj.jdbc.ConnectionImpl@4dc7688e: (connection has passed maxLifetime)
:2025-08-13 10:01:44.954 DEBUG HikariPool-1 connection adder c.z.h.p.HikariPool: HikariPool-1 - Added connection com.mysql.cj.jdbc.ConnectionImpl@4739b371
:2025-08-13 10:01:44.986 DEBUG HikariPool-1 connection adder c.z.h.p.HikariPool: HikariPool-1 - Connection not added, stats (total=10, active=0, idle=10, waiting=0)
:2025-08-13 10:01:46.000 DEBUG HikariPool-1 connection closer c.z.h.p.PoolBase: HikariPool-1 - Closing connection com.mysql.cj.jdbc.ConnectionImpl@39730b29: (connection has passed maxLifetime)
:2025-08-13 10:01:46.003 DEBUG HikariPool-1 connection adder c.z.h.p.HikariPool: HikariPool-1 - Added connection com.mysql.cj.jdbc.ConnectionImpl@337373e5
:2025-08-13 10:01:46.048 DEBUG HikariPool-1 connection adder c.z.h.p.HikariPool: HikariPool-1 - Connection not added, stats (total=10, active=0, idle=10, waiting=0)
:2025-08-13 10:01:52.073 DEBUG HikariPool-1 connection closer c.z.h.p.PoolBase: HikariPool-1 - Closing connection com.mysql.cj.jdbc.ConnectionImpl@dbfd2f7: (connection has passed maxLifetime)
:2025-08-13 10:01:52.077 DEBUG HikariPool-1 connection adder c.z.h.p.HikariPool: HikariPool-1 - Added connection com.mysql.cj.jdbc.ConnectionImpl@6389fe8b
:2025-08-13 10:01:52.119 DEBUG HikariPool-1 connection adder c.z.h.p.HikariPool: HikariPool-1 - Connection not added, stats (total=10, active=0, idle=10, waiting=0)
:2025-08-13 10:02:14.190 DEBUG HikariPool-1 housekeeper c.z.h.p.HikariPool: HikariPool-1 - Pool stats (total=10, active=0, idle=10, waiting=0)
:2025-08-13 10:02:14.190 DEBUG HikariPool-1 housekeeper c.z.h.p.HikariPool: HikariPool-1 - Fill pool skipped, pool has sufficient level or currently being filled.
:2025-08-13 10:02:33.649 DEBUG HikariPool-1 connection closer c.z.h.p.PoolBase: HikariPool-1 - Closing connection com.mysql.cj.jdbc.ConnectionImpl@11e98aa3: (connection has passed maxLifetime)
:2025-08-13 10:02:33.653 DEBUG HikariPool-1 connection adder c.z.h.p.HikariPool: HikariPool-1 - Added connection com.mysql.cj.jdbc.ConnectionImpl@29ce4e13
:2025-08-13 10:02:33.695 DEBUG HikariPool-1 connection adder c.z.h.p.HikariPool: HikariPool-1 - Connection not added, stats (total=10, active=0, idle=10, waiting=0)
:2025-08-13 10:02:35.037 DEBUG HikariPool-1 connection closer c.z.h.p.PoolBase: HikariPool-1 - Closing connection com.mysql.cj.jdbc.ConnectionImpl@27df87d7: (connection has passed maxLifetime)
:2025-08-13 10:02:35.040 DEBUG HikariPool-1 connection adder c.z.h.p.HikariPool: HikariPool-1 - Added connection com.mysql.cj.jdbc.ConnectionImpl@5d6a9a43
:2025-08-13 10:02:35.083 DEBUG HikariPool-1 connection adder c.z.h.p.HikariPool: HikariPool-1 - Connection not added, stats (total=10, active=0, idle=10, waiting=0)
:2025-08-13 10:02:35.194 DEBUG HikariPool-1 connection closer c.z.h.p.PoolBase: HikariPool-1 - Closing connection com.mysql.cj.jdbc.ConnectionImpl@6c025bdb: (connection has passed maxLifetime)
:2025-08-13 10:02:35.197 DEBUG HikariPool-1 connection adder c.z.h.p.HikariPool: HikariPool-1 - Added connection com.mysql.cj.jdbc.ConnectionImpl@6d858cb4
:2025-08-13 10:02:35.241 DEBUG HikariPool-1 connection adder c.z.h.p.HikariPool: HikariPool-1 - Connection not added, stats (total=10, active=0, idle=10, waiting=0)
:2025-08-13 10:02:41.388 DEBUG HikariPool-1 connection closer c.z.h.p.PoolBase: HikariPool-1 - Closing connection com.mysql.cj.jdbc.ConnectionImpl@18e306e3: (connection has passed maxLifetime)
:2025-08-13 10:02:41.392 DEBUG HikariPool-1 connection adder c.z.h.p.HikariPool: HikariPool-1 - Added connection com.mysql.cj.jdbc.ConnectionImpl@526e4257
:2025-08-13 10:02:41.435 DEBUG HikariPool-1 connection adder c.z.h.p.HikariPool: HikariPool-1 - Connection not added, stats (total=10, active=0, idle=10, waiting=0)
:2025-08-13 10:02:44.191 DEBUG HikariPool-1 housekeeper c.z.h.p.HikariPool: HikariPool-1 - Pool stats (total=10, active=0, idle=10, waiting=0)
:2025-08-13 10:02:44.191 DEBUG HikariPool-1 housekeeper c.z.h.p.HikariPool: HikariPool-1 - Fill pool skipped, pool has sufficient level or currently being filled.
:2025-08-13 10:03:14.195 DEBUG HikariPool-1 housekeeper c.z.h.p.HikariPool: HikariPool-1 - Pool stats (total=10, active=0, idle=10, waiting=0)
:2025-08-13 10:03:14.195 DEBUG HikariPool-1 housekeeper c.z.h.p.HikariPool: HikariPool-1 - Fill pool skipped, pool has sufficient level or currently being filled.
:2025-08-13 10:03:44.207 DEBUG HikariPool-1 housekeeper c.z.h.p.HikariPool: HikariPool-1 - Pool stats (total=10, active=0, idle=10, waiting=0)
:2025-08-13 10:03:44.207 DEBUG HikariPool-1 housekeeper c.z.h.p.HikariPool: HikariPool-1 - Fill pool skipped, pool has sufficient level or currently being filled.
:2025-08-13 10:04:14.223 DEBUG HikariPool-1 housekeeper c.z.h.p.HikariPool: HikariPool-1 - Pool stats (total=10, active=0, idle=10, waiting=0)
:2025-08-13 10:04:14.223 DEBUG HikariPool-1 housekeeper c.z.h.p.HikariPool: HikariPool-1 - Fill pool skipped, pool has sufficient level or currently being filled.
:2025-08-13 10:04:36.391 DEBUG HikariPool-1 connection closer c.z.h.p.PoolBase: HikariPool-1 - Closing connection com.mysql.cj.jdbc.ConnectionImpl@3f13486d: (connection has passed maxLifetime)
:2025-08-13 10:04:36.394 DEBUG HikariPool-1 connection adder c.z.h.p.HikariPool: HikariPool-1 - Added connection com.mysql.cj.jdbc.ConnectionImpl@16d8cfb6
:2025-08-13 10:04:36.438 DEBUG HikariPool-1 connection adder c.z.h.p.HikariPool: HikariPool-1 - Connection not added, stats (total=10, active=0, idle=10, waiting=0)
:2025-08-13 10:04:44.233 DEBUG HikariPool-1 housekeeper c.z.h.p.HikariPool: HikariPool-1 - Pool stats (total=10, active=0, idle=10, waiting=0)
:2025-08-13 10:04:44.233 DEBUG HikariPool-1 housekeeper c.z.h.p.HikariPool: HikariPool-1 - Fill pool skipped, pool has sufficient level or currently being filled.
:2025-08-13 10:05:14.233 DEBUG HikariPool-1 housekeeper c.z.h.p.HikariPool: HikariPool-1 - Pool stats (total=10, active=0, idle=10, waiting=0)
:2025-08-13 10:05:14.233 DEBUG HikariPool-1 housekeeper c.z.h.p.HikariPool: HikariPool-1 - Fill pool skipped, pool has sufficient level or currently being filled.
:2025-08-13 10:05:44.238 DEBUG HikariPool-1 housekeeper c.z.h.p.HikariPool: HikariPool-1 - Pool stats (total=10, active=0, idle=10, waiting=0)
:2025-08-13 10:05:44.238 DEBUG HikariPool-1 housekeeper c.z.h.p.HikariPool: HikariPool-1 - Fill pool skipped, pool has sufficient level or currently being filled.
:2025-08-13 10:06:14.241 DEBUG HikariPool-1 housekeeper c.z.h.p.HikariPool: HikariPool-1 - Pool stats (total=10, active=0, idle=10, waiting=0)
:2025-08-13 10:06:14.241 DEBUG HikariPool-1 housekeeper c.z.h.p.HikariPool: HikariPool-1 - Fill pool skipped, pool has sufficient level or currently being filled.
:2025-08-13 10:06:44.247 DEBUG HikariPool-1 housekeeper c.z.h.p.HikariPool: HikariPool-1 - Pool stats (total=10, active=0, idle=10, waiting=0)
:2025-08-13 10:06:44.247 DEBUG HikariPool-1 housekeeper c.z.h.p.HikariPool: HikariPool-1 - Fill pool skipped, pool has sufficient level or currently being filled.
:2025-08-13 10:07:14.251 DEBUG HikariPool-1 housekeeper c.z.h.p.HikariPool: HikariPool-1 - Pool stats (total=10, active=0, idle=10, waiting=0)
:2025-08-13 10:07:14.251 DEBUG HikariPool-1 housekeeper c.z.h.p.HikariPool: HikariPool-1 - Fill pool skipped, pool has sufficient level or currently being filled.
:2025-08-13 10:07:44.253 DEBUG HikariPool-1 housekeeper c.z.h.p.HikariPool: HikariPool-1 - Pool stats (total=10, active=0, idle=10, waiting=0)
:2025-08-13 10:07:44.253 DEBUG HikariPool-1 housekeeper c.z.h.p.HikariPool: HikariPool-1 - Fill pool skipped, pool has sufficient level or currently being filled.
:2025-08-13 10:08:14.258 DEBUG HikariPool-1 housekeeper c.z.h.p.HikariPool: HikariPool-1 - Pool stats (total=10, active=0, idle=10, waiting=0)
:2025-08-13 10:08:14.258 DEBUG HikariPool-1 housekeeper c.z.h.p.HikariPool: HikariPool-1 - Fill pool skipped, pool has sufficient level or currently being filled.
:2025-08-13 10:08:44.266 DEBUG HikariPool-1 housekeeper c.z.h.p.HikariPool: HikariPool-1 - Pool stats (total=10, active=0, idle=10, waiting=0)
:2025-08-13 10:08:44.266 DEBUG HikariPool-1 housekeeper c.z.h.p.HikariPool: HikariPool-1 - Fill pool skipped, pool has sufficient level or currently being filled.
:2025-08-13 10:09:14.279 DEBUG HikariPool-1 housekeeper c.z.h.p.HikariPool: HikariPool-1 - Pool stats (total=10, active=0, idle=10, waiting=0)
:2025-08-13 10:09:14.279 DEBUG HikariPool-1 housekeeper c.z.h.p.HikariPool: HikariPool-1 - Fill pool skipped, pool has sufficient level or currently being filled.
:2025-08-13 10:09:44.290 DEBUG HikariPool-1 housekeeper c.z.h.p.HikariPool: HikariPool-1 - Pool stats (total=10, active=0, idle=10, waiting=0)
:2025-08-13 10:09:44.290 DEBUG HikariPool-1 housekeeper c.z.h.p.HikariPool: HikariPool-1 - Fill pool skipped, pool has sufficient level or currently being filled.
:2025-08-13 10:10:14.298 DEBUG HikariPool-1 housekeeper c.z.h.p.HikariPool: HikariPool-1 - Pool stats (total=10, active=0, idle=10, waiting=0)
:2025-08-13 10:10:14.298 DEBUG HikariPool-1 housekeeper c.z.h.p.HikariPool: HikariPool-1 - Fill pool skipped, pool has sufficient level or currently being filled.
:2025-08-13 10:10:44.304 DEBUG HikariPool-1 housekeeper c.z.h.p.HikariPool: HikariPool-1 - Pool stats (total=10, active=0, idle=10, waiting=0)
:2025-08-13 10:10:44.304 DEBUG HikariPool-1 housekeeper c.z.h.p.HikariPool: HikariPool-1 - Fill pool skipped, pool has sufficient level or currently being filled.
:2025-08-13 10:11:14.306 DEBUG HikariPool-1 housekeeper c.z.h.p.HikariPool: HikariPool-1 - Pool stats (total=10, active=0, idle=10, waiting=0)
:2025-08-13 10:11:14.306 DEBUG HikariPool-1 housekeeper c.z.h.p.HikariPool: HikariPool-1 - Fill pool skipped, pool has sufficient level or currently being filled.
:2025-08-13 10:11:44.311 DEBUG HikariPool-1 housekeeper c.z.h.p.HikariPool: HikariPool-1 - Pool stats (total=10, active=0, idle=10, waiting=0)
:2025-08-13 10:11:44.311 DEBUG HikariPool-1 housekeeper c.z.h.p.HikariPool: HikariPool-1 - Fill pool skipped, pool has sufficient level or currently being filled.
:2025-08-13 10:12:14.312 DEBUG HikariPool-1 housekeeper c.z.h.p.HikariPool: HikariPool-1 - Pool stats (total=10, active=0, idle=10, waiting=0)
:2025-08-13 10:12:14.312 DEBUG HikariPool-1 housekeeper c.z.h.p.HikariPool: HikariPool-1 - Fill pool skipped, pool has sufficient level or currently being filled.
:2025-08-13 10:12:44.322 DEBUG HikariPool-1 housekeeper c.z.h.p.HikariPool: HikariPool-1 - Pool stats (total=10, active=0, idle=10, waiting=0)
:2025-08-13 10:12:44.322 DEBUG HikariPool-1 housekeeper c.z.h.p.HikariPool: HikariPool-1 - Fill pool skipped, pool has sufficient level or currently being filled.
:2025-08-13 10:13:14.336 DEBUG HikariPool-1 housekeeper c.z.h.p.HikariPool: HikariPool-1 - Pool stats (total=10, active=0, idle=10, waiting=0)
:2025-08-13 10:13:14.336 DEBUG HikariPool-1 housekeeper c.z.h.p.HikariPool: HikariPool-1 - Fill pool skipped, pool has sufficient level or currently being filled.
:2025-08-13 10:13:44.351 DEBUG HikariPool-1 housekeeper c.z.h.p.HikariPool: HikariPool-1 - Pool stats (total=10, active=0, idle=10, waiting=0)
:2025-08-13 10:13:44.351 DEBUG HikariPool-1 housekeeper c.z.h.p.HikariPool: HikariPool-1 - Fill pool skipped, pool has sufficient level or currently being filled.
:2025-08-13 10:14:14.363 DEBUG HikariPool-1 housekeeper c.z.h.p.HikariPool: HikariPool-1 - Pool stats (total=10, active=0, idle=10, waiting=0)
:2025-08-13 10:14:14.363 DEBUG HikariPool-1 housekeeper c.z.h.p.HikariPool: HikariPool-1 - Fill pool skipped, pool has sufficient level or currently being filled.
:2025-08-13 10:14:44.374 DEBUG HikariPool-1 housekeeper c.z.h.p.HikariPool: HikariPool-1 - Pool stats (total=10, active=0, idle=10, waiting=0)
:2025-08-13 10:14:44.374 DEBUG HikariPool-1 housekeeper c.z.h.p.HikariPool: HikariPool-1 - Fill pool skipped, pool has sufficient level or currently being filled.
:2025-08-13 10:15:14.384 DEBUG HikariPool-1 housekeeper c.z.h.p.HikariPool: HikariPool-1 - Pool stats (total=10, active=0, idle=10, waiting=0)
:2025-08-13 10:15:14.384 DEBUG HikariPool-1 housekeeper c.z.h.p.HikariPool: HikariPool-1 - Fill pool skipped, pool has sufficient level or currently being filled.
:2025-08-13 10:15:44.397 DEBUG HikariPool-1 housekeeper c.z.h.p.HikariPool: HikariPool-1 - Pool stats (total=10, active=0, idle=10, waiting=0)
:2025-08-13 10:15:44.397 DEBUG HikariPool-1 housekeeper c.z.h.p.HikariPool: HikariPool-1 - Fill pool skipped, pool has sufficient level or currently being filled.
:2025-08-13 10:16:14.400 DEBUG HikariPool-1 housekeeper c.z.h.p.HikariPool: HikariPool-1 - Pool stats (total=10, active=0, idle=10, waiting=0)
:2025-08-13 10:16:14.400 DEBUG HikariPool-1 housekeeper c.z.h.p.HikariPool: HikariPool-1 - Fill pool skipped, pool has sufficient level or currently being filled.
:2025-08-13 10:16:44.414 DEBUG HikariPool-1 housekeeper c.z.h.p.HikariPool: HikariPool-1 - Pool stats (total=10, active=0, idle=10, waiting=0)
:2025-08-13 10:16:44.414 DEBUG HikariPool-1 housekeeper c.z.h.p.HikariPool: HikariPool-1 - Fill pool skipped, pool has sufficient level or currently being filled.
:2025-08-13 10:17:14.427 DEBUG HikariPool-1 housekeeper c.z.h.p.HikariPool: HikariPool-1 - Pool stats (total=10, active=0, idle=10, waiting=0)
:2025-08-13 10:17:14.427 DEBUG HikariPool-1 housekeeper c.z.h.p.HikariPool: HikariPool-1 - Fill pool skipped, pool has sufficient level or currently being filled.
:2025-08-13 10:17:44.430 DEBUG HikariPool-1 housekeeper c.z.h.p.HikariPool: HikariPool-1 - Pool stats (total=10, active=0, idle=10, waiting=0)
:2025-08-13 10:17:44.430 DEBUG HikariPool-1 housekeeper c.z.h.p.HikariPool: HikariPool-1 - Fill pool skipped, pool has sufficient level or currently being filled.
:2025-08-13 10:18:14.433 DEBUG HikariPool-1 housekeeper c.z.h.p.HikariPool: HikariPool-1 - Pool stats (total=10, active=0, idle=10, waiting=0)
:2025-08-13 10:18:14.433 DEBUG HikariPool-1 housekeeper c.z.h.p.HikariPool: HikariPool-1 - Fill pool skipped, pool has sufficient level or currently being filled.
:2025-08-13 10:18:44.447 DEBUG HikariPool-1 housekeeper c.z.h.p.HikariPool: HikariPool-1 - Pool stats (total=10, active=0, idle=10, waiting=0)
:2025-08-13 10:18:44.447 DEBUG HikariPool-1 housekeeper c.z.h.p.HikariPool: HikariPool-1 - Fill pool skipped, pool has sufficient level or currently being filled.
:2025-08-13 10:19:14.462 DEBUG HikariPool-1 housekeeper c.z.h.p.HikariPool: HikariPool-1 - Pool stats (total=10, active=0, idle=10, waiting=0)
:2025-08-13 10:19:14.462 DEBUG HikariPool-1 housekeeper c.z.h.p.HikariPool: HikariPool-1 - Fill pool skipped, pool has sufficient level or currently being filled.
:2025-08-13 10:19:44.474 DEBUG HikariPool-1 housekeeper c.z.h.p.HikariPool: HikariPool-1 - Pool stats (total=10, active=0, idle=10, waiting=0)
:2025-08-13 10:19:44.474 DEBUG HikariPool-1 housekeeper c.z.h.p.HikariPool: HikariPool-1 - Fill pool skipped, pool has sufficient level or currently being filled.
:2025-08-13 10:20:14.487 DEBUG HikariPool-1 housekeeper c.z.h.p.HikariPool: HikariPool-1 - Pool stats (total=10, active=0, idle=10, waiting=0)
:2025-08-13 10:20:14.487 DEBUG HikariPool-1 housekeeper c.z.h.p.HikariPool: HikariPool-1 - Fill pool skipped, pool has sufficient level or currently being filled.
:2025-08-13 10:20:44.491 DEBUG HikariPool-1 housekeeper c.z.h.p.HikariPool: HikariPool-1 - Pool stats (total=10, active=0, idle=10, waiting=0)
:2025-08-13 10:20:44.491 DEBUG HikariPool-1 housekeeper c.z.h.p.HikariPool: HikariPool-1 - Fill pool skipped, pool has sufficient level or currently being filled.
:2025-08-13 10:21:14.495 DEBUG HikariPool-1 housekeeper c.z.h.p.HikariPool: HikariPool-1 - Pool stats (total=10, active=0, idle=10, waiting=0)
:2025-08-13 10:21:14.495 DEBUG HikariPool-1 housekeeper c.z.h.p.HikariPool: HikariPool-1 - Fill pool skipped, pool has sufficient level or currently being filled.
:2025-08-13 10:21:44.507 DEBUG HikariPool-1 housekeeper c.z.h.p.HikariPool: HikariPool-1 - Pool stats (total=10, active=0, idle=10, waiting=0)
:2025-08-13 10:21:44.507 DEBUG HikariPool-1 housekeeper c.z.h.p.HikariPool: HikariPool-1 - Fill pool skipped, pool has sufficient level or currently being filled.
:2025-08-13 10:22:14.516 DEBUG HikariPool-1 housekeeper c.z.h.p.HikariPool: HikariPool-1 - Pool stats (total=10, active=0, idle=10, waiting=0)
:2025-08-13 10:22:14.516 DEBUG HikariPool-1 housekeeper c.z.h.p.HikariPool: HikariPool-1 - Fill pool skipped, pool has sufficient level or currently being filled.
:2025-08-13 10:22:44.521 DEBUG HikariPool-1 housekeeper c.z.h.p.HikariPool: HikariPool-1 - Pool stats (total=10, active=0, idle=10, waiting=0)
:2025-08-13 10:22:44.521 DEBUG HikariPool-1 housekeeper c.z.h.p.HikariPool: HikariPool-1 - Fill pool skipped, pool has sufficient level or currently being filled.
:2025-08-13 10:23:14.533 DEBUG HikariPool-1 housekeeper c.z.h.p.HikariPool: HikariPool-1 - Pool stats (total=10, active=0, idle=10, waiting=0)
:2025-08-13 10:23:14.533 DEBUG HikariPool-1 housekeeper c.z.h.p.HikariPool: HikariPool-1 - Fill pool skipped, pool has sufficient level or currently being filled.
:2025-08-13 10:23:44.546 DEBUG HikariPool-1 housekeeper c.z.h.p.HikariPool: HikariPool-1 - Pool stats (total=10, active=0, idle=10, waiting=0)
:2025-08-13 10:23:44.546 DEBUG HikariPool-1 housekeeper c.z.h.p.HikariPool: HikariPool-1 - Fill pool skipped, pool has sufficient level or currently being filled.
:2025-08-13 10:24:14.558 DEBUG HikariPool-1 housekeeper c.z.h.p.HikariPool: HikariPool-1 - Pool stats (total=10, active=0, idle=10, waiting=0)
:2025-08-13 10:24:14.558 DEBUG HikariPool-1 housekeeper c.z.h.p.HikariPool: HikariPool-1 - Fill pool skipped, pool has sufficient level or currently being filled.
:2025-08-13 10:24:44.559 DEBUG HikariPool-1 housekeeper c.z.h.p.HikariPool: HikariPool-1 - Pool stats (total=10, active=0, idle=10, waiting=0)
:2025-08-13 10:24:44.559 DEBUG HikariPool-1 housekeeper c.z.h.p.HikariPool: HikariPool-1 - Fill pool skipped, pool has sufficient level or currently being filled.
:2025-08-13 10:25:14.562 DEBUG HikariPool-1 housekeeper c.z.h.p.HikariPool: HikariPool-1 - Pool stats (total=10, active=0, idle=10, waiting=0)
:2025-08-13 10:25:14.562 DEBUG HikariPool-1 housekeeper c.z.h.p.HikariPool: HikariPool-1 - Fill pool skipped, pool has sufficient level or currently being filled.
:2025-08-13 10:25:44.570 DEBUG HikariPool-1 housekeeper c.z.h.p.HikariPool: HikariPool-1 - Pool stats (total=10, active=0, idle=10, waiting=0)
:2025-08-13 10:25:44.570 DEBUG HikariPool-1 housekeeper c.z.h.p.HikariPool: HikariPool-1 - Fill pool skipped, pool has sufficient level or currently being filled.
:2025-08-13 10:26:14.577 DEBUG HikariPool-1 housekeeper c.z.h.p.HikariPool: HikariPool-1 - Pool stats (total=10, active=0, idle=10, waiting=0)
:2025-08-13 10:26:14.577 DEBUG HikariPool-1 housekeeper c.z.h.p.HikariPool: HikariPool-1 - Fill pool skipped, pool has sufficient level or currently being filled.
:2025-08-13 10:26:44.577 DEBUG HikariPool-1 housekeeper c.z.h.p.HikariPool: HikariPool-1 - Pool stats (total=10, active=0, idle=10, waiting=0)
:2025-08-13 10:26:44.577 DEBUG HikariPool-1 housekeeper c.z.h.p.HikariPool: HikariPool-1 - Fill pool skipped, pool has sufficient level or currently being filled.
:2025-08-13 10:27:14.594 DEBUG HikariPool-1 housekeeper c.z.h.p.HikariPool: HikariPool-1 - Pool stats (total=10, active=0, idle=10, waiting=0)
:2025-08-13 10:27:14.594 DEBUG HikariPool-1 housekeeper c.z.h.p.HikariPool: HikariPool-1 - Fill pool skipped, pool has sufficient level or currently being filled.
:2025-08-13 10:27:44.608 DEBUG HikariPool-1 housekeeper c.z.h.p.HikariPool: HikariPool-1 - Pool stats (total=10, active=0, idle=10, waiting=0)
:2025-08-13 10:27:44.608 DEBUG HikariPool-1 housekeeper c.z.h.p.HikariPool: HikariPool-1 - Fill pool skipped, pool has sufficient level or currently being filled.
:2025-08-13 10:28:14.612 DEBUG HikariPool-1 housekeeper c.z.h.p.HikariPool: HikariPool-1 - Pool stats (total=10, active=0, idle=10, waiting=0)
:2025-08-13 10:28:14.612 DEBUG HikariPool-1 housekeeper c.z.h.p.HikariPool: HikariPool-1 - Fill pool skipped, pool has sufficient level or currently being filled.
:2025-08-13 10:28:44.626 DEBUG HikariPool-1 housekeeper c.z.h.p.HikariPool: HikariPool-1 - Pool stats (total=10, active=0, idle=10, waiting=0)
:2025-08-13 10:28:44.626 DEBUG HikariPool-1 housekeeper c.z.h.p.HikariPool: HikariPool-1 - Fill pool skipped, pool has sufficient level or currently being filled.
:2025-08-13 10:29:14.638 DEBUG HikariPool-1 housekeeper c.z.h.p.HikariPool: HikariPool-1 - Pool stats (total=10, active=0, idle=10, waiting=0)
:2025-08-13 10:29:14.638 DEBUG HikariPool-1 housekeeper c.z.h.p.HikariPool: HikariPool-1 - Fill pool skipped, pool has sufficient level or currently being filled.
:2025-08-13 10:29:44.644 DEBUG HikariPool-1 housekeeper c.z.h.p.HikariPool: HikariPool-1 - Pool stats (total=10, active=0, idle=10, waiting=0)
:2025-08-13 10:29:44.644 DEBUG HikariPool-1 housekeeper c.z.h.p.HikariPool: HikariPool-1 - Fill pool skipped, pool has sufficient level or currently being filled.
:2025-08-13 10:30:14.656 DEBUG HikariPool-1 housekeeper c.z.h.p.HikariPool: HikariPool-1 - Pool stats (total=10, active=0, idle=10, waiting=0)
:2025-08-13 10:30:14.656 DEBUG HikariPool-1 housekeeper c.z.h.p.HikariPool: HikariPool-1 - Fill pool skipped, pool has sufficient level or currently being filled.
:2025-08-13 10:30:26.421 DEBUG HikariPool-1 connection closer c.z.h.p.PoolBase: HikariPool-1 - Closing connection com.mysql.cj.jdbc.ConnectionImpl@6208b1eb: (connection has passed maxLifetime)
:2025-08-13 10:30:26.428 DEBUG HikariPool-1 connection adder c.z.h.p.HikariPool: HikariPool-1 - Added connection com.mysql.cj.jdbc.ConnectionImpl@ffef351
:2025-08-13 10:30:26.469 DEBUG HikariPool-1 connection adder c.z.h.p.HikariPool: HikariPool-1 - Connection not added, stats (total=10, active=0, idle=10, waiting=0)
:2025-08-13 10:30:44.670 DEBUG HikariPool-1 housekeeper c.z.h.p.HikariPool: HikariPool-1 - Pool stats (total=10, active=0, idle=10, waiting=0)
:2025-08-13 10:30:44.670 DEBUG HikariPool-1 housekeeper c.z.h.p.HikariPool: HikariPool-1 - Fill pool skipped, pool has sufficient level or currently being filled.
:2025-08-13 10:31:14.674 DEBUG HikariPool-1 housekeeper c.z.h.p.HikariPool: HikariPool-1 - Pool stats (total=10, active=0, idle=10, waiting=0)
:2025-08-13 10:31:14.674 DEBUG HikariPool-1 housekeeper c.z.h.p.HikariPool: HikariPool-1 - Fill pool skipped, pool has sufficient level or currently being filled.
:2025-08-13 10:31:20.332 DEBUG HikariPool-1 connection closer c.z.h.p.PoolBase: HikariPool-1 - Closing connection com.mysql.cj.jdbc.ConnectionImpl@337373e5: (connection has passed maxLifetime)
:2025-08-13 10:31:20.337 DEBUG HikariPool-1 connection adder c.z.h.p.HikariPool: HikariPool-1 - Added connection com.mysql.cj.jdbc.ConnectionImpl@1cc8f80b
:2025-08-13 10:31:20.379 DEBUG HikariPool-1 connection adder c.z.h.p.HikariPool: HikariPool-1 - Connection not added, stats (total=10, active=0, idle=10, waiting=0)
:2025-08-13 10:31:24.627 DEBUG HikariPool-1 connection closer c.z.h.p.PoolBase: HikariPool-1 - Closing connection com.mysql.cj.jdbc.ConnectionImpl@6389fe8b: (connection has passed maxLifetime)
:2025-08-13 10:31:24.631 DEBUG HikariPool-1 connection adder c.z.h.p.HikariPool: HikariPool-1 - Added connection com.mysql.cj.jdbc.ConnectionImpl@68d9894b
:2025-08-13 10:31:24.675 DEBUG HikariPool-1 connection adder c.z.h.p.HikariPool: HikariPool-1 - Connection not added, stats (total=10, active=0, idle=10, waiting=0)
:2025-08-13 10:31:25.838 DEBUG HikariPool-1 connection closer c.z.h.p.PoolBase: HikariPool-1 - Closing connection com.mysql.cj.jdbc.ConnectionImpl@37b4286f: (connection has passed maxLifetime)
:2025-08-13 10:31:25.841 DEBUG HikariPool-1 connection adder c.z.h.p.HikariPool: HikariPool-1 - Added connection com.mysql.cj.jdbc.ConnectionImpl@6eb67f1c
:2025-08-13 10:31:25.885 DEBUG HikariPool-1 connection adder c.z.h.p.HikariPool: HikariPool-1 - Connection not added, stats (total=10, active=0, idle=10, waiting=0)
:2025-08-13 10:31:26.280 DEBUG HikariPool-1 connection closer c.z.h.p.PoolBase: HikariPool-1 - Closing connection com.mysql.cj.jdbc.ConnectionImpl@4739b371: (connection has passed maxLifetime)
:2025-08-13 10:31:26.284 DEBUG HikariPool-1 connection adder c.z.h.p.HikariPool: HikariPool-1 - Added connection com.mysql.cj.jdbc.ConnectionImpl@3dab57e5
:2025-08-13 10:31:26.328 DEBUG HikariPool-1 connection adder c.z.h.p.HikariPool: HikariPool-1 - Connection not added, stats (total=10, active=0, idle=10, waiting=0)
:2025-08-13 10:31:44.688 DEBUG HikariPool-1 housekeeper c.z.h.p.HikariPool: HikariPool-1 - Pool stats (total=10, active=0, idle=10, waiting=0)
:2025-08-13 10:31:44.688 DEBUG HikariPool-1 housekeeper c.z.h.p.HikariPool: HikariPool-1 - Fill pool skipped, pool has sufficient level or currently being filled.
:2025-08-13 10:31:56.521 DEBUG HikariPool-1 connection closer c.z.h.p.PoolBase: HikariPool-1 - Closing connection com.mysql.cj.jdbc.ConnectionImpl@526e4257: (connection has passed maxLifetime)
:2025-08-13 10:31:56.524 DEBUG HikariPool-1 connection adder c.z.h.p.HikariPool: HikariPool-1 - Added connection com.mysql.cj.jdbc.ConnectionImpl@2cb6f486
:2025-08-13 10:31:56.567 DEBUG HikariPool-1 connection adder c.z.h.p.HikariPool: HikariPool-1 - Connection not added, stats (total=10, active=0, idle=10, waiting=0)
:2025-08-13 10:32:00.740 DEBUG HikariPool-1 connection closer c.z.h.p.PoolBase: HikariPool-1 - Closing connection com.mysql.cj.jdbc.ConnectionImpl@6d858cb4: (connection has passed maxLifetime)
:2025-08-13 10:32:00.743 DEBUG HikariPool-1 connection adder c.z.h.p.HikariPool: HikariPool-1 - Added connection com.mysql.cj.jdbc.ConnectionImpl@581745a3
:2025-08-13 10:32:00.788 DEBUG HikariPool-1 connection adder c.z.h.p.HikariPool: HikariPool-1 - Connection not added, stats (total=10, active=0, idle=10, waiting=0)
:2025-08-13 10:32:14.702 DEBUG HikariPool-1 housekeeper c.z.h.p.HikariPool: HikariPool-1 - Pool stats (total=10, active=0, idle=10, waiting=0)
:2025-08-13 10:32:14.702 DEBUG HikariPool-1 housekeeper c.z.h.p.HikariPool: HikariPool-1 - Fill pool skipped, pool has sufficient level or currently being filled.
:2025-08-13 10:32:24.495 DEBUG HikariPool-1 connection closer c.z.h.p.PoolBase: HikariPool-1 - Closing connection com.mysql.cj.jdbc.ConnectionImpl@5d6a9a43: (connection has passed maxLifetime)
:2025-08-13 10:32:24.499 DEBUG HikariPool-1 connection adder c.z.h.p.HikariPool: HikariPool-1 - Added connection com.mysql.cj.jdbc.ConnectionImpl@3965af90
:2025-08-13 10:32:24.543 DEBUG HikariPool-1 connection adder c.z.h.p.HikariPool: HikariPool-1 - Connection not added, stats (total=10, active=0, idle=10, waiting=0)
:2025-08-13 10:32:32.376 DEBUG HikariPool-1 connection closer c.z.h.p.PoolBase: HikariPool-1 - Closing connection com.mysql.cj.jdbc.ConnectionImpl@29ce4e13: (connection has passed maxLifetime)
:2025-08-13 10:32:32.380 DEBUG HikariPool-1 connection adder c.z.h.p.HikariPool: HikariPool-1 - Added connection com.mysql.cj.jdbc.ConnectionImpl@302d53aa
:2025-08-13 10:32:32.424 DEBUG HikariPool-1 connection adder c.z.h.p.HikariPool: HikariPool-1 - Connection not added, stats (total=10, active=0, idle=10, waiting=0)
:2025-08-13 10:32:44.716 DEBUG HikariPool-1 housekeeper c.z.h.p.HikariPool: HikariPool-1 - Pool stats (total=10, active=0, idle=10, waiting=0)
:2025-08-13 10:32:44.716 DEBUG HikariPool-1 housekeeper c.z.h.p.HikariPool: HikariPool-1 - Fill pool skipped, pool has sufficient level or currently being filled.
:2025-08-13 10:33:14.721 DEBUG HikariPool-1 housekeeper c.z.h.p.HikariPool: HikariPool-1 - Pool stats (total=10, active=0, idle=10, waiting=0)
:2025-08-13 10:33:14.721 DEBUG HikariPool-1 housekeeper c.z.h.p.HikariPool: HikariPool-1 - Fill pool skipped, pool has sufficient level or currently being filled.
:2025-08-13 10:33:44.737 DEBUG HikariPool-1 housekeeper c.z.h.p.HikariPool: HikariPool-1 - Pool stats (total=10, active=0, idle=10, waiting=0)
:2025-08-13 10:33:44.737 DEBUG HikariPool-1 housekeeper c.z.h.p.HikariPool: HikariPool-1 - Fill pool skipped, pool has sufficient level or currently being filled.
:2025-08-13 10:34:14.741 DEBUG HikariPool-1 housekeeper c.z.h.p.HikariPool: HikariPool-1 - Pool stats (total=10, active=0, idle=10, waiting=0)
:2025-08-13 10:34:14.741 DEBUG HikariPool-1 housekeeper c.z.h.p.HikariPool: HikariPool-1 - Fill pool skipped, pool has sufficient level or currently being filled.
:2025-08-13 10:34:14.897 DEBUG HikariPool-1 connection closer c.z.h.p.PoolBase: HikariPool-1 - Closing connection com.mysql.cj.jdbc.ConnectionImpl@16d8cfb6: (connection has passed maxLifetime)
:2025-08-13 10:34:14.902 DEBUG HikariPool-1 connection adder c.z.h.p.HikariPool: HikariPool-1 - Added connection com.mysql.cj.jdbc.ConnectionImpl@192a28c7
:2025-08-13 10:34:14.945 DEBUG HikariPool-1 connection adder c.z.h.p.HikariPool: HikariPool-1 - Connection not added, stats (total=10, active=0, idle=10, waiting=0)
:2025-08-13 10:34:44.757 DEBUG HikariPool-1 housekeeper c.z.h.p.HikariPool: HikariPool-1 - Pool stats (total=10, active=0, idle=10, waiting=0)
:2025-08-13 10:34:44.757 DEBUG HikariPool-1 housekeeper c.z.h.p.HikariPool: HikariPool-1 - Fill pool skipped, pool has sufficient level or currently being filled.
:2025-08-13 10:35:14.763 DEBUG HikariPool-1 housekeeper c.z.h.p.HikariPool: HikariPool-1 - Pool stats (total=10, active=0, idle=10, waiting=0)
:2025-08-13 10:35:14.763 DEBUG HikariPool-1 housekeeper c.z.h.p.HikariPool: HikariPool-1 - Fill pool skipped, pool has sufficient level or currently being filled.
:2025-08-13 10:35:44.769 DEBUG HikariPool-1 housekeeper c.z.h.p.HikariPool: HikariPool-1 - Pool stats (total=10, active=0, idle=10, waiting=0)
:2025-08-13 10:35:44.769 DEBUG HikariPool-1 housekeeper c.z.h.p.HikariPool: HikariPool-1 - Fill pool skipped, pool has sufficient level or currently being filled.
:2025-08-13 10:36:14.781 DEBUG HikariPool-1 housekeeper c.z.h.p.HikariPool: HikariPool-1 - Pool stats (total=10, active=0, idle=10, waiting=0)
:2025-08-13 10:36:14.781 DEBUG HikariPool-1 housekeeper c.z.h.p.HikariPool: HikariPool-1 - Fill pool skipped, pool has sufficient level or currently being filled.
:2025-08-13 10:36:44.793 DEBUG HikariPool-1 housekeeper c.z.h.p.HikariPool: HikariPool-1 - Pool stats (total=10, active=0, idle=10, waiting=0)
:2025-08-13 10:36:44.793 DEBUG HikariPool-1 housekeeper c.z.h.p.HikariPool: HikariPool-1 - Fill pool skipped, pool has sufficient level or currently being filled.
:2025-08-13 10:37:14.794 DEBUG HikariPool-1 housekeeper c.z.h.p.HikariPool: HikariPool-1 - Pool stats (total=10, active=0, idle=10, waiting=0)
:2025-08-13 10:37:14.794 DEBUG HikariPool-1 housekeeper c.z.h.p.HikariPool: HikariPool-1 - Fill pool skipped, pool has sufficient level or currently being filled.
:2025-08-13 10:37:44.804 DEBUG HikariPool-1 housekeeper c.z.h.p.HikariPool: HikariPool-1 - Pool stats (total=10, active=0, idle=10, waiting=0)
:2025-08-13 10:37:44.804 DEBUG HikariPool-1 housekeeper c.z.h.p.HikariPool: HikariPool-1 - Fill pool skipped, pool has sufficient level or currently being filled.
:2025-08-13 10:38:14.805 DEBUG HikariPool-1 housekeeper c.z.h.p.HikariPool: HikariPool-1 - Pool stats (total=10, active=0, idle=10, waiting=0)
:2025-08-13 10:38:14.805 DEBUG HikariPool-1 housekeeper c.z.h.p.HikariPool: HikariPool-1 - Fill pool skipped, pool has sufficient level or currently being filled.
:2025-08-13 10:38:44.810 DEBUG HikariPool-1 housekeeper c.z.h.p.HikariPool: HikariPool-1 - Pool stats (total=10, active=0, idle=10, waiting=0)
:2025-08-13 10:38:44.810 DEBUG HikariPool-1 housekeeper c.z.h.p.HikariPool: HikariPool-1 - Fill pool skipped, pool has sufficient level or currently being filled.
:2025-08-13 10:39:14.815 DEBUG HikariPool-1 housekeeper c.z.h.p.HikariPool: HikariPool-1 - Pool stats (total=10, active=0, idle=10, waiting=0)
:2025-08-13 10:39:14.815 DEBUG HikariPool-1 housekeeper c.z.h.p.HikariPool: HikariPool-1 - Fill pool skipped, pool has sufficient level or currently being filled.
:2025-08-13 10:39:44.819 DEBUG HikariPool-1 housekeeper c.z.h.p.HikariPool: HikariPool-1 - Pool stats (total=10, active=0, idle=10, waiting=0)
:2025-08-13 10:39:44.819 DEBUG HikariPool-1 housekeeper c.z.h.p.HikariPool: HikariPool-1 - Fill pool skipped, pool has sufficient level or currently being filled.
:2025-08-13 10:40:14.834 DEBUG HikariPool-1 housekeeper c.z.h.p.HikariPool: HikariPool-1 - Pool stats (total=10, active=0, idle=10, waiting=0)
:2025-08-13 10:40:14.834 DEBUG HikariPool-1 housekeeper c.z.h.p.HikariPool: HikariPool-1 - Fill pool skipped, pool has sufficient level or currently being filled.
:2025-08-13 10:40:44.848 DEBUG HikariPool-1 housekeeper c.z.h.p.HikariPool: HikariPool-1 - Pool stats (total=10, active=0, idle=10, waiting=0)
:2025-08-13 10:40:44.848 DEBUG HikariPool-1 housekeeper c.z.h.p.HikariPool: HikariPool-1 - Fill pool skipped, pool has sufficient level or currently being filled.
:2025-08-13 10:41:14.852 DEBUG HikariPool-1 housekeeper c.z.h.p.HikariPool: HikariPool-1 - Pool stats (total=10, active=0, idle=10, waiting=0)
:2025-08-13 10:41:14.852 DEBUG HikariPool-1 housekeeper c.z.h.p.HikariPool: HikariPool-1 - Fill pool skipped, pool has sufficient level or currently being filled.
:2025-08-13 10:41:44.863 DEBUG HikariPool-1 housekeeper c.z.h.p.HikariPool: HikariPool-1 - Pool stats (total=10, active=0, idle=10, waiting=0)
:2025-08-13 10:41:44.863 DEBUG HikariPool-1 housekeeper c.z.h.p.HikariPool: HikariPool-1 - Fill pool skipped, pool has sufficient level or currently being filled.
:2025-08-13 10:42:14.868 DEBUG HikariPool-1 housekeeper c.z.h.p.HikariPool: HikariPool-1 - Pool stats (total=10, active=0, idle=10, waiting=0)
:2025-08-13 10:42:14.868 DEBUG HikariPool-1 housekeeper c.z.h.p.HikariPool: HikariPool-1 - Fill pool skipped, pool has sufficient level or currently being filled.
:2025-08-13 10:42:44.870 DEBUG HikariPool-1 housekeeper c.z.h.p.HikariPool: HikariPool-1 - Pool stats (total=10, active=0, idle=10, waiting=0)
:2025-08-13 10:42:44.870 DEBUG HikariPool-1 housekeeper c.z.h.p.HikariPool: HikariPool-1 - Fill pool skipped, pool has sufficient level or currently being filled.
:2025-08-13 10:43:14.878 DEBUG HikariPool-1 housekeeper c.z.h.p.HikariPool: HikariPool-1 - Pool stats (total=10, active=0, idle=10, waiting=0)
:2025-08-13 10:43:14.878 DEBUG HikariPool-1 housekeeper c.z.h.p.HikariPool: HikariPool-1 - Fill pool skipped, pool has sufficient level or currently being filled.
:2025-08-13 10:43:44.883 DEBUG HikariPool-1 housekeeper c.z.h.p.HikariPool: HikariPool-1 - Pool stats (total=10, active=0, idle=10, waiting=0)
:2025-08-13 10:43:44.883 DEBUG HikariPool-1 housekeeper c.z.h.p.HikariPool: HikariPool-1 - Fill pool skipped, pool has sufficient level or currently being filled.
:2025-08-13 10:44:14.895 DEBUG HikariPool-1 housekeeper c.z.h.p.HikariPool: HikariPool-1 - Pool stats (total=10, active=0, idle=10, waiting=0)
:2025-08-13 10:44:14.895 DEBUG HikariPool-1 housekeeper c.z.h.p.HikariPool: HikariPool-1 - Fill pool skipped, pool has sufficient level or currently being filled.
:2025-08-13 10:44:44.898 DEBUG HikariPool-1 housekeeper c.z.h.p.HikariPool: HikariPool-1 - Pool stats (total=10, active=0, idle=10, waiting=0)
:2025-08-13 10:44:44.898 DEBUG HikariPool-1 housekeeper c.z.h.p.HikariPool: HikariPool-1 - Fill pool skipped, pool has sufficient level or currently being filled.
:2025-08-13 10:45:14.903 DEBUG HikariPool-1 housekeeper c.z.h.p.HikariPool: HikariPool-1 - Pool stats (total=10, active=0, idle=10, waiting=0)
:2025-08-13 10:45:14.903 DEBUG HikariPool-1 housekeeper c.z.h.p.HikariPool: HikariPool-1 - Fill pool skipped, pool has sufficient level or currently being filled.
:2025-08-13 10:45:44.909 DEBUG HikariPool-1 housekeeper c.z.h.p.HikariPool: HikariPool-1 - Pool stats (total=10, active=0, idle=10, waiting=0)
:2025-08-13 10:45:44.909 DEBUG HikariPool-1 housekeeper c.z.h.p.HikariPool: HikariPool-1 - Fill pool skipped, pool has sufficient level or currently being filled.
:2025-08-13 10:46:14.922 DEBUG HikariPool-1 housekeeper c.z.h.p.HikariPool: HikariPool-1 - Pool stats (total=10, active=0, idle=10, waiting=0)
:2025-08-13 10:46:14.922 DEBUG HikariPool-1 housekeeper c.z.h.p.HikariPool: HikariPool-1 - Fill pool skipped, pool has sufficient level or currently being filled.
:2025-08-13 10:46:44.925 DEBUG HikariPool-1 housekeeper c.z.h.p.HikariPool: HikariPool-1 - Pool stats (total=10, active=0, idle=10, waiting=0)
:2025-08-13 10:46:44.925 DEBUG HikariPool-1 housekeeper c.z.h.p.HikariPool: HikariPool-1 - Fill pool skipped, pool has sufficient level or currently being filled.
:2025-08-13 10:47:14.933 DEBUG HikariPool-1 housekeeper c.z.h.p.HikariPool: HikariPool-1 - Pool stats (total=10, active=0, idle=10, waiting=0)
:2025-08-13 10:47:14.933 DEBUG HikariPool-1 housekeeper c.z.h.p.HikariPool: HikariPool-1 - Fill pool skipped, pool has sufficient level or currently being filled.
:2025-08-13 10:47:44.944 DEBUG HikariPool-1 housekeeper c.z.h.p.HikariPool: HikariPool-1 - Pool stats (total=10, active=0, idle=10, waiting=0)
:2025-08-13 10:47:44.944 DEBUG HikariPool-1 housekeeper c.z.h.p.HikariPool: HikariPool-1 - Fill pool skipped, pool has sufficient level or currently being filled.
:2025-08-13 10:48:14.950 DEBUG HikariPool-1 housekeeper c.z.h.p.HikariPool: HikariPool-1 - Pool stats (total=10, active=0, idle=10, waiting=0)
:2025-08-13 10:48:14.950 DEBUG HikariPool-1 housekeeper c.z.h.p.HikariPool: HikariPool-1 - Fill pool skipped, pool has sufficient level or currently being filled.
:2025-08-13 10:48:44.961 DEBUG HikariPool-1 housekeeper c.z.h.p.HikariPool: HikariPool-1 - Pool stats (total=10, active=0, idle=10, waiting=0)
:2025-08-13 10:48:44.961 DEBUG HikariPool-1 housekeeper c.z.h.p.HikariPool: HikariPool-1 - Fill pool skipped, pool has sufficient level or currently being filled.
:2025-08-13 10:49:14.974 DEBUG HikariPool-1 housekeeper c.z.h.p.HikariPool: HikariPool-1 - Pool stats (total=10, active=0, idle=10, waiting=0)
:2025-08-13 10:49:14.974 DEBUG HikariPool-1 housekeeper c.z.h.p.HikariPool: HikariPool-1 - Fill pool skipped, pool has sufficient level or currently being filled.
:2025-08-13 10:49:44.980 DEBUG HikariPool-1 housekeeper c.z.h.p.HikariPool: HikariPool-1 - Pool stats (total=10, active=0, idle=10, waiting=0)
:2025-08-13 10:49:44.980 DEBUG HikariPool-1 housekeeper c.z.h.p.HikariPool: HikariPool-1 - Fill pool skipped, pool has sufficient level or currently being filled.
:2025-08-13 10:50:14.993 DEBUG HikariPool-1 housekeeper c.z.h.p.HikariPool: HikariPool-1 - Pool stats (total=10, active=0, idle=10, waiting=0)
:2025-08-13 10:50:14.993 DEBUG HikariPool-1 housekeeper c.z.h.p.HikariPool: HikariPool-1 - Fill pool skipped, pool has sufficient level or currently being filled.
:2025-08-13 10:50:45.006 DEBUG HikariPool-1 housekeeper c.z.h.p.HikariPool: HikariPool-1 - Pool stats (total=10, active=0, idle=10, waiting=0)
:2025-08-13 10:50:45.006 DEBUG HikariPool-1 housekeeper c.z.h.p.HikariPool: HikariPool-1 - Fill pool skipped, pool has sufficient level or currently being filled.
:2025-08-13 10:51:15.012 DEBUG HikariPool-1 housekeeper c.z.h.p.HikariPool: HikariPool-1 - Pool stats (total=10, active=0, idle=10, waiting=0)
:2025-08-13 10:51:15.012 DEBUG HikariPool-1 housekeeper c.z.h.p.HikariPool: HikariPool-1 - Fill pool skipped, pool has sufficient level or currently being filled.
:2025-08-13 10:51:45.021 DEBUG HikariPool-1 housekeeper c.z.h.p.HikariPool: HikariPool-1 - Pool stats (total=10, active=0, idle=10, waiting=0)
:2025-08-13 10:51:45.021 DEBUG HikariPool-1 housekeeper c.z.h.p.HikariPool: HikariPool-1 - Fill pool skipped, pool has sufficient level or currently being filled.
:2025-08-13 10:52:15.027 DEBUG HikariPool-1 housekeeper c.z.h.p.HikariPool: HikariPool-1 - Pool stats (total=10, active=0, idle=10, waiting=0)
:2025-08-13 10:52:15.027 DEBUG HikariPool-1 housekeeper c.z.h.p.HikariPool: HikariPool-1 - Fill pool skipped, pool has sufficient level or currently being filled.
:2025-08-13 10:52:45.035 DEBUG HikariPool-1 housekeeper c.z.h.p.HikariPool: HikariPool-1 - Pool stats (total=10, active=0, idle=10, waiting=0)
:2025-08-13 10:52:45.035 DEBUG HikariPool-1 housekeeper c.z.h.p.HikariPool: HikariPool-1 - Fill pool skipped, pool has sufficient level or currently being filled.
:2025-08-13 10:53:15.047 DEBUG HikariPool-1 housekeeper c.z.h.p.HikariPool: HikariPool-1 - Pool stats (total=10, active=0, idle=10, waiting=0)
:2025-08-13 10:53:15.047 DEBUG HikariPool-1 housekeeper c.z.h.p.HikariPool: HikariPool-1 - Fill pool skipped, pool has sufficient level or currently being filled.
:2025-08-13 10:53:45.061 DEBUG HikariPool-1 housekeeper c.z.h.p.HikariPool: HikariPool-1 - Pool stats (total=10, active=0, idle=10, waiting=0)
:2025-08-13 10:53:45.061 DEBUG HikariPool-1 housekeeper c.z.h.p.HikariPool: HikariPool-1 - Fill pool skipped, pool has sufficient level or currently being filled.
:2025-08-13 10:54:15.068 DEBUG HikariPool-1 housekeeper c.z.h.p.HikariPool: HikariPool-1 - Pool stats (total=10, active=0, idle=10, waiting=0)
:2025-08-13 10:54:15.068 DEBUG HikariPool-1 housekeeper c.z.h.p.HikariPool: HikariPool-1 - Fill pool skipped, pool has sufficient level or currently being filled.
:2025-08-13 10:54:45.080 DEBUG HikariPool-1 housekeeper c.z.h.p.HikariPool: HikariPool-1 - Pool stats (total=10, active=0, idle=10, waiting=0)
:2025-08-13 10:54:45.080 DEBUG HikariPool-1 housekeeper c.z.h.p.HikariPool: HikariPool-1 - Fill pool skipped, pool has sufficient level or currently being filled.
:2025-08-13 10:55:15.081 DEBUG HikariPool-1 housekeeper c.z.h.p.HikariPool: HikariPool-1 - Pool stats (total=10, active=0, idle=10, waiting=0)
:2025-08-13 10:55:15.081 DEBUG HikariPool-1 housekeeper c.z.h.p.HikariPool: HikariPool-1 - Fill pool skipped, pool has sufficient level or currently being filled.
:2025-08-13 10:55:45.087 DEBUG HikariPool-1 housekeeper c.z.h.p.HikariPool: HikariPool-1 - Pool stats (total=10, active=0, idle=10, waiting=0)
:2025-08-13 10:55:45.087 DEBUG HikariPool-1 housekeeper c.z.h.p.HikariPool: HikariPool-1 - Fill pool skipped, pool has sufficient level or currently being filled.
:2025-08-13 10:56:15.089 DEBUG HikariPool-1 housekeeper c.z.h.p.HikariPool: HikariPool-1 - Pool stats (total=10, active=0, idle=10, waiting=0)
:2025-08-13 10:56:15.089 DEBUG HikariPool-1 housekeeper c.z.h.p.HikariPool: HikariPool-1 - Fill pool skipped, pool has sufficient level or currently being filled.
:2025-08-13 10:56:45.097 DEBUG HikariPool-1 housekeeper c.z.h.p.HikariPool: HikariPool-1 - Pool stats (total=10, active=0, idle=10, waiting=0)
:2025-08-13 10:56:45.097 DEBUG HikariPool-1 housekeeper c.z.h.p.HikariPool: HikariPool-1 - Fill pool skipped, pool has sufficient level or currently being filled.
:2025-08-13 10:57:15.104 DEBUG HikariPool-1 housekeeper c.z.h.p.HikariPool: HikariPool-1 - Pool stats (total=10, active=0, idle=10, waiting=0)
:2025-08-13 10:57:15.104 DEBUG HikariPool-1 housekeeper c.z.h.p.HikariPool: HikariPool-1 - Fill pool skipped, pool has sufficient level or currently being filled.
:2025-08-13 10:57:45.112 DEBUG HikariPool-1 housekeeper c.z.h.p.HikariPool: HikariPool-1 - Pool stats (total=10, active=0, idle=10, waiting=0)
:2025-08-13 10:57:45.112 DEBUG HikariPool-1 housekeeper c.z.h.p.HikariPool: HikariPool-1 - Fill pool skipped, pool has sufficient level or currently being filled.
:2025-08-13 10:58:15.117 DEBUG HikariPool-1 housekeeper c.z.h.p.HikariPool: HikariPool-1 - Pool stats (total=10, active=0, idle=10, waiting=0)
:2025-08-13 10:58:15.117 DEBUG HikariPool-1 housekeeper c.z.h.p.HikariPool: HikariPool-1 - Fill pool skipped, pool has sufficient level or currently being filled.
:2025-08-13 10:58:45.131 DEBUG HikariPool-1 housekeeper c.z.h.p.HikariPool: HikariPool-1 - Pool stats (total=10, active=0, idle=10, waiting=0)
:2025-08-13 10:58:45.131 DEBUG HikariPool-1 housekeeper c.z.h.p.HikariPool: HikariPool-1 - Fill pool skipped, pool has sufficient level or currently being filled.
:2025-08-13 10:59:15.137 DEBUG HikariPool-1 housekeeper c.z.h.p.HikariPool: HikariPool-1 - Pool stats (total=10, active=0, idle=10, waiting=0)
:2025-08-13 10:59:15.137 DEBUG HikariPool-1 housekeeper c.z.h.p.HikariPool: HikariPool-1 - Fill pool skipped, pool has sufficient level or currently being filled.
:2025-08-13 10:59:45.144 DEBUG HikariPool-1 housekeeper c.z.h.p.HikariPool: HikariPool-1 - Pool stats (total=10, active=0, idle=10, waiting=0)
:2025-08-13 10:59:45.144 DEBUG HikariPool-1 housekeeper c.z.h.p.HikariPool: HikariPool-1 - Fill pool skipped, pool has sufficient level or currently being filled.
:2025-08-13 11:00:06.129 DEBUG HikariPool-1 connection closer c.z.h.p.PoolBase: HikariPool-1 - Closing connection com.mysql.cj.jdbc.ConnectionImpl@ffef351: (connection has passed maxLifetime)
:2025-08-13 11:00:06.132 DEBUG HikariPool-1 connection adder c.z.h.p.HikariPool: HikariPool-1 - Added connection com.mysql.cj.jdbc.ConnectionImpl@2c4ecf11
:2025-08-13 11:00:06.164 DEBUG HikariPool-1 connection adder c.z.h.p.HikariPool: HikariPool-1 - Connection not added, stats (total=10, active=0, idle=10, waiting=0)
:2025-08-13 11:00:15.144 DEBUG HikariPool-1 housekeeper c.z.h.p.HikariPool: HikariPool-1 - Pool stats (total=10, active=0, idle=10, waiting=0)
:2025-08-13 11:00:15.144 DEBUG HikariPool-1 housekeeper c.z.h.p.HikariPool: HikariPool-1 - Fill pool skipped, pool has sufficient level or currently being filled.
:2025-08-13 11:00:38.294 DEBUG HikariPool-1 connection closer c.z.h.p.PoolBase: HikariPool-1 - Closing connection com.mysql.cj.jdbc.ConnectionImpl@1cc8f80b: (connection has passed maxLifetime)
:2025-08-13 11:00:38.297 DEBUG HikariPool-1 connection adder c.z.h.p.HikariPool: HikariPool-1 - Added connection com.mysql.cj.jdbc.ConnectionImpl@2b3e9bc4
:2025-08-13 11:00:38.341 DEBUG HikariPool-1 connection adder c.z.h.p.HikariPool: HikariPool-1 - Connection not added, stats (total=10, active=0, idle=10, waiting=0)
:2025-08-13 11:00:43.710 DEBUG HikariPool-1 connection closer c.z.h.p.PoolBase: HikariPool-1 - Closing connection com.mysql.cj.jdbc.ConnectionImpl@68d9894b: (connection has passed maxLifetime)
:2025-08-13 11:00:43.713 DEBUG HikariPool-1 connection adder c.z.h.p.HikariPool: HikariPool-1 - Added connection com.mysql.cj.jdbc.ConnectionImpl@42100419
:2025-08-13 11:00:43.757 DEBUG HikariPool-1 connection adder c.z.h.p.HikariPool: HikariPool-1 - Connection not added, stats (total=10, active=0, idle=10, waiting=0)
:2025-08-13 11:00:45.152 DEBUG HikariPool-1 housekeeper c.z.h.p.HikariPool: HikariPool-1 - Pool stats (total=10, active=0, idle=10, waiting=0)
:2025-08-13 11:00:45.152 DEBUG HikariPool-1 housekeeper c.z.h.p.HikariPool: HikariPool-1 - Fill pool skipped, pool has sufficient level or currently being filled.
:2025-08-13 11:00:47.573 DEBUG XNIO-1 task-2 i.u.r.security: Attempting to authenticate /log/save, authentication required: false
:2025-08-13 11:00:47.573 DEBUG XNIO-1 task-2 i.u.r.security: Authentication outcome was NOT_ATTEMPTED with method io.undertow.security.impl.CachedAuthenticatedSessionMechanism@6cc3d730 for /log/save
:2025-08-13 11:00:47.573 DEBUG XNIO-1 task-2 i.u.r.security: Authentication result was ATTEMPTED for /log/save
:2025-08-13 11:00:47.575 DEBUG XNIO-1 task-2 o.s.s.w.FilterChainProxy: Securing POST /log/save
:2025-08-13 11:00:47.576 DEBUG XNIO-1 task-2 o.s.s.w.FilterChainProxy: Secured POST /log/save
:2025-08-13 11:00:47.577 DEBUG XNIO-1 task-2 o.s.w.s.DispatcherServlet: POST "/log/save", parameters={}
:2025-08-13 11:00:47.578 DEBUG XNIO-1 task-2 o.s.w.s.m.m.a.RequestMappingHandlerMapping: Mapped to com.pig4cloud.pig.admin.controller.SysLogController#save(SysLog)
:2025-08-13 11:00:47.583 DEBUG XNIO-1 task-2 c.p.p.c.x.c.JacksonXssClean: Json property value:9 cleaned up by mica-xss, current value is:9.
:2025-08-13 11:00:47.584 DEBUG XNIO-1 task-2 c.p.p.c.x.c.JacksonXssClean: Json property value:登录失败 cleaned up by mica-xss, current value is:登录失败.
:2025-08-13 11:00:47.584 DEBUG XNIO-1 task-2 c.p.p.c.x.c.JacksonXssClean: Json property value:admin cleaned up by mica-xss, current value is:admin.
:2025-08-13 11:00:47.584 DEBUG XNIO-1 task-2 c.p.p.c.x.c.JacksonXssClean: Json property value:192.168.0.135 cleaned up by mica-xss, current value is:192.168.0.135.
:2025-08-13 11:00:47.585 DEBUG XNIO-1 task-2 c.p.p.c.x.c.JacksonXssClean: Json property value:PostmanRuntime/7.45.0 cleaned up by mica-xss, current value is:PostmanRuntime/7.45.0.
:2025-08-13 11:00:47.585 DEBUG XNIO-1 task-2 c.p.p.c.x.c.JacksonXssClean: Json property value:/oauth2/token cleaned up by mica-xss, current value is:/oauth2/token.
:2025-08-13 11:00:47.586 DEBUG XNIO-1 task-2 c.p.p.c.x.c.JacksonXssClean: Json property value:POST cleaned up by mica-xss, current value is:POST.
:2025-08-13 11:00:47.586 DEBUG XNIO-1 task-2 c.p.p.c.x.c.JacksonXssClean: Json property value:grant_type=%5Bpassword%5D&scope=%5Bserver%5D&username=%5Badmin%5D cleaned up by mica-xss, current value is:grant_type=%5Bpassword%5D&scope=%5Bserver%5D&username=%5Badmin%5D.
:2025-08-13 11:00:47.586 DEBUG XNIO-1 task-2 c.p.p.c.x.c.JacksonXssClean: Json property value:用户名或密码错误 cleaned up by mica-xss, current value is:用户名或密码错误.
:2025-08-13 11:00:47.587 DEBUG XNIO-1 task-2 c.p.p.c.x.c.JacksonXssClean: Json property value:pig-auth cleaned up by mica-xss, current value is:pig-auth.
:2025-08-13 11:00:47.587 DEBUG XNIO-1 task-2 o.s.w.s.m.m.a.RequestResponseBodyMethodProcessor: Read "application/json;charset=UTF-8" to [SysLog(id=null, logType=9, title=登录失败, createBy=admin, createTime=null, updateTime=null, remoteAddr= (truncated)...]
:2025-08-13 11:00:47.598 DEBUG XNIO-1 task-2 o.s.j.s.JdbcTransactionManager: Creating new transaction with name [com.pig4cloud.pig.admin.service.impl.SysLogServiceImpl.saveLog]: PROPAGATION_REQUIRED,ISOLATION_DEFAULT,-java.lang.Exception
:2025-08-13 11:00:47.599 DEBUG XNIO-1 task-2 o.s.j.s.JdbcTransactionManager: Acquired Connection [HikariProxyConnection@721362537 wrapping com.mysql.cj.jdbc.ConnectionImpl@6eb67f1c] for JDBC transaction
:2025-08-13 11:00:47.599 DEBUG XNIO-1 task-2 o.s.j.s.JdbcTransactionManager: Switching JDBC Connection [HikariProxyConnection@721362537 wrapping com.mysql.cj.jdbc.ConnectionImpl@6eb67f1c] to manual commit
:2025-08-13 11:00:47.599 DEBUG XNIO-1 task-2 o.m.s.SqlSessionUtils: Creating a new SqlSession
:2025-08-13 11:00:47.600 DEBUG XNIO-1 task-2 o.m.s.SqlSessionUtils: Registering transaction synchronization for SqlSession [org.apache.ibatis.session.defaults.DefaultSqlSession@75d2a94f]
:2025-08-13 11:00:47.600 DEBUG XNIO-1 task-2 c.p.p.c.m.c.MybatisPlusMetaObjectHandler: mybatis plus start insert fill ....
:2025-08-13 11:00:47.600 DEBUG XNIO-1 task-2 o.s.s.w.a.AnonymousAuthenticationFilter: Set SecurityContextHolder to anonymous SecurityContext
:2025-08-13 11:00:47.601 DEBUG XNIO-1 task-2 o.m.s.t.SpringManagedTransaction: JDBC Connection [HikariProxyConnection@721362537 wrapping com.mysql.cj.jdbc.ConnectionImpl@6eb67f1c] will be managed by Spring
:2025-08-13 11:00:47.601 DEBUG XNIO-1 task-2 c.p.p.a.m.S.insert: ==>  Preparing: INSERT INTO sys_log ( id, log_type, title, create_by, create_time, remote_addr, user_agent, request_uri, method, params, time, exception, service_id, del_flag ) VALUES ( ?, ?, ?, ?, ?, ?, ?, ?, ?, ?, ?, ?, ?, ? )
:2025-08-13 11:00:47.602 DEBUG XNIO-1 task-2 c.p.p.a.m.S.insert: ==> Parameters: 1955449423005773825(Long), 9(String), 登录失败(String), admin(String), 2025-08-13T11:00:47.600594200(LocalDateTime), 192.168.0.135(String), PostmanRuntime/7.45.0(String), /oauth2/token(String), POST(String), grant_type=%5Bpassword%5D&scope=%5Bserver%5D&username=%5Badmin%5D(String), 55826069(Long), 用户名或密码错误(String), pig-auth(String), 0(String)
:2025-08-13 11:00:47.603 DEBUG XNIO-1 task-2 c.p.p.a.m.S.insert: <==    Updates: 1
:2025-08-13 11:00:47.603 DEBUG XNIO-1 task-2 o.m.s.SqlSessionUtils: Releasing transactional SqlSession [org.apache.ibatis.session.defaults.DefaultSqlSession@75d2a94f]
:2025-08-13 11:00:47.603 DEBUG XNIO-1 task-2 o.m.s.SqlSessionUtils: Transaction synchronization committing SqlSession [org.apache.ibatis.session.defaults.DefaultSqlSession@75d2a94f]
:2025-08-13 11:00:47.603 DEBUG XNIO-1 task-2 o.m.s.SqlSessionUtils: Transaction synchronization deregistering SqlSession [org.apache.ibatis.session.defaults.DefaultSqlSession@75d2a94f]
:2025-08-13 11:00:47.603 DEBUG XNIO-1 task-2 o.m.s.SqlSessionUtils: Transaction synchronization closing SqlSession [org.apache.ibatis.session.defaults.DefaultSqlSession@75d2a94f]
:2025-08-13 11:00:47.603 DEBUG XNIO-1 task-2 o.s.j.s.JdbcTransactionManager: Initiating transaction commit
:2025-08-13 11:00:47.603 DEBUG XNIO-1 task-2 o.s.j.s.JdbcTransactionManager: Committing JDBC transaction on Connection [HikariProxyConnection@721362537 wrapping com.mysql.cj.jdbc.ConnectionImpl@6eb67f1c]
:2025-08-13 11:00:47.606 DEBUG XNIO-1 task-2 o.s.j.s.JdbcTransactionManager: Releasing JDBC Connection [HikariProxyConnection@721362537 wrapping com.mysql.cj.jdbc.ConnectionImpl@6eb67f1c] after transaction
:2025-08-13 11:00:47.609 DEBUG XNIO-1 task-2 o.s.w.s.m.m.a.RequestResponseBodyMethodProcessor: Using 'application/json', given [*/*] and supported [application/json, application/*+json, application/cbor, application/yaml]
:2025-08-13 11:00:47.609 DEBUG XNIO-1 task-2 o.s.w.s.m.m.a.RequestResponseBodyMethodProcessor: Writing [R(code=0, msg=null, data=true)]
:2025-08-13 11:00:47.611 DEBUG XNIO-1 task-2 o.s.w.s.DispatcherServlet: Completed 200 OK
:2025-08-13 11:00:48.053 DEBUG HikariPool-1 connection closer c.z.h.p.PoolBase: HikariPool-1 - Closing connection com.mysql.cj.jdbc.ConnectionImpl@3dab57e5: (connection has passed maxLifetime)
:2025-08-13 11:00:48.056 DEBUG HikariPool-1 connection adder c.z.h.p.HikariPool: HikariPool-1 - Added connection com.mysql.cj.jdbc.ConnectionImpl@36df70be
:2025-08-13 11:00:48.087 DEBUG HikariPool-1 connection adder c.z.h.p.HikariPool: HikariPool-1 - Connection not added, stats (total=10, active=0, idle=10, waiting=0)
:2025-08-13 11:00:49.074 DEBUG HikariPool-1 connection closer c.z.h.p.PoolBase: HikariPool-1 - Closing connection com.mysql.cj.jdbc.ConnectionImpl@6eb67f1c: (connection has passed maxLifetime)
:2025-08-13 11:00:49.077 DEBUG HikariPool-1 connection adder c.z.h.p.HikariPool: HikariPool-1 - Added connection com.mysql.cj.jdbc.ConnectionImpl@3adef1aa
:2025-08-13 11:00:49.121 DEBUG HikariPool-1 connection adder c.z.h.p.HikariPool: HikariPool-1 - Connection not added, stats (total=10, active=0, idle=10, waiting=0)
:2025-08-13 11:01:15.168 DEBUG HikariPool-1 housekeeper c.z.h.p.HikariPool: HikariPool-1 - Pool stats (total=10, active=0, idle=10, waiting=0)
:2025-08-13 11:01:15.168 DEBUG HikariPool-1 housekeeper c.z.h.p.HikariPool: HikariPool-1 - Fill pool skipped, pool has sufficient level or currently being filled.
:2025-08-13 11:01:22.352 DEBUG HikariPool-1 connection closer c.z.h.p.PoolBase: HikariPool-1 - Closing connection com.mysql.cj.jdbc.ConnectionImpl@581745a3: (connection has passed maxLifetime)
:2025-08-13 11:01:22.356 DEBUG HikariPool-1 connection adder c.z.h.p.HikariPool: HikariPool-1 - Added connection com.mysql.cj.jdbc.ConnectionImpl@8ff501b
:2025-08-13 11:01:22.387 DEBUG HikariPool-1 connection adder c.z.h.p.HikariPool: HikariPool-1 - Connection not added, stats (total=10, active=0, idle=10, waiting=0)
:2025-08-13 11:01:24.810 DEBUG HikariPool-1 connection closer c.z.h.p.PoolBase: HikariPool-1 - Closing connection com.mysql.cj.jdbc.ConnectionImpl@2cb6f486: (connection has passed maxLifetime)
:2025-08-13 11:01:24.814 DEBUG HikariPool-1 connection adder c.z.h.p.HikariPool: HikariPool-1 - Added connection com.mysql.cj.jdbc.ConnectionImpl@7c7a8052
:2025-08-13 11:01:24.856 DEBUG HikariPool-1 connection adder c.z.h.p.HikariPool: HikariPool-1 - Connection not added, stats (total=10, active=0, idle=10, waiting=0)
:2025-08-13 11:01:45.175 DEBUG HikariPool-1 housekeeper c.z.h.p.HikariPool: HikariPool-1 - Pool stats (total=10, active=0, idle=10, waiting=0)
:2025-08-13 11:01:45.175 DEBUG HikariPool-1 housekeeper c.z.h.p.HikariPool: HikariPool-1 - Fill pool skipped, pool has sufficient level or currently being filled.
:2025-08-13 11:01:52.650 DEBUG HikariPool-1 connection closer c.z.h.p.PoolBase: HikariPool-1 - Closing connection com.mysql.cj.jdbc.ConnectionImpl@3965af90: (connection has passed maxLifetime)
:2025-08-13 11:01:52.653 DEBUG HikariPool-1 connection adder c.z.h.p.HikariPool: HikariPool-1 - Added connection com.mysql.cj.jdbc.ConnectionImpl@549886aa
:2025-08-13 11:01:52.696 DEBUG HikariPool-1 connection adder c.z.h.p.HikariPool: HikariPool-1 - Connection not added, stats (total=10, active=0, idle=10, waiting=0)
:2025-08-13 11:02:15.179 DEBUG HikariPool-1 housekeeper c.z.h.p.HikariPool: HikariPool-1 - Pool stats (total=10, active=0, idle=10, waiting=0)
:2025-08-13 11:02:15.179 DEBUG HikariPool-1 housekeeper c.z.h.p.HikariPool: HikariPool-1 - Fill pool skipped, pool has sufficient level or currently being filled.
:2025-08-13 11:02:22.564 DEBUG HikariPool-1 connection closer c.z.h.p.PoolBase: HikariPool-1 - Closing connection com.mysql.cj.jdbc.ConnectionImpl@302d53aa: (connection has passed maxLifetime)
:2025-08-13 11:02:22.568 DEBUG HikariPool-1 connection adder c.z.h.p.HikariPool: HikariPool-1 - Added connection com.mysql.cj.jdbc.ConnectionImpl@4f331c24
:2025-08-13 11:02:22.610 DEBUG HikariPool-1 connection adder c.z.h.p.HikariPool: HikariPool-1 - Connection not added, stats (total=10, active=0, idle=10, waiting=0)
:2025-08-13 11:02:45.185 DEBUG HikariPool-1 housekeeper c.z.h.p.HikariPool: HikariPool-1 - Pool stats (total=10, active=0, idle=10, waiting=0)
:2025-08-13 11:02:45.185 DEBUG HikariPool-1 housekeeper c.z.h.p.HikariPool: HikariPool-1 - Fill pool skipped, pool has sufficient level or currently being filled.
:2025-08-13 11:03:15.187 DEBUG HikariPool-1 housekeeper c.z.h.p.HikariPool: HikariPool-1 - Pool stats (total=10, active=0, idle=10, waiting=0)
:2025-08-13 11:03:15.187 DEBUG HikariPool-1 housekeeper c.z.h.p.HikariPool: HikariPool-1 - Fill pool skipped, pool has sufficient level or currently being filled.
:2025-08-13 11:03:36.497 DEBUG HikariPool-1 connection closer c.z.h.p.PoolBase: HikariPool-1 - Closing connection com.mysql.cj.jdbc.ConnectionImpl@192a28c7: (connection has passed maxLifetime)
:2025-08-13 11:03:36.501 DEBUG HikariPool-1 connection adder c.z.h.p.HikariPool: HikariPool-1 - Added connection com.mysql.cj.jdbc.ConnectionImpl@1e23230c
:2025-08-13 11:03:36.545 DEBUG HikariPool-1 connection adder c.z.h.p.HikariPool: HikariPool-1 - Connection not added, stats (total=10, active=0, idle=10, waiting=0)
:2025-08-13 11:03:45.198 DEBUG HikariPool-1 housekeeper c.z.h.p.HikariPool: HikariPool-1 - Pool stats (total=10, active=0, idle=10, waiting=0)
:2025-08-13 11:03:45.198 DEBUG HikariPool-1 housekeeper c.z.h.p.HikariPool: HikariPool-1 - Fill pool skipped, pool has sufficient level or currently being filled.
:2025-08-13 11:04:15.206 DEBUG HikariPool-1 housekeeper c.z.h.p.HikariPool: HikariPool-1 - Pool stats (total=10, active=0, idle=10, waiting=0)
:2025-08-13 11:04:15.206 DEBUG HikariPool-1 housekeeper c.z.h.p.HikariPool: HikariPool-1 - Fill pool skipped, pool has sufficient level or currently being filled.
:2025-08-13 11:04:45.209 DEBUG HikariPool-1 housekeeper c.z.h.p.HikariPool: HikariPool-1 - Pool stats (total=10, active=0, idle=10, waiting=0)
:2025-08-13 11:04:45.209 DEBUG HikariPool-1 housekeeper c.z.h.p.HikariPool: HikariPool-1 - Fill pool skipped, pool has sufficient level or currently being filled.
:2025-08-13 11:05:15.221 DEBUG HikariPool-1 housekeeper c.z.h.p.HikariPool: HikariPool-1 - Pool stats (total=10, active=0, idle=10, waiting=0)
:2025-08-13 11:05:15.221 DEBUG HikariPool-1 housekeeper c.z.h.p.HikariPool: HikariPool-1 - Fill pool skipped, pool has sufficient level or currently being filled.
:2025-08-13 11:05:30.608 DEBUG XNIO-1 task-2 i.u.r.security: Attempting to authenticate /log/save, authentication required: false
:2025-08-13 11:05:30.608 DEBUG XNIO-1 task-2 i.u.r.security: Authentication outcome was NOT_ATTEMPTED with method io.undertow.security.impl.CachedAuthenticatedSessionMechanism@6cc3d730 for /log/save
:2025-08-13 11:05:30.608 DEBUG XNIO-1 task-2 i.u.r.security: Authentication result was ATTEMPTED for /log/save
:2025-08-13 11:05:30.609 DEBUG XNIO-1 task-2 o.s.s.w.FilterChainProxy: Securing POST /log/save
:2025-08-13 11:05:30.610 DEBUG XNIO-1 task-2 o.s.s.w.FilterChainProxy: Secured POST /log/save
:2025-08-13 11:05:30.610 DEBUG XNIO-1 task-2 o.s.w.s.DispatcherServlet: POST "/log/save", parameters={}
:2025-08-13 11:05:30.612 DEBUG XNIO-1 task-2 o.s.w.s.m.m.a.RequestMappingHandlerMapping: Mapped to com.pig4cloud.pig.admin.controller.SysLogController#save(SysLog)
:2025-08-13 11:05:30.614 DEBUG XNIO-1 task-2 c.p.p.c.x.c.JacksonXssClean: Json property value:9 cleaned up by mica-xss, current value is:9.
:2025-08-13 11:05:30.615 DEBUG XNIO-1 task-2 c.p.p.c.x.c.JacksonXssClean: Json property value:登录失败 cleaned up by mica-xss, current value is:登录失败.
:2025-08-13 11:05:30.615 DEBUG XNIO-1 task-2 c.p.p.c.x.c.JacksonXssClean: Json property value:admin cleaned up by mica-xss, current value is:admin.
:2025-08-13 11:05:30.617 DEBUG XNIO-1 task-2 c.p.p.c.x.c.JacksonXssClean: Json property value:192.168.0.135 cleaned up by mica-xss, current value is:192.168.0.135.
:2025-08-13 11:05:30.620 DEBUG XNIO-1 task-2 c.p.p.c.x.c.JacksonXssClean: Json property value:PostmanRuntime/7.45.0 cleaned up by mica-xss, current value is:PostmanRuntime/7.45.0.
:2025-08-13 11:05:30.621 DEBUG XNIO-1 task-2 c.p.p.c.x.c.JacksonXssClean: Json property value:/oauth2/token cleaned up by mica-xss, current value is:/oauth2/token.
:2025-08-13 11:05:30.622 DEBUG XNIO-1 task-2 c.p.p.c.x.c.JacksonXssClean: Json property value:POST cleaned up by mica-xss, current value is:POST.
:2025-08-13 11:05:30.623 DEBUG XNIO-1 task-2 c.p.p.c.x.c.JacksonXssClean: Json property value:grant_type=%5Bpassword%5D&scope=%5Bserver%5D&username=%5Badmin%5D cleaned up by mica-xss, current value is:grant_type=%5Bpassword%5D&scope=%5Bserver%5D&username=%5Badmin%5D.
:2025-08-13 11:05:30.623 DEBUG XNIO-1 task-2 c.p.p.c.x.c.JacksonXssClean: Json property value:用户名或密码错误 cleaned up by mica-xss, current value is:用户名或密码错误.
:2025-08-13 11:05:30.624 DEBUG XNIO-1 task-2 c.p.p.c.x.c.JacksonXssClean: Json property value:pig-auth cleaned up by mica-xss, current value is:pig-auth.
:2025-08-13 11:05:30.624 DEBUG XNIO-1 task-2 o.s.w.s.m.m.a.RequestResponseBodyMethodProcessor: Read "application/json;charset=UTF-8" to [SysLog(id=null, logType=9, title=登录失败, createBy=admin, createTime=null, updateTime=null, remoteAddr= (truncated)...]
:2025-08-13 11:05:30.639 DEBUG XNIO-1 task-2 o.s.j.s.JdbcTransactionManager: Creating new transaction with name [com.pig4cloud.pig.admin.service.impl.SysLogServiceImpl.saveLog]: PROPAGATION_REQUIRED,ISOLATION_DEFAULT,-java.lang.Exception
:2025-08-13 11:05:30.640 DEBUG XNIO-1 task-2 o.s.j.s.JdbcTransactionManager: Acquired Connection [HikariProxyConnection@1231831863 wrapping com.mysql.cj.jdbc.ConnectionImpl@2c4ecf11] for JDBC transaction
:2025-08-13 11:05:30.640 DEBUG XNIO-1 task-2 o.s.j.s.JdbcTransactionManager: Switching JDBC Connection [HikariProxyConnection@1231831863 wrapping com.mysql.cj.jdbc.ConnectionImpl@2c4ecf11] to manual commit
:2025-08-13 11:05:30.640 DEBUG XNIO-1 task-2 o.m.s.SqlSessionUtils: Creating a new SqlSession
:2025-08-13 11:05:30.640 DEBUG XNIO-1 task-2 o.m.s.SqlSessionUtils: Registering transaction synchronization for SqlSession [org.apache.ibatis.session.defaults.DefaultSqlSession@23ea0a68]
:2025-08-13 11:05:30.641 DEBUG XNIO-1 task-2 c.p.p.c.m.c.MybatisPlusMetaObjectHandler: mybatis plus start insert fill ....
:2025-08-13 11:05:30.642 DEBUG XNIO-1 task-2 o.s.s.w.a.AnonymousAuthenticationFilter: Set SecurityContextHolder to anonymous SecurityContext
:2025-08-13 11:05:30.642 DEBUG XNIO-1 task-2 o.m.s.t.SpringManagedTransaction: JDBC Connection [HikariProxyConnection@1231831863 wrapping com.mysql.cj.jdbc.ConnectionImpl@2c4ecf11] will be managed by Spring
:2025-08-13 11:05:30.642 DEBUG XNIO-1 task-2 c.p.p.a.m.S.insert: ==>  Preparing: INSERT INTO sys_log ( id, log_type, title, create_by, create_time, remote_addr, user_agent, request_uri, method, params, time, exception, service_id, del_flag ) VALUES ( ?, ?, ?, ?, ?, ?, ?, ?, ?, ?, ?, ?, ?, ? )
:2025-08-13 11:05:30.643 DEBUG XNIO-1 task-2 c.p.p.a.m.S.insert: ==> Parameters: 1955450610128023554(Long), 9(String), 登录失败(String), admin(String), 2025-08-13T11:05:30.641239800(LocalDateTime), 192.168.0.135(String), PostmanRuntime/7.45.0(String), /oauth2/token(String), POST(String), grant_type=%5Bpassword%5D&scope=%5Bserver%5D&username=%5Badmin%5D(String), 274737(Long), 用户名或密码错误(String), pig-auth(String), 0(String)
:2025-08-13 11:05:30.644 DEBUG XNIO-1 task-2 c.p.p.a.m.S.insert: <==    Updates: 1
:2025-08-13 11:05:30.644 DEBUG XNIO-1 task-2 o.m.s.SqlSessionUtils: Releasing transactional SqlSession [org.apache.ibatis.session.defaults.DefaultSqlSession@23ea0a68]
:2025-08-13 11:05:30.644 DEBUG XNIO-1 task-2 o.m.s.SqlSessionUtils: Transaction synchronization committing SqlSession [org.apache.ibatis.session.defaults.DefaultSqlSession@23ea0a68]
:2025-08-13 11:05:30.644 DEBUG XNIO-1 task-2 o.m.s.SqlSessionUtils: Transaction synchronization deregistering SqlSession [org.apache.ibatis.session.defaults.DefaultSqlSession@23ea0a68]
:2025-08-13 11:05:30.644 DEBUG XNIO-1 task-2 o.m.s.SqlSessionUtils: Transaction synchronization closing SqlSession [org.apache.ibatis.session.defaults.DefaultSqlSession@23ea0a68]
:2025-08-13 11:05:30.644 DEBUG XNIO-1 task-2 o.s.j.s.JdbcTransactionManager: Initiating transaction commit
:2025-08-13 11:05:30.644 DEBUG XNIO-1 task-2 o.s.j.s.JdbcTransactionManager: Committing JDBC transaction on Connection [HikariProxyConnection@1231831863 wrapping com.mysql.cj.jdbc.ConnectionImpl@2c4ecf11]
:2025-08-13 11:05:30.648 DEBUG XNIO-1 task-2 o.s.j.s.JdbcTransactionManager: Releasing JDBC Connection [HikariProxyConnection@1231831863 wrapping com.mysql.cj.jdbc.ConnectionImpl@2c4ecf11] after transaction
:2025-08-13 11:05:30.650 DEBUG XNIO-1 task-2 o.s.w.s.m.m.a.RequestResponseBodyMethodProcessor: Using 'application/json', given [*/*] and supported [application/json, application/*+json, application/cbor, application/yaml]
:2025-08-13 11:05:30.650 DEBUG XNIO-1 task-2 o.s.w.s.m.m.a.RequestResponseBodyMethodProcessor: Writing [R(code=0, msg=null, data=true)]
:2025-08-13 11:05:30.653 DEBUG XNIO-1 task-2 o.s.w.s.DispatcherServlet: Completed 200 OK
:2025-08-13 11:05:45.223 DEBUG HikariPool-1 housekeeper c.z.h.p.HikariPool: HikariPool-1 - Pool stats (total=10, active=0, idle=10, waiting=0)
:2025-08-13 11:05:45.223 DEBUG HikariPool-1 housekeeper c.z.h.p.HikariPool: HikariPool-1 - Fill pool skipped, pool has sufficient level or currently being filled.
:2025-08-13 11:06:15.233 DEBUG HikariPool-1 housekeeper c.z.h.p.HikariPool: HikariPool-1 - Pool stats (total=10, active=0, idle=10, waiting=0)
:2025-08-13 11:06:15.233 DEBUG HikariPool-1 housekeeper c.z.h.p.HikariPool: HikariPool-1 - Fill pool skipped, pool has sufficient level or currently being filled.
:2025-08-13 11:06:30.474 DEBUG XNIO-1 task-2 i.u.r.security: Attempting to authenticate /log/save, authentication required: false
:2025-08-13 11:06:30.474 DEBUG XNIO-1 task-2 i.u.r.security: Authentication outcome was NOT_ATTEMPTED with method io.undertow.security.impl.CachedAuthenticatedSessionMechanism@6cc3d730 for /log/save
:2025-08-13 11:06:30.474 DEBUG XNIO-1 task-2 i.u.r.security: Authentication result was ATTEMPTED for /log/save
:2025-08-13 11:06:30.475 DEBUG XNIO-1 task-2 o.s.s.w.FilterChainProxy: Securing POST /log/save
:2025-08-13 11:06:30.476 DEBUG XNIO-1 task-2 o.s.s.w.FilterChainProxy: Secured POST /log/save
:2025-08-13 11:06:30.476 DEBUG XNIO-1 task-2 o.s.w.s.DispatcherServlet: POST "/log/save", parameters={}
:2025-08-13 11:06:30.476 DEBUG XNIO-1 task-2 o.s.w.s.m.m.a.RequestMappingHandlerMapping: Mapped to com.pig4cloud.pig.admin.controller.SysLogController#save(SysLog)
:2025-08-13 11:06:30.477 DEBUG XNIO-1 task-2 c.p.p.c.x.c.JacksonXssClean: Json property value:9 cleaned up by mica-xss, current value is:9.
:2025-08-13 11:06:30.478 DEBUG XNIO-1 task-2 c.p.p.c.x.c.JacksonXssClean: Json property value:登录失败 cleaned up by mica-xss, current value is:登录失败.
:2025-08-13 11:06:30.478 DEBUG XNIO-1 task-2 c.p.p.c.x.c.JacksonXssClean: Json property value:admin cleaned up by mica-xss, current value is:admin.
:2025-08-13 11:06:30.478 DEBUG XNIO-1 task-2 c.p.p.c.x.c.JacksonXssClean: Json property value:192.168.0.135 cleaned up by mica-xss, current value is:192.168.0.135.
:2025-08-13 11:06:30.478 DEBUG XNIO-1 task-2 c.p.p.c.x.c.JacksonXssClean: Json property value:PostmanRuntime/7.45.0 cleaned up by mica-xss, current value is:PostmanRuntime/7.45.0.
:2025-08-13 11:06:30.478 DEBUG XNIO-1 task-2 c.p.p.c.x.c.JacksonXssClean: Json property value:/oauth2/token cleaned up by mica-xss, current value is:/oauth2/token.
:2025-08-13 11:06:30.478 DEBUG XNIO-1 task-2 c.p.p.c.x.c.JacksonXssClean: Json property value:POST cleaned up by mica-xss, current value is:POST.
:2025-08-13 11:06:30.478 DEBUG XNIO-1 task-2 c.p.p.c.x.c.JacksonXssClean: Json property value:grant_type=%5Bpassword%5D&scope=%5Bserver%5D&username=%5Badmin%5D cleaned up by mica-xss, current value is:grant_type=%5Bpassword%5D&scope=%5Bserver%5D&username=%5Badmin%5D.
:2025-08-13 11:06:30.479 DEBUG XNIO-1 task-2 c.p.p.c.x.c.JacksonXssClean: Json property value:用户名或密码错误 cleaned up by mica-xss, current value is:用户名或密码错误.
:2025-08-13 11:06:30.479 DEBUG XNIO-1 task-2 c.p.p.c.x.c.JacksonXssClean: Json property value:pig-auth cleaned up by mica-xss, current value is:pig-auth.
:2025-08-13 11:06:30.479 DEBUG XNIO-1 task-2 o.s.w.s.m.m.a.RequestResponseBodyMethodProcessor: Read "application/json;charset=UTF-8" to [SysLog(id=null, logType=9, title=登录失败, createBy=admin, createTime=null, updateTime=null, remoteAddr= (truncated)...]
:2025-08-13 11:06:30.479 DEBUG XNIO-1 task-2 o.s.j.s.JdbcTransactionManager: Creating new transaction with name [com.pig4cloud.pig.admin.service.impl.SysLogServiceImpl.saveLog]: PROPAGATION_REQUIRED,ISOLATION_DEFAULT,-java.lang.Exception
:2025-08-13 11:06:30.480 DEBUG XNIO-1 task-2 o.s.j.s.JdbcTransactionManager: Acquired Connection [HikariProxyConnection@151660278 wrapping com.mysql.cj.jdbc.ConnectionImpl@2c4ecf11] for JDBC transaction
:2025-08-13 11:06:30.480 DEBUG XNIO-1 task-2 o.s.j.s.JdbcTransactionManager: Switching JDBC Connection [HikariProxyConnection@151660278 wrapping com.mysql.cj.jdbc.ConnectionImpl@2c4ecf11] to manual commit
:2025-08-13 11:06:30.480 DEBUG XNIO-1 task-2 o.m.s.SqlSessionUtils: Creating a new SqlSession
:2025-08-13 11:06:30.480 DEBUG XNIO-1 task-2 o.m.s.SqlSessionUtils: Registering transaction synchronization for SqlSession [org.apache.ibatis.session.defaults.DefaultSqlSession@650c5433]
:2025-08-13 11:06:30.481 DEBUG XNIO-1 task-2 c.p.p.c.m.c.MybatisPlusMetaObjectHandler: mybatis plus start insert fill ....
:2025-08-13 11:06:30.481 DEBUG XNIO-1 task-2 o.s.s.w.a.AnonymousAuthenticationFilter: Set SecurityContextHolder to anonymous SecurityContext
:2025-08-13 11:06:30.481 DEBUG XNIO-1 task-2 o.m.s.t.SpringManagedTransaction: JDBC Connection [HikariProxyConnection@151660278 wrapping com.mysql.cj.jdbc.ConnectionImpl@2c4ecf11] will be managed by Spring
:2025-08-13 11:06:30.481 DEBUG XNIO-1 task-2 c.p.p.a.m.S.insert: ==>  Preparing: INSERT INTO sys_log ( id, log_type, title, create_by, create_time, remote_addr, user_agent, request_uri, method, params, time, exception, service_id, del_flag ) VALUES ( ?, ?, ?, ?, ?, ?, ?, ?, ?, ?, ?, ?, ?, ? )
:2025-08-13 11:06:30.481 DEBUG XNIO-1 task-2 c.p.p.a.m.S.insert: ==> Parameters: 1955450861157117953(Long), 9(String), 登录失败(String), admin(String), 2025-08-13T11:06:30.481295600(LocalDateTime), 192.168.0.135(String), PostmanRuntime/7.45.0(String), /oauth2/token(String), POST(String), grant_type=%5Bpassword%5D&scope=%5Bserver%5D&username=%5Badmin%5D(String), 12041(Long), 用户名或密码错误(String), pig-auth(String), 0(String)
:2025-08-13 11:06:30.482 DEBUG XNIO-1 task-2 c.p.p.a.m.S.insert: <==    Updates: 1
:2025-08-13 11:06:30.482 DEBUG XNIO-1 task-2 o.m.s.SqlSessionUtils: Releasing transactional SqlSession [org.apache.ibatis.session.defaults.DefaultSqlSession@650c5433]
:2025-08-13 11:06:30.483 DEBUG XNIO-1 task-2 o.m.s.SqlSessionUtils: Transaction synchronization committing SqlSession [org.apache.ibatis.session.defaults.DefaultSqlSession@650c5433]
:2025-08-13 11:06:30.483 DEBUG XNIO-1 task-2 o.m.s.SqlSessionUtils: Transaction synchronization deregistering SqlSession [org.apache.ibatis.session.defaults.DefaultSqlSession@650c5433]
:2025-08-13 11:06:30.483 DEBUG XNIO-1 task-2 o.m.s.SqlSessionUtils: Transaction synchronization closing SqlSession [org.apache.ibatis.session.defaults.DefaultSqlSession@650c5433]
:2025-08-13 11:06:30.483 DEBUG XNIO-1 task-2 o.s.j.s.JdbcTransactionManager: Initiating transaction commit
:2025-08-13 11:06:30.483 DEBUG XNIO-1 task-2 o.s.j.s.JdbcTransactionManager: Committing JDBC transaction on Connection [HikariProxyConnection@151660278 wrapping com.mysql.cj.jdbc.ConnectionImpl@2c4ecf11]
:2025-08-13 11:06:30.489 DEBUG XNIO-1 task-2 o.s.j.s.JdbcTransactionManager: Releasing JDBC Connection [HikariProxyConnection@151660278 wrapping com.mysql.cj.jdbc.ConnectionImpl@2c4ecf11] after transaction
:2025-08-13 11:06:30.490 DEBUG XNIO-1 task-2 o.s.w.s.m.m.a.RequestResponseBodyMethodProcessor: Using 'application/json', given [*/*] and supported [application/json, application/*+json, application/cbor, application/yaml]
:2025-08-13 11:06:30.490 DEBUG XNIO-1 task-2 o.s.w.s.m.m.a.RequestResponseBodyMethodProcessor: Writing [R(code=0, msg=null, data=true)]
:2025-08-13 11:06:30.490 DEBUG XNIO-1 task-2 o.s.w.s.DispatcherServlet: Completed 200 OK
:2025-08-13 11:06:45.243 DEBUG HikariPool-1 housekeeper c.z.h.p.HikariPool: HikariPool-1 - Pool stats (total=10, active=0, idle=10, waiting=0)
:2025-08-13 11:06:45.243 DEBUG HikariPool-1 housekeeper c.z.h.p.HikariPool: HikariPool-1 - Fill pool skipped, pool has sufficient level or currently being filled.
:2025-08-13 11:07:15.256 DEBUG HikariPool-1 housekeeper c.z.h.p.HikariPool: HikariPool-1 - Pool stats (total=10, active=0, idle=10, waiting=0)
:2025-08-13 11:07:15.256 DEBUG HikariPool-1 housekeeper c.z.h.p.HikariPool: HikariPool-1 - Fill pool skipped, pool has sufficient level or currently being filled.
:2025-08-13 11:07:45.263 DEBUG HikariPool-1 housekeeper c.z.h.p.HikariPool: HikariPool-1 - Pool stats (total=10, active=0, idle=10, waiting=0)
:2025-08-13 11:07:45.263 DEBUG HikariPool-1 housekeeper c.z.h.p.HikariPool: HikariPool-1 - Fill pool skipped, pool has sufficient level or currently being filled.
:2025-08-13 11:08:15.269 DEBUG HikariPool-1 housekeeper c.z.h.p.HikariPool: HikariPool-1 - Pool stats (total=10, active=0, idle=10, waiting=0)
:2025-08-13 11:08:15.269 DEBUG HikariPool-1 housekeeper c.z.h.p.HikariPool: HikariPool-1 - Fill pool skipped, pool has sufficient level or currently being filled.
:2025-08-13 11:08:43.794 DEBUG XNIO-1 task-2 i.u.r.security: Attempting to authenticate /log/save, authentication required: false
:2025-08-13 11:08:43.795 DEBUG XNIO-1 task-2 i.u.r.security: Authentication outcome was NOT_ATTEMPTED with method io.undertow.security.impl.CachedAuthenticatedSessionMechanism@6cc3d730 for /log/save
:2025-08-13 11:08:43.795 DEBUG XNIO-1 task-2 i.u.r.security: Authentication result was ATTEMPTED for /log/save
:2025-08-13 11:08:43.795 DEBUG XNIO-1 task-2 o.s.s.w.FilterChainProxy: Securing POST /log/save
:2025-08-13 11:08:43.796 DEBUG XNIO-1 task-2 o.s.s.w.FilterChainProxy: Secured POST /log/save
:2025-08-13 11:08:43.796 DEBUG XNIO-1 task-2 o.s.w.s.DispatcherServlet: POST "/log/save", parameters={}
:2025-08-13 11:08:43.797 DEBUG XNIO-1 task-2 o.s.w.s.m.m.a.RequestMappingHandlerMapping: Mapped to com.pig4cloud.pig.admin.controller.SysLogController#save(SysLog)
:2025-08-13 11:08:43.798 DEBUG XNIO-1 task-2 c.p.p.c.x.c.JacksonXssClean: Json property value:9 cleaned up by mica-xss, current value is:9.
:2025-08-13 11:08:43.798 DEBUG XNIO-1 task-2 c.p.p.c.x.c.JacksonXssClean: Json property value:登录失败 cleaned up by mica-xss, current value is:登录失败.
:2025-08-13 11:08:43.798 DEBUG XNIO-1 task-2 c.p.p.c.x.c.JacksonXssClean: Json property value:admin cleaned up by mica-xss, current value is:admin.
:2025-08-13 11:08:43.798 DEBUG XNIO-1 task-2 c.p.p.c.x.c.JacksonXssClean: Json property value:192.168.0.135 cleaned up by mica-xss, current value is:192.168.0.135.
:2025-08-13 11:08:43.798 DEBUG XNIO-1 task-2 c.p.p.c.x.c.JacksonXssClean: Json property value:PostmanRuntime/7.45.0 cleaned up by mica-xss, current value is:PostmanRuntime/7.45.0.
:2025-08-13 11:08:43.799 DEBUG XNIO-1 task-2 c.p.p.c.x.c.JacksonXssClean: Json property value:/oauth2/token cleaned up by mica-xss, current value is:/oauth2/token.
:2025-08-13 11:08:43.799 DEBUG XNIO-1 task-2 c.p.p.c.x.c.JacksonXssClean: Json property value:POST cleaned up by mica-xss, current value is:POST.
:2025-08-13 11:08:43.799 DEBUG XNIO-1 task-2 c.p.p.c.x.c.JacksonXssClean: Json property value:grant_type=%5Bpassword%5D&scope=%5Bserver%5D&username=%5Badmin%5D cleaned up by mica-xss, current value is:grant_type=%5Bpassword%5D&scope=%5Bserver%5D&username=%5Badmin%5D.
:2025-08-13 11:08:43.799 DEBUG XNIO-1 task-2 c.p.p.c.x.c.JacksonXssClean: Json property value:用户名或密码错误 cleaned up by mica-xss, current value is:用户名或密码错误.
:2025-08-13 11:08:43.800 DEBUG XNIO-1 task-2 c.p.p.c.x.c.JacksonXssClean: Json property value:pig-auth cleaned up by mica-xss, current value is:pig-auth.
:2025-08-13 11:08:43.800 DEBUG XNIO-1 task-2 o.s.w.s.m.m.a.RequestResponseBodyMethodProcessor: Read "application/json;charset=UTF-8" to [SysLog(id=null, logType=9, title=登录失败, createBy=admin, createTime=null, updateTime=null, remoteAddr= (truncated)...]
:2025-08-13 11:08:43.800 DEBUG XNIO-1 task-2 o.s.j.s.JdbcTransactionManager: Creating new transaction with name [com.pig4cloud.pig.admin.service.impl.SysLogServiceImpl.saveLog]: PROPAGATION_REQUIRED,ISOLATION_DEFAULT,-java.lang.Exception
:2025-08-13 11:08:43.801 DEBUG XNIO-1 task-2 o.s.j.s.JdbcTransactionManager: Acquired Connection [HikariProxyConnection@909060315 wrapping com.mysql.cj.jdbc.ConnectionImpl@2c4ecf11] for JDBC transaction
:2025-08-13 11:08:43.801 DEBUG XNIO-1 task-2 o.s.j.s.JdbcTransactionManager: Switching JDBC Connection [HikariProxyConnection@909060315 wrapping com.mysql.cj.jdbc.ConnectionImpl@2c4ecf11] to manual commit
:2025-08-13 11:08:43.801 DEBUG XNIO-1 task-2 o.m.s.SqlSessionUtils: Creating a new SqlSession
:2025-08-13 11:08:43.801 DEBUG XNIO-1 task-2 o.m.s.SqlSessionUtils: Registering transaction synchronization for SqlSession [org.apache.ibatis.session.defaults.DefaultSqlSession@31854fe1]
:2025-08-13 11:08:43.802 DEBUG XNIO-1 task-2 c.p.p.c.m.c.MybatisPlusMetaObjectHandler: mybatis plus start insert fill ....
:2025-08-13 11:08:43.802 DEBUG XNIO-1 task-2 o.s.s.w.a.AnonymousAuthenticationFilter: Set SecurityContextHolder to anonymous SecurityContext
:2025-08-13 11:08:43.802 DEBUG XNIO-1 task-2 o.m.s.t.SpringManagedTransaction: JDBC Connection [HikariProxyConnection@909060315 wrapping com.mysql.cj.jdbc.ConnectionImpl@2c4ecf11] will be managed by Spring
:2025-08-13 11:08:43.802 DEBUG XNIO-1 task-2 c.p.p.a.m.S.insert: ==>  Preparing: INSERT INTO sys_log ( id, log_type, title, create_by, create_time, remote_addr, user_agent, request_uri, method, params, time, exception, service_id, del_flag ) VALUES ( ?, ?, ?, ?, ?, ?, ?, ?, ?, ?, ?, ?, ?, ? )
:2025-08-13 11:08:43.802 DEBUG XNIO-1 task-2 c.p.p.a.m.S.insert: ==> Parameters: 1955451420329144321(Long), 9(String), 登录失败(String), admin(String), 2025-08-13T11:08:43.802575(LocalDateTime), 192.168.0.135(String), PostmanRuntime/7.45.0(String), /oauth2/token(String), POST(String), grant_type=%5Bpassword%5D&scope=%5Bserver%5D&username=%5Badmin%5D(String), 115648(Long), 用户名或密码错误(String), pig-auth(String), 0(String)
:2025-08-13 11:08:43.803 DEBUG XNIO-1 task-2 c.p.p.a.m.S.insert: <==    Updates: 1
:2025-08-13 11:08:43.803 DEBUG XNIO-1 task-2 o.m.s.SqlSessionUtils: Releasing transactional SqlSession [org.apache.ibatis.session.defaults.DefaultSqlSession@31854fe1]
:2025-08-13 11:08:43.803 DEBUG XNIO-1 task-2 o.m.s.SqlSessionUtils: Transaction synchronization committing SqlSession [org.apache.ibatis.session.defaults.DefaultSqlSession@31854fe1]
:2025-08-13 11:08:43.803 DEBUG XNIO-1 task-2 o.m.s.SqlSessionUtils: Transaction synchronization deregistering SqlSession [org.apache.ibatis.session.defaults.DefaultSqlSession@31854fe1]
:2025-08-13 11:08:43.803 DEBUG XNIO-1 task-2 o.m.s.SqlSessionUtils: Transaction synchronization closing SqlSession [org.apache.ibatis.session.defaults.DefaultSqlSession@31854fe1]
:2025-08-13 11:08:43.803 DEBUG XNIO-1 task-2 o.s.j.s.JdbcTransactionManager: Initiating transaction commit
:2025-08-13 11:08:43.803 DEBUG XNIO-1 task-2 o.s.j.s.JdbcTransactionManager: Committing JDBC transaction on Connection [HikariProxyConnection@909060315 wrapping com.mysql.cj.jdbc.ConnectionImpl@2c4ecf11]
:2025-08-13 11:08:43.807 DEBUG XNIO-1 task-2 o.s.j.s.JdbcTransactionManager: Releasing JDBC Connection [HikariProxyConnection@909060315 wrapping com.mysql.cj.jdbc.ConnectionImpl@2c4ecf11] after transaction
:2025-08-13 11:08:43.807 DEBUG XNIO-1 task-2 o.s.w.s.m.m.a.RequestResponseBodyMethodProcessor: Using 'application/json', given [*/*] and supported [application/json, application/*+json, application/cbor, application/yaml]
:2025-08-13 11:08:43.807 DEBUG XNIO-1 task-2 o.s.w.s.m.m.a.RequestResponseBodyMethodProcessor: Writing [R(code=0, msg=null, data=true)]
:2025-08-13 11:08:43.808 DEBUG XNIO-1 task-2 o.s.w.s.DispatcherServlet: Completed 200 OK
:2025-08-13 11:08:45.278 DEBUG HikariPool-1 housekeeper c.z.h.p.HikariPool: HikariPool-1 - Pool stats (total=10, active=0, idle=10, waiting=0)
:2025-08-13 11:08:45.278 DEBUG HikariPool-1 housekeeper c.z.h.p.HikariPool: HikariPool-1 - Fill pool skipped, pool has sufficient level or currently being filled.
:2025-08-13 11:09:15.290 DEBUG HikariPool-1 housekeeper c.z.h.p.HikariPool: HikariPool-1 - Pool stats (total=10, active=0, idle=10, waiting=0)
:2025-08-13 11:09:15.290 DEBUG HikariPool-1 housekeeper c.z.h.p.HikariPool: HikariPool-1 - Fill pool skipped, pool has sufficient level or currently being filled.
:2025-08-13 11:09:45.292 DEBUG HikariPool-1 housekeeper c.z.h.p.HikariPool: HikariPool-1 - Pool stats (total=10, active=0, idle=10, waiting=0)
:2025-08-13 11:09:45.292 DEBUG HikariPool-1 housekeeper c.z.h.p.HikariPool: HikariPool-1 - Fill pool skipped, pool has sufficient level or currently being filled.
:2025-08-13 11:10:01.488 DEBUG XNIO-1 task-2 i.u.r.security: Attempting to authenticate /log/save, authentication required: false
:2025-08-13 11:10:01.488 DEBUG XNIO-1 task-2 i.u.r.security: Authentication outcome was NOT_ATTEMPTED with method io.undertow.security.impl.CachedAuthenticatedSessionMechanism@6cc3d730 for /log/save
:2025-08-13 11:10:01.488 DEBUG XNIO-1 task-2 i.u.r.security: Authentication result was ATTEMPTED for /log/save
:2025-08-13 11:10:01.489 DEBUG XNIO-1 task-2 o.s.s.w.FilterChainProxy: Securing POST /log/save
:2025-08-13 11:10:01.489 DEBUG XNIO-1 task-2 o.s.s.w.FilterChainProxy: Secured POST /log/save
:2025-08-13 11:10:01.489 DEBUG XNIO-1 task-2 o.s.w.s.DispatcherServlet: POST "/log/save", parameters={}
:2025-08-13 11:10:01.490 DEBUG XNIO-1 task-2 o.s.w.s.m.m.a.RequestMappingHandlerMapping: Mapped to com.pig4cloud.pig.admin.controller.SysLogController#save(SysLog)
:2025-08-13 11:10:01.491 DEBUG XNIO-1 task-2 c.p.p.c.x.c.JacksonXssClean: Json property value:9 cleaned up by mica-xss, current value is:9.
:2025-08-13 11:10:01.491 DEBUG XNIO-1 task-2 c.p.p.c.x.c.JacksonXssClean: Json property value:登录失败 cleaned up by mica-xss, current value is:登录失败.
:2025-08-13 11:10:01.491 DEBUG XNIO-1 task-2 c.p.p.c.x.c.JacksonXssClean: Json property value:admin cleaned up by mica-xss, current value is:admin.
:2025-08-13 11:10:01.491 DEBUG XNIO-1 task-2 c.p.p.c.x.c.JacksonXssClean: Json property value:192.168.0.135 cleaned up by mica-xss, current value is:192.168.0.135.
:2025-08-13 11:10:01.492 DEBUG XNIO-1 task-2 c.p.p.c.x.c.JacksonXssClean: Json property value:PostmanRuntime/7.45.0 cleaned up by mica-xss, current value is:PostmanRuntime/7.45.0.
:2025-08-13 11:10:01.492 DEBUG XNIO-1 task-2 c.p.p.c.x.c.JacksonXssClean: Json property value:/oauth2/token cleaned up by mica-xss, current value is:/oauth2/token.
:2025-08-13 11:10:01.492 DEBUG XNIO-1 task-2 c.p.p.c.x.c.JacksonXssClean: Json property value:POST cleaned up by mica-xss, current value is:POST.
:2025-08-13 11:10:01.492 DEBUG XNIO-1 task-2 c.p.p.c.x.c.JacksonXssClean: Json property value:grant_type=%5Bpassword%5D&scope=%5Bserver%5D&username=%5Badmin%5D cleaned up by mica-xss, current value is:grant_type=%5Bpassword%5D&scope=%5Bserver%5D&username=%5Badmin%5D.
:2025-08-13 11:10:01.493 DEBUG XNIO-1 task-2 c.p.p.c.x.c.JacksonXssClean: Json property value:用户名或密码错误 cleaned up by mica-xss, current value is:用户名或密码错误.
:2025-08-13 11:10:01.493 DEBUG XNIO-1 task-2 c.p.p.c.x.c.JacksonXssClean: Json property value:pig-auth cleaned up by mica-xss, current value is:pig-auth.
:2025-08-13 11:10:01.493 DEBUG XNIO-1 task-2 o.s.w.s.m.m.a.RequestResponseBodyMethodProcessor: Read "application/json;charset=UTF-8" to [SysLog(id=null, logType=9, title=登录失败, createBy=admin, createTime=null, updateTime=null, remoteAddr= (truncated)...]
:2025-08-13 11:10:01.493 DEBUG XNIO-1 task-2 o.s.j.s.JdbcTransactionManager: Creating new transaction with name [com.pig4cloud.pig.admin.service.impl.SysLogServiceImpl.saveLog]: PROPAGATION_REQUIRED,ISOLATION_DEFAULT,-java.lang.Exception
:2025-08-13 11:10:01.494 DEBUG XNIO-1 task-2 o.s.j.s.JdbcTransactionManager: Acquired Connection [HikariProxyConnection@260469781 wrapping com.mysql.cj.jdbc.ConnectionImpl@2c4ecf11] for JDBC transaction
:2025-08-13 11:10:01.494 DEBUG XNIO-1 task-2 o.s.j.s.JdbcTransactionManager: Switching JDBC Connection [HikariProxyConnection@260469781 wrapping com.mysql.cj.jdbc.ConnectionImpl@2c4ecf11] to manual commit
:2025-08-13 11:10:01.494 DEBUG XNIO-1 task-2 o.m.s.SqlSessionUtils: Creating a new SqlSession
:2025-08-13 11:10:01.495 DEBUG XNIO-1 task-2 o.m.s.SqlSessionUtils: Registering transaction synchronization for SqlSession [org.apache.ibatis.session.defaults.DefaultSqlSession@1467d843]
:2025-08-13 11:10:01.495 DEBUG XNIO-1 task-2 c.p.p.c.m.c.MybatisPlusMetaObjectHandler: mybatis plus start insert fill ....
:2025-08-13 11:10:01.495 DEBUG XNIO-1 task-2 o.s.s.w.a.AnonymousAuthenticationFilter: Set SecurityContextHolder to anonymous SecurityContext
:2025-08-13 11:10:01.496 DEBUG XNIO-1 task-2 o.m.s.t.SpringManagedTransaction: JDBC Connection [HikariProxyConnection@260469781 wrapping com.mysql.cj.jdbc.ConnectionImpl@2c4ecf11] will be managed by Spring
:2025-08-13 11:10:01.496 DEBUG XNIO-1 task-2 c.p.p.a.m.S.insert: ==>  Preparing: INSERT INTO sys_log ( id, log_type, title, create_by, create_time, remote_addr, user_agent, request_uri, method, params, time, exception, service_id, del_flag ) VALUES ( ?, ?, ?, ?, ?, ?, ?, ?, ?, ?, ?, ?, ?, ? )
:2025-08-13 11:10:01.496 DEBUG XNIO-1 task-2 c.p.p.a.m.S.insert: ==> Parameters: 1955451746230759426(Long), 9(String), 登录失败(String), admin(String), 2025-08-13T11:10:01.495851200(LocalDateTime), 192.168.0.135(String), PostmanRuntime/7.45.0(String), /oauth2/token(String), POST(String), grant_type=%5Bpassword%5D&scope=%5Bserver%5D&username=%5Badmin%5D(String), 62382(Long), 用户名或密码错误(String), pig-auth(String), 0(String)
:2025-08-13 11:10:01.497 DEBUG XNIO-1 task-2 c.p.p.a.m.S.insert: <==    Updates: 1
:2025-08-13 11:10:01.497 DEBUG XNIO-1 task-2 o.m.s.SqlSessionUtils: Releasing transactional SqlSession [org.apache.ibatis.session.defaults.DefaultSqlSession@1467d843]
:2025-08-13 11:10:01.497 DEBUG XNIO-1 task-2 o.m.s.SqlSessionUtils: Transaction synchronization committing SqlSession [org.apache.ibatis.session.defaults.DefaultSqlSession@1467d843]
:2025-08-13 11:10:01.497 DEBUG XNIO-1 task-2 o.m.s.SqlSessionUtils: Transaction synchronization deregistering SqlSession [org.apache.ibatis.session.defaults.DefaultSqlSession@1467d843]
:2025-08-13 11:10:01.497 DEBUG XNIO-1 task-2 o.m.s.SqlSessionUtils: Transaction synchronization closing SqlSession [org.apache.ibatis.session.defaults.DefaultSqlSession@1467d843]
:2025-08-13 11:10:01.497 DEBUG XNIO-1 task-2 o.s.j.s.JdbcTransactionManager: Initiating transaction commit
:2025-08-13 11:10:01.498 DEBUG XNIO-1 task-2 o.s.j.s.JdbcTransactionManager: Committing JDBC transaction on Connection [HikariProxyConnection@260469781 wrapping com.mysql.cj.jdbc.ConnectionImpl@2c4ecf11]
:2025-08-13 11:10:01.500 DEBUG XNIO-1 task-2 o.s.j.s.JdbcTransactionManager: Releasing JDBC Connection [HikariProxyConnection@260469781 wrapping com.mysql.cj.jdbc.ConnectionImpl@2c4ecf11] after transaction
:2025-08-13 11:10:01.501 DEBUG XNIO-1 task-2 o.s.w.s.m.m.a.RequestResponseBodyMethodProcessor: Using 'application/json', given [*/*] and supported [application/json, application/*+json, application/cbor, application/yaml]
:2025-08-13 11:10:01.501 DEBUG XNIO-1 task-2 o.s.w.s.m.m.a.RequestResponseBodyMethodProcessor: Writing [R(code=0, msg=null, data=true)]
:2025-08-13 11:10:01.501 DEBUG XNIO-1 task-2 o.s.w.s.DispatcherServlet: Completed 200 OK
:2025-08-13 11:10:15.298 DEBUG HikariPool-1 housekeeper c.z.h.p.HikariPool: HikariPool-1 - Pool stats (total=10, active=0, idle=10, waiting=0)
:2025-08-13 11:10:15.298 DEBUG HikariPool-1 housekeeper c.z.h.p.HikariPool: HikariPool-1 - Fill pool skipped, pool has sufficient level or currently being filled.
:2025-08-13 11:10:45.304 DEBUG HikariPool-1 housekeeper c.z.h.p.HikariPool: HikariPool-1 - Pool stats (total=10, active=0, idle=10, waiting=0)
:2025-08-13 11:10:45.304 DEBUG HikariPool-1 housekeeper c.z.h.p.HikariPool: HikariPool-1 - Fill pool skipped, pool has sufficient level or currently being filled.
:2025-08-13 11:11:15.318 DEBUG HikariPool-1 housekeeper c.z.h.p.HikariPool: HikariPool-1 - Pool stats (total=10, active=0, idle=10, waiting=0)
:2025-08-13 11:11:15.318 DEBUG HikariPool-1 housekeeper c.z.h.p.HikariPool: HikariPool-1 - Fill pool skipped, pool has sufficient level or currently being filled.
:2025-08-13 11:11:45.319 DEBUG HikariPool-1 housekeeper c.z.h.p.HikariPool: HikariPool-1 - Pool stats (total=10, active=0, idle=10, waiting=0)
:2025-08-13 11:11:45.319 DEBUG HikariPool-1 housekeeper c.z.h.p.HikariPool: HikariPool-1 - Fill pool skipped, pool has sufficient level or currently being filled.
:2025-08-13 11:12:15.326 DEBUG HikariPool-1 housekeeper c.z.h.p.HikariPool: HikariPool-1 - Pool stats (total=10, active=0, idle=10, waiting=0)
:2025-08-13 11:12:15.326 DEBUG HikariPool-1 housekeeper c.z.h.p.HikariPool: HikariPool-1 - Fill pool skipped, pool has sufficient level or currently being filled.
:2025-08-13 11:12:20.073 DEBUG XNIO-1 task-2 i.u.r.security: Attempting to authenticate /log/save, authentication required: false
:2025-08-13 11:12:20.073 DEBUG XNIO-1 task-2 i.u.r.security: Authentication outcome was NOT_ATTEMPTED with method io.undertow.security.impl.CachedAuthenticatedSessionMechanism@6cc3d730 for /log/save
:2025-08-13 11:12:20.073 DEBUG XNIO-1 task-2 i.u.r.security: Authentication result was ATTEMPTED for /log/save
:2025-08-13 11:12:20.074 DEBUG XNIO-1 task-2 o.s.s.w.FilterChainProxy: Securing POST /log/save
:2025-08-13 11:12:20.075 DEBUG XNIO-1 task-2 o.s.s.w.FilterChainProxy: Secured POST /log/save
:2025-08-13 11:12:20.075 DEBUG XNIO-1 task-2 o.s.w.s.DispatcherServlet: POST "/log/save", parameters={}
:2025-08-13 11:12:20.075 DEBUG XNIO-1 task-2 o.s.w.s.m.m.a.RequestMappingHandlerMapping: Mapped to com.pig4cloud.pig.admin.controller.SysLogController#save(SysLog)
:2025-08-13 11:12:20.078 DEBUG XNIO-1 task-2 c.p.p.c.x.c.JacksonXssClean: Json property value:9 cleaned up by mica-xss, current value is:9.
:2025-08-13 11:12:20.079 DEBUG XNIO-1 task-2 c.p.p.c.x.c.JacksonXssClean: Json property value:登录失败 cleaned up by mica-xss, current value is:登录失败.
:2025-08-13 11:12:20.080 DEBUG XNIO-1 task-2 c.p.p.c.x.c.JacksonXssClean: Json property value:admin cleaned up by mica-xss, current value is:admin.
:2025-08-13 11:12:20.080 DEBUG XNIO-1 task-2 c.p.p.c.x.c.JacksonXssClean: Json property value:192.168.0.135 cleaned up by mica-xss, current value is:192.168.0.135.
:2025-08-13 11:12:20.080 DEBUG XNIO-1 task-2 c.p.p.c.x.c.JacksonXssClean: Json property value:PostmanRuntime/7.45.0 cleaned up by mica-xss, current value is:PostmanRuntime/7.45.0.
:2025-08-13 11:12:20.080 DEBUG XNIO-1 task-2 c.p.p.c.x.c.JacksonXssClean: Json property value:/oauth2/token cleaned up by mica-xss, current value is:/oauth2/token.
:2025-08-13 11:12:20.081 DEBUG XNIO-1 task-2 c.p.p.c.x.c.JacksonXssClean: Json property value:POST cleaned up by mica-xss, current value is:POST.
:2025-08-13 11:12:20.081 DEBUG XNIO-1 task-2 c.p.p.c.x.c.JacksonXssClean: Json property value:grant_type=%5Bpassword%5D&scope=%5Bserver%5D&username=%5Badmin%5D cleaned up by mica-xss, current value is:grant_type=%5Bpassword%5D&scope=%5Bserver%5D&username=%5Badmin%5D.
:2025-08-13 11:12:20.081 DEBUG XNIO-1 task-2 c.p.p.c.x.c.JacksonXssClean: Json property value:用户名或密码错误 cleaned up by mica-xss, current value is:用户名或密码错误.
:2025-08-13 11:12:20.082 DEBUG XNIO-1 task-2 c.p.p.c.x.c.JacksonXssClean: Json property value:pig-auth cleaned up by mica-xss, current value is:pig-auth.
:2025-08-13 11:12:20.082 DEBUG XNIO-1 task-2 o.s.w.s.m.m.a.RequestResponseBodyMethodProcessor: Read "application/json;charset=UTF-8" to [SysLog(id=null, logType=9, title=登录失败, createBy=admin, createTime=null, updateTime=null, remoteAddr= (truncated)...]
:2025-08-13 11:12:20.083 DEBUG XNIO-1 task-2 o.s.j.s.JdbcTransactionManager: Creating new transaction with name [com.pig4cloud.pig.admin.service.impl.SysLogServiceImpl.saveLog]: PROPAGATION_REQUIRED,ISOLATION_DEFAULT,-java.lang.Exception
:2025-08-13 11:12:20.084 DEBUG XNIO-1 task-2 o.s.j.s.JdbcTransactionManager: Acquired Connection [HikariProxyConnection@253531823 wrapping com.mysql.cj.jdbc.ConnectionImpl@2c4ecf11] for JDBC transaction
:2025-08-13 11:12:20.084 DEBUG XNIO-1 task-2 o.s.j.s.JdbcTransactionManager: Switching JDBC Connection [HikariProxyConnection@253531823 wrapping com.mysql.cj.jdbc.ConnectionImpl@2c4ecf11] to manual commit
:2025-08-13 11:12:20.085 DEBUG XNIO-1 task-2 o.m.s.SqlSessionUtils: Creating a new SqlSession
:2025-08-13 11:12:20.086 DEBUG XNIO-1 task-2 o.m.s.SqlSessionUtils: Registering transaction synchronization for SqlSession [org.apache.ibatis.session.defaults.DefaultSqlSession@2513e2cf]
:2025-08-13 11:12:20.087 DEBUG XNIO-1 task-2 c.p.p.c.m.c.MybatisPlusMetaObjectHandler: mybatis plus start insert fill ....
:2025-08-13 11:12:20.087 DEBUG XNIO-1 task-2 o.s.s.w.a.AnonymousAuthenticationFilter: Set SecurityContextHolder to anonymous SecurityContext
:2025-08-13 11:12:20.088 DEBUG XNIO-1 task-2 o.m.s.t.SpringManagedTransaction: JDBC Connection [HikariProxyConnection@253531823 wrapping com.mysql.cj.jdbc.ConnectionImpl@2c4ecf11] will be managed by Spring
:2025-08-13 11:12:20.088 DEBUG XNIO-1 task-2 c.p.p.a.m.S.insert: ==>  Preparing: INSERT INTO sys_log ( id, log_type, title, create_by, create_time, remote_addr, user_agent, request_uri, method, params, time, exception, service_id, del_flag ) VALUES ( ?, ?, ?, ?, ?, ?, ?, ?, ?, ?, ?, ?, ?, ? )
:2025-08-13 11:12:20.089 DEBUG XNIO-1 task-2 c.p.p.a.m.S.insert: ==> Parameters: 1955452327523545089(Long), 9(String), 登录失败(String), admin(String), 2025-08-13T11:12:20.087163900(LocalDateTime), 192.168.0.135(String), PostmanRuntime/7.45.0(String), /oauth2/token(String), POST(String), grant_type=%5Bpassword%5D&scope=%5Bserver%5D&username=%5Badmin%5D(String), 94021(Long), 用户名或密码错误(String), pig-auth(String), 0(String)
:2025-08-13 11:12:20.090 DEBUG XNIO-1 task-2 c.p.p.a.m.S.insert: <==    Updates: 1
:2025-08-13 11:12:20.090 DEBUG XNIO-1 task-2 o.m.s.SqlSessionUtils: Releasing transactional SqlSession [org.apache.ibatis.session.defaults.DefaultSqlSession@2513e2cf]
:2025-08-13 11:12:20.090 DEBUG XNIO-1 task-2 o.m.s.SqlSessionUtils: Transaction synchronization committing SqlSession [org.apache.ibatis.session.defaults.DefaultSqlSession@2513e2cf]
:2025-08-13 11:12:20.090 DEBUG XNIO-1 task-2 o.m.s.SqlSessionUtils: Transaction synchronization deregistering SqlSession [org.apache.ibatis.session.defaults.DefaultSqlSession@2513e2cf]
:2025-08-13 11:12:20.090 DEBUG XNIO-1 task-2 o.m.s.SqlSessionUtils: Transaction synchronization closing SqlSession [org.apache.ibatis.session.defaults.DefaultSqlSession@2513e2cf]
:2025-08-13 11:12:20.090 DEBUG XNIO-1 task-2 o.s.j.s.JdbcTransactionManager: Initiating transaction commit
:2025-08-13 11:12:20.090 DEBUG XNIO-1 task-2 o.s.j.s.JdbcTransactionManager: Committing JDBC transaction on Connection [HikariProxyConnection@253531823 wrapping com.mysql.cj.jdbc.ConnectionImpl@2c4ecf11]
:2025-08-13 11:12:20.094 DEBUG XNIO-1 task-2 o.s.j.s.JdbcTransactionManager: Releasing JDBC Connection [HikariProxyConnection@253531823 wrapping com.mysql.cj.jdbc.ConnectionImpl@2c4ecf11] after transaction
:2025-08-13 11:12:20.095 DEBUG XNIO-1 task-2 o.s.w.s.m.m.a.RequestResponseBodyMethodProcessor: Using 'application/json', given [*/*] and supported [application/json, application/*+json, application/cbor, application/yaml]
:2025-08-13 11:12:20.095 DEBUG XNIO-1 task-2 o.s.w.s.m.m.a.RequestResponseBodyMethodProcessor: Writing [R(code=0, msg=null, data=true)]
:2025-08-13 11:12:20.097 DEBUG XNIO-1 task-2 o.s.w.s.DispatcherServlet: Completed 200 OK
:2025-08-13 11:12:45.337 DEBUG HikariPool-1 housekeeper c.z.h.p.HikariPool: HikariPool-1 - Pool stats (total=10, active=0, idle=10, waiting=0)
:2025-08-13 11:12:45.337 DEBUG HikariPool-1 housekeeper c.z.h.p.HikariPool: HikariPool-1 - Fill pool skipped, pool has sufficient level or currently being filled.
:2025-08-13 11:13:15.342 DEBUG HikariPool-1 housekeeper c.z.h.p.HikariPool: HikariPool-1 - Pool stats (total=10, active=0, idle=10, waiting=0)
:2025-08-13 11:13:15.342 DEBUG HikariPool-1 housekeeper c.z.h.p.HikariPool: HikariPool-1 - Fill pool skipped, pool has sufficient level or currently being filled.
:2025-08-13 11:13:45.352 DEBUG HikariPool-1 housekeeper c.z.h.p.HikariPool: HikariPool-1 - Pool stats (total=10, active=0, idle=10, waiting=0)
:2025-08-13 11:13:45.352 DEBUG HikariPool-1 housekeeper c.z.h.p.HikariPool: HikariPool-1 - Fill pool skipped, pool has sufficient level or currently being filled.
:2025-08-13 11:14:15.361 DEBUG HikariPool-1 housekeeper c.z.h.p.HikariPool: HikariPool-1 - Pool stats (total=10, active=0, idle=10, waiting=0)
:2025-08-13 11:14:15.361 DEBUG HikariPool-1 housekeeper c.z.h.p.HikariPool: HikariPool-1 - Fill pool skipped, pool has sufficient level or currently being filled.
:2025-08-13 11:14:45.362 DEBUG HikariPool-1 housekeeper c.z.h.p.HikariPool: HikariPool-1 - Pool stats (total=10, active=0, idle=10, waiting=0)
:2025-08-13 11:14:45.362 DEBUG HikariPool-1 housekeeper c.z.h.p.HikariPool: HikariPool-1 - Fill pool skipped, pool has sufficient level or currently being filled.
:2025-08-13 11:15:15.372 DEBUG HikariPool-1 housekeeper c.z.h.p.HikariPool: HikariPool-1 - Pool stats (total=10, active=0, idle=10, waiting=0)
:2025-08-13 11:15:15.372 DEBUG HikariPool-1 housekeeper c.z.h.p.HikariPool: HikariPool-1 - Fill pool skipped, pool has sufficient level or currently being filled.
:2025-08-13 11:15:45.373 DEBUG HikariPool-1 housekeeper c.z.h.p.HikariPool: HikariPool-1 - Pool stats (total=10, active=0, idle=10, waiting=0)
:2025-08-13 11:15:45.373 DEBUG HikariPool-1 housekeeper c.z.h.p.HikariPool: HikariPool-1 - Fill pool skipped, pool has sufficient level or currently being filled.
:2025-08-13 11:16:15.376 DEBUG HikariPool-1 housekeeper c.z.h.p.HikariPool: HikariPool-1 - Pool stats (total=10, active=0, idle=10, waiting=0)
:2025-08-13 11:16:15.376 DEBUG HikariPool-1 housekeeper c.z.h.p.HikariPool: HikariPool-1 - Fill pool skipped, pool has sufficient level or currently being filled.
:2025-08-13 11:16:45.378 DEBUG HikariPool-1 housekeeper c.z.h.p.HikariPool: HikariPool-1 - Pool stats (total=10, active=0, idle=10, waiting=0)
:2025-08-13 11:16:45.378 DEBUG HikariPool-1 housekeeper c.z.h.p.HikariPool: HikariPool-1 - Fill pool skipped, pool has sufficient level or currently being filled.
:2025-08-13 11:17:15.381 DEBUG HikariPool-1 housekeeper c.z.h.p.HikariPool: HikariPool-1 - Pool stats (total=10, active=0, idle=10, waiting=0)
:2025-08-13 11:17:15.381 DEBUG HikariPool-1 housekeeper c.z.h.p.HikariPool: HikariPool-1 - Fill pool skipped, pool has sufficient level or currently being filled.
:2025-08-13 11:17:45.395 DEBUG HikariPool-1 housekeeper c.z.h.p.HikariPool: HikariPool-1 - Pool stats (total=10, active=0, idle=10, waiting=0)
:2025-08-13 11:17:45.395 DEBUG HikariPool-1 housekeeper c.z.h.p.HikariPool: HikariPool-1 - Fill pool skipped, pool has sufficient level or currently being filled.
:2025-08-13 11:18:15.400 DEBUG HikariPool-1 housekeeper c.z.h.p.HikariPool: HikariPool-1 - Pool stats (total=10, active=0, idle=10, waiting=0)
:2025-08-13 11:18:15.400 DEBUG HikariPool-1 housekeeper c.z.h.p.HikariPool: HikariPool-1 - Fill pool skipped, pool has sufficient level or currently being filled.
:2025-08-13 11:18:45.414 DEBUG HikariPool-1 housekeeper c.z.h.p.HikariPool: HikariPool-1 - Pool stats (total=10, active=0, idle=10, waiting=0)
:2025-08-13 11:18:45.414 DEBUG HikariPool-1 housekeeper c.z.h.p.HikariPool: HikariPool-1 - Fill pool skipped, pool has sufficient level or currently being filled.
:2025-08-13 11:19:15.422 DEBUG HikariPool-1 housekeeper c.z.h.p.HikariPool: HikariPool-1 - Pool stats (total=10, active=0, idle=10, waiting=0)
:2025-08-13 11:19:15.422 DEBUG HikariPool-1 housekeeper c.z.h.p.HikariPool: HikariPool-1 - Fill pool skipped, pool has sufficient level or currently being filled.
:2025-08-13 11:19:45.429 DEBUG HikariPool-1 housekeeper c.z.h.p.HikariPool: HikariPool-1 - Pool stats (total=10, active=0, idle=10, waiting=0)
:2025-08-13 11:19:45.429 DEBUG HikariPool-1 housekeeper c.z.h.p.HikariPool: HikariPool-1 - Fill pool skipped, pool has sufficient level or currently being filled.
:2025-08-13 11:20:15.431 DEBUG HikariPool-1 housekeeper c.z.h.p.HikariPool: HikariPool-1 - Pool stats (total=10, active=0, idle=10, waiting=0)
:2025-08-13 11:20:15.431 DEBUG HikariPool-1 housekeeper c.z.h.p.HikariPool: HikariPool-1 - Fill pool skipped, pool has sufficient level or currently being filled.
:2025-08-13 11:20:45.446 DEBUG HikariPool-1 housekeeper c.z.h.p.HikariPool: HikariPool-1 - Pool stats (total=10, active=0, idle=10, waiting=0)
:2025-08-13 11:20:45.446 DEBUG HikariPool-1 housekeeper c.z.h.p.HikariPool: HikariPool-1 - Fill pool skipped, pool has sufficient level or currently being filled.
:2025-08-13 11:21:15.455 DEBUG HikariPool-1 housekeeper c.z.h.p.HikariPool: HikariPool-1 - Pool stats (total=10, active=0, idle=10, waiting=0)
:2025-08-13 11:21:15.455 DEBUG HikariPool-1 housekeeper c.z.h.p.HikariPool: HikariPool-1 - Fill pool skipped, pool has sufficient level or currently being filled.
:2025-08-13 11:21:45.468 DEBUG HikariPool-1 housekeeper c.z.h.p.HikariPool: HikariPool-1 - Pool stats (total=10, active=0, idle=10, waiting=0)
:2025-08-13 11:21:45.468 DEBUG HikariPool-1 housekeeper c.z.h.p.HikariPool: HikariPool-1 - Fill pool skipped, pool has sufficient level or currently being filled.
:2025-08-13 11:22:15.478 DEBUG HikariPool-1 housekeeper c.z.h.p.HikariPool: HikariPool-1 - Pool stats (total=10, active=0, idle=10, waiting=0)
:2025-08-13 11:22:15.478 DEBUG HikariPool-1 housekeeper c.z.h.p.HikariPool: HikariPool-1 - Fill pool skipped, pool has sufficient level or currently being filled.
:2025-08-13 11:22:45.482 DEBUG HikariPool-1 housekeeper c.z.h.p.HikariPool: HikariPool-1 - Pool stats (total=10, active=0, idle=10, waiting=0)
:2025-08-13 11:22:45.482 DEBUG HikariPool-1 housekeeper c.z.h.p.HikariPool: HikariPool-1 - Fill pool skipped, pool has sufficient level or currently being filled.
:2025-08-13 11:23:15.493 DEBUG HikariPool-1 housekeeper c.z.h.p.HikariPool: HikariPool-1 - Pool stats (total=10, active=0, idle=10, waiting=0)
:2025-08-13 11:23:15.493 DEBUG HikariPool-1 housekeeper c.z.h.p.HikariPool: HikariPool-1 - Fill pool skipped, pool has sufficient level or currently being filled.
:2025-08-13 11:23:45.501 DEBUG HikariPool-1 housekeeper c.z.h.p.HikariPool: HikariPool-1 - Pool stats (total=10, active=0, idle=10, waiting=0)
:2025-08-13 11:23:45.501 DEBUG HikariPool-1 housekeeper c.z.h.p.HikariPool: HikariPool-1 - Fill pool skipped, pool has sufficient level or currently being filled.
:2025-08-13 11:24:15.501 DEBUG HikariPool-1 housekeeper c.z.h.p.HikariPool: HikariPool-1 - Pool stats (total=10, active=0, idle=10, waiting=0)
:2025-08-13 11:24:15.501 DEBUG HikariPool-1 housekeeper c.z.h.p.HikariPool: HikariPool-1 - Fill pool skipped, pool has sufficient level or currently being filled.
:2025-08-13 11:24:45.510 DEBUG HikariPool-1 housekeeper c.z.h.p.HikariPool: HikariPool-1 - Pool stats (total=10, active=0, idle=10, waiting=0)
:2025-08-13 11:24:45.510 DEBUG HikariPool-1 housekeeper c.z.h.p.HikariPool: HikariPool-1 - Fill pool skipped, pool has sufficient level or currently being filled.
:2025-08-13 11:25:15.515 DEBUG HikariPool-1 housekeeper c.z.h.p.HikariPool: HikariPool-1 - Pool stats (total=10, active=0, idle=10, waiting=0)
:2025-08-13 11:25:15.515 DEBUG HikariPool-1 housekeeper c.z.h.p.HikariPool: HikariPool-1 - Fill pool skipped, pool has sufficient level or currently being filled.
:2025-08-13 11:25:45.519 DEBUG HikariPool-1 housekeeper c.z.h.p.HikariPool: HikariPool-1 - Pool stats (total=10, active=0, idle=10, waiting=0)
:2025-08-13 11:25:45.519 DEBUG HikariPool-1 housekeeper c.z.h.p.HikariPool: HikariPool-1 - Fill pool skipped, pool has sufficient level or currently being filled.
:2025-08-13 11:25:46.936 DEBUG XNIO-1 task-2 i.u.r.security: Attempting to authenticate /log/save, authentication required: false
:2025-08-13 11:25:46.936 DEBUG XNIO-1 task-2 i.u.r.security: Authentication outcome was NOT_ATTEMPTED with method io.undertow.security.impl.CachedAuthenticatedSessionMechanism@6cc3d730 for /log/save
:2025-08-13 11:25:46.936 DEBUG XNIO-1 task-2 i.u.r.security: Authentication result was ATTEMPTED for /log/save
:2025-08-13 11:25:46.936 DEBUG XNIO-1 task-2 o.s.s.w.FilterChainProxy: Securing POST /log/save
:2025-08-13 11:25:46.937 DEBUG XNIO-1 task-2 o.s.s.w.FilterChainProxy: Secured POST /log/save
:2025-08-13 11:25:46.937 DEBUG XNIO-1 task-2 o.s.w.s.DispatcherServlet: POST "/log/save", parameters={}
:2025-08-13 11:25:46.937 DEBUG XNIO-1 task-2 o.s.w.s.m.m.a.RequestMappingHandlerMapping: Mapped to com.pig4cloud.pig.admin.controller.SysLogController#save(SysLog)
:2025-08-13 11:25:46.938 DEBUG XNIO-1 task-2 c.p.p.c.x.c.JacksonXssClean: Json property value:9 cleaned up by mica-xss, current value is:9.
:2025-08-13 11:25:46.938 DEBUG XNIO-1 task-2 c.p.p.c.x.c.JacksonXssClean: Json property value:登录失败 cleaned up by mica-xss, current value is:登录失败.
:2025-08-13 11:25:46.938 DEBUG XNIO-1 task-2 c.p.p.c.x.c.JacksonXssClean: Json property value:admin cleaned up by mica-xss, current value is:admin.
:2025-08-13 11:25:46.938 DEBUG XNIO-1 task-2 c.p.p.c.x.c.JacksonXssClean: Json property value:192.168.0.135 cleaned up by mica-xss, current value is:192.168.0.135.
:2025-08-13 11:25:46.938 DEBUG XNIO-1 task-2 c.p.p.c.x.c.JacksonXssClean: Json property value:PostmanRuntime/7.45.0 cleaned up by mica-xss, current value is:PostmanRuntime/7.45.0.
:2025-08-13 11:25:46.938 DEBUG XNIO-1 task-2 c.p.p.c.x.c.JacksonXssClean: Json property value:/oauth2/token cleaned up by mica-xss, current value is:/oauth2/token.
:2025-08-13 11:25:46.939 DEBUG XNIO-1 task-2 c.p.p.c.x.c.JacksonXssClean: Json property value:POST cleaned up by mica-xss, current value is:POST.
:2025-08-13 11:25:46.939 DEBUG XNIO-1 task-2 c.p.p.c.x.c.JacksonXssClean: Json property value:grant_type=%5Bpassword%5D&scope=%5Bserver%5D&username=%5Badmin%5D cleaned up by mica-xss, current value is:grant_type=%5Bpassword%5D&scope=%5Bserver%5D&username=%5Badmin%5D.
:2025-08-13 11:25:46.939 DEBUG XNIO-1 task-2 c.p.p.c.x.c.JacksonXssClean: Json property value:用户名或密码错误 cleaned up by mica-xss, current value is:用户名或密码错误.
:2025-08-13 11:25:46.939 DEBUG XNIO-1 task-2 c.p.p.c.x.c.JacksonXssClean: Json property value:pig-auth cleaned up by mica-xss, current value is:pig-auth.
:2025-08-13 11:25:46.939 DEBUG XNIO-1 task-2 o.s.w.s.m.m.a.RequestResponseBodyMethodProcessor: Read "application/json;charset=UTF-8" to [SysLog(id=null, logType=9, title=登录失败, createBy=admin, createTime=null, updateTime=null, remoteAddr= (truncated)...]
:2025-08-13 11:25:46.939 DEBUG XNIO-1 task-2 o.s.j.s.JdbcTransactionManager: Creating new transaction with name [com.pig4cloud.pig.admin.service.impl.SysLogServiceImpl.saveLog]: PROPAGATION_REQUIRED,ISOLATION_DEFAULT,-java.lang.Exception
:2025-08-13 11:25:46.940 DEBUG XNIO-1 task-2 o.s.j.s.JdbcTransactionManager: Acquired Connection [HikariProxyConnection@2084404658 wrapping com.mysql.cj.jdbc.ConnectionImpl@2c4ecf11] for JDBC transaction
:2025-08-13 11:25:46.940 DEBUG XNIO-1 task-2 o.s.j.s.JdbcTransactionManager: Switching JDBC Connection [HikariProxyConnection@2084404658 wrapping com.mysql.cj.jdbc.ConnectionImpl@2c4ecf11] to manual commit
:2025-08-13 11:25:46.940 DEBUG XNIO-1 task-2 o.m.s.SqlSessionUtils: Creating a new SqlSession
:2025-08-13 11:25:46.940 DEBUG XNIO-1 task-2 o.m.s.SqlSessionUtils: Registering transaction synchronization for SqlSession [org.apache.ibatis.session.defaults.DefaultSqlSession@4682fd60]
:2025-08-13 11:25:46.941 DEBUG XNIO-1 task-2 c.p.p.c.m.c.MybatisPlusMetaObjectHandler: mybatis plus start insert fill ....
:2025-08-13 11:25:46.941 DEBUG XNIO-1 task-2 o.s.s.w.a.AnonymousAuthenticationFilter: Set SecurityContextHolder to anonymous SecurityContext
:2025-08-13 11:25:46.941 DEBUG XNIO-1 task-2 o.m.s.t.SpringManagedTransaction: JDBC Connection [HikariProxyConnection@2084404658 wrapping com.mysql.cj.jdbc.ConnectionImpl@2c4ecf11] will be managed by Spring
:2025-08-13 11:25:46.941 DEBUG XNIO-1 task-2 c.p.p.a.m.S.insert: ==>  Preparing: INSERT INTO sys_log ( id, log_type, title, create_by, create_time, remote_addr, user_agent, request_uri, method, params, time, exception, service_id, del_flag ) VALUES ( ?, ?, ?, ?, ?, ?, ?, ?, ?, ?, ?, ?, ?, ? )
:2025-08-13 11:25:46.941 DEBUG XNIO-1 task-2 c.p.p.a.m.S.insert: ==> Parameters: 1955455711718699009(Long), 9(String), 登录失败(String), admin(String), 2025-08-13T11:25:46.941421700(LocalDateTime), 192.168.0.135(String), PostmanRuntime/7.45.0(String), /oauth2/token(String), POST(String), grant_type=%5Bpassword%5D&scope=%5Bserver%5D&username=%5Badmin%5D(String), 78144(Long), 用户名或密码错误(String), pig-auth(String), 0(String)
:2025-08-13 11:25:46.942 DEBUG XNIO-1 task-2 c.p.p.a.m.S.insert: <==    Updates: 1
:2025-08-13 11:25:46.942 DEBUG XNIO-1 task-2 o.m.s.SqlSessionUtils: Releasing transactional SqlSession [org.apache.ibatis.session.defaults.DefaultSqlSession@4682fd60]
:2025-08-13 11:25:46.942 DEBUG XNIO-1 task-2 o.m.s.SqlSessionUtils: Transaction synchronization committing SqlSession [org.apache.ibatis.session.defaults.DefaultSqlSession@4682fd60]
:2025-08-13 11:25:46.943 DEBUG XNIO-1 task-2 o.m.s.SqlSessionUtils: Transaction synchronization deregistering SqlSession [org.apache.ibatis.session.defaults.DefaultSqlSession@4682fd60]
:2025-08-13 11:25:46.943 DEBUG XNIO-1 task-2 o.m.s.SqlSessionUtils: Transaction synchronization closing SqlSession [org.apache.ibatis.session.defaults.DefaultSqlSession@4682fd60]
:2025-08-13 11:25:46.943 DEBUG XNIO-1 task-2 o.s.j.s.JdbcTransactionManager: Initiating transaction commit
:2025-08-13 11:25:46.943 DEBUG XNIO-1 task-2 o.s.j.s.JdbcTransactionManager: Committing JDBC transaction on Connection [HikariProxyConnection@2084404658 wrapping com.mysql.cj.jdbc.ConnectionImpl@2c4ecf11]
:2025-08-13 11:25:46.947 DEBUG XNIO-1 task-2 o.s.j.s.JdbcTransactionManager: Releasing JDBC Connection [HikariProxyConnection@2084404658 wrapping com.mysql.cj.jdbc.ConnectionImpl@2c4ecf11] after transaction
:2025-08-13 11:25:46.947 DEBUG XNIO-1 task-2 o.s.w.s.m.m.a.RequestResponseBodyMethodProcessor: Using 'application/json', given [*/*] and supported [application/json, application/*+json, application/cbor, application/yaml]
:2025-08-13 11:25:46.947 DEBUG XNIO-1 task-2 o.s.w.s.m.m.a.RequestResponseBodyMethodProcessor: Writing [R(code=0, msg=null, data=true)]
:2025-08-13 11:25:46.948 DEBUG XNIO-1 task-2 o.s.w.s.DispatcherServlet: Completed 200 OK
:2025-08-13 11:26:15.522 DEBUG HikariPool-1 housekeeper c.z.h.p.HikariPool: HikariPool-1 - Pool stats (total=10, active=0, idle=10, waiting=0)
:2025-08-13 11:26:15.522 DEBUG HikariPool-1 housekeeper c.z.h.p.HikariPool: HikariPool-1 - Fill pool skipped, pool has sufficient level or currently being filled.
:2025-08-13 11:26:45.522 DEBUG HikariPool-1 housekeeper c.z.h.p.HikariPool: HikariPool-1 - Pool stats (total=10, active=0, idle=10, waiting=0)
:2025-08-13 11:26:45.522 DEBUG HikariPool-1 housekeeper c.z.h.p.HikariPool: HikariPool-1 - Fill pool skipped, pool has sufficient level or currently being filled.
:2025-08-13 11:27:02.557 DEBUG XNIO-1 task-2 i.u.r.security: Attempting to authenticate /log/save, authentication required: false
:2025-08-13 11:27:02.557 DEBUG XNIO-1 task-2 i.u.r.security: Authentication outcome was NOT_ATTEMPTED with method io.undertow.security.impl.CachedAuthenticatedSessionMechanism@6cc3d730 for /log/save
:2025-08-13 11:27:02.558 DEBUG XNIO-1 task-2 i.u.r.security: Authentication result was ATTEMPTED for /log/save
:2025-08-13 11:27:02.559 DEBUG XNIO-1 task-2 o.s.s.w.FilterChainProxy: Securing POST /log/save
:2025-08-13 11:27:02.559 DEBUG XNIO-1 task-2 o.s.s.w.FilterChainProxy: Secured POST /log/save
:2025-08-13 11:27:02.559 DEBUG XNIO-1 task-2 o.s.w.s.DispatcherServlet: POST "/log/save", parameters={}
:2025-08-13 11:27:02.560 DEBUG XNIO-1 task-2 o.s.w.s.m.m.a.RequestMappingHandlerMapping: Mapped to com.pig4cloud.pig.admin.controller.SysLogController#save(SysLog)
:2025-08-13 11:27:02.561 DEBUG XNIO-1 task-2 c.p.p.c.x.c.JacksonXssClean: Json property value:9 cleaned up by mica-xss, current value is:9.
:2025-08-13 11:27:02.561 DEBUG XNIO-1 task-2 c.p.p.c.x.c.JacksonXssClean: Json property value:登录失败 cleaned up by mica-xss, current value is:登录失败.
:2025-08-13 11:27:02.561 DEBUG XNIO-1 task-2 c.p.p.c.x.c.JacksonXssClean: Json property value:admin cleaned up by mica-xss, current value is:admin.
:2025-08-13 11:27:02.561 DEBUG XNIO-1 task-2 c.p.p.c.x.c.JacksonXssClean: Json property value:192.168.0.135 cleaned up by mica-xss, current value is:192.168.0.135.
:2025-08-13 11:27:02.561 DEBUG XNIO-1 task-2 c.p.p.c.x.c.JacksonXssClean: Json property value:PostmanRuntime/7.45.0 cleaned up by mica-xss, current value is:PostmanRuntime/7.45.0.
:2025-08-13 11:27:02.561 DEBUG XNIO-1 task-2 c.p.p.c.x.c.JacksonXssClean: Json property value:/oauth2/token cleaned up by mica-xss, current value is:/oauth2/token.
:2025-08-13 11:27:02.561 DEBUG XNIO-1 task-2 c.p.p.c.x.c.JacksonXssClean: Json property value:POST cleaned up by mica-xss, current value is:POST.
:2025-08-13 11:27:02.561 DEBUG XNIO-1 task-2 c.p.p.c.x.c.JacksonXssClean: Json property value:grant_type=%5Bpassword%5D&scope=%5Bserver%5D&username=%5Badmin%5D cleaned up by mica-xss, current value is:grant_type=%5Bpassword%5D&scope=%5Bserver%5D&username=%5Badmin%5D.
:2025-08-13 11:27:02.561 DEBUG XNIO-1 task-2 c.p.p.c.x.c.JacksonXssClean: Json property value:用户名或密码错误 cleaned up by mica-xss, current value is:用户名或密码错误.
:2025-08-13 11:27:02.561 DEBUG XNIO-1 task-2 c.p.p.c.x.c.JacksonXssClean: Json property value:pig-auth cleaned up by mica-xss, current value is:pig-auth.
:2025-08-13 11:27:02.561 DEBUG XNIO-1 task-2 o.s.w.s.m.m.a.RequestResponseBodyMethodProcessor: Read "application/json;charset=UTF-8" to [SysLog(id=null, logType=9, title=登录失败, createBy=admin, createTime=null, updateTime=null, remoteAddr= (truncated)...]
:2025-08-13 11:27:02.562 DEBUG XNIO-1 task-2 o.s.j.s.JdbcTransactionManager: Creating new transaction with name [com.pig4cloud.pig.admin.service.impl.SysLogServiceImpl.saveLog]: PROPAGATION_REQUIRED,ISOLATION_DEFAULT,-java.lang.Exception
:2025-08-13 11:27:02.562 DEBUG XNIO-1 task-2 o.s.j.s.JdbcTransactionManager: Acquired Connection [HikariProxyConnection@820657389 wrapping com.mysql.cj.jdbc.ConnectionImpl@2c4ecf11] for JDBC transaction
:2025-08-13 11:27:02.562 DEBUG XNIO-1 task-2 o.s.j.s.JdbcTransactionManager: Switching JDBC Connection [HikariProxyConnection@820657389 wrapping com.mysql.cj.jdbc.ConnectionImpl@2c4ecf11] to manual commit
:2025-08-13 11:27:02.563 DEBUG XNIO-1 task-2 o.m.s.SqlSessionUtils: Creating a new SqlSession
:2025-08-13 11:27:02.563 DEBUG XNIO-1 task-2 o.m.s.SqlSessionUtils: Registering transaction synchronization for SqlSession [org.apache.ibatis.session.defaults.DefaultSqlSession@b095950]
:2025-08-13 11:27:02.563 DEBUG XNIO-1 task-2 c.p.p.c.m.c.MybatisPlusMetaObjectHandler: mybatis plus start insert fill ....
:2025-08-13 11:27:02.563 DEBUG XNIO-1 task-2 o.s.s.w.a.AnonymousAuthenticationFilter: Set SecurityContextHolder to anonymous SecurityContext
:2025-08-13 11:27:02.563 DEBUG XNIO-1 task-2 o.m.s.t.SpringManagedTransaction: JDBC Connection [HikariProxyConnection@820657389 wrapping com.mysql.cj.jdbc.ConnectionImpl@2c4ecf11] will be managed by Spring
:2025-08-13 11:27:02.563 DEBUG XNIO-1 task-2 c.p.p.a.m.S.insert: ==>  Preparing: INSERT INTO sys_log ( id, log_type, title, create_by, create_time, remote_addr, user_agent, request_uri, method, params, time, exception, service_id, del_flag ) VALUES ( ?, ?, ?, ?, ?, ?, ?, ?, ?, ?, ?, ?, ?, ? )
:2025-08-13 11:27:02.564 DEBUG XNIO-1 task-2 c.p.p.a.m.S.insert: ==> Parameters: 1955456028900356098(Long), 9(String), 登录失败(String), admin(String), 2025-08-13T11:27:02.563926400(LocalDateTime), 192.168.0.135(String), PostmanRuntime/7.45.0(String), /oauth2/token(String), POST(String), grant_type=%5Bpassword%5D&scope=%5Bserver%5D&username=%5Badmin%5D(String), 60885(Long), 用户名或密码错误(String), pig-auth(String), 0(String)
:2025-08-13 11:27:02.564 DEBUG XNIO-1 task-2 c.p.p.a.m.S.insert: <==    Updates: 1
:2025-08-13 11:27:02.564 DEBUG XNIO-1 task-2 o.m.s.SqlSessionUtils: Releasing transactional SqlSession [org.apache.ibatis.session.defaults.DefaultSqlSession@b095950]
:2025-08-13 11:27:02.564 DEBUG XNIO-1 task-2 o.m.s.SqlSessionUtils: Transaction synchronization committing SqlSession [org.apache.ibatis.session.defaults.DefaultSqlSession@b095950]
:2025-08-13 11:27:02.565 DEBUG XNIO-1 task-2 o.m.s.SqlSessionUtils: Transaction synchronization deregistering SqlSession [org.apache.ibatis.session.defaults.DefaultSqlSession@b095950]
:2025-08-13 11:27:02.565 DEBUG XNIO-1 task-2 o.m.s.SqlSessionUtils: Transaction synchronization closing SqlSession [org.apache.ibatis.session.defaults.DefaultSqlSession@b095950]
:2025-08-13 11:27:02.565 DEBUG XNIO-1 task-2 o.s.j.s.JdbcTransactionManager: Initiating transaction commit
:2025-08-13 11:27:02.565 DEBUG XNIO-1 task-2 o.s.j.s.JdbcTransactionManager: Committing JDBC transaction on Connection [HikariProxyConnection@820657389 wrapping com.mysql.cj.jdbc.ConnectionImpl@2c4ecf11]
:2025-08-13 11:27:02.569 DEBUG XNIO-1 task-2 o.s.j.s.JdbcTransactionManager: Releasing JDBC Connection [HikariProxyConnection@820657389 wrapping com.mysql.cj.jdbc.ConnectionImpl@2c4ecf11] after transaction
:2025-08-13 11:27:02.569 DEBUG XNIO-1 task-2 o.s.w.s.m.m.a.RequestResponseBodyMethodProcessor: Using 'application/json', given [*/*] and supported [application/json, application/*+json, application/cbor, application/yaml]
:2025-08-13 11:27:02.569 DEBUG XNIO-1 task-2 o.s.w.s.m.m.a.RequestResponseBodyMethodProcessor: Writing [R(code=0, msg=null, data=true)]
:2025-08-13 11:27:02.570 DEBUG XNIO-1 task-2 o.s.w.s.DispatcherServlet: Completed 200 OK
:2025-08-13 11:27:15.524 DEBUG HikariPool-1 housekeeper c.z.h.p.HikariPool: HikariPool-1 - Pool stats (total=10, active=0, idle=10, waiting=0)
:2025-08-13 11:27:15.524 DEBUG HikariPool-1 housekeeper c.z.h.p.HikariPool: HikariPool-1 - Fill pool skipped, pool has sufficient level or currently being filled.
:2025-08-13 11:27:45.525 DEBUG HikariPool-1 housekeeper c.z.h.p.HikariPool: HikariPool-1 - Pool stats (total=10, active=0, idle=10, waiting=0)
:2025-08-13 11:27:45.525 DEBUG HikariPool-1 housekeeper c.z.h.p.HikariPool: HikariPool-1 - Fill pool skipped, pool has sufficient level or currently being filled.
:2025-08-13 11:28:15.526 DEBUG HikariPool-1 housekeeper c.z.h.p.HikariPool: HikariPool-1 - Pool stats (total=10, active=0, idle=10, waiting=0)
:2025-08-13 11:28:15.526 DEBUG HikariPool-1 housekeeper c.z.h.p.HikariPool: HikariPool-1 - Fill pool skipped, pool has sufficient level or currently being filled.
:2025-08-13 11:28:45.527 DEBUG HikariPool-1 housekeeper c.z.h.p.HikariPool: HikariPool-1 - Pool stats (total=10, active=0, idle=10, waiting=0)
:2025-08-13 11:28:45.527 DEBUG HikariPool-1 housekeeper c.z.h.p.HikariPool: HikariPool-1 - Fill pool skipped, pool has sufficient level or currently being filled.
:2025-08-13 11:29:15.528 DEBUG HikariPool-1 housekeeper c.z.h.p.HikariPool: HikariPool-1 - Pool stats (total=10, active=0, idle=10, waiting=0)
:2025-08-13 11:29:15.528 DEBUG HikariPool-1 housekeeper c.z.h.p.HikariPool: HikariPool-1 - Fill pool skipped, pool has sufficient level or currently being filled.
:2025-08-13 11:29:35.197 DEBUG HikariPool-1 connection closer c.z.h.p.PoolBase: HikariPool-1 - Closing connection com.mysql.cj.jdbc.ConnectionImpl@2c4ecf11: (connection has passed maxLifetime)
:2025-08-13 11:29:35.201 DEBUG HikariPool-1 connection adder c.z.h.p.HikariPool: HikariPool-1 - Added connection com.mysql.cj.jdbc.ConnectionImpl@5c1716de
:2025-08-13 11:29:35.232 DEBUG HikariPool-1 connection adder c.z.h.p.HikariPool: HikariPool-1 - Connection not added, stats (total=10, active=0, idle=10, waiting=0)
:2025-08-13 11:29:45.529 DEBUG HikariPool-1 housekeeper c.z.h.p.HikariPool: HikariPool-1 - Pool stats (total=10, active=0, idle=10, waiting=0)
:2025-08-13 11:29:45.529 DEBUG HikariPool-1 housekeeper c.z.h.p.HikariPool: HikariPool-1 - Fill pool skipped, pool has sufficient level or currently being filled.
:2025-08-13 11:30:05.758 DEBUG HikariPool-1 connection closer c.z.h.p.PoolBase: HikariPool-1 - Closing connection com.mysql.cj.jdbc.ConnectionImpl@3adef1aa: (connection has passed maxLifetime)
:2025-08-13 11:30:05.761 DEBUG HikariPool-1 connection adder c.z.h.p.HikariPool: HikariPool-1 - Added connection com.mysql.cj.jdbc.ConnectionImpl@2561d8f1
:2025-08-13 11:30:05.793 DEBUG HikariPool-1 connection adder c.z.h.p.HikariPool: HikariPool-1 - Connection not added, stats (total=10, active=0, idle=10, waiting=0)
:2025-08-13 11:30:12.368 DEBUG HikariPool-1 connection closer c.z.h.p.PoolBase: HikariPool-1 - Closing connection com.mysql.cj.jdbc.ConnectionImpl@2b3e9bc4: (connection has passed maxLifetime)
:2025-08-13 11:30:12.371 DEBUG HikariPool-1 connection adder c.z.h.p.HikariPool: HikariPool-1 - Added connection com.mysql.cj.jdbc.ConnectionImpl@10cedf1a
:2025-08-13 11:30:12.403 DEBUG HikariPool-1 connection adder c.z.h.p.HikariPool: HikariPool-1 - Connection not added, stats (total=10, active=0, idle=10, waiting=0)
:2025-08-13 11:30:15.531 DEBUG HikariPool-1 housekeeper c.z.h.p.HikariPool: HikariPool-1 - Pool stats (total=10, active=0, idle=10, waiting=0)
:2025-08-13 11:30:15.531 DEBUG HikariPool-1 housekeeper c.z.h.p.HikariPool: HikariPool-1 - Fill pool skipped, pool has sufficient level or currently being filled.
:2025-08-13 11:30:33.003 DEBUG HikariPool-1 connection closer c.z.h.p.PoolBase: HikariPool-1 - Closing connection com.mysql.cj.jdbc.ConnectionImpl@42100419: (connection has passed maxLifetime)
:2025-08-13 11:30:33.006 DEBUG HikariPool-1 connection adder c.z.h.p.HikariPool: HikariPool-1 - Added connection com.mysql.cj.jdbc.ConnectionImpl@2327b51
:2025-08-13 11:30:33.037 DEBUG HikariPool-1 connection adder c.z.h.p.HikariPool: HikariPool-1 - Connection not added, stats (total=10, active=0, idle=10, waiting=0)
:2025-08-13 11:30:44.773 DEBUG HikariPool-1 connection closer c.z.h.p.PoolBase: HikariPool-1 - Closing connection com.mysql.cj.jdbc.ConnectionImpl@36df70be: (connection has passed maxLifetime)
:2025-08-13 11:30:44.776 DEBUG HikariPool-1 connection adder c.z.h.p.HikariPool: HikariPool-1 - Added connection com.mysql.cj.jdbc.ConnectionImpl@1bfab0c5
:2025-08-13 11:30:44.808 DEBUG HikariPool-1 connection adder c.z.h.p.HikariPool: HikariPool-1 - Connection not added, stats (total=10, active=0, idle=10, waiting=0)
:2025-08-13 11:30:45.533 DEBUG HikariPool-1 housekeeper c.z.h.p.HikariPool: HikariPool-1 - Pool stats (total=10, active=0, idle=10, waiting=0)
:2025-08-13 11:30:45.533 DEBUG HikariPool-1 housekeeper c.z.h.p.HikariPool: HikariPool-1 - Fill pool skipped, pool has sufficient level or currently being filled.
:2025-08-13 11:31:08.291 DEBUG HikariPool-1 connection closer c.z.h.p.PoolBase: HikariPool-1 - Closing connection com.mysql.cj.jdbc.ConnectionImpl@7c7a8052: (connection has passed maxLifetime)
:2025-08-13 11:31:08.294 DEBUG HikariPool-1 connection adder c.z.h.p.HikariPool: HikariPool-1 - Added connection com.mysql.cj.jdbc.ConnectionImpl@403a57fb
:2025-08-13 11:31:08.325 DEBUG HikariPool-1 connection adder c.z.h.p.HikariPool: HikariPool-1 - Connection not added, stats (total=10, active=0, idle=10, waiting=0)
:2025-08-13 11:31:15.480 DEBUG HikariPool-1 connection closer c.z.h.p.PoolBase: HikariPool-1 - Closing connection com.mysql.cj.jdbc.ConnectionImpl@8ff501b: (connection has passed maxLifetime)
:2025-08-13 11:31:15.484 DEBUG HikariPool-1 connection adder c.z.h.p.HikariPool: HikariPool-1 - Added connection com.mysql.cj.jdbc.ConnectionImpl@18e5a3a6
:2025-08-13 11:31:15.515 DEBUG HikariPool-1 connection adder c.z.h.p.HikariPool: HikariPool-1 - Connection not added, stats (total=10, active=0, idle=10, waiting=0)
:2025-08-13 11:31:15.533 DEBUG HikariPool-1 housekeeper c.z.h.p.HikariPool: HikariPool-1 - Pool stats (total=10, active=0, idle=10, waiting=0)
:2025-08-13 11:31:15.533 DEBUG HikariPool-1 housekeeper c.z.h.p.HikariPool: HikariPool-1 - Fill pool skipped, pool has sufficient level or currently being filled.
:2025-08-13 11:31:35.016 DEBUG HikariPool-1 connection closer c.z.h.p.PoolBase: HikariPool-1 - Closing connection com.mysql.cj.jdbc.ConnectionImpl@549886aa: (connection has passed maxLifetime)
:2025-08-13 11:31:35.019 DEBUG HikariPool-1 connection adder c.z.h.p.HikariPool: HikariPool-1 - Added connection com.mysql.cj.jdbc.ConnectionImpl@6047599e
:2025-08-13 11:31:35.050 DEBUG HikariPool-1 connection adder c.z.h.p.HikariPool: HikariPool-1 - Connection not added, stats (total=10, active=0, idle=10, waiting=0)
:2025-08-13 11:31:45.534 DEBUG HikariPool-1 housekeeper c.z.h.p.HikariPool: HikariPool-1 - Pool stats (total=10, active=0, idle=10, waiting=0)
:2025-08-13 11:31:45.534 DEBUG HikariPool-1 housekeeper c.z.h.p.HikariPool: HikariPool-1 - Fill pool skipped, pool has sufficient level or currently being filled.
:2025-08-13 11:32:10.376 DEBUG HikariPool-1 connection closer c.z.h.p.PoolBase: HikariPool-1 - Closing connection com.mysql.cj.jdbc.ConnectionImpl@4f331c24: (connection has passed maxLifetime)
:2025-08-13 11:32:10.380 DEBUG HikariPool-1 connection adder c.z.h.p.HikariPool: HikariPool-1 - Added connection com.mysql.cj.jdbc.ConnectionImpl@75ef2517
:2025-08-13 11:32:10.412 DEBUG HikariPool-1 connection adder c.z.h.p.HikariPool: HikariPool-1 - Connection not added, stats (total=10, active=0, idle=10, waiting=0)
:2025-08-13 11:32:15.535 DEBUG HikariPool-1 housekeeper c.z.h.p.HikariPool: HikariPool-1 - Pool stats (total=10, active=0, idle=10, waiting=0)
:2025-08-13 11:32:15.535 DEBUG HikariPool-1 housekeeper c.z.h.p.HikariPool: HikariPool-1 - Fill pool skipped, pool has sufficient level or currently being filled.
:2025-08-13 11:32:45.536 DEBUG HikariPool-1 housekeeper c.z.h.p.HikariPool: HikariPool-1 - Pool stats (total=10, active=0, idle=10, waiting=0)
:2025-08-13 11:32:45.536 DEBUG HikariPool-1 housekeeper c.z.h.p.HikariPool: HikariPool-1 - Fill pool skipped, pool has sufficient level or currently being filled.
:2025-08-13 11:32:51.782 DEBUG XNIO-1 task-2 i.u.r.security: Attempting to authenticate /log/save, authentication required: false
:2025-08-13 11:32:51.782 DEBUG XNIO-1 task-2 i.u.r.security: Authentication outcome was NOT_ATTEMPTED with method io.undertow.security.impl.CachedAuthenticatedSessionMechanism@6cc3d730 for /log/save
:2025-08-13 11:32:51.782 DEBUG XNIO-1 task-2 i.u.r.security: Authentication result was ATTEMPTED for /log/save
:2025-08-13 11:32:51.783 DEBUG XNIO-1 task-2 o.s.s.w.FilterChainProxy: Securing POST /log/save
:2025-08-13 11:32:51.784 DEBUG XNIO-1 task-2 o.s.s.w.FilterChainProxy: Secured POST /log/save
:2025-08-13 11:32:51.784 DEBUG XNIO-1 task-2 o.s.w.s.DispatcherServlet: POST "/log/save", parameters={}
:2025-08-13 11:32:51.784 DEBUG XNIO-1 task-2 o.s.w.s.m.m.a.RequestMappingHandlerMapping: Mapped to com.pig4cloud.pig.admin.controller.SysLogController#save(SysLog)
:2025-08-13 11:32:51.785 DEBUG XNIO-1 task-2 c.p.p.c.x.c.JacksonXssClean: Json property value:9 cleaned up by mica-xss, current value is:9.
:2025-08-13 11:32:51.785 DEBUG XNIO-1 task-2 c.p.p.c.x.c.JacksonXssClean: Json property value:登录失败 cleaned up by mica-xss, current value is:登录失败.
:2025-08-13 11:32:51.785 DEBUG XNIO-1 task-2 c.p.p.c.x.c.JacksonXssClean: Json property value:admin cleaned up by mica-xss, current value is:admin.
:2025-08-13 11:32:51.785 DEBUG XNIO-1 task-2 c.p.p.c.x.c.JacksonXssClean: Json property value:192.168.0.135 cleaned up by mica-xss, current value is:192.168.0.135.
:2025-08-13 11:32:51.785 DEBUG XNIO-1 task-2 c.p.p.c.x.c.JacksonXssClean: Json property value:PostmanRuntime/7.45.0 cleaned up by mica-xss, current value is:PostmanRuntime/7.45.0.
:2025-08-13 11:32:51.785 DEBUG XNIO-1 task-2 c.p.p.c.x.c.JacksonXssClean: Json property value:/oauth2/token cleaned up by mica-xss, current value is:/oauth2/token.
:2025-08-13 11:32:51.785 DEBUG XNIO-1 task-2 c.p.p.c.x.c.JacksonXssClean: Json property value:POST cleaned up by mica-xss, current value is:POST.
:2025-08-13 11:32:51.786 DEBUG XNIO-1 task-2 c.p.p.c.x.c.JacksonXssClean: Json property value:grant_type=%5Bpassword%5D&scope=%5Bserver%5D&username=%5Badmin%5D cleaned up by mica-xss, current value is:grant_type=%5Bpassword%5D&scope=%5Bserver%5D&username=%5Badmin%5D.
:2025-08-13 11:32:51.786 DEBUG XNIO-1 task-2 c.p.p.c.x.c.JacksonXssClean: Json property value:用户名或密码错误 cleaned up by mica-xss, current value is:用户名或密码错误.
:2025-08-13 11:32:51.786 DEBUG XNIO-1 task-2 c.p.p.c.x.c.JacksonXssClean: Json property value:pig-auth cleaned up by mica-xss, current value is:pig-auth.
:2025-08-13 11:32:51.786 DEBUG XNIO-1 task-2 o.s.w.s.m.m.a.RequestResponseBodyMethodProcessor: Read "application/json;charset=UTF-8" to [SysLog(id=null, logType=9, title=登录失败, createBy=admin, createTime=null, updateTime=null, remoteAddr= (truncated)...]
:2025-08-13 11:32:51.786 DEBUG XNIO-1 task-2 o.s.j.s.JdbcTransactionManager: Creating new transaction with name [com.pig4cloud.pig.admin.service.impl.SysLogServiceImpl.saveLog]: PROPAGATION_REQUIRED,ISOLATION_DEFAULT,-java.lang.Exception
:2025-08-13 11:32:51.787 DEBUG XNIO-1 task-2 o.s.j.s.JdbcTransactionManager: Acquired Connection [HikariProxyConnection@1141907294 wrapping com.mysql.cj.jdbc.ConnectionImpl@1e23230c] for JDBC transaction
:2025-08-13 11:32:51.787 DEBUG XNIO-1 task-2 o.s.j.s.JdbcTransactionManager: Switching JDBC Connection [HikariProxyConnection@1141907294 wrapping com.mysql.cj.jdbc.ConnectionImpl@1e23230c] to manual commit
:2025-08-13 11:32:51.787 DEBUG XNIO-1 task-2 o.m.s.SqlSessionUtils: Creating a new SqlSession
:2025-08-13 11:32:51.787 DEBUG XNIO-1 task-2 o.m.s.SqlSessionUtils: Registering transaction synchronization for SqlSession [org.apache.ibatis.session.defaults.DefaultSqlSession@5921d55]
:2025-08-13 11:32:51.788 DEBUG XNIO-1 task-2 c.p.p.c.m.c.MybatisPlusMetaObjectHandler: mybatis plus start insert fill ....
:2025-08-13 11:32:51.788 DEBUG XNIO-1 task-2 o.s.s.w.a.AnonymousAuthenticationFilter: Set SecurityContextHolder to anonymous SecurityContext
:2025-08-13 11:32:51.788 DEBUG XNIO-1 task-2 o.m.s.t.SpringManagedTransaction: JDBC Connection [HikariProxyConnection@1141907294 wrapping com.mysql.cj.jdbc.ConnectionImpl@1e23230c] will be managed by Spring
:2025-08-13 11:32:51.788 DEBUG XNIO-1 task-2 c.p.p.a.m.S.insert: ==>  Preparing: INSERT INTO sys_log ( id, log_type, title, create_by, create_time, remote_addr, user_agent, request_uri, method, params, time, exception, service_id, del_flag ) VALUES ( ?, ?, ?, ?, ?, ?, ?, ?, ?, ?, ?, ?, ?, ? )
:2025-08-13 11:32:51.788 DEBUG XNIO-1 task-2 c.p.p.a.m.S.insert: ==> Parameters: 1955457493656170497(Long), 9(String), 登录失败(String), admin(String), 2025-08-13T11:32:51.788976700(LocalDateTime), 192.168.0.135(String), PostmanRuntime/7.45.0(String), /oauth2/token(String), POST(String), grant_type=%5Bpassword%5D&scope=%5Bserver%5D&username=%5Badmin%5D(String), 345761(Long), 用户名或密码错误(String), pig-auth(String), 0(String)
:2025-08-13 11:32:51.789 DEBUG XNIO-1 task-2 c.p.p.a.m.S.insert: <==    Updates: 1
:2025-08-13 11:32:51.789 DEBUG XNIO-1 task-2 o.m.s.SqlSessionUtils: Releasing transactional SqlSession [org.apache.ibatis.session.defaults.DefaultSqlSession@5921d55]
:2025-08-13 11:32:51.789 DEBUG XNIO-1 task-2 o.m.s.SqlSessionUtils: Transaction synchronization committing SqlSession [org.apache.ibatis.session.defaults.DefaultSqlSession@5921d55]
:2025-08-13 11:32:51.789 DEBUG XNIO-1 task-2 o.m.s.SqlSessionUtils: Transaction synchronization deregistering SqlSession [org.apache.ibatis.session.defaults.DefaultSqlSession@5921d55]
:2025-08-13 11:32:51.789 DEBUG XNIO-1 task-2 o.m.s.SqlSessionUtils: Transaction synchronization closing SqlSession [org.apache.ibatis.session.defaults.DefaultSqlSession@5921d55]
:2025-08-13 11:32:51.789 DEBUG XNIO-1 task-2 o.s.j.s.JdbcTransactionManager: Initiating transaction commit
:2025-08-13 11:32:51.789 DEBUG XNIO-1 task-2 o.s.j.s.JdbcTransactionManager: Committing JDBC transaction on Connection [HikariProxyConnection@1141907294 wrapping com.mysql.cj.jdbc.ConnectionImpl@1e23230c]
:2025-08-13 11:32:51.794 DEBUG XNIO-1 task-2 o.s.j.s.JdbcTransactionManager: Releasing JDBC Connection [HikariProxyConnection@1141907294 wrapping com.mysql.cj.jdbc.ConnectionImpl@1e23230c] after transaction
:2025-08-13 11:32:51.794 DEBUG XNIO-1 task-2 o.s.w.s.m.m.a.RequestResponseBodyMethodProcessor: Using 'application/json', given [*/*] and supported [application/json, application/*+json, application/cbor, application/yaml]
:2025-08-13 11:32:51.794 DEBUG XNIO-1 task-2 o.s.w.s.m.m.a.RequestResponseBodyMethodProcessor: Writing [R(code=0, msg=null, data=true)]
:2025-08-13 11:32:51.795 DEBUG XNIO-1 task-2 o.s.w.s.DispatcherServlet: Completed 200 OK
:2025-08-13 11:33:15.537 DEBUG HikariPool-1 housekeeper c.z.h.p.HikariPool: HikariPool-1 - Pool stats (total=10, active=0, idle=10, waiting=0)
:2025-08-13 11:33:15.537 DEBUG HikariPool-1 housekeeper c.z.h.p.HikariPool: HikariPool-1 - Fill pool skipped, pool has sufficient level or currently being filled.
:2025-08-13 11:33:34.822 DEBUG HikariPool-1 connection closer c.z.h.p.PoolBase: HikariPool-1 - Closing connection com.mysql.cj.jdbc.ConnectionImpl@1e23230c: (connection has passed maxLifetime)
:2025-08-13 11:33:34.826 DEBUG HikariPool-1 connection adder c.z.h.p.HikariPool: HikariPool-1 - Added connection com.mysql.cj.jdbc.ConnectionImpl@335e948c
:2025-08-13 11:33:34.857 DEBUG HikariPool-1 connection adder c.z.h.p.HikariPool: HikariPool-1 - Connection not added, stats (total=10, active=0, idle=10, waiting=0)
:2025-08-13 11:33:45.538 DEBUG HikariPool-1 housekeeper c.z.h.p.HikariPool: HikariPool-1 - Pool stats (total=10, active=0, idle=10, waiting=0)
:2025-08-13 11:33:45.538 DEBUG HikariPool-1 housekeeper c.z.h.p.HikariPool: HikariPool-1 - Fill pool skipped, pool has sufficient level or currently being filled.
:2025-08-13 11:34:15.539 DEBUG HikariPool-1 housekeeper c.z.h.p.HikariPool: HikariPool-1 - Pool stats (total=10, active=0, idle=10, waiting=0)
:2025-08-13 11:34:15.539 DEBUG HikariPool-1 housekeeper c.z.h.p.HikariPool: HikariPool-1 - Fill pool skipped, pool has sufficient level or currently being filled.
:2025-08-13 11:34:45.540 DEBUG HikariPool-1 housekeeper c.z.h.p.HikariPool: HikariPool-1 - Pool stats (total=10, active=0, idle=10, waiting=0)
:2025-08-13 11:34:45.540 DEBUG HikariPool-1 housekeeper c.z.h.p.HikariPool: HikariPool-1 - Fill pool skipped, pool has sufficient level or currently being filled.
:2025-08-13 11:35:15.542 DEBUG HikariPool-1 housekeeper c.z.h.p.HikariPool: HikariPool-1 - Pool stats (total=10, active=0, idle=10, waiting=0)
:2025-08-13 11:35:15.542 DEBUG HikariPool-1 housekeeper c.z.h.p.HikariPool: HikariPool-1 - Fill pool skipped, pool has sufficient level or currently being filled.
:2025-08-13 11:35:34.684 DEBUG XNIO-1 task-2 i.u.r.security: Attempting to authenticate /log/save, authentication required: false
:2025-08-13 11:35:34.684 DEBUG XNIO-1 task-2 i.u.r.security: Authentication outcome was NOT_ATTEMPTED with method io.undertow.security.impl.CachedAuthenticatedSessionMechanism@6cc3d730 for /log/save
:2025-08-13 11:35:34.684 DEBUG XNIO-1 task-2 i.u.r.security: Authentication result was ATTEMPTED for /log/save
:2025-08-13 11:35:34.685 DEBUG XNIO-1 task-2 o.s.s.w.FilterChainProxy: Securing POST /log/save
:2025-08-13 11:35:34.686 DEBUG XNIO-1 task-2 o.s.s.w.FilterChainProxy: Secured POST /log/save
:2025-08-13 11:35:34.686 DEBUG XNIO-1 task-2 o.s.w.s.DispatcherServlet: POST "/log/save", parameters={}
:2025-08-13 11:35:34.686 DEBUG XNIO-1 task-2 o.s.w.s.m.m.a.RequestMappingHandlerMapping: Mapped to com.pig4cloud.pig.admin.controller.SysLogController#save(SysLog)
:2025-08-13 11:35:34.687 DEBUG XNIO-1 task-2 c.p.p.c.x.c.JacksonXssClean: Json property value:9 cleaned up by mica-xss, current value is:9.
:2025-08-13 11:35:34.687 DEBUG XNIO-1 task-2 c.p.p.c.x.c.JacksonXssClean: Json property value:登录失败 cleaned up by mica-xss, current value is:登录失败.
:2025-08-13 11:35:34.687 DEBUG XNIO-1 task-2 c.p.p.c.x.c.JacksonXssClean: Json property value:admin cleaned up by mica-xss, current value is:admin.
:2025-08-13 11:35:34.687 DEBUG XNIO-1 task-2 c.p.p.c.x.c.JacksonXssClean: Json property value:192.168.0.135 cleaned up by mica-xss, current value is:192.168.0.135.
:2025-08-13 11:35:34.687 DEBUG XNIO-1 task-2 c.p.p.c.x.c.JacksonXssClean: Json property value:PostmanRuntime/7.45.0 cleaned up by mica-xss, current value is:PostmanRuntime/7.45.0.
:2025-08-13 11:35:34.687 DEBUG XNIO-1 task-2 c.p.p.c.x.c.JacksonXssClean: Json property value:/oauth2/token cleaned up by mica-xss, current value is:/oauth2/token.
:2025-08-13 11:35:34.687 DEBUG XNIO-1 task-2 c.p.p.c.x.c.JacksonXssClean: Json property value:POST cleaned up by mica-xss, current value is:POST.
:2025-08-13 11:35:34.687 DEBUG XNIO-1 task-2 c.p.p.c.x.c.JacksonXssClean: Json property value:grant_type=%5Bpassword%5D&scope=%5Bserver%5D&username=%5Badmin%5D cleaned up by mica-xss, current value is:grant_type=%5Bpassword%5D&scope=%5Bserver%5D&username=%5Badmin%5D.
:2025-08-13 11:35:34.687 DEBUG XNIO-1 task-2 c.p.p.c.x.c.JacksonXssClean: Json property value:用户名或密码错误 cleaned up by mica-xss, current value is:用户名或密码错误.
:2025-08-13 11:35:34.687 DEBUG XNIO-1 task-2 c.p.p.c.x.c.JacksonXssClean: Json property value:pig-auth cleaned up by mica-xss, current value is:pig-auth.
:2025-08-13 11:35:34.688 DEBUG XNIO-1 task-2 o.s.w.s.m.m.a.RequestResponseBodyMethodProcessor: Read "application/json;charset=UTF-8" to [SysLog(id=null, logType=9, title=登录失败, createBy=admin, createTime=null, updateTime=null, remoteAddr= (truncated)...]
:2025-08-13 11:35:34.688 DEBUG XNIO-1 task-2 o.s.j.s.JdbcTransactionManager: Creating new transaction with name [com.pig4cloud.pig.admin.service.impl.SysLogServiceImpl.saveLog]: PROPAGATION_REQUIRED,ISOLATION_DEFAULT,-java.lang.Exception
:2025-08-13 11:35:34.688 DEBUG XNIO-1 task-2 o.s.j.s.JdbcTransactionManager: Acquired Connection [HikariProxyConnection@295499316 wrapping com.mysql.cj.jdbc.ConnectionImpl@5c1716de] for JDBC transaction
:2025-08-13 11:35:34.689 DEBUG XNIO-1 task-2 o.s.j.s.JdbcTransactionManager: Switching JDBC Connection [HikariProxyConnection@295499316 wrapping com.mysql.cj.jdbc.ConnectionImpl@5c1716de] to manual commit
:2025-08-13 11:35:34.689 DEBUG XNIO-1 task-2 o.m.s.SqlSessionUtils: Creating a new SqlSession
:2025-08-13 11:35:34.689 DEBUG XNIO-1 task-2 o.m.s.SqlSessionUtils: Registering transaction synchronization for SqlSession [org.apache.ibatis.session.defaults.DefaultSqlSession@4f129e7]
:2025-08-13 11:35:34.689 DEBUG XNIO-1 task-2 c.p.p.c.m.c.MybatisPlusMetaObjectHandler: mybatis plus start insert fill ....
:2025-08-13 11:35:34.689 DEBUG XNIO-1 task-2 o.s.s.w.a.AnonymousAuthenticationFilter: Set SecurityContextHolder to anonymous SecurityContext
:2025-08-13 11:35:34.690 DEBUG XNIO-1 task-2 o.m.s.t.SpringManagedTransaction: JDBC Connection [HikariProxyConnection@295499316 wrapping com.mysql.cj.jdbc.ConnectionImpl@5c1716de] will be managed by Spring
:2025-08-13 11:35:34.690 DEBUG XNIO-1 task-2 c.p.p.a.m.S.insert: ==>  Preparing: INSERT INTO sys_log ( id, log_type, title, create_by, create_time, remote_addr, user_agent, request_uri, method, params, time, exception, service_id, del_flag ) VALUES ( ?, ?, ?, ?, ?, ?, ?, ?, ?, ?, ?, ?, ?, ? )
:2025-08-13 11:35:34.690 DEBUG XNIO-1 task-2 c.p.p.a.m.S.insert: ==> Parameters: 1955458176912486402(Long), 9(String), 登录失败(String), admin(String), 2025-08-13T11:35:34.689407400(LocalDateTime), 192.168.0.135(String), PostmanRuntime/7.45.0(String), /oauth2/token(String), POST(String), grant_type=%5Bpassword%5D&scope=%5Bserver%5D&username=%5Badmin%5D(String), 13184(Long), 用户名或密码错误(String), pig-auth(String), 0(String)
:2025-08-13 11:35:34.691 DEBUG XNIO-1 task-2 c.p.p.a.m.S.insert: <==    Updates: 1
:2025-08-13 11:35:34.691 DEBUG XNIO-1 task-2 o.m.s.SqlSessionUtils: Releasing transactional SqlSession [org.apache.ibatis.session.defaults.DefaultSqlSession@4f129e7]
:2025-08-13 11:35:34.691 DEBUG XNIO-1 task-2 o.m.s.SqlSessionUtils: Transaction synchronization committing SqlSession [org.apache.ibatis.session.defaults.DefaultSqlSession@4f129e7]
:2025-08-13 11:35:34.691 DEBUG XNIO-1 task-2 o.m.s.SqlSessionUtils: Transaction synchronization deregistering SqlSession [org.apache.ibatis.session.defaults.DefaultSqlSession@4f129e7]
:2025-08-13 11:35:34.691 DEBUG XNIO-1 task-2 o.m.s.SqlSessionUtils: Transaction synchronization closing SqlSession [org.apache.ibatis.session.defaults.DefaultSqlSession@4f129e7]
:2025-08-13 11:35:34.691 DEBUG XNIO-1 task-2 o.s.j.s.JdbcTransactionManager: Initiating transaction commit
:2025-08-13 11:35:34.691 DEBUG XNIO-1 task-2 o.s.j.s.JdbcTransactionManager: Committing JDBC transaction on Connection [HikariProxyConnection@295499316 wrapping com.mysql.cj.jdbc.ConnectionImpl@5c1716de]
:2025-08-13 11:35:34.696 DEBUG XNIO-1 task-2 o.s.j.s.JdbcTransactionManager: Releasing JDBC Connection [HikariProxyConnection@295499316 wrapping com.mysql.cj.jdbc.ConnectionImpl@5c1716de] after transaction
:2025-08-13 11:35:34.696 DEBUG XNIO-1 task-2 o.s.w.s.m.m.a.RequestResponseBodyMethodProcessor: Using 'application/json', given [*/*] and supported [application/json, application/*+json, application/cbor, application/yaml]
:2025-08-13 11:35:34.696 DEBUG XNIO-1 task-2 o.s.w.s.m.m.a.RequestResponseBodyMethodProcessor: Writing [R(code=0, msg=null, data=true)]
:2025-08-13 11:35:34.697 DEBUG XNIO-1 task-2 o.s.w.s.DispatcherServlet: Completed 200 OK
:2025-08-13 11:35:45.543 DEBUG HikariPool-1 housekeeper c.z.h.p.HikariPool: HikariPool-1 - Pool stats (total=10, active=0, idle=10, waiting=0)
:2025-08-13 11:35:45.543 DEBUG HikariPool-1 housekeeper c.z.h.p.HikariPool: HikariPool-1 - Fill pool skipped, pool has sufficient level or currently being filled.
:2025-08-13 11:35:48.273 DEBUG XNIO-1 task-2 i.u.r.security: Attempting to authenticate /log/save, authentication required: false
:2025-08-13 11:35:48.273 DEBUG XNIO-1 task-2 i.u.r.security: Authentication outcome was NOT_ATTEMPTED with method io.undertow.security.impl.CachedAuthenticatedSessionMechanism@6cc3d730 for /log/save
:2025-08-13 11:35:48.273 DEBUG XNIO-1 task-2 i.u.r.security: Authentication result was ATTEMPTED for /log/save
:2025-08-13 11:35:48.273 DEBUG XNIO-1 task-2 o.s.s.w.FilterChainProxy: Securing POST /log/save
:2025-08-13 11:35:48.274 DEBUG XNIO-1 task-2 o.s.s.w.FilterChainProxy: Secured POST /log/save
:2025-08-13 11:35:48.274 DEBUG XNIO-1 task-2 o.s.w.s.DispatcherServlet: POST "/log/save", parameters={}
:2025-08-13 11:35:48.274 DEBUG XNIO-1 task-2 o.s.w.s.m.m.a.RequestMappingHandlerMapping: Mapped to com.pig4cloud.pig.admin.controller.SysLogController#save(SysLog)
:2025-08-13 11:35:48.275 DEBUG XNIO-1 task-2 c.p.p.c.x.c.JacksonXssClean: Json property value:9 cleaned up by mica-xss, current value is:9.
:2025-08-13 11:35:48.275 DEBUG XNIO-1 task-2 c.p.p.c.x.c.JacksonXssClean: Json property value:登录失败 cleaned up by mica-xss, current value is:登录失败.
:2025-08-13 11:35:48.275 DEBUG XNIO-1 task-2 c.p.p.c.x.c.JacksonXssClean: Json property value:admin cleaned up by mica-xss, current value is:admin.
:2025-08-13 11:35:48.275 DEBUG XNIO-1 task-2 c.p.p.c.x.c.JacksonXssClean: Json property value:192.168.0.135 cleaned up by mica-xss, current value is:192.168.0.135.
:2025-08-13 11:35:48.275 DEBUG XNIO-1 task-2 c.p.p.c.x.c.JacksonXssClean: Json property value:PostmanRuntime/7.45.0 cleaned up by mica-xss, current value is:PostmanRuntime/7.45.0.
:2025-08-13 11:35:48.275 DEBUG XNIO-1 task-2 c.p.p.c.x.c.JacksonXssClean: Json property value:/oauth2/token cleaned up by mica-xss, current value is:/oauth2/token.
:2025-08-13 11:35:48.275 DEBUG XNIO-1 task-2 c.p.p.c.x.c.JacksonXssClean: Json property value:POST cleaned up by mica-xss, current value is:POST.
:2025-08-13 11:35:48.275 DEBUG XNIO-1 task-2 c.p.p.c.x.c.JacksonXssClean: Json property value:grant_type=%5Bpassword%5D&scope=%5Bserver%5D&username=%5Badmin%5D cleaned up by mica-xss, current value is:grant_type=%5Bpassword%5D&scope=%5Bserver%5D&username=%5Badmin%5D.
:2025-08-13 11:35:48.275 DEBUG XNIO-1 task-2 c.p.p.c.x.c.JacksonXssClean: Json property value:用户名或密码错误 cleaned up by mica-xss, current value is:用户名或密码错误.
:2025-08-13 11:35:48.275 DEBUG XNIO-1 task-2 c.p.p.c.x.c.JacksonXssClean: Json property value:pig-auth cleaned up by mica-xss, current value is:pig-auth.
:2025-08-13 11:35:48.276 DEBUG XNIO-1 task-2 o.s.w.s.m.m.a.RequestResponseBodyMethodProcessor: Read "application/json;charset=UTF-8" to [SysLog(id=null, logType=9, title=登录失败, createBy=admin, createTime=null, updateTime=null, remoteAddr= (truncated)...]
:2025-08-13 11:35:48.276 DEBUG XNIO-1 task-2 o.s.j.s.JdbcTransactionManager: Creating new transaction with name [com.pig4cloud.pig.admin.service.impl.SysLogServiceImpl.saveLog]: PROPAGATION_REQUIRED,ISOLATION_DEFAULT,-java.lang.Exception
:2025-08-13 11:35:48.277 DEBUG XNIO-1 task-2 o.s.j.s.JdbcTransactionManager: Acquired Connection [HikariProxyConnection@2122035555 wrapping com.mysql.cj.jdbc.ConnectionImpl@5c1716de] for JDBC transaction
:2025-08-13 11:35:48.277 DEBUG XNIO-1 task-2 o.s.j.s.JdbcTransactionManager: Switching JDBC Connection [HikariProxyConnection@2122035555 wrapping com.mysql.cj.jdbc.ConnectionImpl@5c1716de] to manual commit
:2025-08-13 11:35:48.277 DEBUG XNIO-1 task-2 o.m.s.SqlSessionUtils: Creating a new SqlSession
:2025-08-13 11:35:48.277 DEBUG XNIO-1 task-2 o.m.s.SqlSessionUtils: Registering transaction synchronization for SqlSession [org.apache.ibatis.session.defaults.DefaultSqlSession@73c8115a]
:2025-08-13 11:35:48.278 DEBUG XNIO-1 task-2 c.p.p.c.m.c.MybatisPlusMetaObjectHandler: mybatis plus start insert fill ....
:2025-08-13 11:35:48.278 DEBUG XNIO-1 task-2 o.s.s.w.a.AnonymousAuthenticationFilter: Set SecurityContextHolder to anonymous SecurityContext
:2025-08-13 11:35:48.278 DEBUG XNIO-1 task-2 o.m.s.t.SpringManagedTransaction: JDBC Connection [HikariProxyConnection@2122035555 wrapping com.mysql.cj.jdbc.ConnectionImpl@5c1716de] will be managed by Spring
:2025-08-13 11:35:48.278 DEBUG XNIO-1 task-2 c.p.p.a.m.S.insert: ==>  Preparing: INSERT INTO sys_log ( id, log_type, title, create_by, create_time, remote_addr, user_agent, request_uri, method, params, time, exception, service_id, del_flag ) VALUES ( ?, ?, ?, ?, ?, ?, ?, ?, ?, ?, ?, ?, ?, ? )
:2025-08-13 11:35:48.278 DEBUG XNIO-1 task-2 c.p.p.a.m.S.insert: ==> Parameters: 1955458233908883457(Long), 9(String), 登录失败(String), admin(String), 2025-08-13T11:35:48.278977300(LocalDateTime), 192.168.0.135(String), PostmanRuntime/7.45.0(String), /oauth2/token(String), POST(String), grant_type=%5Bpassword%5D&scope=%5Bserver%5D&username=%5Badmin%5D(String), 68(Long), 用户名或密码错误(String), pig-auth(String), 0(String)
:2025-08-13 11:35:48.279 DEBUG XNIO-1 task-2 c.p.p.a.m.S.insert: <==    Updates: 1
:2025-08-13 11:35:48.279 DEBUG XNIO-1 task-2 o.m.s.SqlSessionUtils: Releasing transactional SqlSession [org.apache.ibatis.session.defaults.DefaultSqlSession@73c8115a]
:2025-08-13 11:35:48.279 DEBUG XNIO-1 task-2 o.m.s.SqlSessionUtils: Transaction synchronization committing SqlSession [org.apache.ibatis.session.defaults.DefaultSqlSession@73c8115a]
:2025-08-13 11:35:48.279 DEBUG XNIO-1 task-2 o.m.s.SqlSessionUtils: Transaction synchronization deregistering SqlSession [org.apache.ibatis.session.defaults.DefaultSqlSession@73c8115a]
:2025-08-13 11:35:48.279 DEBUG XNIO-1 task-2 o.m.s.SqlSessionUtils: Transaction synchronization closing SqlSession [org.apache.ibatis.session.defaults.DefaultSqlSession@73c8115a]
:2025-08-13 11:35:48.279 DEBUG XNIO-1 task-2 o.s.j.s.JdbcTransactionManager: Initiating transaction commit
:2025-08-13 11:35:48.279 DEBUG XNIO-1 task-2 o.s.j.s.JdbcTransactionManager: Committing JDBC transaction on Connection [HikariProxyConnection@2122035555 wrapping com.mysql.cj.jdbc.ConnectionImpl@5c1716de]
:2025-08-13 11:35:48.284 DEBUG XNIO-1 task-2 o.s.j.s.JdbcTransactionManager: Releasing JDBC Connection [HikariProxyConnection@2122035555 wrapping com.mysql.cj.jdbc.ConnectionImpl@5c1716de] after transaction
:2025-08-13 11:35:48.284 DEBUG XNIO-1 task-2 o.s.w.s.m.m.a.RequestResponseBodyMethodProcessor: Using 'application/json', given [*/*] and supported [application/json, application/*+json, application/cbor, application/yaml]
:2025-08-13 11:35:48.284 DEBUG XNIO-1 task-2 o.s.w.s.m.m.a.RequestResponseBodyMethodProcessor: Writing [R(code=0, msg=null, data=true)]
:2025-08-13 11:35:48.284 DEBUG XNIO-1 task-2 o.s.w.s.DispatcherServlet: Completed 200 OK
:2025-08-13 11:36:15.543 DEBUG HikariPool-1 housekeeper c.z.h.p.HikariPool: HikariPool-1 - Pool stats (total=10, active=0, idle=10, waiting=0)
:2025-08-13 11:36:15.543 DEBUG HikariPool-1 housekeeper c.z.h.p.HikariPool: HikariPool-1 - Fill pool skipped, pool has sufficient level or currently being filled.
:2025-08-13 11:36:45.544 DEBUG HikariPool-1 housekeeper c.z.h.p.HikariPool: HikariPool-1 - Pool stats (total=10, active=0, idle=10, waiting=0)
:2025-08-13 11:36:45.544 DEBUG HikariPool-1 housekeeper c.z.h.p.HikariPool: HikariPool-1 - Fill pool skipped, pool has sufficient level or currently being filled.
:2025-08-13 11:37:15.546 DEBUG HikariPool-1 housekeeper c.z.h.p.HikariPool: HikariPool-1 - Pool stats (total=10, active=0, idle=10, waiting=0)
:2025-08-13 11:37:15.546 DEBUG HikariPool-1 housekeeper c.z.h.p.HikariPool: HikariPool-1 - Fill pool skipped, pool has sufficient level or currently being filled.
:2025-08-13 11:37:45.548 DEBUG HikariPool-1 housekeeper c.z.h.p.HikariPool: HikariPool-1 - Pool stats (total=10, active=0, idle=10, waiting=0)
:2025-08-13 11:37:45.548 DEBUG HikariPool-1 housekeeper c.z.h.p.HikariPool: HikariPool-1 - Fill pool skipped, pool has sufficient level or currently being filled.
:2025-08-13 11:38:14.532 DEBUG XNIO-1 task-2 i.u.r.security: Attempting to authenticate /log/save, authentication required: false
:2025-08-13 11:38:14.533 DEBUG XNIO-1 task-2 i.u.r.security: Authentication outcome was NOT_ATTEMPTED with method io.undertow.security.impl.CachedAuthenticatedSessionMechanism@6cc3d730 for /log/save
:2025-08-13 11:38:14.533 DEBUG XNIO-1 task-2 i.u.r.security: Authentication result was ATTEMPTED for /log/save
:2025-08-13 11:38:14.534 DEBUG XNIO-1 task-2 o.s.s.w.FilterChainProxy: Securing POST /log/save
:2025-08-13 11:38:14.534 DEBUG XNIO-1 task-2 o.s.s.w.FilterChainProxy: Secured POST /log/save
:2025-08-13 11:38:14.534 DEBUG XNIO-1 task-2 o.s.w.s.DispatcherServlet: POST "/log/save", parameters={}
:2025-08-13 11:38:14.535 DEBUG XNIO-1 task-2 o.s.w.s.m.m.a.RequestMappingHandlerMapping: Mapped to com.pig4cloud.pig.admin.controller.SysLogController#save(SysLog)
:2025-08-13 11:38:14.535 DEBUG XNIO-1 task-2 c.p.p.c.x.c.JacksonXssClean: Json property value:9 cleaned up by mica-xss, current value is:9.
:2025-08-13 11:38:14.535 DEBUG XNIO-1 task-2 c.p.p.c.x.c.JacksonXssClean: Json property value:登录失败 cleaned up by mica-xss, current value is:登录失败.
:2025-08-13 11:38:14.536 DEBUG XNIO-1 task-2 c.p.p.c.x.c.JacksonXssClean: Json property value:admin cleaned up by mica-xss, current value is:admin.
:2025-08-13 11:38:14.536 DEBUG XNIO-1 task-2 c.p.p.c.x.c.JacksonXssClean: Json property value:192.168.0.135 cleaned up by mica-xss, current value is:192.168.0.135.
:2025-08-13 11:38:14.536 DEBUG XNIO-1 task-2 c.p.p.c.x.c.JacksonXssClean: Json property value:PostmanRuntime/7.45.0 cleaned up by mica-xss, current value is:PostmanRuntime/7.45.0.
:2025-08-13 11:38:14.536 DEBUG XNIO-1 task-2 c.p.p.c.x.c.JacksonXssClean: Json property value:/oauth2/token cleaned up by mica-xss, current value is:/oauth2/token.
:2025-08-13 11:38:14.536 DEBUG XNIO-1 task-2 c.p.p.c.x.c.JacksonXssClean: Json property value:POST cleaned up by mica-xss, current value is:POST.
:2025-08-13 11:38:14.537 DEBUG XNIO-1 task-2 c.p.p.c.x.c.JacksonXssClean: Json property value:grant_type=%5Bpassword%5D&scope=%5Bserver%5D&username=%5Badmin%5D cleaned up by mica-xss, current value is:grant_type=%5Bpassword%5D&scope=%5Bserver%5D&username=%5Badmin%5D.
:2025-08-13 11:38:14.537 DEBUG XNIO-1 task-2 c.p.p.c.x.c.JacksonXssClean: Json property value:Incorrect username or password cleaned up by mica-xss, current value is:Incorrect username or password.
:2025-08-13 11:38:14.537 DEBUG XNIO-1 task-2 c.p.p.c.x.c.JacksonXssClean: Json property value:pig-auth cleaned up by mica-xss, current value is:pig-auth.
:2025-08-13 11:38:14.537 DEBUG XNIO-1 task-2 o.s.w.s.m.m.a.RequestResponseBodyMethodProcessor: Read "application/json;charset=UTF-8" to [SysLog(id=null, logType=9, title=登录失败, createBy=admin, createTime=null, updateTime=null, remoteAddr= (truncated)...]
:2025-08-13 11:38:14.537 DEBUG XNIO-1 task-2 o.s.j.s.JdbcTransactionManager: Creating new transaction with name [com.pig4cloud.pig.admin.service.impl.SysLogServiceImpl.saveLog]: PROPAGATION_REQUIRED,ISOLATION_DEFAULT,-java.lang.Exception
:2025-08-13 11:38:14.538 DEBUG XNIO-1 task-2 o.s.j.s.JdbcTransactionManager: Acquired Connection [HikariProxyConnection@1580231101 wrapping com.mysql.cj.jdbc.ConnectionImpl@5c1716de] for JDBC transaction
:2025-08-13 11:38:14.538 DEBUG XNIO-1 task-2 o.s.j.s.JdbcTransactionManager: Switching JDBC Connection [HikariProxyConnection@1580231101 wrapping com.mysql.cj.jdbc.ConnectionImpl@5c1716de] to manual commit
:2025-08-13 11:38:14.539 DEBUG XNIO-1 task-2 o.m.s.SqlSessionUtils: Creating a new SqlSession
:2025-08-13 11:38:14.539 DEBUG XNIO-1 task-2 o.m.s.SqlSessionUtils: Registering transaction synchronization for SqlSession [org.apache.ibatis.session.defaults.DefaultSqlSession@6d41e1e0]
:2025-08-13 11:38:14.539 DEBUG XNIO-1 task-2 c.p.p.c.m.c.MybatisPlusMetaObjectHandler: mybatis plus start insert fill ....
:2025-08-13 11:38:14.539 DEBUG XNIO-1 task-2 o.s.s.w.a.AnonymousAuthenticationFilter: Set SecurityContextHolder to anonymous SecurityContext
:2025-08-13 11:38:14.539 DEBUG XNIO-1 task-2 o.m.s.t.SpringManagedTransaction: JDBC Connection [HikariProxyConnection@1580231101 wrapping com.mysql.cj.jdbc.ConnectionImpl@5c1716de] will be managed by Spring
:2025-08-13 11:38:14.539 DEBUG XNIO-1 task-2 c.p.p.a.m.S.insert: ==>  Preparing: INSERT INTO sys_log ( id, log_type, title, create_by, create_time, remote_addr, user_agent, request_uri, method, params, time, exception, service_id, del_flag ) VALUES ( ?, ?, ?, ?, ?, ?, ?, ?, ?, ?, ?, ?, ?, ? )
:2025-08-13 11:38:14.540 DEBUG XNIO-1 task-2 c.p.p.a.m.S.insert: ==> Parameters: 1955458847371980802(Long), 9(String), 登录失败(String), admin(String), 2025-08-13T11:38:14.539667900(LocalDateTime), 192.168.0.135(String), PostmanRuntime/7.45.0(String), /oauth2/token(String), POST(String), grant_type=%5Bpassword%5D&scope=%5Bserver%5D&username=%5Badmin%5D(String), 4528(Long), Incorrect username or password(String), pig-auth(String), 0(String)
:2025-08-13 11:38:14.540 DEBUG XNIO-1 task-2 c.p.p.a.m.S.insert: <==    Updates: 1
:2025-08-13 11:38:14.540 DEBUG XNIO-1 task-2 o.m.s.SqlSessionUtils: Releasing transactional SqlSession [org.apache.ibatis.session.defaults.DefaultSqlSession@6d41e1e0]
:2025-08-13 11:38:14.540 DEBUG XNIO-1 task-2 o.m.s.SqlSessionUtils: Transaction synchronization committing SqlSession [org.apache.ibatis.session.defaults.DefaultSqlSession@6d41e1e0]
:2025-08-13 11:38:14.540 DEBUG XNIO-1 task-2 o.m.s.SqlSessionUtils: Transaction synchronization deregistering SqlSession [org.apache.ibatis.session.defaults.DefaultSqlSession@6d41e1e0]
:2025-08-13 11:38:14.540 DEBUG XNIO-1 task-2 o.m.s.SqlSessionUtils: Transaction synchronization closing SqlSession [org.apache.ibatis.session.defaults.DefaultSqlSession@6d41e1e0]
:2025-08-13 11:38:14.541 DEBUG XNIO-1 task-2 o.s.j.s.JdbcTransactionManager: Initiating transaction commit
:2025-08-13 11:38:14.541 DEBUG XNIO-1 task-2 o.s.j.s.JdbcTransactionManager: Committing JDBC transaction on Connection [HikariProxyConnection@1580231101 wrapping com.mysql.cj.jdbc.ConnectionImpl@5c1716de]
:2025-08-13 11:38:14.546 DEBUG XNIO-1 task-2 o.s.j.s.JdbcTransactionManager: Releasing JDBC Connection [HikariProxyConnection@1580231101 wrapping com.mysql.cj.jdbc.ConnectionImpl@5c1716de] after transaction
:2025-08-13 11:38:14.547 DEBUG XNIO-1 task-2 o.s.w.s.m.m.a.RequestResponseBodyMethodProcessor: Using 'application/json', given [*/*] and supported [application/json, application/*+json, application/cbor, application/yaml]
:2025-08-13 11:38:14.547 DEBUG XNIO-1 task-2 o.s.w.s.m.m.a.RequestResponseBodyMethodProcessor: Writing [R(code=0, msg=null, data=true)]
:2025-08-13 11:38:14.547 DEBUG XNIO-1 task-2 o.s.w.s.DispatcherServlet: Completed 200 OK
:2025-08-13 11:38:15.549 DEBUG HikariPool-1 housekeeper c.z.h.p.HikariPool: HikariPool-1 - Pool stats (total=10, active=0, idle=10, waiting=0)
:2025-08-13 11:38:15.549 DEBUG HikariPool-1 housekeeper c.z.h.p.HikariPool: HikariPool-1 - Fill pool skipped, pool has sufficient level or currently being filled.
:2025-08-13 11:38:45.550 DEBUG HikariPool-1 housekeeper c.z.h.p.HikariPool: HikariPool-1 - Pool stats (total=10, active=0, idle=10, waiting=0)
:2025-08-13 11:38:45.550 DEBUG HikariPool-1 housekeeper c.z.h.p.HikariPool: HikariPool-1 - Fill pool skipped, pool has sufficient level or currently being filled.
:2025-08-13 11:39:15.551 DEBUG HikariPool-1 housekeeper c.z.h.p.HikariPool: HikariPool-1 - Pool stats (total=10, active=0, idle=10, waiting=0)
:2025-08-13 11:39:15.551 DEBUG HikariPool-1 housekeeper c.z.h.p.HikariPool: HikariPool-1 - Fill pool skipped, pool has sufficient level or currently being filled.
:2025-08-13 11:39:45.552 DEBUG HikariPool-1 housekeeper c.z.h.p.HikariPool: HikariPool-1 - Pool stats (total=10, active=0, idle=10, waiting=0)
:2025-08-13 11:39:45.552 DEBUG HikariPool-1 housekeeper c.z.h.p.HikariPool: HikariPool-1 - Fill pool skipped, pool has sufficient level or currently being filled.
:2025-08-13 11:40:15.553 DEBUG HikariPool-1 housekeeper c.z.h.p.HikariPool: HikariPool-1 - Pool stats (total=10, active=0, idle=10, waiting=0)
:2025-08-13 11:40:15.553 DEBUG HikariPool-1 housekeeper c.z.h.p.HikariPool: HikariPool-1 - Fill pool skipped, pool has sufficient level or currently being filled.
:2025-08-13 11:40:45.553 DEBUG HikariPool-1 housekeeper c.z.h.p.HikariPool: HikariPool-1 - Pool stats (total=10, active=0, idle=10, waiting=0)
:2025-08-13 11:40:45.553 DEBUG HikariPool-1 housekeeper c.z.h.p.HikariPool: HikariPool-1 - Fill pool skipped, pool has sufficient level or currently being filled.
:2025-08-13 11:41:15.555 DEBUG HikariPool-1 housekeeper c.z.h.p.HikariPool: HikariPool-1 - Pool stats (total=10, active=0, idle=10, waiting=0)
:2025-08-13 11:41:15.555 DEBUG HikariPool-1 housekeeper c.z.h.p.HikariPool: HikariPool-1 - Fill pool skipped, pool has sufficient level or currently being filled.
:2025-08-13 11:41:23.998 DEBUG XNIO-1 task-2 i.u.r.security: Attempting to authenticate /log/save, authentication required: false
:2025-08-13 11:41:23.998 DEBUG XNIO-1 task-2 i.u.r.security: Authentication outcome was NOT_ATTEMPTED with method io.undertow.security.impl.CachedAuthenticatedSessionMechanism@6cc3d730 for /log/save
:2025-08-13 11:41:23.998 DEBUG XNIO-1 task-2 i.u.r.security: Authentication result was ATTEMPTED for /log/save
:2025-08-13 11:41:23.999 DEBUG XNIO-1 task-2 o.s.s.w.FilterChainProxy: Securing POST /log/save
:2025-08-13 11:41:24.000 DEBUG XNIO-1 task-2 o.s.s.w.FilterChainProxy: Secured POST /log/save
:2025-08-13 11:41:24.000 DEBUG XNIO-1 task-2 o.s.w.s.DispatcherServlet: POST "/log/save", parameters={}
:2025-08-13 11:41:24.000 DEBUG XNIO-1 task-2 o.s.w.s.m.m.a.RequestMappingHandlerMapping: Mapped to com.pig4cloud.pig.admin.controller.SysLogController#save(SysLog)
:2025-08-13 11:41:24.001 DEBUG XNIO-1 task-2 c.p.p.c.x.c.JacksonXssClean: Json property value:9 cleaned up by mica-xss, current value is:9.
:2025-08-13 11:41:24.001 DEBUG XNIO-1 task-2 c.p.p.c.x.c.JacksonXssClean: Json property value:登录失败 cleaned up by mica-xss, current value is:登录失败.
:2025-08-13 11:41:24.001 DEBUG XNIO-1 task-2 c.p.p.c.x.c.JacksonXssClean: Json property value:admin cleaned up by mica-xss, current value is:admin.
:2025-08-13 11:41:24.001 DEBUG XNIO-1 task-2 c.p.p.c.x.c.JacksonXssClean: Json property value:192.168.0.135 cleaned up by mica-xss, current value is:192.168.0.135.
:2025-08-13 11:41:24.002 DEBUG XNIO-1 task-2 c.p.p.c.x.c.JacksonXssClean: Json property value:PostmanRuntime/7.45.0 cleaned up by mica-xss, current value is:PostmanRuntime/7.45.0.
:2025-08-13 11:41:24.002 DEBUG XNIO-1 task-2 c.p.p.c.x.c.JacksonXssClean: Json property value:/oauth2/token cleaned up by mica-xss, current value is:/oauth2/token.
:2025-08-13 11:41:24.002 DEBUG XNIO-1 task-2 c.p.p.c.x.c.JacksonXssClean: Json property value:POST cleaned up by mica-xss, current value is:POST.
:2025-08-13 11:41:24.002 DEBUG XNIO-1 task-2 c.p.p.c.x.c.JacksonXssClean: Json property value:grant_type=%5Bpassword%5D&scope=%5Bserver%5D&username=%5Badmin%5D cleaned up by mica-xss, current value is:grant_type=%5Bpassword%5D&scope=%5Bserver%5D&username=%5Badmin%5D.
:2025-08-13 11:41:24.002 DEBUG XNIO-1 task-2 c.p.p.c.x.c.JacksonXssClean: Json property value:pig-auth cleaned up by mica-xss, current value is:pig-auth.
:2025-08-13 11:41:24.002 DEBUG XNIO-1 task-2 o.s.w.s.m.m.a.RequestResponseBodyMethodProcessor: Read "application/json;charset=UTF-8" to [SysLog(id=null, logType=9, title=登录失败, createBy=admin, createTime=null, updateTime=null, remoteAddr= (truncated)...]
:2025-08-13 11:41:24.003 DEBUG XNIO-1 task-2 o.s.j.s.JdbcTransactionManager: Creating new transaction with name [com.pig4cloud.pig.admin.service.impl.SysLogServiceImpl.saveLog]: PROPAGATION_REQUIRED,ISOLATION_DEFAULT,-java.lang.Exception
:2025-08-13 11:41:24.004 DEBUG XNIO-1 task-2 o.s.j.s.JdbcTransactionManager: Acquired Connection [HikariProxyConnection@167900106 wrapping com.mysql.cj.jdbc.ConnectionImpl@5c1716de] for JDBC transaction
:2025-08-13 11:41:24.004 DEBUG XNIO-1 task-2 o.s.j.s.JdbcTransactionManager: Switching JDBC Connection [HikariProxyConnection@167900106 wrapping com.mysql.cj.jdbc.ConnectionImpl@5c1716de] to manual commit
:2025-08-13 11:41:24.004 DEBUG XNIO-1 task-2 o.m.s.SqlSessionUtils: Creating a new SqlSession
:2025-08-13 11:41:24.004 DEBUG XNIO-1 task-2 o.m.s.SqlSessionUtils: Registering transaction synchronization for SqlSession [org.apache.ibatis.session.defaults.DefaultSqlSession@682d5d8b]
:2025-08-13 11:41:24.005 DEBUG XNIO-1 task-2 c.p.p.c.m.c.MybatisPlusMetaObjectHandler: mybatis plus start insert fill ....
:2025-08-13 11:41:24.005 DEBUG XNIO-1 task-2 o.s.s.w.a.AnonymousAuthenticationFilter: Set SecurityContextHolder to anonymous SecurityContext
:2025-08-13 11:41:24.005 DEBUG XNIO-1 task-2 o.m.s.t.SpringManagedTransaction: JDBC Connection [HikariProxyConnection@167900106 wrapping com.mysql.cj.jdbc.ConnectionImpl@5c1716de] will be managed by Spring
:2025-08-13 11:41:24.005 DEBUG XNIO-1 task-2 c.p.p.a.m.S.insert: ==>  Preparing: INSERT INTO sys_log ( id, log_type, title, create_by, create_time, remote_addr, user_agent, request_uri, method, params, time, service_id, del_flag ) VALUES ( ?, ?, ?, ?, ?, ?, ?, ?, ?, ?, ?, ?, ? )
:2025-08-13 11:41:24.005 DEBUG XNIO-1 task-2 c.p.p.a.m.S.insert: ==> Parameters: 1955459642045788161(Long), 9(String), 登录失败(String), admin(String), 2025-08-13T11:41:24.005371200(LocalDateTime), 192.168.0.135(String), PostmanRuntime/7.45.0(String), /oauth2/token(String), POST(String), grant_type=%5Bpassword%5D&scope=%5Bserver%5D&username=%5Badmin%5D(String), 188(Long), pig-auth(String), 0(String)
:2025-08-13 11:41:24.006 DEBUG XNIO-1 task-2 c.p.p.a.m.S.insert: <==    Updates: 1
:2025-08-13 11:41:24.006 DEBUG XNIO-1 task-2 o.m.s.SqlSessionUtils: Releasing transactional SqlSession [org.apache.ibatis.session.defaults.DefaultSqlSession@682d5d8b]
:2025-08-13 11:41:24.006 DEBUG XNIO-1 task-2 o.m.s.SqlSessionUtils: Transaction synchronization committing SqlSession [org.apache.ibatis.session.defaults.DefaultSqlSession@682d5d8b]
:2025-08-13 11:41:24.006 DEBUG XNIO-1 task-2 o.m.s.SqlSessionUtils: Transaction synchronization deregistering SqlSession [org.apache.ibatis.session.defaults.DefaultSqlSession@682d5d8b]
:2025-08-13 11:41:24.006 DEBUG XNIO-1 task-2 o.m.s.SqlSessionUtils: Transaction synchronization closing SqlSession [org.apache.ibatis.session.defaults.DefaultSqlSession@682d5d8b]
:2025-08-13 11:41:24.006 DEBUG XNIO-1 task-2 o.s.j.s.JdbcTransactionManager: Initiating transaction commit
:2025-08-13 11:41:24.006 DEBUG XNIO-1 task-2 o.s.j.s.JdbcTransactionManager: Committing JDBC transaction on Connection [HikariProxyConnection@167900106 wrapping com.mysql.cj.jdbc.ConnectionImpl@5c1716de]
:2025-08-13 11:41:24.009 DEBUG XNIO-1 task-2 o.s.j.s.JdbcTransactionManager: Releasing JDBC Connection [HikariProxyConnection@167900106 wrapping com.mysql.cj.jdbc.ConnectionImpl@5c1716de] after transaction
:2025-08-13 11:41:24.009 DEBUG XNIO-1 task-2 o.s.w.s.m.m.a.RequestResponseBodyMethodProcessor: Using 'application/json', given [*/*] and supported [application/json, application/*+json, application/cbor, application/yaml]
:2025-08-13 11:41:24.009 DEBUG XNIO-1 task-2 o.s.w.s.m.m.a.RequestResponseBodyMethodProcessor: Writing [R(code=0, msg=null, data=true)]
:2025-08-13 11:41:24.010 DEBUG XNIO-1 task-2 o.s.w.s.DispatcherServlet: Completed 200 OK
:2025-08-13 11:41:26.595 DEBUG XNIO-1 task-2 i.u.r.security: Attempting to authenticate /log/save, authentication required: false
:2025-08-13 11:41:26.595 DEBUG XNIO-1 task-2 i.u.r.security: Authentication outcome was NOT_ATTEMPTED with method io.undertow.security.impl.CachedAuthenticatedSessionMechanism@6cc3d730 for /log/save
:2025-08-13 11:41:26.595 DEBUG XNIO-1 task-2 i.u.r.security: Authentication result was ATTEMPTED for /log/save
:2025-08-13 11:41:26.596 DEBUG XNIO-1 task-2 o.s.s.w.FilterChainProxy: Securing POST /log/save
:2025-08-13 11:41:26.596 DEBUG XNIO-1 task-2 o.s.s.w.FilterChainProxy: Secured POST /log/save
:2025-08-13 11:41:26.596 DEBUG XNIO-1 task-2 o.s.w.s.DispatcherServlet: POST "/log/save", parameters={}
:2025-08-13 11:41:26.596 DEBUG XNIO-1 task-2 o.s.w.s.m.m.a.RequestMappingHandlerMapping: Mapped to com.pig4cloud.pig.admin.controller.SysLogController#save(SysLog)
:2025-08-13 11:41:26.597 DEBUG XNIO-1 task-2 c.p.p.c.x.c.JacksonXssClean: Json property value:9 cleaned up by mica-xss, current value is:9.
:2025-08-13 11:41:26.597 DEBUG XNIO-1 task-2 c.p.p.c.x.c.JacksonXssClean: Json property value:登录失败 cleaned up by mica-xss, current value is:登录失败.
:2025-08-13 11:41:26.597 DEBUG XNIO-1 task-2 c.p.p.c.x.c.JacksonXssClean: Json property value:admin cleaned up by mica-xss, current value is:admin.
:2025-08-13 11:41:26.597 DEBUG XNIO-1 task-2 c.p.p.c.x.c.JacksonXssClean: Json property value:192.168.0.135 cleaned up by mica-xss, current value is:192.168.0.135.
:2025-08-13 11:41:26.597 DEBUG XNIO-1 task-2 c.p.p.c.x.c.JacksonXssClean: Json property value:PostmanRuntime/7.45.0 cleaned up by mica-xss, current value is:PostmanRuntime/7.45.0.
:2025-08-13 11:41:26.597 DEBUG XNIO-1 task-2 c.p.p.c.x.c.JacksonXssClean: Json property value:/oauth2/token cleaned up by mica-xss, current value is:/oauth2/token.
:2025-08-13 11:41:26.597 DEBUG XNIO-1 task-2 c.p.p.c.x.c.JacksonXssClean: Json property value:POST cleaned up by mica-xss, current value is:POST.
:2025-08-13 11:41:26.597 DEBUG XNIO-1 task-2 c.p.p.c.x.c.JacksonXssClean: Json property value:grant_type=%5Bpassword%5D&scope=%5Bserver%5D&username=%5Badmin%5D cleaned up by mica-xss, current value is:grant_type=%5Bpassword%5D&scope=%5Bserver%5D&username=%5Badmin%5D.
:2025-08-13 11:41:26.597 DEBUG XNIO-1 task-2 c.p.p.c.x.c.JacksonXssClean: Json property value:pig-auth cleaned up by mica-xss, current value is:pig-auth.
:2025-08-13 11:41:26.597 DEBUG XNIO-1 task-2 o.s.w.s.m.m.a.RequestResponseBodyMethodProcessor: Read "application/json;charset=UTF-8" to [SysLog(id=null, logType=9, title=登录失败, createBy=admin, createTime=null, updateTime=null, remoteAddr= (truncated)...]
:2025-08-13 11:41:26.598 DEBUG XNIO-1 task-2 o.s.j.s.JdbcTransactionManager: Creating new transaction with name [com.pig4cloud.pig.admin.service.impl.SysLogServiceImpl.saveLog]: PROPAGATION_REQUIRED,ISOLATION_DEFAULT,-java.lang.Exception
:2025-08-13 11:41:26.598 DEBUG XNIO-1 task-2 o.s.j.s.JdbcTransactionManager: Acquired Connection [HikariProxyConnection@1174878350 wrapping com.mysql.cj.jdbc.ConnectionImpl@5c1716de] for JDBC transaction
:2025-08-13 11:41:26.598 DEBUG XNIO-1 task-2 o.s.j.s.JdbcTransactionManager: Switching JDBC Connection [HikariProxyConnection@1174878350 wrapping com.mysql.cj.jdbc.ConnectionImpl@5c1716de] to manual commit
:2025-08-13 11:41:26.599 DEBUG XNIO-1 task-2 o.m.s.SqlSessionUtils: Creating a new SqlSession
:2025-08-13 11:41:26.599 DEBUG XNIO-1 task-2 o.m.s.SqlSessionUtils: Registering transaction synchronization for SqlSession [org.apache.ibatis.session.defaults.DefaultSqlSession@44c4f4c0]
:2025-08-13 11:41:26.599 DEBUG XNIO-1 task-2 c.p.p.c.m.c.MybatisPlusMetaObjectHandler: mybatis plus start insert fill ....
:2025-08-13 11:41:26.599 DEBUG XNIO-1 task-2 o.s.s.w.a.AnonymousAuthenticationFilter: Set SecurityContextHolder to anonymous SecurityContext
:2025-08-13 11:41:26.599 DEBUG XNIO-1 task-2 o.m.s.t.SpringManagedTransaction: JDBC Connection [HikariProxyConnection@1174878350 wrapping com.mysql.cj.jdbc.ConnectionImpl@5c1716de] will be managed by Spring
:2025-08-13 11:41:26.599 DEBUG XNIO-1 task-2 c.p.p.a.m.S.insert: ==>  Preparing: INSERT INTO sys_log ( id, log_type, title, create_by, create_time, remote_addr, user_agent, request_uri, method, params, time, service_id, del_flag ) VALUES ( ?, ?, ?, ?, ?, ?, ?, ?, ?, ?, ?, ?, ? )
:2025-08-13 11:41:26.599 DEBUG XNIO-1 task-2 c.p.p.a.m.S.insert: ==> Parameters: 1955459652925812737(Long), 9(String), 登录失败(String), admin(String), 2025-08-13T11:41:26.599989700(LocalDateTime), 192.168.0.135(String), PostmanRuntime/7.45.0(String), /oauth2/token(String), POST(String), grant_type=%5Bpassword%5D&scope=%5Bserver%5D&username=%5Badmin%5D(String), 64(Long), pig-auth(String), 0(String)
:2025-08-13 11:41:26.600 DEBUG XNIO-1 task-2 c.p.p.a.m.S.insert: <==    Updates: 1
:2025-08-13 11:41:26.600 DEBUG XNIO-1 task-2 o.m.s.SqlSessionUtils: Releasing transactional SqlSession [org.apache.ibatis.session.defaults.DefaultSqlSession@44c4f4c0]
:2025-08-13 11:41:26.600 DEBUG XNIO-1 task-2 o.m.s.SqlSessionUtils: Transaction synchronization committing SqlSession [org.apache.ibatis.session.defaults.DefaultSqlSession@44c4f4c0]
:2025-08-13 11:41:26.600 DEBUG XNIO-1 task-2 o.m.s.SqlSessionUtils: Transaction synchronization deregistering SqlSession [org.apache.ibatis.session.defaults.DefaultSqlSession@44c4f4c0]
:2025-08-13 11:41:26.600 DEBUG XNIO-1 task-2 o.m.s.SqlSessionUtils: Transaction synchronization closing SqlSession [org.apache.ibatis.session.defaults.DefaultSqlSession@44c4f4c0]
:2025-08-13 11:41:26.600 DEBUG XNIO-1 task-2 o.s.j.s.JdbcTransactionManager: Initiating transaction commit
:2025-08-13 11:41:26.600 DEBUG XNIO-1 task-2 o.s.j.s.JdbcTransactionManager: Committing JDBC transaction on Connection [HikariProxyConnection@1174878350 wrapping com.mysql.cj.jdbc.ConnectionImpl@5c1716de]
:2025-08-13 11:41:26.604 DEBUG XNIO-1 task-2 o.s.j.s.JdbcTransactionManager: Releasing JDBC Connection [HikariProxyConnection@1174878350 wrapping com.mysql.cj.jdbc.ConnectionImpl@5c1716de] after transaction
:2025-08-13 11:41:26.605 DEBUG XNIO-1 task-2 o.s.w.s.m.m.a.RequestResponseBodyMethodProcessor: Using 'application/json', given [*/*] and supported [application/json, application/*+json, application/cbor, application/yaml]
:2025-08-13 11:41:26.605 DEBUG XNIO-1 task-2 o.s.w.s.m.m.a.RequestResponseBodyMethodProcessor: Writing [R(code=0, msg=null, data=true)]
:2025-08-13 11:41:26.605 DEBUG XNIO-1 task-2 o.s.w.s.DispatcherServlet: Completed 200 OK
:2025-08-13 11:41:45.557 DEBUG HikariPool-1 housekeeper c.z.h.p.HikariPool: HikariPool-1 - Pool stats (total=10, active=0, idle=10, waiting=0)
:2025-08-13 11:41:45.557 DEBUG HikariPool-1 housekeeper c.z.h.p.HikariPool: HikariPool-1 - Fill pool skipped, pool has sufficient level or currently being filled.
:2025-08-13 11:41:50.094 DEBUG XNIO-1 task-2 i.u.r.security: Attempting to authenticate /log/save, authentication required: false
:2025-08-13 11:41:50.094 DEBUG XNIO-1 task-2 i.u.r.security: Authentication outcome was NOT_ATTEMPTED with method io.undertow.security.impl.CachedAuthenticatedSessionMechanism@6cc3d730 for /log/save
:2025-08-13 11:41:50.095 DEBUG XNIO-1 task-2 i.u.r.security: Authentication result was ATTEMPTED for /log/save
:2025-08-13 11:41:50.095 DEBUG XNIO-1 task-2 o.s.s.w.FilterChainProxy: Securing POST /log/save
:2025-08-13 11:41:50.096 DEBUG XNIO-1 task-2 o.s.s.w.FilterChainProxy: Secured POST /log/save
:2025-08-13 11:41:50.096 DEBUG XNIO-1 task-2 o.s.w.s.DispatcherServlet: POST "/log/save", parameters={}
:2025-08-13 11:41:50.096 DEBUG XNIO-1 task-2 o.s.w.s.m.m.a.RequestMappingHandlerMapping: Mapped to com.pig4cloud.pig.admin.controller.SysLogController#save(SysLog)
:2025-08-13 11:41:50.097 DEBUG XNIO-1 task-2 c.p.p.c.x.c.JacksonXssClean: Json property value:9 cleaned up by mica-xss, current value is:9.
:2025-08-13 11:41:50.097 DEBUG XNIO-1 task-2 c.p.p.c.x.c.JacksonXssClean: Json property value:登录失败 cleaned up by mica-xss, current value is:登录失败.
:2025-08-13 11:41:50.097 DEBUG XNIO-1 task-2 c.p.p.c.x.c.JacksonXssClean: Json property value:admin cleaned up by mica-xss, current value is:admin.
:2025-08-13 11:41:50.097 DEBUG XNIO-1 task-2 c.p.p.c.x.c.JacksonXssClean: Json property value:192.168.0.135 cleaned up by mica-xss, current value is:192.168.0.135.
:2025-08-13 11:41:50.097 DEBUG XNIO-1 task-2 c.p.p.c.x.c.JacksonXssClean: Json property value:PostmanRuntime/7.45.0 cleaned up by mica-xss, current value is:PostmanRuntime/7.45.0.
:2025-08-13 11:41:50.097 DEBUG XNIO-1 task-2 c.p.p.c.x.c.JacksonXssClean: Json property value:/oauth2/token cleaned up by mica-xss, current value is:/oauth2/token.
:2025-08-13 11:41:50.097 DEBUG XNIO-1 task-2 c.p.p.c.x.c.JacksonXssClean: Json property value:POST cleaned up by mica-xss, current value is:POST.
:2025-08-13 11:41:50.097 DEBUG XNIO-1 task-2 c.p.p.c.x.c.JacksonXssClean: Json property value:grant_type=%5Bpassword%5D&scope=%5Bserver%5D&username=%5Badmin%5D cleaned up by mica-xss, current value is:grant_type=%5Bpassword%5D&scope=%5Bserver%5D&username=%5Badmin%5D.
:2025-08-13 11:41:50.097 DEBUG XNIO-1 task-2 c.p.p.c.x.c.JacksonXssClean: Json property value:pig-auth cleaned up by mica-xss, current value is:pig-auth.
:2025-08-13 11:41:50.097 DEBUG XNIO-1 task-2 o.s.w.s.m.m.a.RequestResponseBodyMethodProcessor: Read "application/json;charset=UTF-8" to [SysLog(id=null, logType=9, title=登录失败, createBy=admin, createTime=null, updateTime=null, remoteAddr= (truncated)...]
:2025-08-13 11:41:50.098 DEBUG XNIO-1 task-2 o.s.j.s.JdbcTransactionManager: Creating new transaction with name [com.pig4cloud.pig.admin.service.impl.SysLogServiceImpl.saveLog]: PROPAGATION_REQUIRED,ISOLATION_DEFAULT,-java.lang.Exception
:2025-08-13 11:41:50.098 DEBUG XNIO-1 task-2 o.s.j.s.JdbcTransactionManager: Acquired Connection [HikariProxyConnection@1413293845 wrapping com.mysql.cj.jdbc.ConnectionImpl@5c1716de] for JDBC transaction
:2025-08-13 11:41:50.098 DEBUG XNIO-1 task-2 o.s.j.s.JdbcTransactionManager: Switching JDBC Connection [HikariProxyConnection@1413293845 wrapping com.mysql.cj.jdbc.ConnectionImpl@5c1716de] to manual commit
:2025-08-13 11:41:50.099 DEBUG XNIO-1 task-2 o.m.s.SqlSessionUtils: Creating a new SqlSession
:2025-08-13 11:41:50.099 DEBUG XNIO-1 task-2 o.m.s.SqlSessionUtils: Registering transaction synchronization for SqlSession [org.apache.ibatis.session.defaults.DefaultSqlSession@373cbba6]
:2025-08-13 11:41:50.099 DEBUG XNIO-1 task-2 c.p.p.c.m.c.MybatisPlusMetaObjectHandler: mybatis plus start insert fill ....
:2025-08-13 11:41:50.099 DEBUG XNIO-1 task-2 o.s.s.w.a.AnonymousAuthenticationFilter: Set SecurityContextHolder to anonymous SecurityContext
:2025-08-13 11:41:50.099 DEBUG XNIO-1 task-2 o.m.s.t.SpringManagedTransaction: JDBC Connection [HikariProxyConnection@1413293845 wrapping com.mysql.cj.jdbc.ConnectionImpl@5c1716de] will be managed by Spring
:2025-08-13 11:41:50.099 DEBUG XNIO-1 task-2 c.p.p.a.m.S.insert: ==>  Preparing: INSERT INTO sys_log ( id, log_type, title, create_by, create_time, remote_addr, user_agent, request_uri, method, params, time, service_id, del_flag ) VALUES ( ?, ?, ?, ?, ?, ?, ?, ?, ?, ?, ?, ?, ? )
:2025-08-13 11:41:50.099 DEBUG XNIO-1 task-2 c.p.p.a.m.S.insert: ==> Parameters: 1955459751496151042(Long), 9(String), 登录失败(String), admin(String), 2025-08-13T11:41:50.099046400(LocalDateTime), 192.168.0.135(String), PostmanRuntime/7.45.0(String), /oauth2/token(String), POST(String), grant_type=%5Bpassword%5D&scope=%5Bserver%5D&username=%5Badmin%5D(String), 63(Long), pig-auth(String), 0(String)
:2025-08-13 11:41:50.100 DEBUG XNIO-1 task-2 c.p.p.a.m.S.insert: <==    Updates: 1
:2025-08-13 11:41:50.100 DEBUG XNIO-1 task-2 o.m.s.SqlSessionUtils: Releasing transactional SqlSession [org.apache.ibatis.session.defaults.DefaultSqlSession@373cbba6]
:2025-08-13 11:41:50.100 DEBUG XNIO-1 task-2 o.m.s.SqlSessionUtils: Transaction synchronization committing SqlSession [org.apache.ibatis.session.defaults.DefaultSqlSession@373cbba6]
:2025-08-13 11:41:50.100 DEBUG XNIO-1 task-2 o.m.s.SqlSessionUtils: Transaction synchronization deregistering SqlSession [org.apache.ibatis.session.defaults.DefaultSqlSession@373cbba6]
:2025-08-13 11:41:50.100 DEBUG XNIO-1 task-2 o.m.s.SqlSessionUtils: Transaction synchronization closing SqlSession [org.apache.ibatis.session.defaults.DefaultSqlSession@373cbba6]
:2025-08-13 11:41:50.100 DEBUG XNIO-1 task-2 o.s.j.s.JdbcTransactionManager: Initiating transaction commit
:2025-08-13 11:41:50.100 DEBUG XNIO-1 task-2 o.s.j.s.JdbcTransactionManager: Committing JDBC transaction on Connection [HikariProxyConnection@1413293845 wrapping com.mysql.cj.jdbc.ConnectionImpl@5c1716de]
:2025-08-13 11:41:50.104 DEBUG XNIO-1 task-2 o.s.j.s.JdbcTransactionManager: Releasing JDBC Connection [HikariProxyConnection@1413293845 wrapping com.mysql.cj.jdbc.ConnectionImpl@5c1716de] after transaction
:2025-08-13 11:41:50.105 DEBUG XNIO-1 task-2 o.s.w.s.m.m.a.RequestResponseBodyMethodProcessor: Using 'application/json', given [*/*] and supported [application/json, application/*+json, application/cbor, application/yaml]
:2025-08-13 11:41:50.105 DEBUG XNIO-1 task-2 o.s.w.s.m.m.a.RequestResponseBodyMethodProcessor: Writing [R(code=0, msg=null, data=true)]
:2025-08-13 11:41:50.105 DEBUG XNIO-1 task-2 o.s.w.s.DispatcherServlet: Completed 200 OK
:2025-08-13 11:42:02.643 DEBUG XNIO-1 task-2 i.u.r.security: Attempting to authenticate /log/save, authentication required: false
:2025-08-13 11:42:02.643 DEBUG XNIO-1 task-2 i.u.r.security: Authentication outcome was NOT_ATTEMPTED with method io.undertow.security.impl.CachedAuthenticatedSessionMechanism@6cc3d730 for /log/save
:2025-08-13 11:42:02.643 DEBUG XNIO-1 task-2 i.u.r.security: Authentication result was ATTEMPTED for /log/save
:2025-08-13 11:42:02.644 DEBUG XNIO-1 task-2 o.s.s.w.FilterChainProxy: Securing POST /log/save
:2025-08-13 11:42:02.644 DEBUG XNIO-1 task-2 o.s.s.w.FilterChainProxy: Secured POST /log/save
:2025-08-13 11:42:02.644 DEBUG XNIO-1 task-2 o.s.w.s.DispatcherServlet: POST "/log/save", parameters={}
:2025-08-13 11:42:02.645 DEBUG XNIO-1 task-2 o.s.w.s.m.m.a.RequestMappingHandlerMapping: Mapped to com.pig4cloud.pig.admin.controller.SysLogController#save(SysLog)
:2025-08-13 11:42:02.645 DEBUG XNIO-1 task-2 c.p.p.c.x.c.JacksonXssClean: Json property value:9 cleaned up by mica-xss, current value is:9.
:2025-08-13 11:42:02.645 DEBUG XNIO-1 task-2 c.p.p.c.x.c.JacksonXssClean: Json property value:登录失败 cleaned up by mica-xss, current value is:登录失败.
:2025-08-13 11:42:02.645 DEBUG XNIO-1 task-2 c.p.p.c.x.c.JacksonXssClean: Json property value:admin cleaned up by mica-xss, current value is:admin.
:2025-08-13 11:42:02.645 DEBUG XNIO-1 task-2 c.p.p.c.x.c.JacksonXssClean: Json property value:192.168.0.135 cleaned up by mica-xss, current value is:192.168.0.135.
:2025-08-13 11:42:02.645 DEBUG XNIO-1 task-2 c.p.p.c.x.c.JacksonXssClean: Json property value:PostmanRuntime/7.45.0 cleaned up by mica-xss, current value is:PostmanRuntime/7.45.0.
:2025-08-13 11:42:02.645 DEBUG XNIO-1 task-2 c.p.p.c.x.c.JacksonXssClean: Json property value:/oauth2/token cleaned up by mica-xss, current value is:/oauth2/token.
:2025-08-13 11:42:02.645 DEBUG XNIO-1 task-2 c.p.p.c.x.c.JacksonXssClean: Json property value:POST cleaned up by mica-xss, current value is:POST.
:2025-08-13 11:42:02.645 DEBUG XNIO-1 task-2 c.p.p.c.x.c.JacksonXssClean: Json property value:grant_type=%5Bpassword%5D&scope=%5Bserver%5D&username=%5Badmin%5D cleaned up by mica-xss, current value is:grant_type=%5Bpassword%5D&scope=%5Bserver%5D&username=%5Badmin%5D.
:2025-08-13 11:42:02.645 DEBUG XNIO-1 task-2 c.p.p.c.x.c.JacksonXssClean: Json property value:pig-auth cleaned up by mica-xss, current value is:pig-auth.
:2025-08-13 11:42:02.645 DEBUG XNIO-1 task-2 o.s.w.s.m.m.a.RequestResponseBodyMethodProcessor: Read "application/json;charset=UTF-8" to [SysLog(id=null, logType=9, title=登录失败, createBy=admin, createTime=null, updateTime=null, remoteAddr= (truncated)...]
:2025-08-13 11:42:02.646 DEBUG XNIO-1 task-2 o.s.j.s.JdbcTransactionManager: Creating new transaction with name [com.pig4cloud.pig.admin.service.impl.SysLogServiceImpl.saveLog]: PROPAGATION_REQUIRED,ISOLATION_DEFAULT,-java.lang.Exception
:2025-08-13 11:42:02.646 DEBUG XNIO-1 task-2 o.s.j.s.JdbcTransactionManager: Acquired Connection [HikariProxyConnection@868621681 wrapping com.mysql.cj.jdbc.ConnectionImpl@5c1716de] for JDBC transaction
:2025-08-13 11:42:02.646 DEBUG XNIO-1 task-2 o.s.j.s.JdbcTransactionManager: Switching JDBC Connection [HikariProxyConnection@868621681 wrapping com.mysql.cj.jdbc.ConnectionImpl@5c1716de] to manual commit
:2025-08-13 11:42:02.647 DEBUG XNIO-1 task-2 o.m.s.SqlSessionUtils: Creating a new SqlSession
:2025-08-13 11:42:02.647 DEBUG XNIO-1 task-2 o.m.s.SqlSessionUtils: Registering transaction synchronization for SqlSession [org.apache.ibatis.session.defaults.DefaultSqlSession@61f56124]
:2025-08-13 11:42:02.647 DEBUG XNIO-1 task-2 c.p.p.c.m.c.MybatisPlusMetaObjectHandler: mybatis plus start insert fill ....
:2025-08-13 11:42:02.647 DEBUG XNIO-1 task-2 o.s.s.w.a.AnonymousAuthenticationFilter: Set SecurityContextHolder to anonymous SecurityContext
:2025-08-13 11:42:02.647 DEBUG XNIO-1 task-2 o.m.s.t.SpringManagedTransaction: JDBC Connection [HikariProxyConnection@868621681 wrapping com.mysql.cj.jdbc.ConnectionImpl@5c1716de] will be managed by Spring
:2025-08-13 11:42:02.647 DEBUG XNIO-1 task-2 c.p.p.a.m.S.insert: ==>  Preparing: INSERT INTO sys_log ( id, log_type, title, create_by, create_time, remote_addr, user_agent, request_uri, method, params, time, service_id, del_flag ) VALUES ( ?, ?, ?, ?, ?, ?, ?, ?, ?, ?, ?, ?, ? )
:2025-08-13 11:42:02.647 DEBUG XNIO-1 task-2 c.p.p.a.m.S.insert: ==> Parameters: 1955459804126277634(Long), 9(String), 登录失败(String), admin(String), 2025-08-13T11:42:02.647373500(LocalDateTime), 192.168.0.135(String), PostmanRuntime/7.45.0(String), /oauth2/token(String), POST(String), grant_type=%5Bpassword%5D&scope=%5Bserver%5D&username=%5Badmin%5D(String), 63(Long), pig-auth(String), 0(String)
:2025-08-13 11:42:02.648 DEBUG XNIO-1 task-2 c.p.p.a.m.S.insert: <==    Updates: 1
:2025-08-13 11:42:02.648 DEBUG XNIO-1 task-2 o.m.s.SqlSessionUtils: Releasing transactional SqlSession [org.apache.ibatis.session.defaults.DefaultSqlSession@61f56124]
:2025-08-13 11:42:02.648 DEBUG XNIO-1 task-2 o.m.s.SqlSessionUtils: Transaction synchronization committing SqlSession [org.apache.ibatis.session.defaults.DefaultSqlSession@61f56124]
:2025-08-13 11:42:02.648 DEBUG XNIO-1 task-2 o.m.s.SqlSessionUtils: Transaction synchronization deregistering SqlSession [org.apache.ibatis.session.defaults.DefaultSqlSession@61f56124]
:2025-08-13 11:42:02.648 DEBUG XNIO-1 task-2 o.m.s.SqlSessionUtils: Transaction synchronization closing SqlSession [org.apache.ibatis.session.defaults.DefaultSqlSession@61f56124]
:2025-08-13 11:42:02.648 DEBUG XNIO-1 task-2 o.s.j.s.JdbcTransactionManager: Initiating transaction commit
:2025-08-13 11:42:02.648 DEBUG XNIO-1 task-2 o.s.j.s.JdbcTransactionManager: Committing JDBC transaction on Connection [HikariProxyConnection@868621681 wrapping com.mysql.cj.jdbc.ConnectionImpl@5c1716de]
:2025-08-13 11:42:02.653 DEBUG XNIO-1 task-2 o.s.j.s.JdbcTransactionManager: Releasing JDBC Connection [HikariProxyConnection@868621681 wrapping com.mysql.cj.jdbc.ConnectionImpl@5c1716de] after transaction
:2025-08-13 11:42:02.653 DEBUG XNIO-1 task-2 o.s.w.s.m.m.a.RequestResponseBodyMethodProcessor: Using 'application/json', given [*/*] and supported [application/json, application/*+json, application/cbor, application/yaml]
:2025-08-13 11:42:02.654 DEBUG XNIO-1 task-2 o.s.w.s.m.m.a.RequestResponseBodyMethodProcessor: Writing [R(code=0, msg=null, data=true)]
:2025-08-13 11:42:02.654 DEBUG XNIO-1 task-2 o.s.w.s.DispatcherServlet: Completed 200 OK
:2025-08-13 11:42:15.559 DEBUG HikariPool-1 housekeeper c.z.h.p.HikariPool: HikariPool-1 - Pool stats (total=10, active=0, idle=10, waiting=0)
:2025-08-13 11:42:15.559 DEBUG HikariPool-1 housekeeper c.z.h.p.HikariPool: HikariPool-1 - Fill pool skipped, pool has sufficient level or currently being filled.
:2025-08-13 11:42:45.560 DEBUG HikariPool-1 housekeeper c.z.h.p.HikariPool: HikariPool-1 - Pool stats (total=10, active=0, idle=10, waiting=0)
:2025-08-13 11:42:45.560 DEBUG HikariPool-1 housekeeper c.z.h.p.HikariPool: HikariPool-1 - Fill pool skipped, pool has sufficient level or currently being filled.
:2025-08-13 11:43:15.560 DEBUG HikariPool-1 housekeeper c.z.h.p.HikariPool: HikariPool-1 - Pool stats (total=10, active=0, idle=10, waiting=0)
:2025-08-13 11:43:15.560 DEBUG HikariPool-1 housekeeper c.z.h.p.HikariPool: HikariPool-1 - Fill pool skipped, pool has sufficient level or currently being filled.
:2025-08-13 11:43:45.560 DEBUG HikariPool-1 housekeeper c.z.h.p.HikariPool: HikariPool-1 - Pool stats (total=10, active=0, idle=10, waiting=0)
:2025-08-13 11:43:45.560 DEBUG HikariPool-1 housekeeper c.z.h.p.HikariPool: HikariPool-1 - Fill pool skipped, pool has sufficient level or currently being filled.
:2025-08-13 11:44:15.561 DEBUG HikariPool-1 housekeeper c.z.h.p.HikariPool: HikariPool-1 - Pool stats (total=10, active=0, idle=10, waiting=0)
:2025-08-13 11:44:15.561 DEBUG HikariPool-1 housekeeper c.z.h.p.HikariPool: HikariPool-1 - Fill pool skipped, pool has sufficient level or currently being filled.
:2025-08-13 11:44:45.562 DEBUG HikariPool-1 housekeeper c.z.h.p.HikariPool: HikariPool-1 - Pool stats (total=10, active=0, idle=10, waiting=0)
:2025-08-13 11:44:45.562 DEBUG HikariPool-1 housekeeper c.z.h.p.HikariPool: HikariPool-1 - Fill pool skipped, pool has sufficient level or currently being filled.
:2025-08-13 11:45:15.562 DEBUG HikariPool-1 housekeeper c.z.h.p.HikariPool: HikariPool-1 - Pool stats (total=10, active=0, idle=10, waiting=0)
:2025-08-13 11:45:15.562 DEBUG HikariPool-1 housekeeper c.z.h.p.HikariPool: HikariPool-1 - Fill pool skipped, pool has sufficient level or currently being filled.
:2025-08-13 11:45:45.563 DEBUG HikariPool-1 housekeeper c.z.h.p.HikariPool: HikariPool-1 - Pool stats (total=10, active=0, idle=10, waiting=0)
:2025-08-13 11:45:45.563 DEBUG HikariPool-1 housekeeper c.z.h.p.HikariPool: HikariPool-1 - Fill pool skipped, pool has sufficient level or currently being filled.
:2025-08-13 11:46:15.565 DEBUG HikariPool-1 housekeeper c.z.h.p.HikariPool: HikariPool-1 - Pool stats (total=10, active=0, idle=10, waiting=0)
:2025-08-13 11:46:15.565 DEBUG HikariPool-1 housekeeper c.z.h.p.HikariPool: HikariPool-1 - Fill pool skipped, pool has sufficient level or currently being filled.
:2025-08-13 11:46:45.565 DEBUG HikariPool-1 housekeeper c.z.h.p.HikariPool: HikariPool-1 - Pool stats (total=10, active=0, idle=10, waiting=0)
:2025-08-13 11:46:45.565 DEBUG HikariPool-1 housekeeper c.z.h.p.HikariPool: HikariPool-1 - Fill pool skipped, pool has sufficient level or currently being filled.
:2025-08-13 11:47:15.566 DEBUG HikariPool-1 housekeeper c.z.h.p.HikariPool: HikariPool-1 - Pool stats (total=10, active=0, idle=10, waiting=0)
:2025-08-13 11:47:15.566 DEBUG HikariPool-1 housekeeper c.z.h.p.HikariPool: HikariPool-1 - Fill pool skipped, pool has sufficient level or currently being filled.
:2025-08-13 11:47:45.567 DEBUG HikariPool-1 housekeeper c.z.h.p.HikariPool: HikariPool-1 - Pool stats (total=10, active=0, idle=10, waiting=0)
:2025-08-13 11:47:45.567 DEBUG HikariPool-1 housekeeper c.z.h.p.HikariPool: HikariPool-1 - Fill pool skipped, pool has sufficient level or currently being filled.
:2025-08-13 11:48:15.568 DEBUG HikariPool-1 housekeeper c.z.h.p.HikariPool: HikariPool-1 - Pool stats (total=10, active=0, idle=10, waiting=0)
:2025-08-13 11:48:15.568 DEBUG HikariPool-1 housekeeper c.z.h.p.HikariPool: HikariPool-1 - Fill pool skipped, pool has sufficient level or currently being filled.
:2025-08-13 11:48:45.568 DEBUG HikariPool-1 housekeeper c.z.h.p.HikariPool: HikariPool-1 - Pool stats (total=10, active=0, idle=10, waiting=0)
:2025-08-13 11:48:45.568 DEBUG HikariPool-1 housekeeper c.z.h.p.HikariPool: HikariPool-1 - Fill pool skipped, pool has sufficient level or currently being filled.
:2025-08-13 11:49:15.570 DEBUG HikariPool-1 housekeeper c.z.h.p.HikariPool: HikariPool-1 - Pool stats (total=10, active=0, idle=10, waiting=0)
:2025-08-13 11:49:15.570 DEBUG HikariPool-1 housekeeper c.z.h.p.HikariPool: HikariPool-1 - Fill pool skipped, pool has sufficient level or currently being filled.
:2025-08-13 11:49:45.570 DEBUG HikariPool-1 housekeeper c.z.h.p.HikariPool: HikariPool-1 - Pool stats (total=10, active=0, idle=10, waiting=0)
:2025-08-13 11:49:45.570 DEBUG HikariPool-1 housekeeper c.z.h.p.HikariPool: HikariPool-1 - Fill pool skipped, pool has sufficient level or currently being filled.
:2025-08-13 11:49:50.858 DEBUG XNIO-1 task-2 i.u.r.security: Attempting to authenticate /log/save, authentication required: false
:2025-08-13 11:49:50.858 DEBUG XNIO-1 task-2 i.u.r.security: Authentication outcome was NOT_ATTEMPTED with method io.undertow.security.impl.CachedAuthenticatedSessionMechanism@6cc3d730 for /log/save
:2025-08-13 11:49:50.858 DEBUG XNIO-1 task-2 i.u.r.security: Authentication result was ATTEMPTED for /log/save
:2025-08-13 11:49:50.859 DEBUG XNIO-1 task-2 o.s.s.w.FilterChainProxy: Securing POST /log/save
:2025-08-13 11:49:50.859 DEBUG XNIO-1 task-2 o.s.s.w.FilterChainProxy: Secured POST /log/save
:2025-08-13 11:49:50.859 DEBUG XNIO-1 task-2 o.s.w.s.DispatcherServlet: POST "/log/save", parameters={}
:2025-08-13 11:49:50.859 DEBUG XNIO-1 task-2 o.s.w.s.m.m.a.RequestMappingHandlerMapping: Mapped to com.pig4cloud.pig.admin.controller.SysLogController#save(SysLog)
:2025-08-13 11:49:50.860 DEBUG XNIO-1 task-2 c.p.p.c.x.c.JacksonXssClean: Json property value:9 cleaned up by mica-xss, current value is:9.
:2025-08-13 11:49:50.860 DEBUG XNIO-1 task-2 c.p.p.c.x.c.JacksonXssClean: Json property value:登录失败 cleaned up by mica-xss, current value is:登录失败.
:2025-08-13 11:49:50.861 DEBUG XNIO-1 task-2 c.p.p.c.x.c.JacksonXssClean: Json property value:admin cleaned up by mica-xss, current value is:admin.
:2025-08-13 11:49:50.861 DEBUG XNIO-1 task-2 c.p.p.c.x.c.JacksonXssClean: Json property value:192.168.0.135 cleaned up by mica-xss, current value is:192.168.0.135.
:2025-08-13 11:49:50.861 DEBUG XNIO-1 task-2 c.p.p.c.x.c.JacksonXssClean: Json property value:PostmanRuntime/7.45.0 cleaned up by mica-xss, current value is:PostmanRuntime/7.45.0.
:2025-08-13 11:49:50.861 DEBUG XNIO-1 task-2 c.p.p.c.x.c.JacksonXssClean: Json property value:/oauth2/token cleaned up by mica-xss, current value is:/oauth2/token.
:2025-08-13 11:49:50.861 DEBUG XNIO-1 task-2 c.p.p.c.x.c.JacksonXssClean: Json property value:POST cleaned up by mica-xss, current value is:POST.
:2025-08-13 11:49:50.861 DEBUG XNIO-1 task-2 c.p.p.c.x.c.JacksonXssClean: Json property value:grant_type=%5Bpassword%5D&scope=%5Bserver%5D&username=%5Badmin%5D cleaned up by mica-xss, current value is:grant_type=%5Bpassword%5D&scope=%5Bserver%5D&username=%5Badmin%5D.
:2025-08-13 11:49:50.861 DEBUG XNIO-1 task-2 c.p.p.c.x.c.JacksonXssClean: Json property value:pig-auth cleaned up by mica-xss, current value is:pig-auth.
:2025-08-13 11:49:50.861 DEBUG XNIO-1 task-2 o.s.w.s.m.m.a.RequestResponseBodyMethodProcessor: Read "application/json;charset=UTF-8" to [SysLog(id=null, logType=9, title=登录失败, createBy=admin, createTime=null, updateTime=null, remoteAddr= (truncated)...]
:2025-08-13 11:49:50.861 DEBUG XNIO-1 task-2 o.s.j.s.JdbcTransactionManager: Creating new transaction with name [com.pig4cloud.pig.admin.service.impl.SysLogServiceImpl.saveLog]: PROPAGATION_REQUIRED,ISOLATION_DEFAULT,-java.lang.Exception
:2025-08-13 11:49:50.862 DEBUG XNIO-1 task-2 o.s.j.s.JdbcTransactionManager: Acquired Connection [HikariProxyConnection@109191191 wrapping com.mysql.cj.jdbc.ConnectionImpl@5c1716de] for JDBC transaction
:2025-08-13 11:49:50.862 DEBUG XNIO-1 task-2 o.s.j.s.JdbcTransactionManager: Switching JDBC Connection [HikariProxyConnection@109191191 wrapping com.mysql.cj.jdbc.ConnectionImpl@5c1716de] to manual commit
:2025-08-13 11:49:50.862 DEBUG XNIO-1 task-2 o.m.s.SqlSessionUtils: Creating a new SqlSession
:2025-08-13 11:49:50.862 DEBUG XNIO-1 task-2 o.m.s.SqlSessionUtils: Registering transaction synchronization for SqlSession [org.apache.ibatis.session.defaults.DefaultSqlSession@b41633b]
:2025-08-13 11:49:50.863 DEBUG XNIO-1 task-2 c.p.p.c.m.c.MybatisPlusMetaObjectHandler: mybatis plus start insert fill ....
:2025-08-13 11:49:50.863 DEBUG XNIO-1 task-2 o.s.s.w.a.AnonymousAuthenticationFilter: Set SecurityContextHolder to anonymous SecurityContext
:2025-08-13 11:49:50.863 DEBUG XNIO-1 task-2 o.m.s.t.SpringManagedTransaction: JDBC Connection [HikariProxyConnection@109191191 wrapping com.mysql.cj.jdbc.ConnectionImpl@5c1716de] will be managed by Spring
:2025-08-13 11:49:50.863 DEBUG XNIO-1 task-2 c.p.p.a.m.S.insert: ==>  Preparing: INSERT INTO sys_log ( id, log_type, title, create_by, create_time, remote_addr, user_agent, request_uri, method, params, time, service_id, del_flag ) VALUES ( ?, ?, ?, ?, ?, ?, ?, ?, ?, ?, ?, ?, ? )
:2025-08-13 11:49:50.863 DEBUG XNIO-1 task-2 c.p.p.a.m.S.insert: ==> Parameters: 1955461767962324994(Long), 9(String), 登录失败(String), admin(String), 2025-08-13T11:49:50.863483700(LocalDateTime), 192.168.0.135(String), PostmanRuntime/7.45.0(String), /oauth2/token(String), POST(String), grant_type=%5Bpassword%5D&scope=%5Bserver%5D&username=%5Badmin%5D(String), 201(Long), pig-auth(String), 0(String)
:2025-08-13 11:49:50.864 DEBUG XNIO-1 task-2 c.p.p.a.m.S.insert: <==    Updates: 1
:2025-08-13 11:49:50.864 DEBUG XNIO-1 task-2 o.m.s.SqlSessionUtils: Releasing transactional SqlSession [org.apache.ibatis.session.defaults.DefaultSqlSession@b41633b]
:2025-08-13 11:49:50.864 DEBUG XNIO-1 task-2 o.m.s.SqlSessionUtils: Transaction synchronization committing SqlSession [org.apache.ibatis.session.defaults.DefaultSqlSession@b41633b]
:2025-08-13 11:49:50.864 DEBUG XNIO-1 task-2 o.m.s.SqlSessionUtils: Transaction synchronization deregistering SqlSession [org.apache.ibatis.session.defaults.DefaultSqlSession@b41633b]
:2025-08-13 11:49:50.864 DEBUG XNIO-1 task-2 o.m.s.SqlSessionUtils: Transaction synchronization closing SqlSession [org.apache.ibatis.session.defaults.DefaultSqlSession@b41633b]
:2025-08-13 11:49:50.864 DEBUG XNIO-1 task-2 o.s.j.s.JdbcTransactionManager: Initiating transaction commit
:2025-08-13 11:49:50.864 DEBUG XNIO-1 task-2 o.s.j.s.JdbcTransactionManager: Committing JDBC transaction on Connection [HikariProxyConnection@109191191 wrapping com.mysql.cj.jdbc.ConnectionImpl@5c1716de]
:2025-08-13 11:49:50.869 DEBUG XNIO-1 task-2 o.s.j.s.JdbcTransactionManager: Releasing JDBC Connection [HikariProxyConnection@109191191 wrapping com.mysql.cj.jdbc.ConnectionImpl@5c1716de] after transaction
:2025-08-13 11:49:50.870 DEBUG XNIO-1 task-2 o.s.w.s.m.m.a.RequestResponseBodyMethodProcessor: Using 'application/json', given [*/*] and supported [application/json, application/*+json, application/cbor, application/yaml]
:2025-08-13 11:49:50.870 DEBUG XNIO-1 task-2 o.s.w.s.m.m.a.RequestResponseBodyMethodProcessor: Writing [R(code=0, msg=null, data=true)]
:2025-08-13 11:49:50.870 DEBUG XNIO-1 task-2 o.s.w.s.DispatcherServlet: Completed 200 OK
:2025-08-13 11:49:57.596 DEBUG XNIO-1 task-2 i.u.r.security: Attempting to authenticate /log/save, authentication required: false
:2025-08-13 11:49:57.596 DEBUG XNIO-1 task-2 i.u.r.security: Authentication outcome was NOT_ATTEMPTED with method io.undertow.security.impl.CachedAuthenticatedSessionMechanism@6cc3d730 for /log/save
:2025-08-13 11:49:57.596 DEBUG XNIO-1 task-2 i.u.r.security: Authentication result was ATTEMPTED for /log/save
:2025-08-13 11:49:57.597 DEBUG XNIO-1 task-2 o.s.s.w.FilterChainProxy: Securing POST /log/save
:2025-08-13 11:49:57.597 DEBUG XNIO-1 task-2 o.s.s.w.FilterChainProxy: Secured POST /log/save
:2025-08-13 11:49:57.597 DEBUG XNIO-1 task-2 o.s.w.s.DispatcherServlet: POST "/log/save", parameters={}
:2025-08-13 11:49:57.598 DEBUG XNIO-1 task-2 o.s.w.s.m.m.a.RequestMappingHandlerMapping: Mapped to com.pig4cloud.pig.admin.controller.SysLogController#save(SysLog)
:2025-08-13 11:49:57.598 DEBUG XNIO-1 task-2 c.p.p.c.x.c.JacksonXssClean: Json property value:9 cleaned up by mica-xss, current value is:9.
:2025-08-13 11:49:57.599 DEBUG XNIO-1 task-2 c.p.p.c.x.c.JacksonXssClean: Json property value:登录失败 cleaned up by mica-xss, current value is:登录失败.
:2025-08-13 11:49:57.599 DEBUG XNIO-1 task-2 c.p.p.c.x.c.JacksonXssClean: Json property value:admin cleaned up by mica-xss, current value is:admin.
:2025-08-13 11:49:57.599 DEBUG XNIO-1 task-2 c.p.p.c.x.c.JacksonXssClean: Json property value:192.168.0.135 cleaned up by mica-xss, current value is:192.168.0.135.
:2025-08-13 11:49:57.599 DEBUG XNIO-1 task-2 c.p.p.c.x.c.JacksonXssClean: Json property value:PostmanRuntime/7.45.0 cleaned up by mica-xss, current value is:PostmanRuntime/7.45.0.
:2025-08-13 11:49:57.599 DEBUG XNIO-1 task-2 c.p.p.c.x.c.JacksonXssClean: Json property value:/oauth2/token cleaned up by mica-xss, current value is:/oauth2/token.
:2025-08-13 11:49:57.599 DEBUG XNIO-1 task-2 c.p.p.c.x.c.JacksonXssClean: Json property value:POST cleaned up by mica-xss, current value is:POST.
:2025-08-13 11:49:57.599 DEBUG XNIO-1 task-2 c.p.p.c.x.c.JacksonXssClean: Json property value:grant_type=%5Bpassword%5D&scope=%5Bserver%5D&username=%5Badmin%5D cleaned up by mica-xss, current value is:grant_type=%5Bpassword%5D&scope=%5Bserver%5D&username=%5Badmin%5D.
:2025-08-13 11:49:57.599 DEBUG XNIO-1 task-2 c.p.p.c.x.c.JacksonXssClean: Json property value:pig-auth cleaned up by mica-xss, current value is:pig-auth.
:2025-08-13 11:49:57.599 DEBUG XNIO-1 task-2 o.s.w.s.m.m.a.RequestResponseBodyMethodProcessor: Read "application/json;charset=UTF-8" to [SysLog(id=null, logType=9, title=登录失败, createBy=admin, createTime=null, updateTime=null, remoteAddr= (truncated)...]
:2025-08-13 11:49:57.600 DEBUG XNIO-1 task-2 o.s.j.s.JdbcTransactionManager: Creating new transaction with name [com.pig4cloud.pig.admin.service.impl.SysLogServiceImpl.saveLog]: PROPAGATION_REQUIRED,ISOLATION_DEFAULT,-java.lang.Exception
:2025-08-13 11:49:57.600 DEBUG XNIO-1 task-2 o.s.j.s.JdbcTransactionManager: Acquired Connection [HikariProxyConnection@938074181 wrapping com.mysql.cj.jdbc.ConnectionImpl@5c1716de] for JDBC transaction
:2025-08-13 11:49:57.600 DEBUG XNIO-1 task-2 o.s.j.s.JdbcTransactionManager: Switching JDBC Connection [HikariProxyConnection@938074181 wrapping com.mysql.cj.jdbc.ConnectionImpl@5c1716de] to manual commit
:2025-08-13 11:49:57.601 DEBUG XNIO-1 task-2 o.m.s.SqlSessionUtils: Creating a new SqlSession
:2025-08-13 11:49:57.601 DEBUG XNIO-1 task-2 o.m.s.SqlSessionUtils: Registering transaction synchronization for SqlSession [org.apache.ibatis.session.defaults.DefaultSqlSession@37b11538]
:2025-08-13 11:49:57.601 DEBUG XNIO-1 task-2 c.p.p.c.m.c.MybatisPlusMetaObjectHandler: mybatis plus start insert fill ....
:2025-08-13 11:49:57.601 DEBUG XNIO-1 task-2 o.s.s.w.a.AnonymousAuthenticationFilter: Set SecurityContextHolder to anonymous SecurityContext
:2025-08-13 11:49:57.602 DEBUG XNIO-1 task-2 o.m.s.t.SpringManagedTransaction: JDBC Connection [HikariProxyConnection@938074181 wrapping com.mysql.cj.jdbc.ConnectionImpl@5c1716de] will be managed by Spring
:2025-08-13 11:49:57.602 DEBUG XNIO-1 task-2 c.p.p.a.m.S.insert: ==>  Preparing: INSERT INTO sys_log ( id, log_type, title, create_by, create_time, remote_addr, user_agent, request_uri, method, params, time, service_id, del_flag ) VALUES ( ?, ?, ?, ?, ?, ?, ?, ?, ?, ?, ?, ?, ? )
:2025-08-13 11:49:57.602 DEBUG XNIO-1 task-2 c.p.p.a.m.S.insert: ==> Parameters: 1955461796227739649(Long), 9(String), 登录失败(String), admin(String), 2025-08-13T11:49:57.601132200(LocalDateTime), 192.168.0.135(String), PostmanRuntime/7.45.0(String), /oauth2/token(String), POST(String), grant_type=%5Bpassword%5D&scope=%5Bserver%5D&username=%5Badmin%5D(String), 94(Long), pig-auth(String), 0(String)
:2025-08-13 11:49:57.603 DEBUG XNIO-1 task-2 c.p.p.a.m.S.insert: <==    Updates: 1
:2025-08-13 11:49:57.603 DEBUG XNIO-1 task-2 o.m.s.SqlSessionUtils: Releasing transactional SqlSession [org.apache.ibatis.session.defaults.DefaultSqlSession@37b11538]
:2025-08-13 11:49:57.603 DEBUG XNIO-1 task-2 o.m.s.SqlSessionUtils: Transaction synchronization committing SqlSession [org.apache.ibatis.session.defaults.DefaultSqlSession@37b11538]
:2025-08-13 11:49:57.603 DEBUG XNIO-1 task-2 o.m.s.SqlSessionUtils: Transaction synchronization deregistering SqlSession [org.apache.ibatis.session.defaults.DefaultSqlSession@37b11538]
:2025-08-13 11:49:57.603 DEBUG XNIO-1 task-2 o.m.s.SqlSessionUtils: Transaction synchronization closing SqlSession [org.apache.ibatis.session.defaults.DefaultSqlSession@37b11538]
:2025-08-13 11:49:57.603 DEBUG XNIO-1 task-2 o.s.j.s.JdbcTransactionManager: Initiating transaction commit
:2025-08-13 11:49:57.603 DEBUG XNIO-1 task-2 o.s.j.s.JdbcTransactionManager: Committing JDBC transaction on Connection [HikariProxyConnection@938074181 wrapping com.mysql.cj.jdbc.ConnectionImpl@5c1716de]
:2025-08-13 11:49:57.610 DEBUG XNIO-1 task-2 o.s.j.s.JdbcTransactionManager: Releasing JDBC Connection [HikariProxyConnection@938074181 wrapping com.mysql.cj.jdbc.ConnectionImpl@5c1716de] after transaction
:2025-08-13 11:49:57.610 DEBUG XNIO-1 task-2 o.s.w.s.m.m.a.RequestResponseBodyMethodProcessor: Using 'application/json', given [*/*] and supported [application/json, application/*+json, application/cbor, application/yaml]
:2025-08-13 11:49:57.611 DEBUG XNIO-1 task-2 o.s.w.s.m.m.a.RequestResponseBodyMethodProcessor: Writing [R(code=0, msg=null, data=true)]
:2025-08-13 11:49:57.611 DEBUG XNIO-1 task-2 o.s.w.s.DispatcherServlet: Completed 200 OK
:2025-08-13 11:50:10.517 DEBUG XNIO-1 task-2 i.u.r.security: Attempting to authenticate /log/save, authentication required: false
:2025-08-13 11:50:10.518 DEBUG XNIO-1 task-2 i.u.r.security: Authentication outcome was NOT_ATTEMPTED with method io.undertow.security.impl.CachedAuthenticatedSessionMechanism@6cc3d730 for /log/save
:2025-08-13 11:50:10.518 DEBUG XNIO-1 task-2 i.u.r.security: Authentication result was ATTEMPTED for /log/save
:2025-08-13 11:50:10.519 DEBUG XNIO-1 task-2 o.s.s.w.FilterChainProxy: Securing POST /log/save
:2025-08-13 11:50:10.519 DEBUG XNIO-1 task-2 o.s.s.w.FilterChainProxy: Secured POST /log/save
:2025-08-13 11:50:10.519 DEBUG XNIO-1 task-2 o.s.w.s.DispatcherServlet: POST "/log/save", parameters={}
:2025-08-13 11:50:10.520 DEBUG XNIO-1 task-2 o.s.w.s.m.m.a.RequestMappingHandlerMapping: Mapped to com.pig4cloud.pig.admin.controller.SysLogController#save(SysLog)
:2025-08-13 11:50:10.521 DEBUG XNIO-1 task-2 c.p.p.c.x.c.JacksonXssClean: Json property value:9 cleaned up by mica-xss, current value is:9.
:2025-08-13 11:50:10.521 DEBUG XNIO-1 task-2 c.p.p.c.x.c.JacksonXssClean: Json property value:登录失败 cleaned up by mica-xss, current value is:登录失败.
:2025-08-13 11:50:10.521 DEBUG XNIO-1 task-2 c.p.p.c.x.c.JacksonXssClean: Json property value:admin cleaned up by mica-xss, current value is:admin.
:2025-08-13 11:50:10.521 DEBUG XNIO-1 task-2 c.p.p.c.x.c.JacksonXssClean: Json property value:192.168.0.135 cleaned up by mica-xss, current value is:192.168.0.135.
:2025-08-13 11:50:10.521 DEBUG XNIO-1 task-2 c.p.p.c.x.c.JacksonXssClean: Json property value:PostmanRuntime/7.45.0 cleaned up by mica-xss, current value is:PostmanRuntime/7.45.0.
:2025-08-13 11:50:10.521 DEBUG XNIO-1 task-2 c.p.p.c.x.c.JacksonXssClean: Json property value:/oauth2/token cleaned up by mica-xss, current value is:/oauth2/token.
:2025-08-13 11:50:10.521 DEBUG XNIO-1 task-2 c.p.p.c.x.c.JacksonXssClean: Json property value:POST cleaned up by mica-xss, current value is:POST.
:2025-08-13 11:50:10.521 DEBUG XNIO-1 task-2 c.p.p.c.x.c.JacksonXssClean: Json property value:grant_type=%5Bpassword%5D&scope=%5Bserver%5D&username=%5Badmin%5D cleaned up by mica-xss, current value is:grant_type=%5Bpassword%5D&scope=%5Bserver%5D&username=%5Badmin%5D.
:2025-08-13 11:50:10.521 DEBUG XNIO-1 task-2 c.p.p.c.x.c.JacksonXssClean: Json property value:pig-auth cleaned up by mica-xss, current value is:pig-auth.
:2025-08-13 11:50:10.521 DEBUG XNIO-1 task-2 o.s.w.s.m.m.a.RequestResponseBodyMethodProcessor: Read "application/json;charset=UTF-8" to [SysLog(id=null, logType=9, title=登录失败, createBy=admin, createTime=null, updateTime=null, remoteAddr= (truncated)...]
:2025-08-13 11:50:10.788 DEBUG XNIO-1 task-2 o.s.j.s.JdbcTransactionManager: Creating new transaction with name [com.pig4cloud.pig.admin.service.impl.SysLogServiceImpl.saveLog]: PROPAGATION_REQUIRED,ISOLATION_DEFAULT,-java.lang.Exception
:2025-08-13 11:50:10.788 DEBUG XNIO-1 task-2 o.s.j.s.JdbcTransactionManager: Acquired Connection [HikariProxyConnection@947772450 wrapping com.mysql.cj.jdbc.ConnectionImpl@5c1716de] for JDBC transaction
:2025-08-13 11:50:10.788 DEBUG XNIO-1 task-2 o.s.j.s.JdbcTransactionManager: Switching JDBC Connection [HikariProxyConnection@947772450 wrapping com.mysql.cj.jdbc.ConnectionImpl@5c1716de] to manual commit
:2025-08-13 11:50:10.789 DEBUG XNIO-1 task-2 o.m.s.SqlSessionUtils: Creating a new SqlSession
:2025-08-13 11:50:10.789 DEBUG XNIO-1 task-2 o.m.s.SqlSessionUtils: Registering transaction synchronization for SqlSession [org.apache.ibatis.session.defaults.DefaultSqlSession@75a06c0]
:2025-08-13 11:50:10.789 DEBUG XNIO-1 task-2 c.p.p.c.m.c.MybatisPlusMetaObjectHandler: mybatis plus start insert fill ....
:2025-08-13 11:50:10.790 DEBUG XNIO-1 task-2 o.s.s.w.a.AnonymousAuthenticationFilter: Set SecurityContextHolder to anonymous SecurityContext
:2025-08-13 11:50:10.790 DEBUG XNIO-1 task-2 o.m.s.t.SpringManagedTransaction: JDBC Connection [HikariProxyConnection@947772450 wrapping com.mysql.cj.jdbc.ConnectionImpl@5c1716de] will be managed by Spring
:2025-08-13 11:50:10.790 DEBUG XNIO-1 task-2 c.p.p.a.m.S.insert: ==>  Preparing: INSERT INTO sys_log ( id, log_type, title, create_by, create_time, remote_addr, user_agent, request_uri, method, params, time, service_id, del_flag ) VALUES ( ?, ?, ?, ?, ?, ?, ?, ?, ?, ?, ?, ?, ? )
:2025-08-13 11:50:10.790 DEBUG XNIO-1 task-2 c.p.p.a.m.S.insert: ==> Parameters: 1955461851542220802(Long), 9(String), 登录失败(String), admin(String), 2025-08-13T11:50:10.789240100(LocalDateTime), 192.168.0.135(String), PostmanRuntime/7.45.0(String), /oauth2/token(String), POST(String), grant_type=%5Bpassword%5D&scope=%5Bserver%5D&username=%5Badmin%5D(String), 65(Long), pig-auth(String), 0(String)
:2025-08-13 11:50:10.791 DEBUG XNIO-1 task-2 c.p.p.a.m.S.insert: <==    Updates: 1
:2025-08-13 11:50:10.791 DEBUG XNIO-1 task-2 o.m.s.SqlSessionUtils: Releasing transactional SqlSession [org.apache.ibatis.session.defaults.DefaultSqlSession@75a06c0]
:2025-08-13 11:50:10.791 DEBUG XNIO-1 task-2 o.m.s.SqlSessionUtils: Transaction synchronization committing SqlSession [org.apache.ibatis.session.defaults.DefaultSqlSession@75a06c0]
:2025-08-13 11:50:10.791 DEBUG XNIO-1 task-2 o.m.s.SqlSessionUtils: Transaction synchronization deregistering SqlSession [org.apache.ibatis.session.defaults.DefaultSqlSession@75a06c0]
:2025-08-13 11:50:10.791 DEBUG XNIO-1 task-2 o.m.s.SqlSessionUtils: Transaction synchronization closing SqlSession [org.apache.ibatis.session.defaults.DefaultSqlSession@75a06c0]
:2025-08-13 11:50:10.791 DEBUG XNIO-1 task-2 o.s.j.s.JdbcTransactionManager: Initiating transaction commit
:2025-08-13 11:50:10.791 DEBUG XNIO-1 task-2 o.s.j.s.JdbcTransactionManager: Committing JDBC transaction on Connection [HikariProxyConnection@947772450 wrapping com.mysql.cj.jdbc.ConnectionImpl@5c1716de]
:2025-08-13 11:50:10.795 DEBUG XNIO-1 task-2 o.s.j.s.JdbcTransactionManager: Releasing JDBC Connection [HikariProxyConnection@947772450 wrapping com.mysql.cj.jdbc.ConnectionImpl@5c1716de] after transaction
:2025-08-13 11:50:10.795 DEBUG XNIO-1 task-2 o.s.w.s.m.m.a.RequestResponseBodyMethodProcessor: Using 'application/json', given [*/*] and supported [application/json, application/*+json, application/cbor, application/yaml]
:2025-08-13 11:50:10.795 DEBUG XNIO-1 task-2 o.s.w.s.m.m.a.RequestResponseBodyMethodProcessor: Writing [R(code=0, msg=null, data=true)]
:2025-08-13 11:50:10.796 DEBUG XNIO-1 task-2 o.s.w.s.DispatcherServlet: Completed 200 OK
:2025-08-13 11:50:15.571 DEBUG HikariPool-1 housekeeper c.z.h.p.HikariPool: HikariPool-1 - Pool stats (total=10, active=0, idle=10, waiting=0)
:2025-08-13 11:50:15.571 DEBUG HikariPool-1 housekeeper c.z.h.p.HikariPool: HikariPool-1 - Fill pool skipped, pool has sufficient level or currently being filled.
:2025-08-13 11:50:45.573 DEBUG HikariPool-1 housekeeper c.z.h.p.HikariPool: HikariPool-1 - Pool stats (total=10, active=0, idle=10, waiting=0)
:2025-08-13 11:50:45.573 DEBUG HikariPool-1 housekeeper c.z.h.p.HikariPool: HikariPool-1 - Fill pool skipped, pool has sufficient level or currently being filled.
:2025-08-13 11:51:15.580 DEBUG HikariPool-1 housekeeper c.z.h.p.HikariPool: HikariPool-1 - Pool stats (total=10, active=0, idle=10, waiting=0)
:2025-08-13 11:51:15.580 DEBUG HikariPool-1 housekeeper c.z.h.p.HikariPool: HikariPool-1 - Fill pool skipped, pool has sufficient level or currently being filled.
:2025-08-13 11:51:19.988 DEBUG XNIO-1 task-2 i.u.r.security: Attempting to authenticate /log/save, authentication required: false
:2025-08-13 11:51:19.988 DEBUG XNIO-1 task-2 i.u.r.security: Authentication outcome was NOT_ATTEMPTED with method io.undertow.security.impl.CachedAuthenticatedSessionMechanism@6cc3d730 for /log/save
:2025-08-13 11:51:19.988 DEBUG XNIO-1 task-2 i.u.r.security: Authentication result was ATTEMPTED for /log/save
:2025-08-13 11:51:19.988 DEBUG XNIO-1 task-2 o.s.s.w.FilterChainProxy: Securing POST /log/save
:2025-08-13 11:51:19.988 DEBUG XNIO-1 task-2 o.s.s.w.FilterChainProxy: Secured POST /log/save
:2025-08-13 11:51:19.989 DEBUG XNIO-1 task-2 o.s.w.s.DispatcherServlet: POST "/log/save", parameters={}
:2025-08-13 11:51:19.989 DEBUG XNIO-1 task-2 o.s.w.s.m.m.a.RequestMappingHandlerMapping: Mapped to com.pig4cloud.pig.admin.controller.SysLogController#save(SysLog)
:2025-08-13 11:51:19.989 DEBUG XNIO-1 task-2 c.p.p.c.x.c.JacksonXssClean: Json property value:9 cleaned up by mica-xss, current value is:9.
:2025-08-13 11:51:19.989 DEBUG XNIO-1 task-2 c.p.p.c.x.c.JacksonXssClean: Json property value:登录失败 cleaned up by mica-xss, current value is:登录失败.
:2025-08-13 11:51:19.989 DEBUG XNIO-1 task-2 c.p.p.c.x.c.JacksonXssClean: Json property value:admin cleaned up by mica-xss, current value is:admin.
:2025-08-13 11:51:19.989 DEBUG XNIO-1 task-2 c.p.p.c.x.c.JacksonXssClean: Json property value:192.168.0.135 cleaned up by mica-xss, current value is:192.168.0.135.
:2025-08-13 11:51:19.989 DEBUG XNIO-1 task-2 c.p.p.c.x.c.JacksonXssClean: Json property value:PostmanRuntime/7.45.0 cleaned up by mica-xss, current value is:PostmanRuntime/7.45.0.
:2025-08-13 11:51:19.989 DEBUG XNIO-1 task-2 c.p.p.c.x.c.JacksonXssClean: Json property value:/oauth2/token cleaned up by mica-xss, current value is:/oauth2/token.
:2025-08-13 11:51:19.990 DEBUG XNIO-1 task-2 c.p.p.c.x.c.JacksonXssClean: Json property value:POST cleaned up by mica-xss, current value is:POST.
:2025-08-13 11:51:19.990 DEBUG XNIO-1 task-2 c.p.p.c.x.c.JacksonXssClean: Json property value:grant_type=%5Bpassword%5D&scope=%5Bserver%5D&username=%5Badmin%5D cleaned up by mica-xss, current value is:grant_type=%5Bpassword%5D&scope=%5Bserver%5D&username=%5Badmin%5D.
:2025-08-13 11:51:19.990 DEBUG XNIO-1 task-2 c.p.p.c.x.c.JacksonXssClean: Json property value:用户名或密码错误 cleaned up by mica-xss, current value is:用户名或密码错误.
:2025-08-13 11:51:19.990 DEBUG XNIO-1 task-2 c.p.p.c.x.c.JacksonXssClean: Json property value:pig-auth cleaned up by mica-xss, current value is:pig-auth.
:2025-08-13 11:51:19.990 DEBUG XNIO-1 task-2 o.s.w.s.m.m.a.RequestResponseBodyMethodProcessor: Read "application/json;charset=UTF-8" to [SysLog(id=null, logType=9, title=登录失败, createBy=admin, createTime=null, updateTime=null, remoteAddr= (truncated)...]
:2025-08-13 11:51:19.990 DEBUG XNIO-1 task-2 o.s.j.s.JdbcTransactionManager: Creating new transaction with name [com.pig4cloud.pig.admin.service.impl.SysLogServiceImpl.saveLog]: PROPAGATION_REQUIRED,ISOLATION_DEFAULT,-java.lang.Exception
:2025-08-13 11:51:19.990 DEBUG XNIO-1 task-2 o.s.j.s.JdbcTransactionManager: Acquired Connection [HikariProxyConnection@2022940202 wrapping com.mysql.cj.jdbc.ConnectionImpl@5c1716de] for JDBC transaction
:2025-08-13 11:51:19.991 DEBUG XNIO-1 task-2 o.s.j.s.JdbcTransactionManager: Switching JDBC Connection [HikariProxyConnection@2022940202 wrapping com.mysql.cj.jdbc.ConnectionImpl@5c1716de] to manual commit
:2025-08-13 11:51:19.991 DEBUG XNIO-1 task-2 o.m.s.SqlSessionUtils: Creating a new SqlSession
:2025-08-13 11:51:19.991 DEBUG XNIO-1 task-2 o.m.s.SqlSessionUtils: Registering transaction synchronization for SqlSession [org.apache.ibatis.session.defaults.DefaultSqlSession@2fa8ebfe]
:2025-08-13 11:51:19.991 DEBUG XNIO-1 task-2 c.p.p.c.m.c.MybatisPlusMetaObjectHandler: mybatis plus start insert fill ....
:2025-08-13 11:51:19.991 DEBUG XNIO-1 task-2 o.s.s.w.a.AnonymousAuthenticationFilter: Set SecurityContextHolder to anonymous SecurityContext
:2025-08-13 11:51:19.991 DEBUG XNIO-1 task-2 o.m.s.t.SpringManagedTransaction: JDBC Connection [HikariProxyConnection@2022940202 wrapping com.mysql.cj.jdbc.ConnectionImpl@5c1716de] will be managed by Spring
:2025-08-13 11:51:19.991 DEBUG XNIO-1 task-2 c.p.p.a.m.S.insert: ==>  Preparing: INSERT INTO sys_log ( id, log_type, title, create_by, create_time, remote_addr, user_agent, request_uri, method, params, time, exception, service_id, del_flag ) VALUES ( ?, ?, ?, ?, ?, ?, ?, ?, ?, ?, ?, ?, ?, ? )
:2025-08-13 11:51:19.992 DEBUG XNIO-1 task-2 c.p.p.a.m.S.insert: ==> Parameters: 1955462141796446209(Long), 9(String), 登录失败(String), admin(String), 2025-08-13T11:51:19.991036200(LocalDateTime), 192.168.0.135(String), PostmanRuntime/7.45.0(String), /oauth2/token(String), POST(String), grant_type=%5Bpassword%5D&scope=%5Bserver%5D&username=%5Badmin%5D(String), 283(Long), 用户名或密码错误(String), pig-auth(String), 0(String)
:2025-08-13 11:51:19.992 DEBUG XNIO-1 task-2 c.p.p.a.m.S.insert: <==    Updates: 1
:2025-08-13 11:51:19.993 DEBUG XNIO-1 task-2 o.m.s.SqlSessionUtils: Releasing transactional SqlSession [org.apache.ibatis.session.defaults.DefaultSqlSession@2fa8ebfe]
:2025-08-13 11:51:19.993 DEBUG XNIO-1 task-2 o.m.s.SqlSessionUtils: Transaction synchronization committing SqlSession [org.apache.ibatis.session.defaults.DefaultSqlSession@2fa8ebfe]
:2025-08-13 11:51:19.993 DEBUG XNIO-1 task-2 o.m.s.SqlSessionUtils: Transaction synchronization deregistering SqlSession [org.apache.ibatis.session.defaults.DefaultSqlSession@2fa8ebfe]
:2025-08-13 11:51:19.993 DEBUG XNIO-1 task-2 o.m.s.SqlSessionUtils: Transaction synchronization closing SqlSession [org.apache.ibatis.session.defaults.DefaultSqlSession@2fa8ebfe]
:2025-08-13 11:51:19.993 DEBUG XNIO-1 task-2 o.s.j.s.JdbcTransactionManager: Initiating transaction commit
:2025-08-13 11:51:19.993 DEBUG XNIO-1 task-2 o.s.j.s.JdbcTransactionManager: Committing JDBC transaction on Connection [HikariProxyConnection@2022940202 wrapping com.mysql.cj.jdbc.ConnectionImpl@5c1716de]
:2025-08-13 11:51:19.996 DEBUG XNIO-1 task-2 o.s.j.s.JdbcTransactionManager: Releasing JDBC Connection [HikariProxyConnection@2022940202 wrapping com.mysql.cj.jdbc.ConnectionImpl@5c1716de] after transaction
:2025-08-13 11:51:19.997 DEBUG XNIO-1 task-2 o.s.w.s.m.m.a.RequestResponseBodyMethodProcessor: Using 'application/json', given [*/*] and supported [application/json, application/*+json, application/cbor, application/yaml]
:2025-08-13 11:51:19.997 DEBUG XNIO-1 task-2 o.s.w.s.m.m.a.RequestResponseBodyMethodProcessor: Writing [R(code=0, msg=null, data=true)]
:2025-08-13 11:51:19.997 DEBUG XNIO-1 task-2 o.s.w.s.DispatcherServlet: Completed 200 OK
:2025-08-13 11:51:26.563 DEBUG XNIO-1 task-2 i.u.r.security: Attempting to authenticate /log/save, authentication required: false
:2025-08-13 11:51:26.563 DEBUG XNIO-1 task-2 i.u.r.security: Authentication outcome was NOT_ATTEMPTED with method io.undertow.security.impl.CachedAuthenticatedSessionMechanism@6cc3d730 for /log/save
:2025-08-13 11:51:26.563 DEBUG XNIO-1 task-2 i.u.r.security: Authentication result was ATTEMPTED for /log/save
:2025-08-13 11:51:26.564 DEBUG XNIO-1 task-2 o.s.s.w.FilterChainProxy: Securing POST /log/save
:2025-08-13 11:51:26.564 DEBUG XNIO-1 task-2 o.s.s.w.FilterChainProxy: Secured POST /log/save
:2025-08-13 11:51:26.564 DEBUG XNIO-1 task-2 o.s.w.s.DispatcherServlet: POST "/log/save", parameters={}
:2025-08-13 11:51:26.565 DEBUG XNIO-1 task-2 o.s.w.s.m.m.a.RequestMappingHandlerMapping: Mapped to com.pig4cloud.pig.admin.controller.SysLogController#save(SysLog)
:2025-08-13 11:51:26.566 DEBUG XNIO-1 task-2 c.p.p.c.x.c.JacksonXssClean: Json property value:9 cleaned up by mica-xss, current value is:9.
:2025-08-13 11:51:26.566 DEBUG XNIO-1 task-2 c.p.p.c.x.c.JacksonXssClean: Json property value:登录失败 cleaned up by mica-xss, current value is:登录失败.
:2025-08-13 11:51:26.566 DEBUG XNIO-1 task-2 c.p.p.c.x.c.JacksonXssClean: Json property value:admin cleaned up by mica-xss, current value is:admin.
:2025-08-13 11:51:26.566 DEBUG XNIO-1 task-2 c.p.p.c.x.c.JacksonXssClean: Json property value:192.168.0.135 cleaned up by mica-xss, current value is:192.168.0.135.
:2025-08-13 11:51:26.566 DEBUG XNIO-1 task-2 c.p.p.c.x.c.JacksonXssClean: Json property value:PostmanRuntime/7.45.0 cleaned up by mica-xss, current value is:PostmanRuntime/7.45.0.
:2025-08-13 11:51:26.567 DEBUG XNIO-1 task-2 c.p.p.c.x.c.JacksonXssClean: Json property value:/oauth2/token cleaned up by mica-xss, current value is:/oauth2/token.
:2025-08-13 11:51:26.567 DEBUG XNIO-1 task-2 c.p.p.c.x.c.JacksonXssClean: Json property value:POST cleaned up by mica-xss, current value is:POST.
:2025-08-13 11:51:26.567 DEBUG XNIO-1 task-2 c.p.p.c.x.c.JacksonXssClean: Json property value:grant_type=%5Bpassword%5D&scope=%5Bserver%5D&username=%5Badmin%5D cleaned up by mica-xss, current value is:grant_type=%5Bpassword%5D&scope=%5Bserver%5D&username=%5Badmin%5D.
:2025-08-13 11:51:26.567 DEBUG XNIO-1 task-2 c.p.p.c.x.c.JacksonXssClean: Json property value:間違ったユーザー名またはパスワード cleaned up by mica-xss, current value is:間違ったユーザー名またはパスワード.
:2025-08-13 11:51:26.567 DEBUG XNIO-1 task-2 c.p.p.c.x.c.JacksonXssClean: Json property value:pig-auth cleaned up by mica-xss, current value is:pig-auth.
:2025-08-13 11:51:26.567 DEBUG XNIO-1 task-2 o.s.w.s.m.m.a.RequestResponseBodyMethodProcessor: Read "application/json;charset=UTF-8" to [SysLog(id=null, logType=9, title=登录失败, createBy=admin, createTime=null, updateTime=null, remoteAddr= (truncated)...]
:2025-08-13 11:51:26.568 DEBUG XNIO-1 task-2 o.s.j.s.JdbcTransactionManager: Creating new transaction with name [com.pig4cloud.pig.admin.service.impl.SysLogServiceImpl.saveLog]: PROPAGATION_REQUIRED,ISOLATION_DEFAULT,-java.lang.Exception
:2025-08-13 11:51:26.568 DEBUG XNIO-1 task-2 o.s.j.s.JdbcTransactionManager: Acquired Connection [HikariProxyConnection@1567045174 wrapping com.mysql.cj.jdbc.ConnectionImpl@5c1716de] for JDBC transaction
:2025-08-13 11:51:26.568 DEBUG XNIO-1 task-2 o.s.j.s.JdbcTransactionManager: Switching JDBC Connection [HikariProxyConnection@1567045174 wrapping com.mysql.cj.jdbc.ConnectionImpl@5c1716de] to manual commit
:2025-08-13 11:51:26.569 DEBUG XNIO-1 task-2 o.m.s.SqlSessionUtils: Creating a new SqlSession
:2025-08-13 11:51:26.569 DEBUG XNIO-1 task-2 o.m.s.SqlSessionUtils: Registering transaction synchronization for SqlSession [org.apache.ibatis.session.defaults.DefaultSqlSession@3578c17f]
:2025-08-13 11:51:26.569 DEBUG XNIO-1 task-2 c.p.p.c.m.c.MybatisPlusMetaObjectHandler: mybatis plus start insert fill ....
:2025-08-13 11:51:26.569 DEBUG XNIO-1 task-2 o.s.s.w.a.AnonymousAuthenticationFilter: Set SecurityContextHolder to anonymous SecurityContext
:2025-08-13 11:51:26.569 DEBUG XNIO-1 task-2 o.m.s.t.SpringManagedTransaction: JDBC Connection [HikariProxyConnection@1567045174 wrapping com.mysql.cj.jdbc.ConnectionImpl@5c1716de] will be managed by Spring
:2025-08-13 11:51:26.570 DEBUG XNIO-1 task-2 c.p.p.a.m.S.insert: ==>  Preparing: INSERT INTO sys_log ( id, log_type, title, create_by, create_time, remote_addr, user_agent, request_uri, method, params, time, exception, service_id, del_flag ) VALUES ( ?, ?, ?, ?, ?, ?, ?, ?, ?, ?, ?, ?, ?, ? )
:2025-08-13 11:51:26.570 DEBUG XNIO-1 task-2 c.p.p.a.m.S.insert: ==> Parameters: 1955462169386577922(Long), 9(String), 登录失败(String), admin(String), 2025-08-13T11:51:26.569265100(LocalDateTime), 192.168.0.135(String), PostmanRuntime/7.45.0(String), /oauth2/token(String), POST(String), grant_type=%5Bpassword%5D&scope=%5Bserver%5D&username=%5Badmin%5D(String), 104(Long), 間違ったユーザー名またはパスワード(String), pig-auth(String), 0(String)
:2025-08-13 11:51:26.571 DEBUG XNIO-1 task-2 c.p.p.a.m.S.insert: <==    Updates: 1
:2025-08-13 11:51:26.571 DEBUG XNIO-1 task-2 o.m.s.SqlSessionUtils: Releasing transactional SqlSession [org.apache.ibatis.session.defaults.DefaultSqlSession@3578c17f]
:2025-08-13 11:51:26.571 DEBUG XNIO-1 task-2 o.m.s.SqlSessionUtils: Transaction synchronization committing SqlSession [org.apache.ibatis.session.defaults.DefaultSqlSession@3578c17f]
:2025-08-13 11:51:26.571 DEBUG XNIO-1 task-2 o.m.s.SqlSessionUtils: Transaction synchronization deregistering SqlSession [org.apache.ibatis.session.defaults.DefaultSqlSession@3578c17f]
:2025-08-13 11:51:26.571 DEBUG XNIO-1 task-2 o.m.s.SqlSessionUtils: Transaction synchronization closing SqlSession [org.apache.ibatis.session.defaults.DefaultSqlSession@3578c17f]
:2025-08-13 11:51:26.571 DEBUG XNIO-1 task-2 o.s.j.s.JdbcTransactionManager: Initiating transaction commit
:2025-08-13 11:51:26.571 DEBUG XNIO-1 task-2 o.s.j.s.JdbcTransactionManager: Committing JDBC transaction on Connection [HikariProxyConnection@1567045174 wrapping com.mysql.cj.jdbc.ConnectionImpl@5c1716de]
:2025-08-13 11:51:26.574 DEBUG XNIO-1 task-2 o.s.j.s.JdbcTransactionManager: Releasing JDBC Connection [HikariProxyConnection@1567045174 wrapping com.mysql.cj.jdbc.ConnectionImpl@5c1716de] after transaction
:2025-08-13 11:51:26.575 DEBUG XNIO-1 task-2 o.s.w.s.m.m.a.RequestResponseBodyMethodProcessor: Using 'application/json', given [*/*] and supported [application/json, application/*+json, application/cbor, application/yaml]
:2025-08-13 11:51:26.575 DEBUG XNIO-1 task-2 o.s.w.s.m.m.a.RequestResponseBodyMethodProcessor: Writing [R(code=0, msg=null, data=true)]
:2025-08-13 11:51:26.576 DEBUG XNIO-1 task-2 o.s.w.s.DispatcherServlet: Completed 200 OK
:2025-08-13 11:51:32.174 DEBUG XNIO-1 task-2 i.u.r.security: Attempting to authenticate /log/save, authentication required: false
:2025-08-13 11:51:32.174 DEBUG XNIO-1 task-2 i.u.r.security: Authentication outcome was NOT_ATTEMPTED with method io.undertow.security.impl.CachedAuthenticatedSessionMechanism@6cc3d730 for /log/save
:2025-08-13 11:51:32.174 DEBUG XNIO-1 task-2 i.u.r.security: Authentication result was ATTEMPTED for /log/save
:2025-08-13 11:51:32.175 DEBUG XNIO-1 task-2 o.s.s.w.FilterChainProxy: Securing POST /log/save
:2025-08-13 11:51:32.175 DEBUG XNIO-1 task-2 o.s.s.w.FilterChainProxy: Secured POST /log/save
:2025-08-13 11:51:32.176 DEBUG XNIO-1 task-2 o.s.w.s.DispatcherServlet: POST "/log/save", parameters={}
:2025-08-13 11:51:32.176 DEBUG XNIO-1 task-2 o.s.w.s.m.m.a.RequestMappingHandlerMapping: Mapped to com.pig4cloud.pig.admin.controller.SysLogController#save(SysLog)
:2025-08-13 11:51:32.177 DEBUG XNIO-1 task-2 c.p.p.c.x.c.JacksonXssClean: Json property value:9 cleaned up by mica-xss, current value is:9.
:2025-08-13 11:51:32.177 DEBUG XNIO-1 task-2 c.p.p.c.x.c.JacksonXssClean: Json property value:登录失败 cleaned up by mica-xss, current value is:登录失败.
:2025-08-13 11:51:32.177 DEBUG XNIO-1 task-2 c.p.p.c.x.c.JacksonXssClean: Json property value:admin cleaned up by mica-xss, current value is:admin.
:2025-08-13 11:51:32.177 DEBUG XNIO-1 task-2 c.p.p.c.x.c.JacksonXssClean: Json property value:192.168.0.135 cleaned up by mica-xss, current value is:192.168.0.135.
:2025-08-13 11:51:32.177 DEBUG XNIO-1 task-2 c.p.p.c.x.c.JacksonXssClean: Json property value:PostmanRuntime/7.45.0 cleaned up by mica-xss, current value is:PostmanRuntime/7.45.0.
:2025-08-13 11:51:32.177 DEBUG XNIO-1 task-2 c.p.p.c.x.c.JacksonXssClean: Json property value:/oauth2/token cleaned up by mica-xss, current value is:/oauth2/token.
:2025-08-13 11:51:32.177 DEBUG XNIO-1 task-2 c.p.p.c.x.c.JacksonXssClean: Json property value:POST cleaned up by mica-xss, current value is:POST.
:2025-08-13 11:51:32.177 DEBUG XNIO-1 task-2 c.p.p.c.x.c.JacksonXssClean: Json property value:grant_type=%5Bpassword%5D&scope=%5Bserver%5D&username=%5Badmin%5D cleaned up by mica-xss, current value is:grant_type=%5Bpassword%5D&scope=%5Bserver%5D&username=%5Badmin%5D.
:2025-08-13 11:51:32.178 DEBUG XNIO-1 task-2 c.p.p.c.x.c.JacksonXssClean: Json property value:Incorrect username or password cleaned up by mica-xss, current value is:Incorrect username or password.
:2025-08-13 11:51:32.178 DEBUG XNIO-1 task-2 c.p.p.c.x.c.JacksonXssClean: Json property value:pig-auth cleaned up by mica-xss, current value is:pig-auth.
:2025-08-13 11:51:32.178 DEBUG XNIO-1 task-2 o.s.w.s.m.m.a.RequestResponseBodyMethodProcessor: Read "application/json;charset=UTF-8" to [SysLog(id=null, logType=9, title=登录失败, createBy=admin, createTime=null, updateTime=null, remoteAddr= (truncated)...]
:2025-08-13 11:51:32.178 DEBUG XNIO-1 task-2 o.s.j.s.JdbcTransactionManager: Creating new transaction with name [com.pig4cloud.pig.admin.service.impl.SysLogServiceImpl.saveLog]: PROPAGATION_REQUIRED,ISOLATION_DEFAULT,-java.lang.Exception
:2025-08-13 11:51:32.179 DEBUG XNIO-1 task-2 o.s.j.s.JdbcTransactionManager: Acquired Connection [HikariProxyConnection@940471698 wrapping com.mysql.cj.jdbc.ConnectionImpl@5c1716de] for JDBC transaction
:2025-08-13 11:51:32.179 DEBUG XNIO-1 task-2 o.s.j.s.JdbcTransactionManager: Switching JDBC Connection [HikariProxyConnection@940471698 wrapping com.mysql.cj.jdbc.ConnectionImpl@5c1716de] to manual commit
:2025-08-13 11:51:32.179 DEBUG XNIO-1 task-2 o.m.s.SqlSessionUtils: Creating a new SqlSession
:2025-08-13 11:51:32.179 DEBUG XNIO-1 task-2 o.m.s.SqlSessionUtils: Registering transaction synchronization for SqlSession [org.apache.ibatis.session.defaults.DefaultSqlSession@4b8e28d5]
:2025-08-13 11:51:32.180 DEBUG XNIO-1 task-2 c.p.p.c.m.c.MybatisPlusMetaObjectHandler: mybatis plus start insert fill ....
:2025-08-13 11:51:32.180 DEBUG XNIO-1 task-2 o.s.s.w.a.AnonymousAuthenticationFilter: Set SecurityContextHolder to anonymous SecurityContext
:2025-08-13 11:51:32.180 DEBUG XNIO-1 task-2 o.m.s.t.SpringManagedTransaction: JDBC Connection [HikariProxyConnection@940471698 wrapping com.mysql.cj.jdbc.ConnectionImpl@5c1716de] will be managed by Spring
:2025-08-13 11:51:32.180 DEBUG XNIO-1 task-2 c.p.p.a.m.S.insert: ==>  Preparing: INSERT INTO sys_log ( id, log_type, title, create_by, create_time, remote_addr, user_agent, request_uri, method, params, time, exception, service_id, del_flag ) VALUES ( ?, ?, ?, ?, ?, ?, ?, ?, ?, ?, ?, ?, ?, ? )
:2025-08-13 11:51:32.181 DEBUG XNIO-1 task-2 c.p.p.a.m.S.insert: ==> Parameters: 1955462192916623362(Long), 9(String), 登录失败(String), admin(String), 2025-08-13T11:51:32.180264900(LocalDateTime), 192.168.0.135(String), PostmanRuntime/7.45.0(String), /oauth2/token(String), POST(String), grant_type=%5Bpassword%5D&scope=%5Bserver%5D&username=%5Badmin%5D(String), 95(Long), Incorrect username or password(String), pig-auth(String), 0(String)
:2025-08-13 11:51:32.182 DEBUG XNIO-1 task-2 c.p.p.a.m.S.insert: <==    Updates: 1
:2025-08-13 11:51:32.182 DEBUG XNIO-1 task-2 o.m.s.SqlSessionUtils: Releasing transactional SqlSession [org.apache.ibatis.session.defaults.DefaultSqlSession@4b8e28d5]
:2025-08-13 11:51:32.182 DEBUG XNIO-1 task-2 o.m.s.SqlSessionUtils: Transaction synchronization committing SqlSession [org.apache.ibatis.session.defaults.DefaultSqlSession@4b8e28d5]
:2025-08-13 11:51:32.182 DEBUG XNIO-1 task-2 o.m.s.SqlSessionUtils: Transaction synchronization deregistering SqlSession [org.apache.ibatis.session.defaults.DefaultSqlSession@4b8e28d5]
:2025-08-13 11:51:32.182 DEBUG XNIO-1 task-2 o.m.s.SqlSessionUtils: Transaction synchronization closing SqlSession [org.apache.ibatis.session.defaults.DefaultSqlSession@4b8e28d5]
:2025-08-13 11:51:32.182 DEBUG XNIO-1 task-2 o.s.j.s.JdbcTransactionManager: Initiating transaction commit
:2025-08-13 11:51:32.182 DEBUG XNIO-1 task-2 o.s.j.s.JdbcTransactionManager: Committing JDBC transaction on Connection [HikariProxyConnection@940471698 wrapping com.mysql.cj.jdbc.ConnectionImpl@5c1716de]
:2025-08-13 11:51:32.186 DEBUG XNIO-1 task-2 o.s.j.s.JdbcTransactionManager: Releasing JDBC Connection [HikariProxyConnection@940471698 wrapping com.mysql.cj.jdbc.ConnectionImpl@5c1716de] after transaction
:2025-08-13 11:51:32.186 DEBUG XNIO-1 task-2 o.s.w.s.m.m.a.RequestResponseBodyMethodProcessor: Using 'application/json', given [*/*] and supported [application/json, application/*+json, application/cbor, application/yaml]
:2025-08-13 11:51:32.186 DEBUG XNIO-1 task-2 o.s.w.s.m.m.a.RequestResponseBodyMethodProcessor: Writing [R(code=0, msg=null, data=true)]
:2025-08-13 11:51:32.187 DEBUG XNIO-1 task-2 o.s.w.s.DispatcherServlet: Completed 200 OK
:2025-08-13 11:51:45.581 DEBUG HikariPool-1 housekeeper c.z.h.p.HikariPool: HikariPool-1 - Pool stats (total=10, active=0, idle=10, waiting=0)
:2025-08-13 11:51:45.581 DEBUG HikariPool-1 housekeeper c.z.h.p.HikariPool: HikariPool-1 - Fill pool skipped, pool has sufficient level or currently being filled.
:2025-08-13 11:51:47.272 DEBUG XNIO-1 task-2 i.u.r.security: Attempting to authenticate /log/save, authentication required: false
:2025-08-13 11:51:47.272 DEBUG XNIO-1 task-2 i.u.r.security: Authentication outcome was NOT_ATTEMPTED with method io.undertow.security.impl.CachedAuthenticatedSessionMechanism@6cc3d730 for /log/save
:2025-08-13 11:51:47.272 DEBUG XNIO-1 task-2 i.u.r.security: Authentication result was ATTEMPTED for /log/save
:2025-08-13 11:51:47.273 DEBUG XNIO-1 task-2 o.s.s.w.FilterChainProxy: Securing POST /log/save
:2025-08-13 11:51:47.274 DEBUG XNIO-1 task-2 o.s.s.w.FilterChainProxy: Secured POST /log/save
:2025-08-13 11:51:47.274 DEBUG XNIO-1 task-2 o.s.w.s.DispatcherServlet: POST "/log/save", parameters={}
:2025-08-13 11:51:47.274 DEBUG XNIO-1 task-2 o.s.w.s.m.m.a.RequestMappingHandlerMapping: Mapped to com.pig4cloud.pig.admin.controller.SysLogController#save(SysLog)
:2025-08-13 11:51:47.275 DEBUG XNIO-1 task-2 c.p.p.c.x.c.JacksonXssClean: Json property value:9 cleaned up by mica-xss, current value is:9.
:2025-08-13 11:51:47.275 DEBUG XNIO-1 task-2 c.p.p.c.x.c.JacksonXssClean: Json property value:登录失败 cleaned up by mica-xss, current value is:登录失败.
:2025-08-13 11:51:47.275 DEBUG XNIO-1 task-2 c.p.p.c.x.c.JacksonXssClean: Json property value:admin cleaned up by mica-xss, current value is:admin.
:2025-08-13 11:51:47.275 DEBUG XNIO-1 task-2 c.p.p.c.x.c.JacksonXssClean: Json property value:192.168.0.135 cleaned up by mica-xss, current value is:192.168.0.135.
:2025-08-13 11:51:47.276 DEBUG XNIO-1 task-2 c.p.p.c.x.c.JacksonXssClean: Json property value:PostmanRuntime/7.45.0 cleaned up by mica-xss, current value is:PostmanRuntime/7.45.0.
:2025-08-13 11:51:47.276 DEBUG XNIO-1 task-2 c.p.p.c.x.c.JacksonXssClean: Json property value:/oauth2/token cleaned up by mica-xss, current value is:/oauth2/token.
:2025-08-13 11:51:47.276 DEBUG XNIO-1 task-2 c.p.p.c.x.c.JacksonXssClean: Json property value:POST cleaned up by mica-xss, current value is:POST.
:2025-08-13 11:51:47.276 DEBUG XNIO-1 task-2 c.p.p.c.x.c.JacksonXssClean: Json property value:grant_type=%5Bpassword%5D&scope=%5Bserver%5D&username=%5Badmin%5D cleaned up by mica-xss, current value is:grant_type=%5Bpassword%5D&scope=%5Bserver%5D&username=%5Badmin%5D.
:2025-08-13 11:51:47.276 DEBUG XNIO-1 task-2 c.p.p.c.x.c.JacksonXssClean: Json property value:Incorrect username or password cleaned up by mica-xss, current value is:Incorrect username or password.
:2025-08-13 11:51:47.276 DEBUG XNIO-1 task-2 c.p.p.c.x.c.JacksonXssClean: Json property value:pig-auth cleaned up by mica-xss, current value is:pig-auth.
:2025-08-13 11:51:47.276 DEBUG XNIO-1 task-2 o.s.w.s.m.m.a.RequestResponseBodyMethodProcessor: Read "application/json;charset=UTF-8" to [SysLog(id=null, logType=9, title=登录失败, createBy=admin, createTime=null, updateTime=null, remoteAddr= (truncated)...]
:2025-08-13 11:51:47.277 DEBUG XNIO-1 task-2 o.s.j.s.JdbcTransactionManager: Creating new transaction with name [com.pig4cloud.pig.admin.service.impl.SysLogServiceImpl.saveLog]: PROPAGATION_REQUIRED,ISOLATION_DEFAULT,-java.lang.Exception
:2025-08-13 11:51:47.277 DEBUG XNIO-1 task-2 o.s.j.s.JdbcTransactionManager: Acquired Connection [HikariProxyConnection@1850165544 wrapping com.mysql.cj.jdbc.ConnectionImpl@5c1716de] for JDBC transaction
:2025-08-13 11:51:47.277 DEBUG XNIO-1 task-2 o.s.j.s.JdbcTransactionManager: Switching JDBC Connection [HikariProxyConnection@1850165544 wrapping com.mysql.cj.jdbc.ConnectionImpl@5c1716de] to manual commit
:2025-08-13 11:51:47.278 DEBUG XNIO-1 task-2 o.m.s.SqlSessionUtils: Creating a new SqlSession
:2025-08-13 11:51:47.278 DEBUG XNIO-1 task-2 o.m.s.SqlSessionUtils: Registering transaction synchronization for SqlSession [org.apache.ibatis.session.defaults.DefaultSqlSession@54b51cb5]
:2025-08-13 11:51:47.278 DEBUG XNIO-1 task-2 c.p.p.c.m.c.MybatisPlusMetaObjectHandler: mybatis plus start insert fill ....
:2025-08-13 11:51:47.278 DEBUG XNIO-1 task-2 o.s.s.w.a.AnonymousAuthenticationFilter: Set SecurityContextHolder to anonymous SecurityContext
:2025-08-13 11:51:47.278 DEBUG XNIO-1 task-2 o.m.s.t.SpringManagedTransaction: JDBC Connection [HikariProxyConnection@1850165544 wrapping com.mysql.cj.jdbc.ConnectionImpl@5c1716de] will be managed by Spring
:2025-08-13 11:51:47.279 DEBUG XNIO-1 task-2 c.p.p.a.m.S.insert: ==>  Preparing: INSERT INTO sys_log ( id, log_type, title, create_by, create_time, remote_addr, user_agent, request_uri, method, params, time, exception, service_id, del_flag ) VALUES ( ?, ?, ?, ?, ?, ?, ?, ?, ?, ?, ?, ?, ?, ? )
:2025-08-13 11:51:47.279 DEBUG XNIO-1 task-2 c.p.p.a.m.S.insert: ==> Parameters: 1955462256246419457(Long), 9(String), 登录失败(String), admin(String), 2025-08-13T11:51:47.278265800(LocalDateTime), 192.168.0.135(String), PostmanRuntime/7.45.0(String), /oauth2/token(String), POST(String), grant_type=%5Bpassword%5D&scope=%5Bserver%5D&username=%5Badmin%5D(String), 94(Long), Incorrect username or password(String), pig-auth(String), 0(String)
:2025-08-13 11:51:47.280 DEBUG XNIO-1 task-2 c.p.p.a.m.S.insert: <==    Updates: 1
:2025-08-13 11:51:47.280 DEBUG XNIO-1 task-2 o.m.s.SqlSessionUtils: Releasing transactional SqlSession [org.apache.ibatis.session.defaults.DefaultSqlSession@54b51cb5]
:2025-08-13 11:51:47.280 DEBUG XNIO-1 task-2 o.m.s.SqlSessionUtils: Transaction synchronization committing SqlSession [org.apache.ibatis.session.defaults.DefaultSqlSession@54b51cb5]
:2025-08-13 11:51:47.280 DEBUG XNIO-1 task-2 o.m.s.SqlSessionUtils: Transaction synchronization deregistering SqlSession [org.apache.ibatis.session.defaults.DefaultSqlSession@54b51cb5]
:2025-08-13 11:51:47.280 DEBUG XNIO-1 task-2 o.m.s.SqlSessionUtils: Transaction synchronization closing SqlSession [org.apache.ibatis.session.defaults.DefaultSqlSession@54b51cb5]
:2025-08-13 11:51:47.280 DEBUG XNIO-1 task-2 o.s.j.s.JdbcTransactionManager: Initiating transaction commit
:2025-08-13 11:51:47.280 DEBUG XNIO-1 task-2 o.s.j.s.JdbcTransactionManager: Committing JDBC transaction on Connection [HikariProxyConnection@1850165544 wrapping com.mysql.cj.jdbc.ConnectionImpl@5c1716de]
:2025-08-13 11:51:47.286 DEBUG XNIO-1 task-2 o.s.j.s.JdbcTransactionManager: Releasing JDBC Connection [HikariProxyConnection@1850165544 wrapping com.mysql.cj.jdbc.ConnectionImpl@5c1716de] after transaction
:2025-08-13 11:51:47.286 DEBUG XNIO-1 task-2 o.s.w.s.m.m.a.RequestResponseBodyMethodProcessor: Using 'application/json', given [*/*] and supported [application/json, application/*+json, application/cbor, application/yaml]
:2025-08-13 11:51:47.286 DEBUG XNIO-1 task-2 o.s.w.s.m.m.a.RequestResponseBodyMethodProcessor: Writing [R(code=0, msg=null, data=true)]
:2025-08-13 11:51:47.287 DEBUG XNIO-1 task-2 o.s.w.s.DispatcherServlet: Completed 200 OK
:2025-08-13 11:52:08.242 DEBUG XNIO-1 task-2 i.u.r.security: Attempting to authenticate /user/info/query, authentication required: false
:2025-08-13 11:52:08.242 DEBUG XNIO-1 task-2 i.u.r.security: Authentication outcome was NOT_ATTEMPTED with method io.undertow.security.impl.CachedAuthenticatedSessionMechanism@6cc3d730 for /user/info/query
:2025-08-13 11:52:08.242 DEBUG XNIO-1 task-2 i.u.r.security: Authentication result was ATTEMPTED for /user/info/query
:2025-08-13 11:52:08.245 DEBUG XNIO-1 task-2 o.s.s.w.FilterChainProxy: Securing GET /user/info/query?username=admin
:2025-08-13 11:52:08.251 DEBUG XNIO-1 task-2 o.s.s.w.FilterChainProxy: Secured GET /user/info/query?username=admin
:2025-08-13 11:52:08.251 DEBUG XNIO-1 task-2 o.s.w.s.DispatcherServlet: GET "/user/info/query?username=admin", parameters={masked}
:2025-08-13 11:52:08.251 DEBUG XNIO-1 task-2 o.s.w.s.m.m.a.RequestMappingHandlerMapping: Mapped to com.pig4cloud.pig.admin.controller.SysUserController#info(String, String)
:2025-08-13 11:52:08.265 DEBUG XNIO-1 task-2 c.p.p.c.x.c.FormXssClean$StringPropertiesEditor: Request parameter value:admin cleaned up by mica-xss, current value is:admin.
:2025-08-13 11:52:08.308 DEBUG XNIO-1 task-2 o.m.s.SqlSessionUtils: Creating a new SqlSession
:2025-08-13 11:52:08.309 DEBUG XNIO-1 task-2 o.m.s.SqlSessionUtils: SqlSession [org.apache.ibatis.session.defaults.DefaultSqlSession@19fc1bbd] was not registered for synchronization because synchronization is not active
:2025-08-13 11:52:08.344 DEBUG XNIO-1 task-2 o.s.j.d.DataSourceUtils: Fetching JDBC Connection from DataSource
:2025-08-13 11:52:08.345 DEBUG XNIO-1 task-2 o.m.s.t.SpringManagedTransaction: JDBC Connection [HikariProxyConnection@413625067 wrapping com.mysql.cj.jdbc.ConnectionImpl@5c1716de] will not be managed by Spring
:2025-08-13 11:52:08.345 DEBUG XNIO-1 task-2 c.p.p.a.m.S.selectList: ==>  Preparing: SELECT user_id,username,password,salt,create_by,update_by,create_time,update_time,del_flag,lock_flag,phone,avatar,dept_id,wx_openid,mini_openid,qq_openid,gitee_login,osc_id,nickname,name,email FROM sys_user WHERE del_flag='0' AND (username = ?)
:2025-08-13 11:52:08.346 DEBUG XNIO-1 task-2 c.p.p.a.m.S.selectList: ==> Parameters: admin(String)
:2025-08-13 11:52:08.399 DEBUG XNIO-1 task-2 c.p.p.a.m.S.selectList: <==      Total: 1
:2025-08-13 11:52:08.401 DEBUG XNIO-1 task-2 o.m.s.SqlSessionUtils: Closing non transactional SqlSession [org.apache.ibatis.session.defaults.DefaultSqlSession@19fc1bbd]
:2025-08-13 11:52:08.402 DEBUG XNIO-1 task-2 o.m.s.SqlSessionUtils: Creating a new SqlSession
:2025-08-13 11:52:08.402 DEBUG XNIO-1 task-2 o.m.s.SqlSessionUtils: SqlSession [org.apache.ibatis.session.defaults.DefaultSqlSession@74ea90cc] was not registered for synchronization because synchronization is not active
:2025-08-13 11:52:08.402 DEBUG XNIO-1 task-2 o.s.j.d.DataSourceUtils: Fetching JDBC Connection from DataSource
:2025-08-13 11:52:08.402 DEBUG XNIO-1 task-2 o.m.s.t.SpringManagedTransaction: JDBC Connection [HikariProxyConnection@1619445047 wrapping com.mysql.cj.jdbc.ConnectionImpl@5c1716de] will not be managed by Spring
:2025-08-13 11:52:08.402 DEBUG XNIO-1 task-2 c.p.p.a.m.S.listRolesByUserId: ==>  Preparing: SELECT sys_role.role_id, sys_role.role_name, sys_role.role_code, sys_role.role_desc, sys_role.create_time, sys_role.update_time, sys_role.del_flag FROM sys_role, sys_user_role WHERE sys_role.role_id = sys_user_role.role_id AND sys_role.del_flag = '0' and sys_user_role.user_id = ?
:2025-08-13 11:52:08.402 DEBUG XNIO-1 task-2 c.p.p.a.m.S.listRolesByUserId: ==> Parameters: 1(Long)
:2025-08-13 11:52:08.405 DEBUG XNIO-1 task-2 c.p.p.a.m.S.listRolesByUserId: <==      Total: 1
:2025-08-13 11:52:08.405 DEBUG XNIO-1 task-2 o.m.s.SqlSessionUtils: Closing non transactional SqlSession [org.apache.ibatis.session.defaults.DefaultSqlSession@74ea90cc]
:2025-08-13 11:52:08.422 DEBUG XNIO-1 task-2 i.l.c.RedisClient: Trying to get a Redis connection for: redis://**********@192.168.0.201
:2025-08-13 11:52:08.423 DEBUG XNIO-1 task-2 i.l.c.RedisClient: Resolved SocketAddress 192.168.0.201/<unresolved>:6379 using redis://**********@192.168.0.201
:2025-08-13 11:52:08.423 DEBUG XNIO-1 task-2 i.l.c.AbstractRedisClient: Connecting to Redis at 192.168.0.201/<unresolved>:6379
:2025-08-13 11:52:08.426 DEBUG lettuce-nioEventLoop-4-2 i.l.c.p.CommandHandler: [channel=0x3e8a9da4, [id: 0xf3606a60] (inactive), epid=0x2, chid=0x2] channelRegistered()
:2025-08-13 11:52:08.428 DEBUG lettuce-nioEventLoop-4-2 i.l.c.p.CommandHandler: [channel=0x3e8a9da4, /192.168.0.135:54546 -> /192.168.0.201:6379, epid=0x2, chid=0x2] write(ctx, AsyncCommand [type=HELLO, output=GenericMapOutput [output=null, error='null'], commandType=io.lettuce.core.protocol.Command], promise)
:2025-08-13 11:52:08.429 DEBUG lettuce-nioEventLoop-4-2 i.l.c.p.CommandEncoder: [channel=0x3e8a9da4, /192.168.0.135:54546 -> /192.168.0.201:6379] writing command AsyncCommand [type=HELLO, output=GenericMapOutput [output=null, error='null'], commandType=io.lettuce.core.protocol.Command]
:2025-08-13 11:52:08.429 DEBUG lettuce-nioEventLoop-4-2 i.l.c.p.CommandHandler: [channel=0x3e8a9da4, /192.168.0.135:54546 -> /192.168.0.201:6379, epid=0x2, chid=0x2] Received: 148 bytes, 1 commands in the stack
:2025-08-13 11:52:08.429 DEBUG lettuce-nioEventLoop-4-2 i.l.c.p.CommandHandler: [channel=0x3e8a9da4, /192.168.0.135:54546 -> /192.168.0.201:6379, epid=0x2, chid=0x2] Stack contains: 1 commands
:2025-08-13 11:52:08.430 DEBUG lettuce-nioEventLoop-4-2 i.l.c.p.RedisStateMachine: Decode done, empty stack: true
:2025-08-13 11:52:08.430 DEBUG lettuce-nioEventLoop-4-2 i.l.c.p.CommandHandler: [channel=0x3e8a9da4, /192.168.0.135:54546 -> /192.168.0.201:6379, epid=0x2, chid=0x2] Completing command LatencyMeteredCommand [type=HELLO, output=GenericMapOutput [output={server=redis, version=7.2.4, proto=3, id=23693, mode=standalone, role=master}, error='null'], commandType=io.lettuce.core.protocol.AsyncCommand]
:2025-08-13 11:52:08.430 DEBUG lettuce-nioEventLoop-4-2 i.l.c.p.CommandHandler: [channel=0x3e8a9da4, /192.168.0.135:54546 -> /192.168.0.201:6379, epid=0x2, chid=0x2] write(ctx, [AsyncCommand [type=CLIENT, output=StatusOutput [output=null, error='null'], commandType=io.lettuce.core.protocol.Command], AsyncCommand [type=CLIENT, output=StatusOutput [output=null, error='null'], commandType=io.lettuce.core.protocol.Command]], promise)
:2025-08-13 11:52:08.431 DEBUG lettuce-nioEventLoop-4-2 i.l.c.p.CommandEncoder: [channel=0x3e8a9da4, /192.168.0.135:54546 -> /192.168.0.201:6379] writing command AsyncCommand [type=CLIENT, output=StatusOutput [output=null, error='null'], commandType=io.lettuce.core.protocol.Command]
:2025-08-13 11:52:08.431 DEBUG lettuce-nioEventLoop-4-2 i.l.c.p.CommandEncoder: [channel=0x3e8a9da4, /192.168.0.135:54546 -> /192.168.0.201:6379] writing command AsyncCommand [type=CLIENT, output=StatusOutput [output=null, error='null'], commandType=io.lettuce.core.protocol.Command]
:2025-08-13 11:52:08.431 DEBUG lettuce-nioEventLoop-4-2 i.l.c.p.CommandHandler: [channel=0x3e8a9da4, /192.168.0.135:54546 -> /192.168.0.201:6379, epid=0x2, chid=0x2] Received: 10 bytes, 2 commands in the stack
:2025-08-13 11:52:08.431 DEBUG lettuce-nioEventLoop-4-2 i.l.c.p.CommandHandler: [channel=0x3e8a9da4, /192.168.0.135:54546 -> /192.168.0.201:6379, epid=0x2, chid=0x2] Stack contains: 2 commands
:2025-08-13 11:52:08.431 DEBUG lettuce-nioEventLoop-4-2 i.l.c.p.RedisStateMachine: Decode done, empty stack: true
:2025-08-13 11:52:08.432 DEBUG lettuce-nioEventLoop-4-2 i.l.c.p.CommandHandler: [channel=0x3e8a9da4, /192.168.0.135:54546 -> /192.168.0.201:6379, epid=0x2, chid=0x2] Completing command LatencyMeteredCommand [type=CLIENT, output=StatusOutput [output=OK, error='null'], commandType=io.lettuce.core.protocol.AsyncCommand]
:2025-08-13 11:52:08.432 DEBUG lettuce-nioEventLoop-4-2 i.l.c.p.CommandHandler: [channel=0x3e8a9da4, /192.168.0.135:54546 -> /192.168.0.201:6379, epid=0x2, chid=0x2] Stack contains: 1 commands
:2025-08-13 11:52:08.432 DEBUG lettuce-nioEventLoop-4-2 i.l.c.p.RedisStateMachine: Decode done, empty stack: true
:2025-08-13 11:52:08.432 DEBUG lettuce-nioEventLoop-4-2 i.l.c.p.CommandHandler: [channel=0x3e8a9da4, /192.168.0.135:54546 -> /192.168.0.201:6379, epid=0x2, chid=0x2] Completing command LatencyMeteredCommand [type=CLIENT, output=StatusOutput [output=OK, error='null'], commandType=io.lettuce.core.protocol.AsyncCommand]
:2025-08-13 11:52:08.432 DEBUG lettuce-nioEventLoop-4-2 i.l.c.p.CommandHandler: [channel=0x3e8a9da4, /192.168.0.135:54546 -> /192.168.0.201:6379, epid=0x2, chid=0x2] channelActive()
:2025-08-13 11:52:08.432 DEBUG lettuce-nioEventLoop-4-2 i.l.c.p.DefaultEndpoint: [channel=0x3e8a9da4, /192.168.0.135:54546 -> /192.168.0.201:6379, epid=0x2] activateEndpointAndExecuteBufferedCommands 0 command(s) buffered
:2025-08-13 11:52:08.432 DEBUG lettuce-nioEventLoop-4-2 i.l.c.p.DefaultEndpoint: [channel=0x3e8a9da4, /192.168.0.135:54546 -> /192.168.0.201:6379, epid=0x2] activating endpoint
:2025-08-13 11:52:08.432 DEBUG lettuce-nioEventLoop-4-2 i.l.c.p.DefaultEndpoint: [channel=0x3e8a9da4, /192.168.0.135:54546 -> /192.168.0.201:6379, epid=0x2] flushCommands()
:2025-08-13 11:52:08.432 DEBUG lettuce-nioEventLoop-4-2 i.l.c.p.DefaultEndpoint: [channel=0x3e8a9da4, /192.168.0.135:54546 -> /192.168.0.201:6379, epid=0x2] flushCommands() Flushing 0 commands
:2025-08-13 11:52:08.432 DEBUG lettuce-nioEventLoop-4-2 i.l.c.p.ConnectionWatchdog: [channel=0x3e8a9da4, /192.168.0.135:54546 -> /192.168.0.201:6379, last known addr=/192.168.0.201:6379] channelActive()
:2025-08-13 11:52:08.432 DEBUG lettuce-nioEventLoop-4-2 i.l.c.p.CommandHandler: [channel=0x3e8a9da4, /192.168.0.135:54546 -> /192.168.0.201:6379, epid=0x2, chid=0x2] channelActive() done
:2025-08-13 11:52:08.432 DEBUG lettuce-nioEventLoop-4-2 i.l.c.AbstractRedisClient: Connecting to Redis at 192.168.0.201/<unresolved>:6379: Success
:2025-08-13 11:52:08.449 DEBUG XNIO-1 task-2 i.l.c.RedisChannelHandler: dispatching command AsyncCommand [type=GET, output=ValueOutput [output=null, error='null'], commandType=io.lettuce.core.protocol.Command]
:2025-08-13 11:52:08.449 DEBUG XNIO-1 task-2 i.l.c.p.DefaultEndpoint: [channel=0x3e8a9da4, /192.168.0.135:54546 -> /192.168.0.201:6379, epid=0x2] write() writeAndFlush command AsyncCommand [type=GET, output=ValueOutput [output=null, error='null'], commandType=io.lettuce.core.protocol.Command]
:2025-08-13 11:52:08.449 DEBUG XNIO-1 task-2 i.l.c.p.DefaultEndpoint: [channel=0x3e8a9da4, /192.168.0.135:54546 -> /192.168.0.201:6379, epid=0x2] write() done
:2025-08-13 11:52:08.449 DEBUG lettuce-nioEventLoop-4-2 i.l.c.p.CommandHandler: [channel=0x3e8a9da4, /192.168.0.135:54546 -> /192.168.0.201:6379, epid=0x2, chid=0x2] write(ctx, AsyncCommand [type=GET, output=ValueOutput [output=null, error='null'], commandType=io.lettuce.core.protocol.Command], promise)
:2025-08-13 11:52:08.450 DEBUG lettuce-nioEventLoop-4-2 i.l.c.p.CommandEncoder: [channel=0x3e8a9da4, /192.168.0.135:54546 -> /192.168.0.201:6379] writing command AsyncCommand [type=GET, output=ValueOutput [output=null, error='null'], commandType=io.lettuce.core.protocol.Command]
:2025-08-13 11:52:08.451 DEBUG lettuce-nioEventLoop-4-2 i.l.c.p.CommandHandler: [channel=0x3e8a9da4, /192.168.0.135:54546 -> /192.168.0.201:6379, epid=0x2, chid=0x2] Received: 1024 bytes, 1 commands in the stack
:2025-08-13 11:52:08.451 DEBUG lettuce-nioEventLoop-4-2 i.l.c.p.CommandHandler: [channel=0x3e8a9da4, /192.168.0.135:54546 -> /192.168.0.201:6379, epid=0x2, chid=0x2] Stack contains: 1 commands
:2025-08-13 11:52:08.451 DEBUG lettuce-nioEventLoop-4-2 i.l.c.p.RedisStateMachine: Decode done, empty stack: false
:2025-08-13 11:52:08.451 DEBUG lettuce-nioEventLoop-4-2 i.l.c.p.CommandHandler: [channel=0x3e8a9da4, /192.168.0.135:54546 -> /192.168.0.201:6379, epid=0x2, chid=0x2] Received: 10905 bytes, 1 commands in the stack
:2025-08-13 11:52:08.451 DEBUG lettuce-nioEventLoop-4-2 i.l.c.p.CommandHandler: [channel=0x3e8a9da4, /192.168.0.135:54546 -> /192.168.0.201:6379, epid=0x2, chid=0x2] Stack contains: 1 commands
:2025-08-13 11:52:08.452 DEBUG lettuce-nioEventLoop-4-2 i.l.c.p.RedisStateMachine: Decode done, empty stack: true
:2025-08-13 11:52:08.452 DEBUG lettuce-nioEventLoop-4-2 i.l.c.p.CommandHandler: [channel=0x3e8a9da4, /192.168.0.135:54546 -> /192.168.0.201:6379, epid=0x2, chid=0x2] Completing command LatencyMeteredCommand [type=GET, output=ValueOutput [output=[B@6263c3ea, error='null'], commandType=io.lettuce.core.protocol.AsyncCommand]
:2025-08-13 11:52:08.474 DEBUG XNIO-1 task-2 o.s.w.s.m.m.a.RequestResponseBodyMethodProcessor: Using 'application/json', given [*/*] and supported [application/json, application/*+json, application/cbor, application/yaml]
:2025-08-13 11:52:08.485 DEBUG XNIO-1 task-2 o.s.w.s.m.m.a.RequestResponseBodyMethodProcessor: Writing [R(code=0, msg=null, data=UserInfo(sysUser=SysUser(userId=1, username=admin, password=$2a$10$mzTC1XCs (truncated)...]
:2025-08-13 11:52:08.505 DEBUG XNIO-1 task-2 o.s.w.s.DispatcherServlet: Completed 200 OK
:2025-08-13 11:52:08.505 DEBUG XNIO-1 task-2 o.s.s.w.a.AnonymousAuthenticationFilter: Set SecurityContextHolder to anonymous SecurityContext
:2025-08-13 11:52:08.636 DEBUG XNIO-1 task-2 i.u.r.security: Attempting to authenticate /log/save, authentication required: false
:2025-08-13 11:52:08.636 DEBUG XNIO-1 task-2 i.u.r.security: Authentication outcome was NOT_ATTEMPTED with method io.undertow.security.impl.CachedAuthenticatedSessionMechanism@6cc3d730 for /log/save
:2025-08-13 11:52:08.636 DEBUG XNIO-1 task-2 i.u.r.security: Authentication result was ATTEMPTED for /log/save
:2025-08-13 11:52:08.637 DEBUG XNIO-1 task-2 o.s.s.w.FilterChainProxy: Securing POST /log/save
:2025-08-13 11:52:08.638 DEBUG XNIO-1 task-2 o.s.s.w.FilterChainProxy: Secured POST /log/save
:2025-08-13 11:52:08.638 DEBUG XNIO-1 task-2 o.s.w.s.DispatcherServlet: POST "/log/save", parameters={}
:2025-08-13 11:52:08.638 DEBUG XNIO-1 task-2 o.s.w.s.m.m.a.RequestMappingHandlerMapping: Mapped to com.pig4cloud.pig.admin.controller.SysLogController#save(SysLog)
:2025-08-13 11:52:08.639 DEBUG XNIO-1 task-2 c.p.p.c.x.c.JacksonXssClean: Json property value:0 cleaned up by mica-xss, current value is:0.
:2025-08-13 11:52:08.639 DEBUG XNIO-1 task-2 c.p.p.c.x.c.JacksonXssClean: Json property value:登录成功 cleaned up by mica-xss, current value is:登录成功.
:2025-08-13 11:52:08.639 DEBUG XNIO-1 task-2 c.p.p.c.x.c.JacksonXssClean: Json property value:admin cleaned up by mica-xss, current value is:admin.
:2025-08-13 11:52:08.639 DEBUG XNIO-1 task-2 c.p.p.c.x.c.JacksonXssClean: Json property value:192.168.0.135 cleaned up by mica-xss, current value is:192.168.0.135.
:2025-08-13 11:52:08.639 DEBUG XNIO-1 task-2 c.p.p.c.x.c.JacksonXssClean: Json property value:PostmanRuntime/7.45.0 cleaned up by mica-xss, current value is:PostmanRuntime/7.45.0.
:2025-08-13 11:52:08.639 DEBUG XNIO-1 task-2 c.p.p.c.x.c.JacksonXssClean: Json property value:/oauth2/token cleaned up by mica-xss, current value is:/oauth2/token.
:2025-08-13 11:52:08.640 DEBUG XNIO-1 task-2 c.p.p.c.x.c.JacksonXssClean: Json property value:POST cleaned up by mica-xss, current value is:POST.
:2025-08-13 11:52:08.640 DEBUG XNIO-1 task-2 c.p.p.c.x.c.JacksonXssClean: Json property value:grant_type=%5Bpassword%5D&scope=%5Bserver%5D&username=%5Badmin%5D cleaned up by mica-xss, current value is:grant_type=%5Bpassword%5D&scope=%5Bserver%5D&username=%5Badmin%5D.
:2025-08-13 11:52:08.640 DEBUG XNIO-1 task-2 c.p.p.c.x.c.JacksonXssClean: Json property value:pig-auth cleaned up by mica-xss, current value is:pig-auth.
:2025-08-13 11:52:08.640 DEBUG XNIO-1 task-2 o.s.w.s.m.m.a.RequestResponseBodyMethodProcessor: Read "application/json;charset=UTF-8" to [SysLog(id=null, logType=0, title=登录成功, createBy=admin, createTime=null, updateTime=null, remoteAddr= (truncated)...]
:2025-08-13 11:52:08.640 DEBUG XNIO-1 task-2 o.s.j.s.JdbcTransactionManager: Creating new transaction with name [com.pig4cloud.pig.admin.service.impl.SysLogServiceImpl.saveLog]: PROPAGATION_REQUIRED,ISOLATION_DEFAULT,-java.lang.Exception
:2025-08-13 11:52:08.641 DEBUG XNIO-1 task-2 o.s.j.s.JdbcTransactionManager: Acquired Connection [HikariProxyConnection@2091680387 wrapping com.mysql.cj.jdbc.ConnectionImpl@5c1716de] for JDBC transaction
:2025-08-13 11:52:08.641 DEBUG XNIO-1 task-2 o.s.j.s.JdbcTransactionManager: Switching JDBC Connection [HikariProxyConnection@2091680387 wrapping com.mysql.cj.jdbc.ConnectionImpl@5c1716de] to manual commit
:2025-08-13 11:52:08.641 DEBUG XNIO-1 task-2 o.m.s.SqlSessionUtils: Creating a new SqlSession
:2025-08-13 11:52:08.641 DEBUG XNIO-1 task-2 o.m.s.SqlSessionUtils: Registering transaction synchronization for SqlSession [org.apache.ibatis.session.defaults.DefaultSqlSession@41ba6b5f]
:2025-08-13 11:52:08.642 DEBUG XNIO-1 task-2 c.p.p.c.m.c.MybatisPlusMetaObjectHandler: mybatis plus start insert fill ....
:2025-08-13 11:52:08.642 DEBUG XNIO-1 task-2 o.s.s.w.a.AnonymousAuthenticationFilter: Set SecurityContextHolder to anonymous SecurityContext
:2025-08-13 11:52:08.642 DEBUG XNIO-1 task-2 o.m.s.t.SpringManagedTransaction: JDBC Connection [HikariProxyConnection@2091680387 wrapping com.mysql.cj.jdbc.ConnectionImpl@5c1716de] will be managed by Spring
:2025-08-13 11:52:08.642 DEBUG XNIO-1 task-2 c.p.p.a.m.S.insert: ==>  Preparing: INSERT INTO sys_log ( id, log_type, title, create_by, create_time, remote_addr, user_agent, request_uri, method, params, time, service_id, del_flag ) VALUES ( ?, ?, ?, ?, ?, ?, ?, ?, ?, ?, ?, ?, ? )
:2025-08-13 11:52:08.643 DEBUG XNIO-1 task-2 c.p.p.a.m.S.insert: ==> Parameters: 1955462345849335810(Long), 0(String), 登录成功(String), admin(String), 2025-08-13T11:52:08.642265200(LocalDateTime), 192.168.0.135(String), PostmanRuntime/7.45.0(String), /oauth2/token(String), POST(String), grant_type=%5Bpassword%5D&scope=%5Bserver%5D&username=%5Badmin%5D(String), 503(Long), pig-auth(String), 0(String)
:2025-08-13 11:52:08.644 DEBUG XNIO-1 task-2 c.p.p.a.m.S.insert: <==    Updates: 1
:2025-08-13 11:52:08.644 DEBUG XNIO-1 task-2 o.m.s.SqlSessionUtils: Releasing transactional SqlSession [org.apache.ibatis.session.defaults.DefaultSqlSession@41ba6b5f]
:2025-08-13 11:52:08.644 DEBUG XNIO-1 task-2 o.m.s.SqlSessionUtils: Transaction synchronization committing SqlSession [org.apache.ibatis.session.defaults.DefaultSqlSession@41ba6b5f]
:2025-08-13 11:52:08.644 DEBUG XNIO-1 task-2 o.m.s.SqlSessionUtils: Transaction synchronization deregistering SqlSession [org.apache.ibatis.session.defaults.DefaultSqlSession@41ba6b5f]
:2025-08-13 11:52:08.644 DEBUG XNIO-1 task-2 o.m.s.SqlSessionUtils: Transaction synchronization closing SqlSession [org.apache.ibatis.session.defaults.DefaultSqlSession@41ba6b5f]
:2025-08-13 11:52:08.644 DEBUG XNIO-1 task-2 o.s.j.s.JdbcTransactionManager: Initiating transaction commit
:2025-08-13 11:52:08.644 DEBUG XNIO-1 task-2 o.s.j.s.JdbcTransactionManager: Committing JDBC transaction on Connection [HikariProxyConnection@2091680387 wrapping com.mysql.cj.jdbc.ConnectionImpl@5c1716de]
:2025-08-13 11:52:08.650 DEBUG XNIO-1 task-2 o.s.j.s.JdbcTransactionManager: Releasing JDBC Connection [HikariProxyConnection@2091680387 wrapping com.mysql.cj.jdbc.ConnectionImpl@5c1716de] after transaction
:2025-08-13 11:52:08.650 DEBUG XNIO-1 task-2 o.s.w.s.m.m.a.RequestResponseBodyMethodProcessor: Using 'application/json', given [*/*] and supported [application/json, application/*+json, application/cbor, application/yaml]
:2025-08-13 11:52:08.651 DEBUG XNIO-1 task-2 o.s.w.s.m.m.a.RequestResponseBodyMethodProcessor: Writing [R(code=0, msg=null, data=true)]
:2025-08-13 11:52:08.651 DEBUG XNIO-1 task-2 o.s.w.s.DispatcherServlet: Completed 200 OK
:2025-08-13 11:52:15.582 DEBUG HikariPool-1 housekeeper c.z.h.p.HikariPool: HikariPool-1 - Pool stats (total=10, active=0, idle=10, waiting=0)
:2025-08-13 11:52:15.582 DEBUG HikariPool-1 housekeeper c.z.h.p.HikariPool: HikariPool-1 - Fill pool skipped, pool has sufficient level or currently being filled.
:2025-08-13 11:52:45.583 DEBUG HikariPool-1 housekeeper c.z.h.p.HikariPool: HikariPool-1 - Pool stats (total=10, active=0, idle=10, waiting=0)
:2025-08-13 11:52:45.583 DEBUG HikariPool-1 housekeeper c.z.h.p.HikariPool: HikariPool-1 - Fill pool skipped, pool has sufficient level or currently being filled.
